student_id,career,period,year,partial_1,partial_2,partial_3,partial_4,total,exam_type,percentage
stu_7b02ec3eade3fc067dd38d894fdc2973,Ingeniería Industrial,P,2020,30.0,40.0,20.0,20.0,110.0,DMU,73.33333333333333
stu_0fcc943e895de81197791fbc1082c0fc,,P,2020,10.0,30.0,30.0,0.0,70.0,DMU,46.66666666666666
stu_463a0ede3c7d97db9d5cbc1fe90679f7,Ingeniería Química,P,2020,20.0,20.0,10.0,10.0,60.0,DMU,40.0
stu_d0e87c207220718e9ef895b3e82967db,Ingeniería Biomédica,P,2020,20.0,20.0,20.0,0.0,60.0,DMU,40.0
stu_e54113eea9178d3dabbba4dffcc326a5,Administración de Negocios Internacionales,P,2020,10.0,20.0,10.0,10.0,50.0,DMU,33.33333333333333
stu_c71b583c939e359caa2abdc4f13c7606,,P,2020,30.0,30.0,10.0,10.0,80.0,DMU,53.33333333333334
stu_8d02d4915ad425912060dc6de18f99cd,Bioquímica Clínica,P,2020,30.0,20.0,30.0,30.0,110.0,DMU,73.33333333333333
stu_c63294f0a26908a2b003794dcb5efc94,,P,2020,40.0,30.0,40.0,30.0,140.0,DMU,93.33333333333333
stu_b64889f73617dd8fa69aa29359bea98d,,P,2020,0.0,10.0,0.0,20.0,30.0,DMU,20.0
stu_8d788b02a5a06253c2a9987a4b3b504d,,P,2020,10.0,0.0,30.0,10.0,50.0,DMU,33.33333333333333
stu_6a2d2793646a07a2887d0841321f4313,,P,2020,30.0,20.0,20.0,10.0,80.0,DMU,53.33333333333334
stu_c1536db6b91fc040fccd5e21b3eef59e,,P,2020,10.0,20.0,10.0,0.0,40.0,DMU,26.66666666666667
stu_9a3cad7558251d7439596ee7b8b1b1cf,Mercadotecnia,P,2020,20.0,20.0,20.0,10.0,70.0,DMU,46.66666666666666
stu_9237eaa8998144fffffcc80d6ab57c3c,,P,2020,40.0,20.0,20.0,10.0,90.0,DMU,60.0
stu_bc840c93fad2ffbd14fff728eebccb1e,Estrategias Financieras y Contaduría Pública,P,2020,30.0,20.0,30.0,0.0,80.0,DMU,53.33333333333334
stu_03e4d5665afb1f3706b713f6abc3a99b,Estrategias Financieras y Contaduría Pública,P,2020,20.0,0.0,0.0,0.0,20.0,DMU,13.33333333333333
stu_5096ed9a4e2faeb0bdc5df58dc495ec8,,P,2020,40.0,40.0,10.0,30.0,120.0,DMU,80.0
stu_4c8b7d889c564bc49b44cb83c145113b,Actuaría,P,2020,30.0,30.0,20.0,0.0,80.0,DMU,53.33333333333334
stu_fc197fc60416c82a05e5efdb08e56b29,,P,2020,20.0,20.0,0.0,10.0,50.0,DMU,33.33333333333333
stu_ace05db6b7f0746da091793c75b6db97,,P,2020,20.0,20.0,40.0,10.0,90.0,DMU,60.0
stu_fc892a7fd2fcb11b40248bc493b05814,Estrategias Financieras y Contaduría Pública,P,2020,30.0,30.0,10.0,0.0,70.0,DMU,46.66666666666666
stu_5a1a3fd3c9db7a986b01d45acdb06f18,,P,2020,40.0,30.0,20.0,10.0,100.0,DMU,66.66666666666666
stu_8d63ad6f67c1c665d5f62e45b6b7828f,,P,2020,30.0,30.0,0.0,10.0,70.0,DMU,46.66666666666666
stu_b907075b857fd40f2a6a9d1eba137024,,P,2020,40.0,20.0,10.0,20.0,90.0,DMU,60.0
stu_2e5b9fc6c06b7b461f7b5165b967d742,Ingeniería Industrial,P,2020,30.0,20.0,30.0,20.0,100.0,DMU,66.66666666666666
stu_f28e8b87edc669a61a0f965ac88bdd5c,Banca e Inversiones,P,2020,10.0,20.0,20.0,0.0,50.0,DMU,33.33333333333333
stu_10626c3f44cf7b6ee66f03dfa933f313,Ingeniería en Logística,P,2020,20.0,20.0,0.0,10.0,50.0,DMU,33.33333333333333
stu_90012fd95c681d1ca7e6ac2c4a293253,Ingeniería Civil,P,2020,30.0,20.0,30.0,10.0,90.0,DMU,60.0
stu_3f0b9881beee7181a6e97a465d3bb4a3,,P,2020,20.0,30.0,20.0,0.0,70.0,DMU,46.66666666666666
stu_364aaf0911a7f76f48b8f854c17d0852,Ingeniería Mecánica,P,2020,30.0,10.0,30.0,20.0,90.0,DMU,60.0
stu_c345bd4f71ec96d07dfa6ebc114fdbd4,,P,2020,40.0,10.0,20.0,0.0,70.0,DMU,46.66666666666666
stu_9749c39c399a3778e239060b8887f5fa,,P,2020,30.0,20.0,30.0,20.0,100.0,DMU,66.66666666666666
stu_899bea9d1f0c50cb0564c350bbabe61d,Administración de Negocios Internacionales,P,2020,40.0,20.0,20.0,0.0,80.0,DMU,53.33333333333334
stu_f3d9dbc3203639057be083b5a2ca277d,,P,2020,30.0,10.0,20.0,10.0,70.0,DMU,46.66666666666666
stu_583d021ff8fa1e78b19abd74fb1b6576,,P,2020,30.0,40.0,40.0,20.0,130.0,DMU,86.66666666666667
stu_5e9041e3aa132781eff1f9f4a73478a3,,P,2020,20.0,20.0,30.0,10.0,80.0,DMU,53.33333333333334
stu_529d830267f4e3d1e1b3a8083a67cd72,Actuaría,P,2020,20.0,30.0,30.0,20.0,100.0,DMU,66.66666666666666
stu_43d4646af1af62e10fc82f1e5e6d146b,,P,2020,20.0,20.0,20.0,0.0,60.0,DMU,40.0
stu_8bfc3c164b7d170dbbb2e109d80de9b2,,P,2020,30.0,20.0,40.0,10.0,100.0,DMU,66.66666666666666
stu_92753a2f6c1ef77f8361d7eb8a6fdded,Estrategias Financieras y Contaduría Pública,P,2020,10.0,20.0,30.0,0.0,60.0,DMU,40.0
stu_9219e207b668876dcd454b10c09cc189,,P,2020,30.0,20.0,0.0,20.0,70.0,DMU,46.66666666666666
stu_62e73b0f3a5fe0417c621a302afcb7ae,,P,2020,30.0,20.0,30.0,30.0,110.0,DMU,73.33333333333333
stu_c5bed7e6f23f7b43cda609d8d5fc1134,Ingeniería Industrial,P,2020,40.0,20.0,40.0,10.0,110.0,DMU,73.33333333333333
stu_c9281817ce8f3ab97a56f6c63863f821,,P,2020,30.0,20.0,20.0,20.0,90.0,DMU,60.0
stu_5cef5936c0fd6dd1cf6fc8b720019340,,P,2020,30.0,30.0,0.0,0.0,60.0,DMU,40.0
stu_d5d481e821e3ec165b4cbf1055e8746f,,P,2020,30.0,20.0,10.0,0.0,60.0,DMU,40.0
stu_3572b2bbad63f8a011319fcadd417231,Economía,P,2020,20.0,20.0,20.0,0.0,60.0,DMU,40.0
stu_4435c65dae31791581e023d3a3cdccac,,P,2020,0.0,30.0,10.0,0.0,40.0,DMU,26.66666666666667
stu_c5f656dabb376521c414da5fa4e3fad5,,P,2020,20.0,30.0,30.0,0.0,80.0,DMU,53.33333333333334
stu_778f1af91adb61f458c598f68220d131,Administración de Negocios Internacionales,P,2020,20.0,10.0,0.0,0.0,30.0,DMU,20.0
stu_364e700d0139450bf514f01807706711,Administración de Empresas,P,2020,20.0,30.0,10.0,20.0,80.0,DMU,53.33333333333334
stu_df91f647a1f50be5d3aceeb66564a73e,Física,P,2020,20.0,30.0,30.0,20.0,100.0,DMU,66.66666666666666
stu_947e22830e7c5eb5eef9ee028f2117dc,,P,2020,20.0,20.0,10.0,20.0,70.0,DMU,46.66666666666666
stu_04fe18d1c7131b210f66ef12343a7cc4,,P,2020,20.0,30.0,30.0,20.0,100.0,DMU,66.66666666666666
stu_b7a3461c1dd76a0315019b6476979367,,P,2020,10.0,30.0,20.0,10.0,70.0,DMU,46.66666666666666
stu_7978b7152d7ccd266a2cc30d2210a9ea,,P,2020,30.0,40.0,30.0,0.0,100.0,DMU,66.66666666666666
stu_36b367671488a4f22bf867455b8ebb6c,Banca e Inversiones,P,2020,20.0,10.0,0.0,0.0,30.0,DMU,20.0
stu_60db34761f803d0ae644c1e2dda0615a,Biología,P,2020,0.0,30.0,20.0,0.0,50.0,DMU,33.33333333333333
stu_c67ce3057821aa7e69081f9cf7dae4b8,,P,2020,10.0,10.0,10.0,10.0,40.0,DMU,26.66666666666667
stu_53ffc0fd7625cd907e7e7815775eba04,,P,2020,10.0,40.0,20.0,20.0,90.0,DMU,60.0
stu_4404142307655c4dea497f3c7523049e,Ingeniería Industrial,P,2020,30.0,20.0,10.0,10.0,70.0,DMU,46.66666666666666
stu_972ffa18592aec18bfa2ebe48fd9c010,,P,2020,40.0,30.0,30.0,0.0,100.0,DMU,66.66666666666666
stu_30c451beef66897d283012d6df9d8365,,P,2020,20.0,20.0,20.0,0.0,60.0,DMU,40.0
stu_921efa9796c490a04197ac6a3a5aad06,,P,2020,40.0,40.0,40.0,10.0,130.0,DMU,86.66666666666667
stu_291d2eb007b567c0da793369ec877dc6,,P,2020,40.0,30.0,20.0,10.0,100.0,DMU,66.66666666666666
stu_bfad2a252df9f76d40306159bf012868,,P,2020,40.0,10.0,20.0,10.0,80.0,DMU,53.33333333333334
stu_81678236339613c1840d7b3e288a975e,Ingeniería Biomédica,P,2020,40.0,10.0,10.0,10.0,70.0,DMU,46.66666666666666
stu_3ecee9bdd4bec4d1fcad24aec697c53a,,P,2020,20.0,10.0,10.0,10.0,50.0,DMU,33.33333333333333
stu_5e8b4f298bf99a4ea33340108ec568e9,,P,2020,30.0,20.0,30.0,20.0,100.0,DMU,66.66666666666666
stu_6ac01d8e4a5c89b0630e1d2a6e7a91a7,,P,2020,10.0,10.0,20.0,10.0,50.0,DMU,33.33333333333333
stu_757f8e823a5d206abe222755c4f92750,Biología,P,2020,20.0,30.0,30.0,20.0,100.0,DMU,66.66666666666666
stu_5b5a3c5d9cab665f12bcc18f918a058d,,P,2020,30.0,20.0,0.0,20.0,70.0,DMU,46.66666666666666
stu_a5e8fa259f53aa0f55148ebd6cf48c25,Ingeniería Ambiental,P,2020,0.0,30.0,10.0,10.0,50.0,DMU,33.33333333333333
stu_b8f4aeaa8ae14cf6ee45b393917b6f80,Actuaría,P,2020,30.0,40.0,30.0,30.0,130.0,DMU,86.66666666666667
stu_9454727166598e82826fe4563a60cd60,,P,2020,30.0,20.0,30.0,10.0,90.0,DMU,60.0
stu_42ef1bf4e5cf682940dd50643838a4e3,,P,2020,30.0,30.0,10.0,0.0,70.0,DMU,46.66666666666666
stu_ea0ba165eb2de71a28373fe9c03f974d,,P,2020,30.0,20.0,30.0,30.0,110.0,DMU,73.33333333333333
stu_757837c7a2b6ec0a567c285f2258c281,Física,P,2020,20.0,30.0,20.0,20.0,90.0,DMU,60.0
stu_914ab3a2c01b0866929a23b4bd24ddd8,,P,2020,30.0,20.0,10.0,20.0,80.0,DMU,53.33333333333334
stu_7d3c09358c448729269b26371a25246a,Actuaría,P,2020,30.0,30.0,40.0,10.0,110.0,DMU,73.33333333333333
stu_322e37e80133405d439ebb618873c9d9,,P,2020,30.0,30.0,20.0,0.0,80.0,DMU,53.33333333333334
stu_1a611c1f074ba6e2294aaed46fbc5e8e,Administración de Negocios Internacionales,P,2020,20.0,30.0,20.0,10.0,80.0,DMU,53.33333333333334
stu_b6e65154aec44b067b2b0fbe0c32fb92,,P,2020,30.0,30.0,10.0,10.0,80.0,DMU,53.33333333333334
stu_301c45293b3e4a9391035853c511fdb0,,P,2020,0.0,10.0,0.0,30.0,40.0,DMU,26.66666666666667
stu_928d8820c375a06d16fbb183e59b3430,Ingeniería Biomédica,P,2020,30.0,20.0,30.0,0.0,80.0,DMU,53.33333333333334
stu_94dbb58ed80d2a3254cd78aba905afe1,,P,2020,10.0,10.0,0.0,10.0,30.0,DMU,20.0
stu_ca830994b563ce9b290edfbbc01aa972,Ingeniería Industrial,P,2020,40.0,30.0,40.0,20.0,130.0,DMU,86.66666666666667
stu_acdfc841d0ae8c0f23a8acd36e6f7897,Estrategias Financieras y Contaduría Pública,P,2020,10.0,10.0,10.0,20.0,50.0,DMU,33.33333333333333
stu_7bf6e091956f91aaf09bc32d0f62af87,Ingeniería Ambiental,P,2020,10.0,20.0,20.0,10.0,60.0,DMU,40.0
stu_b3107d42592b299082b050eb9db15129,,P,2020,30.0,10.0,30.0,0.0,70.0,DMU,46.66666666666666
stu_a65f4471ab1e21a8fafaf27ecbf55f2d,Administración de Negocios Internacionales,P,2020,20.0,20.0,10.0,10.0,60.0,DMU,40.0
stu_a29127fe81b0237fd9b80bf13c2b1277,Administración de Empresas,P,2020,30.0,30.0,30.0,0.0,90.0,DMU,60.0
stu_83a5751b94f6aa7cab7a358b7ce5e0a5,,P,2020,10.0,30.0,40.0,20.0,100.0,DMU,66.66666666666666
stu_070e7782d5b2fdd8aa51f788d1ad89ac,Física,P,2020,30.0,30.0,40.0,0.0,100.0,DMU,66.66666666666666
stu_106149d36ae9351e127a0706e2bd7c01,,P,2020,30.0,20.0,10.0,0.0,60.0,DMU,40.0
stu_6789a0a70eea10ef7f9e699f6defc7c4,,P,2020,30.0,30.0,40.0,20.0,120.0,DMU,80.0
stu_4b8756c269d8a388985222d7b0360b35,Actuaría,P,2020,20.0,20.0,20.0,10.0,70.0,DMU,46.66666666666666
stu_612bd517ba73a8e6c794731c97ac55fd,Economía,P,2020,20.0,20.0,40.0,10.0,90.0,DMU,60.0
stu_fc21ef0c33227b2dcba79f5299168fa3,,P,2020,20.0,30.0,40.0,10.0,100.0,DMU,66.66666666666666
stu_d6a11445f8a96ddda4ddbf07b84e7a34,,P,2020,30.0,30.0,20.0,10.0,90.0,DMU,60.0
stu_44170cfc6681bbcc19d43ae5c3b0862a,,P,2020,30.0,40.0,30.0,20.0,120.0,DMU,80.0
stu_d71be21babea1769603efd4b428d8f8f,,P,2020,20.0,20.0,0.0,0.0,40.0,DMU,26.66666666666667
stu_83a7b74755c7747b6d735e55ee985af5,,P,2020,30.0,30.0,30.0,10.0,100.0,DMU,66.66666666666666
stu_ec63fc6c12db7ade59f84ce4d06f193b,Nanotecnología e Ingeniería Molecular,P,2020,40.0,30.0,30.0,20.0,120.0,DMU,80.0
stu_d247586855d95597ec6b5a4bf84bf597,Ingeniería Mecánica,P,2020,30.0,40.0,30.0,20.0,120.0,DMU,80.0
stu_2da595b0b44faebcd5c360e128044a62,,P,2020,20.0,20.0,20.0,10.0,70.0,DMU,46.66666666666666
stu_bd8e7ef0b5363bb62d32d7c57dd3bd00,,P,2020,40.0,30.0,20.0,10.0,100.0,DMU,66.66666666666666
stu_1d1e862a927a65e85479479323db1303,Actuaría,P,2020,30.0,20.0,0.0,10.0,60.0,DMU,40.0
stu_9ca0462294bdd0311a382491c2cbde57,Ingeniería Ambiental,P,2020,30.0,30.0,20.0,20.0,100.0,DMU,66.66666666666666
stu_3e545bf9caf07abd4b9d23a2fb7bc28b,Física,P,2020,30.0,30.0,30.0,30.0,120.0,DMU,80.0
stu_ab7ad012c1b32bf71497b33ed936bdd2,Mercadotecnia,P,2020,30.0,30.0,10.0,10.0,80.0,DMU,53.33333333333334
stu_71fcd82f27651ca12d6984b492a92c22,Actuaría,P,2020,40.0,40.0,40.0,20.0,140.0,DMU,93.33333333333333
stu_c6de6c33c04487d3b41480dd224c0b49,Bioquímica Clínica,P,2020,20.0,20.0,10.0,0.0,50.0,DMU,33.33333333333333
stu_842ac943d450dd0a1bd77b0e309f613a,Economía,P,2020,20.0,20.0,20.0,0.0,60.0,DMU,40.0
stu_3548289b4357d277eaadf4def0712577,Administración de Empresas,P,2020,30.0,20.0,30.0,10.0,90.0,DMU,60.0
stu_d74df2533869a8e8dc31d7e15e31c2f7,Ingeniería en Energía,P,2020,20.0,10.0,10.0,20.0,60.0,DMU,40.0
stu_9ba82bd5673862460c83d842e8c86937,,P,2020,30.0,10.0,30.0,30.0,100.0,DMU,66.66666666666666
stu_5d61f69a25e91082b555285b0b0d5306,Ingeniería Mecatrónica,P,2020,40.0,20.0,20.0,0.0,80.0,DMU,53.33333333333334
stu_56fae54e0180342e3c4bc6e75c8d89dc,,P,2020,20.0,20.0,30.0,10.0,80.0,DMU,53.33333333333334
stu_7d5403930afa23ba22e56f5e463d606f,,P,2020,30.0,10.0,20.0,10.0,70.0,DMU,46.66666666666666
stu_d0b3c82ad6c744aded6bbcafe7528247,Ingeniería Mecatrónica,P,2020,40.0,30.0,20.0,20.0,110.0,DMU,73.33333333333333
stu_02f974e56e9ddf5976ae743ffecd30cb,Administración de Negocios Internacionales,P,2020,40.0,10.0,10.0,10.0,70.0,DMU,46.66666666666666
stu_182bbe18f4adac741cf6d2afd9b1d2ee,,P,2020,20.0,10.0,10.0,0.0,40.0,DMU,26.66666666666667
stu_9de4a0ebbae54f75fe7f4d00d8896218,Actuaría,P,2020,30.0,20.0,30.0,0.0,80.0,DMU,53.33333333333334
stu_44a2935edc6ef90b9b472f948ecc5b10,,P,2020,30.0,30.0,20.0,20.0,100.0,DMU,66.66666666666666
stu_aca54ea3e849cf4a1e5f48c05acf4f7c,Bioquímica Clínica,P,2020,40.0,20.0,30.0,10.0,100.0,DMU,66.66666666666666
stu_075dc1b050d65f474dd6ab5fb6ea5245,Actuaría,P,2020,30.0,20.0,20.0,10.0,80.0,DMU,53.33333333333334
stu_a5bfad12da785c7668445f02b035e7d0,Ingeniería Biomédica,P,2020,30.0,20.0,20.0,10.0,80.0,DMU,53.33333333333334
stu_6032055460f80a5421181e8c9173a14c,Actuaría,P,2020,40.0,10.0,40.0,20.0,110.0,DMU,73.33333333333333
stu_d2fd0f0b5d89b11f442a7a54ef4b1ca1,Física,P,2020,40.0,20.0,20.0,20.0,100.0,DMU,66.66666666666666
stu_80a66dba11792574167a70dc313d752f,,P,2020,40.0,40.0,30.0,20.0,130.0,DMU,86.66666666666667
stu_4ce240581db718b891f3b5981c15e82a,Ingeniería Industrial,P,2020,10.0,30.0,20.0,10.0,70.0,DMU,46.66666666666666
stu_7c0833531cb6a13b551744a596250045,,P,2020,40.0,20.0,20.0,20.0,100.0,DMU,66.66666666666666
stu_2d03ed5201f0032c44ac8fab5cfc7049,,P,2020,40.0,30.0,20.0,10.0,100.0,DMU,66.66666666666666
stu_05ca7eb4546626f8a1150e30887a633b,,P,2020,30.0,10.0,20.0,20.0,80.0,DMU,53.33333333333334
stu_d8514196546c8fc080c5b4f6da216682,,P,2020,40.0,40.0,10.0,30.0,120.0,DMU,80.0
stu_54e848530db10e9195204c7d5f586a66,Administración de Empresas,P,2020,20.0,30.0,40.0,10.0,100.0,DMU,66.66666666666666
stu_f925cb56cebc1da2555c55343a218f5a,Administración de Empresas,P,2020,30.0,20.0,0.0,20.0,70.0,DMU,46.66666666666666
stu_8f543ba74a2243768c6bf3d0a15b4b42,Ingeniería Biomédica,P,2020,20.0,30.0,20.0,20.0,90.0,DMU,60.0
stu_1841e423a655fabeefd9bc072dee6eb2,,P,2020,20.0,0.0,20.0,10.0,50.0,DMU,33.33333333333333
stu_69bfb0214c42de8ddf7b636587638f6e,Estrategias Financieras y Contaduría Pública,P,2020,20.0,20.0,0.0,0.0,40.0,DMU,26.66666666666667
stu_da75fcab339fc60e7581a892606afe84,Estrategias Financieras y Contaduría Pública,P,2020,20.0,30.0,10.0,0.0,60.0,DMU,40.0
stu_daf08a2af2873e7002eb888a77a2b8ea,,P,2020,40.0,30.0,30.0,20.0,120.0,DMU,80.0
stu_6dbce606dc771bd0fb5bc0f531747dde,,P,2020,40.0,40.0,40.0,10.0,130.0,DMU,86.66666666666667
stu_72314d9f8313be6941317fc0f620e79a,Estrategias Financieras y Contaduría Pública,P,2020,20.0,20.0,30.0,10.0,80.0,DMU,53.33333333333334
stu_79aba453f41e84e177fa7011aa7ea6f4,,P,2020,30.0,20.0,40.0,20.0,110.0,DMU,73.33333333333333
stu_97ebb092eafb60d9242e1efc69dd9448,,P,2020,30.0,20.0,30.0,0.0,80.0,DMU,53.33333333333334
stu_26c7d8272cf0a4a9ed2b3b83a8b76e43,,P,2020,40.0,20.0,20.0,10.0,90.0,DMU,60.0
stu_dd8c1daaea30457055af5521daa386b5,Banca e Inversiones,P,2020,20.0,20.0,30.0,10.0,80.0,DMU,53.33333333333334
stu_ef6206bc8935479d4d3b5fc4aa35342c,,P,2020,20.0,30.0,20.0,30.0,100.0,DMU,66.66666666666666
stu_46593678c6f720183df1aa0960a6c613,Químico Farmacéutico Biólogo,P,2020,10.0,20.0,20.0,10.0,60.0,DMU,40.0
stu_a1d08758e0561db9f4f507c015eb9eea,Ingeniería Mecánica,P,2020,0.0,30.0,20.0,20.0,70.0,DMU,46.66666666666666
stu_dcbc0881a86d217cb0c68c1dfd6930b2,Ingeniería Mecánica,P,2020,30.0,20.0,0.0,10.0,60.0,DMU,40.0
stu_9e0884b20aefde8bfd19c4a40f929fb5,Actuaría,P,2020,20.0,30.0,0.0,10.0,60.0,DMU,40.0
stu_335c5423c804591c09720856da75943a,Químico Farmacéutico Biólogo,P,2020,30.0,30.0,0.0,10.0,70.0,DMU,46.66666666666666
stu_8513484f403d36647aabd4ad03c16044,,P,2020,40.0,40.0,20.0,10.0,110.0,DMU,73.33333333333333
stu_bd9429606c7f73e33400d56db8d8c6e7,Administración de Negocios Internacionales,P,2020,30.0,10.0,10.0,20.0,70.0,DMU,46.66666666666666
stu_c9f772db31c4e44c820a0adf377dd10a,Ingeniería Mecatrónica,P,2020,10.0,30.0,20.0,30.0,90.0,DMU,60.0
stu_98e26c4bdd8b2cf3404c910cb5a4103e,,P,2020,20.0,20.0,20.0,10.0,70.0,DMU,46.66666666666666
stu_3c306df5196f8958a793fd83dcc9d1c2,,P,2020,30.0,10.0,20.0,20.0,80.0,DMU,53.33333333333334
stu_392ceaeff76826dc1523d23c05b44c40,Administración de Negocios Internacionales,P,2020,30.0,30.0,20.0,0.0,80.0,DMU,53.33333333333334
stu_1831831405a1e4261b7eb83ac8d0ea72,Administración de Empresas,P,2020,0.0,10.0,0.0,20.0,30.0,DMU,20.0
stu_9d3f4c5923f12a01c58906d157c17fd3,Nanotecnología e Ingeniería Molecular,P,2020,10.0,0.0,10.0,10.0,30.0,DMU,20.0
stu_c19d7530748a9a5ac28a8c272de5c96e,,P,2020,20.0,40.0,10.0,20.0,90.0,DMU,60.0
stu_e5d6bad285b2a2c6da6a726c68b85bca,,P,2020,10.0,30.0,10.0,0.0,50.0,DMU,33.33333333333333
stu_edee3617e3b63a4faa144ae583fbac49,,P,2020,30.0,30.0,20.0,20.0,100.0,DMU,66.66666666666666
stu_3ae5471039a9cd997beb73178a34c53e,,P,2020,20.0,20.0,30.0,0.0,70.0,DMU,46.66666666666666
stu_6af73d63eba887ed94e7d83132338611,Actuaría,P,2020,30.0,40.0,20.0,10.0,100.0,DMU,66.66666666666666
stu_59fb48a36f2de82044340408d1bed678,Ingeniería Química,P,2020,20.0,20.0,20.0,0.0,60.0,DMU,40.0
stu_8fd7903b81af45ecca0927f378824b9e,,P,2020,40.0,30.0,40.0,10.0,120.0,DMU,80.0
stu_ab460c52927a98c15c49d68c83233a26,,P,2020,30.0,40.0,20.0,10.0,100.0,DMU,66.66666666666666
stu_1ac6810dcdeb81b2158f79d37a9d4fef,,P,2020,30.0,30.0,10.0,0.0,70.0,DMU,46.66666666666666
stu_632a2b7b285728997f08175a64658783,,P,2020,20.0,20.0,20.0,10.0,70.0,DMU,46.66666666666666
stu_35ca6a4dd41a4fbc75a5eaf42eee8e64,Ingeniería en Robótica y Telecomunicaciones,P,2020,20.0,30.0,10.0,0.0,60.0,DMU,40.0
stu_2b21b3eba4932bc5316c8f1400e9c423,,P,2020,20.0,10.0,30.0,10.0,70.0,DMU,46.66666666666666
stu_b88bbf214387f54a9260f3ed35772317,,P,2020,20.0,30.0,30.0,0.0,80.0,DMU,53.33333333333334
stu_1b3ddccf9695424807176661a72e5615,,P,2020,40.0,20.0,30.0,10.0,100.0,DMU,66.66666666666666
stu_03295e6a5cdf024746fbc8c4cd7adcb4,,P,2020,30.0,10.0,20.0,10.0,70.0,DMU,46.66666666666666
stu_ef3b7c044877ca98d7317b862dda78ef,,P,2020,30.0,10.0,30.0,0.0,70.0,DMU,46.66666666666666
stu_68a71c3e42fd0a0929e6d5ae790b22c2,,P,2020,0.0,40.0,10.0,10.0,60.0,DMU,40.0
stu_5a536da2e3587e5c90cd5fa7e0550ec1,Administración de Negocios Internacionales,P,2020,40.0,20.0,20.0,0.0,80.0,DMU,53.33333333333334
stu_e416d5e4fb11c61f156559fc486535ab,,P,2020,40.0,30.0,40.0,10.0,120.0,DMU,80.0
stu_873341e36be55c9a4e865e47ce25fa21,Actuaría,P,2020,40.0,30.0,30.0,30.0,130.0,DMU,86.66666666666667
stu_bfa3ec0db675d1a7c8cfdcb8892a447a,Administración de Negocios Internacionales,P,2020,20.0,10.0,30.0,20.0,80.0,DMU,53.33333333333334
stu_51ef322027a336833b01e3f6cdfaf0e1,Economía,P,2020,40.0,20.0,20.0,10.0,90.0,DMU,60.0
stu_a6268a6f2627530fd6d9d420d8aa3e3b,Ingeniería Química,P,2020,20.0,20.0,20.0,0.0,60.0,DMU,40.0
stu_39dea27cc7015aaaf9778f70f87e5659,Actuaría,P,2020,10.0,20.0,10.0,10.0,50.0,DMU,33.33333333333333
stu_5393ccad9f77bd34b301ecf4be970a60,,P,2020,30.0,10.0,30.0,20.0,90.0,DMU,60.0
stu_16fccc1d88cf3da56bffd2d4b7929777,Ingeniería en Sistemas Computacionales,P,2020,20.0,10.0,30.0,10.0,70.0,DMU,46.66666666666666
stu_80c4f6570bd88e2fa97de79dcf81ffeb,,P,2020,30.0,40.0,40.0,20.0,130.0,DMU,86.66666666666667
stu_b7e21d8882e519d21cba53ec692245d7,Física,P,2020,30.0,40.0,30.0,10.0,110.0,DMU,73.33333333333333
stu_e13818773049a5eec2074a49059e9cd0,Ingeniería Química,P,2020,20.0,20.0,20.0,10.0,70.0,DMU,46.66666666666666
stu_10dba877703f46862b9f74e2f719e5e9,Administración de Negocios Internacionales,P,2020,20.0,30.0,10.0,10.0,70.0,DMU,46.66666666666666
stu_534af35c5e1711ba9fbc836a9611b46f,Administración de Negocios Internacionales,P,2020,30.0,10.0,0.0,10.0,50.0,DMU,33.33333333333333
stu_c44c6f30d31aab779600849cba93d151,Banca e Inversiones,P,2020,20.0,20.0,40.0,20.0,100.0,DMU,66.66666666666666
stu_3882f329d1a3791fb2bb906812729a4e,Actuaría,P,2020,40.0,30.0,30.0,30.0,130.0,DMU,86.66666666666667
stu_9fe8dd3ecdd05ab09ab9cdbe83652a46,,P,2020,30.0,20.0,40.0,10.0,100.0,DMU,66.66666666666666
stu_1e553da3e5928b1bf16081dcbc6106c3,,P,2020,10.0,30.0,0.0,20.0,60.0,DMU,40.0
stu_065f9a4bc79da765c8c0bdd74dcc0a5c,Administración de Negocios Internacionales,P,2020,20.0,20.0,0.0,10.0,50.0,DMU,33.33333333333333
stu_8c7df87f094bb17cd6dd51b5053d81d8,Ingeniería Biomédica,P,2020,20.0,20.0,40.0,20.0,100.0,DMU,66.66666666666666
stu_1dd261db0d758b1d89ea888c7d6ba25c,,P,2020,40.0,40.0,30.0,20.0,130.0,DMU,86.66666666666667
stu_b0781675dd2b7d91801dbf7acc0e571f,Ingeniería en Energía,P,2020,40.0,30.0,40.0,0.0,110.0,DMU,73.33333333333333
stu_ce8b51023df9fff1b4c1b1b1a3edb086,,P,2020,30.0,10.0,30.0,0.0,70.0,DMU,46.66666666666666
stu_c7c4a1b950f4c7160e1de01018c6e36b,,P,2020,20.0,0.0,10.0,20.0,50.0,DMU,33.33333333333333
stu_f23aacdb4e46d410caf355f241004cd7,,P,2020,40.0,30.0,30.0,30.0,130.0,DMU,86.66666666666667
stu_3fe7f5bbdf1835d25d14a7665e263494,Administración de Negocios Internacionales,P,2020,30.0,30.0,20.0,0.0,80.0,DMU,53.33333333333334
stu_a0c035bedfc4a26a42a9fa6dbdecfe0c,Administración de Empresas,P,2020,30.0,40.0,30.0,10.0,110.0,DMU,73.33333333333333
stu_6286f0fe93e915988b7cd9609c8be9c1,Ingeniería Química,P,2020,20.0,30.0,40.0,10.0,100.0,DMU,66.66666666666666
stu_26da17f4ad20fc51692c5c4936712ead,Banca e Inversiones,P,2020,10.0,30.0,30.0,0.0,70.0,DMU,46.66666666666666
stu_b3b67cb566459a9545c052fe4178aa40,Ingeniería Industrial,P,2020,30.0,30.0,30.0,0.0,90.0,DMU,60.0
stu_487fc891c5be4fed606e1633b9a27fbd,Economía,P,2020,20.0,10.0,10.0,10.0,50.0,DMU,33.33333333333333
stu_ce29d323f54a52c5ddc1d245ffc9ac79,,P,2020,20.0,10.0,10.0,30.0,70.0,DMU,46.66666666666666
stu_32ec84eb4b1425c210fac4c46a41c60f,Economía,P,2020,20.0,10.0,40.0,0.0,70.0,DMU,46.66666666666666
stu_ef8e8e7671ce8207f95d722a01a04f31,Física,P,2020,30.0,40.0,30.0,0.0,100.0,DMU,66.66666666666666
stu_57d777079554d0d47189bd112231800e,Estrategias Financieras y Contaduría Pública,P,2020,40.0,30.0,0.0,10.0,80.0,DMU,53.33333333333334
stu_3812de5c8cb9ec74401f4e36c2a8e176,Administración de Empresas,P,2020,20.0,40.0,20.0,10.0,90.0,DMU,60.0
stu_aba7da9065c86a747033f5579e5e4150,,P,2020,30.0,40.0,30.0,0.0,100.0,DMU,66.66666666666666
stu_f0a1b592a2dcae56808ca7b255b8cb46,Nanotecnología e Ingeniería Molecular,P,2020,40.0,20.0,10.0,10.0,80.0,DMU,53.33333333333334
stu_b49aedb578621f8a529fca1bf893728b,Ingeniería en Logística y Cadena de Suministros,P,2020,10.0,20.0,10.0,0.0,40.0,DMU,26.66666666666667
stu_e2bc0df50706a509dd569b8732a700dc,Administración de Empresas,P,2020,30.0,20.0,0.0,10.0,60.0,DMU,40.0
stu_14a4310324a15ad592f08930f34566e7,,P,2020,30.0,20.0,30.0,10.0,90.0,DMU,60.0
stu_b6afa609891abf5c38d776d7db5f7074,Administración de Empresas,P,2020,20.0,20.0,10.0,10.0,60.0,DMU,40.0
stu_1bcfc837b06481d528e03e1098b5e582,Ingeniería Biomédica,P,2020,30.0,30.0,40.0,0.0,100.0,DMU,66.66666666666666
stu_f2455474e5b4f0fa708e9664874cac9a,Banca e Inversiones,P,2020,20.0,30.0,0.0,10.0,60.0,DMU,40.0
stu_23e5863a2684baeab280aaf3e4674530,,P,2020,30.0,0.0,10.0,10.0,50.0,DMU,33.33333333333333
stu_eb2aaff6f779cd504b7ae253f30be3a2,Mercadotecnia,P,2020,20.0,30.0,0.0,10.0,60.0,DMU,40.0
stu_01b4afb5bc0c6827e53694fa14515928,Estrategias Financieras y Contaduría Pública,P,2020,20.0,30.0,40.0,10.0,100.0,DMU,66.66666666666666
stu_32d715e0a6635e0d9f5756a91b81bb82,,P,2020,10.0,10.0,10.0,20.0,50.0,DMU,33.33333333333333
stu_840fce26371dc660a3e65b57ae1e3843,Ingeniería en Sistemas Computacionales,P,2020,20.0,20.0,20.0,10.0,70.0,DMU,46.66666666666666
stu_0c6067e24da8e0d964d68d4056006cd5,Ingeniería Civil,P,2020,40.0,30.0,10.0,0.0,80.0,DMU,53.33333333333334
stu_71717f59411ffef4d16c4a53d47c121c,Estrategias Financieras y Contaduría Pública,P,2020,20.0,20.0,10.0,0.0,50.0,DMU,33.33333333333333
stu_3013b6fa69bff0af86642cf745191ff5,Administración de Negocios Internacionales,P,2020,40.0,10.0,10.0,0.0,60.0,DMU,40.0
stu_96455fe49aa2546dfb5f047273551926,Ingeniería Mecánica,P,2020,20.0,30.0,30.0,10.0,90.0,DMU,60.0
stu_d7474c346a4ad49f4f84f498c8850666,,P,2020,40.0,30.0,30.0,10.0,110.0,DMU,73.33333333333333
stu_4175bbcaa0b1692d7829e81b349daf43,Ingeniería Mecatrónica,P,2020,30.0,30.0,30.0,10.0,100.0,DMU,66.66666666666666
stu_bc4a83ece2fb6ad23b82606795a0dcda,Actuaría,P,2020,30.0,40.0,30.0,20.0,120.0,DMU,80.0
stu_76c8760a8748a84d3ac7a2b700d3b164,,P,2020,30.0,30.0,40.0,20.0,120.0,DMU,80.0
stu_b6a71ccec74aadb6f9ae1c5b50943655,Ingeniería Biomédica,P,2020,40.0,40.0,30.0,10.0,120.0,DMU,80.0
stu_f1ad56034041a6fcd6141053379dfe1b,,P,2020,0.0,20.0,30.0,20.0,70.0,DMU,46.66666666666666
stu_3c530583a8b82a936e2647a88d56b492,,P,2020,0.0,10.0,30.0,0.0,40.0,DMU,26.66666666666667
stu_9c2ab76f26f6f153680a9158debb48b1,Banca e Inversiones,P,2020,10.0,30.0,30.0,0.0,70.0,DMU,46.66666666666666
stu_0de9d10969f66abe6f21878a11daeeda,,P,2020,10.0,10.0,10.0,10.0,40.0,DMU,26.66666666666667
stu_1372c8d03efe90d45759768eacbef593,Nanotecnología e Ingeniería Molecular,P,2020,40.0,30.0,20.0,10.0,100.0,DMU,66.66666666666666
stu_c5fe83ae67b727ddef380cd78201ac49,,P,2020,20.0,10.0,10.0,10.0,50.0,DMU,33.33333333333333
stu_8a75ae4ec0f32a4681a7433e83a26113,,P,2020,30.0,30.0,40.0,20.0,120.0,DMU,80.0
stu_7e6a7df3503c5f591412ab40e97fafa2,,P,2020,20.0,10.0,20.0,20.0,70.0,DMU,46.66666666666666
stu_048584ca86984f4894369271d0e646a8,Ingeniería en Sistemas Computacionales,P,2020,20.0,20.0,40.0,10.0,90.0,DMU,60.0
stu_be744b3c7eef5d4a30d6ae42aeae8829,Actuaría,P,2020,40.0,40.0,40.0,20.0,140.0,DMU,93.33333333333333
stu_b7e88d2e4885ac141afbece92a0a7ecd,Administración de Empresas,P,2020,10.0,40.0,20.0,20.0,90.0,DMU,60.0
stu_04f24dbd047cb373c8b1dbaac6024ace,Ingeniería Mecánica,P,2020,10.0,10.0,20.0,10.0,50.0,DMU,33.33333333333333
stu_70f3a45fbad1288604c55042162403ce,Ingeniería Industrial,P,2020,10.0,30.0,10.0,0.0,50.0,DMU,33.33333333333333
stu_9ec77b426a954eaed76da1c4ac859d2c,Actuaría,P,2020,20.0,10.0,0.0,20.0,50.0,DMU,33.33333333333333
stu_ae89f062c9b0704eb751302132090d29,Nanotecnología e Ingeniería Molecular,P,2020,30.0,10.0,20.0,20.0,80.0,DMU,53.33333333333334
stu_9a180b7f09f0d8dbe120af968c48417a,Administración de Negocios Internacionales,P,2020,20.0,30.0,10.0,10.0,70.0,DMU,46.66666666666666
stu_135c124e946d2f6a652af0c706e42405,,P,2020,30.0,30.0,30.0,10.0,100.0,DMU,66.66666666666666
stu_23adc2c77100401a49b445642472bc03,Actuaría,P,2020,30.0,40.0,10.0,0.0,80.0,DMU,53.33333333333334
stu_73457fe1ef11e9758439dc91d0d271f8,,P,2020,40.0,40.0,10.0,30.0,120.0,DMU,80.0
stu_8ecfcbe7550f0d468c72decfe834baf1,,P,2020,20.0,30.0,20.0,30.0,100.0,DMU,66.66666666666666
stu_7668e3faf613a5e0d457390ed6908632,,P,2020,40.0,10.0,10.0,0.0,60.0,DMU,40.0
stu_ec9404e038e2330eedbe0da0373e8e36,Nanotecnología e Ingeniería Molecular,P,2020,30.0,20.0,40.0,0.0,90.0,DMU,60.0
stu_4080dc45229218b9d711b8c9399ccb6c,Administración de Empresas,P,2020,20.0,30.0,30.0,10.0,90.0,DMU,60.0
stu_e401d09f4ebeab27a4759ee2fa305cdc,,P,2020,30.0,40.0,40.0,20.0,130.0,DMU,86.66666666666667
stu_8e9027cbcb54af67601a35663db4c666,Ingeniería en Robótica y Telecomunicaciones,P,2020,40.0,20.0,20.0,10.0,90.0,DMU,60.0
stu_999339079f4db0ab2af68bc9e2d984b1,,P,2020,40.0,30.0,40.0,20.0,130.0,DMU,86.66666666666667
stu_e53ac16732fea16c0a37fbe2025dbb51,,P,2020,20.0,30.0,40.0,0.0,90.0,DMU,60.0
stu_2fd6a5e57799f48b76e03f4b71962b13,,P,2020,20.0,20.0,10.0,0.0,50.0,DMU,33.33333333333333
stu_5674164dd73fa5e314564b88e18c2cdf,,P,2020,20.0,10.0,20.0,0.0,50.0,DMU,33.33333333333333
stu_174075d4ec2a5d2aa25166609d7f4e7e,,P,2020,30.0,10.0,20.0,20.0,80.0,DMU,53.33333333333334
stu_4c583db4e7679e1516b7a722a80bc7fa,Ingeniería Química,P,2020,30.0,20.0,30.0,0.0,80.0,DMU,53.33333333333334
stu_273089dae226b98a3d87de2542c75c1d,,P,2020,0.0,10.0,10.0,20.0,40.0,DMU,26.66666666666667
stu_ff943fa76d7af7d7489c9bcfaec2d6bc,Biología,P,2020,20.0,10.0,20.0,30.0,80.0,DMU,53.33333333333334
stu_b840484ae16dd8ca21b08d4e7ee16720,Actuaría,P,2020,40.0,30.0,40.0,10.0,120.0,DMU,80.0
stu_1ed25b0c2101d8cfc510dc6f5c50649c,Ingeniería Química,P,2020,20.0,20.0,20.0,0.0,60.0,DMU,40.0
stu_b10bf07934033a46a43ee51ba573e030,,P,2020,20.0,10.0,20.0,30.0,80.0,DMU,53.33333333333334
stu_a618d125c7ff51c0edf6efc00839ae94,,P,2020,10.0,30.0,0.0,10.0,50.0,DMU,33.33333333333333
stu_2ac2aaaf3e07923a97cc29f7b0b8d978,Ingeniería Industrial,P,2020,10.0,30.0,10.0,10.0,60.0,DMU,40.0
stu_21cdd0bb09fb1034df722659cbac2eb6,Ingeniería en Alimentos,P,2020,10.0,10.0,10.0,10.0,40.0,DMU,26.66666666666667
stu_3fd888df91003ec4638a61f3ca0ec6ef,,P,2020,30.0,30.0,10.0,20.0,90.0,DMU,60.0
stu_52b4af74955c5d29d99b101c669895af,,P,2020,30.0,20.0,30.0,0.0,80.0,DMU,53.33333333333334
stu_05d4243a02bff22e241f85d6985d5770,Ingeniería en Industrias Alimentarias,P,2020,30.0,20.0,10.0,10.0,70.0,DMU,46.66666666666666
stu_0229b99e159e8d1ce75ed90d2bfb6d33,,P,2020,20.0,20.0,10.0,10.0,60.0,DMU,40.0
stu_1703d8df428c31d7b0497355cb8f9aeb,Banca e Inversiones,P,2020,20.0,10.0,20.0,10.0,60.0,DMU,40.0
stu_1538835d6459c61548cbedb6b49868d7,,P,2020,30.0,30.0,20.0,20.0,100.0,DMU,66.66666666666666
stu_2d2c74d3f5628f59c46ffde426b01fe7,Nanotecnología e Ingeniería Molecular,P,2020,0.0,0.0,20.0,0.0,20.0,DMU,13.33333333333333
stu_271ad2934a0edec64e47d483455c58f6,Administración de Empresas,P,2020,20.0,20.0,20.0,10.0,70.0,DMU,46.66666666666666
stu_70f54ae7e407a8a228218c0de095f630,,P,2020,0.0,20.0,0.0,10.0,30.0,DMU,20.0
stu_a32e36f614a77c6a69ad11033759bcf0,Ingeniería Química,P,2020,10.0,20.0,20.0,10.0,60.0,DMU,40.0
stu_5c8ba8c81c88ea6091243882aa44b070,Ingeniería Mecánica,P,2020,10.0,30.0,20.0,10.0,70.0,DMU,46.66666666666666
stu_530ce2e1b0a78bdeeadf80a29a732451,,P,2020,30.0,10.0,20.0,0.0,60.0,DMU,40.0
stu_46c9f54619d221d76933bfbfc3f55fa7,Estrategias Financieras y Contaduría Pública,P,2020,30.0,10.0,10.0,20.0,70.0,DMU,46.66666666666666
stu_fd8d70e2e52abd93dc48f9e6c617726e,Ingeniería Industrial,P,2020,10.0,30.0,10.0,10.0,60.0,DMU,40.0
stu_cdb6e832d3d60f6e573984fc5d61a1ba,Ingeniería en Industrias Alimentarias,P,2020,30.0,40.0,20.0,20.0,110.0,DMU,73.33333333333333
stu_9bcb94bddca120caedd8a938ae342683,Ingeniería Industrial,P,2020,20.0,10.0,10.0,10.0,50.0,DMU,33.33333333333333
stu_adf51d45a5d0560b642bf965c8f57067,Mercadotecnia,P,2020,40.0,10.0,30.0,10.0,90.0,DMU,60.0
stu_a7d8726eee0198da73205d35c4fbf908,Economía,P,2020,40.0,30.0,20.0,20.0,110.0,DMU,73.33333333333333
stu_5ce6a00e91d4d7c74bab4513db1703a5,,P,2020,10.0,20.0,20.0,10.0,60.0,DMU,40.0
stu_849ed0541ac4a1c452195497bdf72038,Mercadotecnia,P,2020,40.0,30.0,10.0,0.0,80.0,DMU,53.33333333333334
stu_75fc097fa0bf430417abb6c66a14f071,Economía,P,2020,10.0,10.0,10.0,0.0,30.0,DMU,20.0
stu_eb1ca6729a68e568f19a7c1493a5b1ad,,P,2020,30.0,20.0,20.0,0.0,70.0,DMU,46.66666666666666
stu_dce8acb17c998ddca571f55a91e85c6b,Ingeniería Mecánica,P,2020,20.0,20.0,30.0,20.0,90.0,DMU,60.0
stu_defa3a7091a67116c29cd41e6399c387,Administración de Negocios Internacionales,P,2020,40.0,10.0,40.0,0.0,90.0,DMU,60.0
stu_f20c0c7f5173114de8dd931f6012c76d,,P,2020,40.0,20.0,40.0,10.0,110.0,DMU,73.33333333333333
stu_951843bdbb6bf603e00fcb9294e2bcfa,Ingeniería Mecatrónica,P,2020,40.0,40.0,40.0,30.0,150.0,DMU,100.0
stu_dc09bd47b9f3c43611c3207b63b3bcba,Mercadotecnia,P,2020,20.0,20.0,10.0,0.0,50.0,DMU,33.33333333333333
stu_8e71061d651051966eb044e02477722c,Actuaría,P,2020,40.0,20.0,30.0,0.0,90.0,DMU,60.0
stu_4005d1deaf771cc1df0eaf951ed2a4fe,,P,2020,40.0,20.0,40.0,20.0,120.0,DMU,80.0
stu_6101e791bdb500ee993dc02e4d6d74c1,,P,2020,20.0,0.0,10.0,20.0,50.0,DMU,33.33333333333333
stu_e64a5526dd3cf58e6706fad36090ccbc,Administración de Negocios Internacionales,P,2020,10.0,20.0,30.0,10.0,70.0,DMU,46.66666666666666
stu_573c089881ec9008cb283028cbaa0322,Ingeniería Industrial,P,2020,30.0,40.0,20.0,20.0,110.0,DMU,73.33333333333333
stu_5dbb8a68fd2a11159517a36c5b29eb79,Actuaría,P,2020,40.0,30.0,30.0,10.0,110.0,DMU,73.33333333333333
stu_bfcd8cf9062fa68284ee207fa4ff14f3,,P,2020,30.0,30.0,30.0,20.0,110.0,DMU,73.33333333333333
stu_4f33b8aa6a17b638fedc679c665976fb,Actuaría,P,2020,20.0,30.0,30.0,10.0,90.0,DMU,60.0
stu_30fa31a2e9c8563b9484a65085acfa83,Física,P,2020,40.0,30.0,20.0,10.0,100.0,DMU,66.66666666666666
stu_edafb699e73e1ec76907716d8dfe1755,Administración de Empresas,P,2020,30.0,20.0,20.0,20.0,90.0,DMU,60.0
stu_8db35d01cf13804dfb499b0f7ca85175,,P,2020,40.0,20.0,30.0,30.0,120.0,DMU,80.0
stu_d12e050df98d69a06159e060f30e74f0,,P,2020,20.0,0.0,10.0,0.0,30.0,DMU,20.0
stu_178e1548151d0e732c32b047185d88e9,Ingeniería Mecatrónica,P,2020,30.0,10.0,20.0,0.0,60.0,DMU,40.0
stu_d5af0f928e3e7c6274dbb876f0580655,Actuaría,P,2020,30.0,40.0,30.0,30.0,130.0,DMU,86.66666666666667
stu_c81b21ae11f708eeccaeb24f89afe1fc,Economía,P,2020,30.0,20.0,20.0,10.0,80.0,DMU,53.33333333333334
stu_7c33072b77b60ad4828aaf0e4eb479ae,Administración de Empresas,P,2020,30.0,20.0,10.0,0.0,60.0,DMU,40.0
stu_eeb0a884d91fbef85896fbfc52cbe786,,P,2020,10.0,0.0,0.0,10.0,20.0,DMU,13.33333333333333
stu_0aad5ed9f29494b7d0f2474f9da9b310,,P,2020,10.0,10.0,40.0,10.0,70.0,DMU,46.66666666666666
stu_1d477bc88da7d129278099c05283e2a5,,P,2020,10.0,20.0,10.0,10.0,50.0,DMU,33.33333333333333
stu_e9c4d1cdba20f563b8b7664bc76ba851,,P,2020,30.0,30.0,40.0,20.0,120.0,DMU,80.0
stu_d03ac3594a1ab7d778ee7a0c73f4acd3,Biología,P,2020,0.0,20.0,10.0,0.0,30.0,DMU,20.0
stu_38a10a8ab8c3f6ba1973b50d13cee125,,P,2020,40.0,40.0,30.0,10.0,120.0,DMU,80.0
stu_5493464cf797bf5bf8e2a07fc15e8059,,P,2020,10.0,10.0,20.0,10.0,50.0,DMU,33.33333333333333
stu_1ba241101662f2531772017b0819826e,,P,2020,30.0,10.0,20.0,0.0,60.0,DMU,40.0
stu_1411142a07c6300b5e493b7076eea625,Ingeniería Industrial,P,2020,30.0,10.0,10.0,10.0,60.0,DMU,40.0
stu_d99545007172de9f35b26434d40d74e0,Administración de Empresas,P,2020,20.0,20.0,30.0,10.0,80.0,DMU,53.33333333333334
stu_4249064b43b4e88f56fec43acf019217,,P,2020,20.0,10.0,30.0,0.0,60.0,DMU,40.0
stu_dae61923a48256931bfbdbbc20c8cbaf,Ingeniería Civil,P,2020,10.0,10.0,30.0,20.0,70.0,DMU,46.66666666666666
stu_40ae85277168137ab9ca4a1939f20472,,P,2020,40.0,20.0,30.0,20.0,110.0,DMU,73.33333333333333
stu_7d27340635ef4e235f3fca5bfec9d1a7,Ingeniería Civil,P,2020,20.0,40.0,40.0,10.0,110.0,DMU,73.33333333333333
stu_b1e249d9e8814fa7d966c6cf663e6be7,,P,2020,40.0,30.0,40.0,20.0,130.0,DMU,86.66666666666667
stu_43ca488ebc4705685cc97919b2ee0b0b,Banca e Inversiones,P,2020,10.0,30.0,40.0,20.0,100.0,DMU,66.66666666666666
stu_12f6060600903b4c7edc87d3d48cfc33,Banca e Inversiones,P,2020,20.0,40.0,20.0,10.0,90.0,DMU,60.0
stu_c999700f6509618c37e7766a1e67d984,Actuaría,P,2020,40.0,30.0,10.0,0.0,80.0,DMU,53.33333333333334
stu_dc71d44108045b53af5c52b18950280a,Actuaría,P,2020,30.0,10.0,20.0,0.0,60.0,DMU,40.0
stu_6395538b8c81929450225e98883d6701,Administración de Empresas,P,2020,20.0,10.0,20.0,10.0,60.0,DMU,40.0
stu_46a04dee48a6d0f1418fabc5bcfd9de3,,P,2020,40.0,20.0,10.0,10.0,80.0,DMU,53.33333333333334
stu_57fa5fc8826e4e928391ba8d3241706a,Actuaría,P,2020,20.0,20.0,30.0,0.0,70.0,DMU,46.66666666666666
stu_61c6ce261ed15a1270d9c488c3436ed0,Nanotecnología e Ingeniería Molecular,P,2020,40.0,40.0,40.0,10.0,130.0,DMU,86.66666666666667
stu_86abad4cbe910b138f94bec2bd5116ac,,P,2020,30.0,10.0,40.0,10.0,90.0,DMU,60.0
stu_e172dc08c9a5a6f45be3179dc206a240,,P,2020,10.0,0.0,40.0,10.0,60.0,DMU,40.0
stu_a1096211020ddbd00717b7c501c06efe,Mercadotecnia,P,2020,30.0,10.0,0.0,20.0,60.0,DMU,40.0
stu_c8e12a0cd8a01c9116e43362bb8f2bd8,Ingeniería en Logística,P,2020,30.0,30.0,20.0,0.0,80.0,DMU,53.33333333333334
stu_600f55615d3de65e74bfd7fae07d0422,Física,P,2020,40.0,40.0,30.0,0.0,110.0,DMU,73.33333333333333
stu_c9de2793304fb369c410635c308b97bf,Nanotecnología e Ingeniería Molecular,P,2020,30.0,40.0,20.0,10.0,100.0,DMU,66.66666666666666
stu_e92fd0838fe5c4b2e44595a0f175f066,Actuaría,P,2020,10.0,20.0,10.0,10.0,50.0,DMU,33.33333333333333
stu_67a49df28af0d026e6af287b5e7c39ed,,P,2020,40.0,30.0,20.0,0.0,90.0,DMU,60.0
stu_16a85e6088d8f7d31af85983a3d49218,,P,2020,0.0,20.0,30.0,10.0,60.0,DMU,40.0
stu_b48f3bbfcf1170c3e7c0b41bf62f2538,Ingeniería en Sistemas Computacionales,P,2020,30.0,40.0,20.0,20.0,110.0,DMU,73.33333333333333
stu_928ed8d8002574223ba627b51c447ab6,,P,2020,30.0,40.0,10.0,0.0,80.0,DMU,53.33333333333334
stu_72fe6c72bf61878a251e2f06c2ef1f60,Economía,P,2020,30.0,10.0,20.0,20.0,80.0,DMU,53.33333333333334
stu_0d73d6d2119599e48c03a1ea1b9bd9f2,Administración de Empresas,P,2020,20.0,20.0,20.0,0.0,60.0,DMU,40.0
stu_3840833d6aad929895ff4d6eeb243b2d,Actuaría,P,2020,30.0,40.0,20.0,20.0,110.0,DMU,73.33333333333333
stu_a845a911b67ee81725b8ccabbbb2b8e8,Administración de Empresas,P,2020,30.0,20.0,10.0,0.0,60.0,DMU,40.0
stu_c7ebfe1864dce5da4dfd11621daeaf3c,Economía,P,2020,20.0,0.0,10.0,0.0,30.0,DMU,20.0
stu_a7d94989a881677aa9199b7c9f24a96f,,P,2020,10.0,30.0,20.0,0.0,60.0,DMU,40.0
stu_f2aacc7a4c6541be2a40d6d0887221a8,,P,2020,10.0,40.0,30.0,20.0,100.0,DMU,66.66666666666666
stu_004d27b300b9c4f7f4d4de094bf2b1b2,,P,2020,20.0,30.0,40.0,20.0,110.0,DMU,73.33333333333333
stu_a67efb43934fbcd309210724b9d360bf,Actuaría,P,2020,40.0,40.0,30.0,10.0,120.0,DMU,80.0
stu_03375ef956ffc1068dc93274ed1c3603,Ingeniería Biomédica,P,2020,40.0,20.0,40.0,10.0,110.0,DMU,73.33333333333333
stu_c2bc5205339de6bf07c3a063e22dfc45,Ingeniería Mecatrónica,P,2020,10.0,10.0,20.0,20.0,60.0,DMU,40.0
stu_7e236e6402e1e69d776f312a26eba74f,Economía,P,2020,30.0,10.0,10.0,0.0,50.0,DMU,33.33333333333333
stu_c4c1a08272dd7a53fafa49e2d2bdbb1f,Ingeniería Industrial,P,2020,20.0,10.0,20.0,0.0,50.0,DMU,33.33333333333333
stu_5774f42f17ac834fdbb5873881920a9e,,P,2020,20.0,20.0,30.0,30.0,100.0,DMU,66.66666666666666
stu_e3c291952be0a397df241580e1bf2ad2,Actuaría,P,2020,40.0,30.0,20.0,10.0,100.0,DMU,66.66666666666666
stu_b2096464cf37274eb60c699e9b7bc9af,Ingeniería Civil,P,2020,10.0,10.0,10.0,0.0,30.0,DMU,20.0
stu_c93e1115814f5968c39895871197b581,,P,2020,10.0,20.0,20.0,0.0,50.0,DMU,33.33333333333333
stu_1ab1eddceef0bdf628932365992c330a,,P,2020,20.0,20.0,40.0,10.0,90.0,DMU,60.0
stu_83c55b87bcd45e114aeae74213e0b12c,Actuaría,P,2020,40.0,40.0,20.0,20.0,120.0,DMU,80.0
stu_95386d719eb45b11b186518ec8e20ab3,Actuaría,P,2020,20.0,20.0,20.0,20.0,80.0,DMU,53.33333333333334
stu_f918ca820a2d2716e190ccf264b9a940,,P,2020,40.0,10.0,10.0,10.0,70.0,DMU,46.66666666666666
stu_8edf19efd21fc188b53a181516da961c,Ingeniería Mecatrónica,P,2020,30.0,10.0,40.0,20.0,100.0,DMU,66.66666666666666
stu_4b5c9dbf87690d2e964bba1e18f02615,Ingeniería Industrial,P,2020,20.0,0.0,20.0,0.0,40.0,DMU,26.66666666666667
stu_8d1f9e0af61fef734864a022750f0008,Ingeniería Química,P,2020,20.0,30.0,30.0,20.0,100.0,DMU,66.66666666666666
stu_70e247f529b532f03d37e5f1e8e11082,,P,2020,10.0,40.0,30.0,10.0,90.0,DMU,60.0
stu_eb360594b9f5e9bd704efe6732f3b47f,Ingeniería Mecánica,P,2020,30.0,30.0,40.0,0.0,100.0,DMU,66.66666666666666
stu_a7444b18b53cd29674c61616cfc3dd78,,P,2020,20.0,20.0,20.0,20.0,80.0,DMU,53.33333333333334
stu_4739a843fbf114a8e03667efdb9a2f6c,Actuaría,P,2020,30.0,20.0,30.0,20.0,100.0,DMU,66.66666666666666
stu_e4a6ad3c2b6d5e9ffecbd10997fdf7d7,,P,2020,10.0,10.0,10.0,20.0,50.0,DMU,33.33333333333333
stu_489679f107b11111049c0d59722d9c63,Actuaría,P,2020,30.0,30.0,20.0,0.0,80.0,DMU,53.33333333333334
stu_8d6832ef36aec77c8310d4f5094640ae,Actuaría,P,2020,30.0,20.0,30.0,0.0,80.0,DMU,53.33333333333334
stu_46bc99daaaa5fdc87c2c12c001c8cc14,,P,2020,30.0,30.0,10.0,20.0,90.0,DMU,60.0
stu_021f63efae958d606afc0bada7dc6d3f,Ingeniería Biomédica,P,2020,10.0,10.0,30.0,20.0,70.0,DMU,46.66666666666666
stu_03a8e2e6f3c8eec3f9e82436c262ee50,Administración de Empresas,P,2020,30.0,10.0,10.0,20.0,70.0,DMU,46.66666666666666
stu_be29ce26ff2163d8ef73514d6eef5460,Administración de Empresas,P,2020,10.0,10.0,40.0,0.0,60.0,DMU,40.0
stu_ba04f1f0928b5795361995bd54fd5f1d,,P,2020,40.0,30.0,40.0,10.0,120.0,DMU,80.0
stu_dabc02f23934e5ab2f23571caf02de6e,Ingeniería Biomédica,P,2020,30.0,30.0,20.0,0.0,80.0,DMU,53.33333333333334
stu_5f51ac8736b40f5cdef7ef39ea370fff,Actuaría,P,2020,30.0,20.0,30.0,10.0,90.0,DMU,60.0
stu_961c8b75e695ff36accbb440285ac27f,Administración de Empresas,P,2020,20.0,20.0,30.0,10.0,80.0,DMU,53.33333333333334
stu_cea3c302d64d85c731bc0af697626756,Ingeniería Civil,P,2020,30.0,30.0,10.0,10.0,80.0,DMU,53.33333333333334
stu_be9736e442003628aceca82a87bfe8a8,,P,2020,30.0,20.0,30.0,10.0,90.0,DMU,60.0
stu_8ef075665bdb85ac49b6b6557fa4c6c5,Economía,P,2020,30.0,30.0,20.0,20.0,100.0,DMU,66.66666666666666
stu_aace0ae233e33fd97e17f3980ccd9bd2,Ingeniería Industrial,P,2020,30.0,10.0,30.0,20.0,90.0,DMU,60.0
stu_c38904dd51dcb256f9943e4e99fd3df0,,P,2020,30.0,20.0,30.0,10.0,90.0,DMU,60.0
stu_7a8fb7b88f2f94150c703357633046e6,,P,2020,20.0,30.0,10.0,10.0,70.0,DMU,46.66666666666666
stu_2780253af03b79c610985c76a8792ba4,,P,2020,20.0,20.0,20.0,10.0,70.0,DMU,46.66666666666666
stu_f95d6776fb74bc4e9206ff05be6d474c,,P,2020,20.0,20.0,30.0,10.0,80.0,DMU,53.33333333333334
stu_aa658cd7bffa596b41ead592fe884293,Ingeniería en Robótica y Telecomunicaciones,P,2020,20.0,10.0,40.0,20.0,90.0,DMU,60.0
stu_970a333c15c150376b194ab21c7603bc,Ingeniería Mecánica,P,2020,30.0,40.0,30.0,10.0,110.0,DMU,73.33333333333333
stu_86d81fa7d58fdb17d41d545da8ce4061,Economía,P,2020,10.0,20.0,10.0,10.0,50.0,DMU,33.33333333333333
stu_485e0651ddf472da19c9274885b3aabb,Ingeniería Química,P,2020,30.0,30.0,30.0,30.0,120.0,DMU,80.0
stu_423ef65be9b171d1d5ad79f64afa5184,Banca e Inversiones,P,2020,0.0,20.0,30.0,10.0,60.0,DMU,40.0
stu_0b782808753d702684bfcae028c80029,Ingeniería Industrial,P,2020,20.0,0.0,10.0,10.0,40.0,DMU,26.66666666666667
stu_ff00da3e0565cb94fa4fdd98d1d018fb,,P,2020,30.0,30.0,30.0,20.0,110.0,DMU,73.33333333333333
stu_a8b6e810e10bc1506e5c5df253322389,Banca e Inversiones,P,2020,40.0,20.0,20.0,20.0,100.0,DMU,66.66666666666666
stu_e7b3571a972757b6b7e57cf207867b8b,Actuaría,P,2020,20.0,30.0,0.0,0.0,50.0,DMU,33.33333333333333
stu_846c15218b2d127b6a958cb7a3985e13,,P,2020,30.0,30.0,10.0,10.0,80.0,DMU,53.33333333333334
stu_b608f58adbdcb8a304e8245df746e2f0,,P,2020,40.0,30.0,10.0,0.0,80.0,DMU,53.33333333333334
stu_4ea45f5fd78dff607e733dfa262acf81,Ingeniería en Logística y Cadena de Suministros,P,2020,10.0,30.0,20.0,20.0,80.0,DMU,53.33333333333334
stu_3c4d0f28e219db608f9a2df71aa0ddc6,,P,2020,30.0,30.0,40.0,30.0,130.0,DMU,86.66666666666667
stu_29e353e583f7c3a0a634834a8c4cd668,Administración de Empresas,P,2020,20.0,20.0,20.0,20.0,80.0,DMU,53.33333333333334
stu_e66346d95f10d71051f34717a2d72089,,P,2020,20.0,10.0,10.0,0.0,40.0,DMU,26.66666666666667
stu_2be676edd924bccb05223ada82e3087f,Ingeniería Mecatrónica,P,2020,40.0,20.0,20.0,20.0,100.0,DMU,66.66666666666666
stu_bd7e83a96cc9de5440f4dfdc0b04f358,Física,P,2020,40.0,20.0,10.0,10.0,80.0,DMU,53.33333333333334
stu_1407c8b3661e60119a2d205ad94ff7d3,,P,2020,30.0,30.0,10.0,30.0,100.0,DMU,66.66666666666666
stu_b8e49ed4ebd4a0734071584bc334f834,Administración de Negocios Internacionales,P,2020,10.0,20.0,10.0,10.0,50.0,DMU,33.33333333333333
stu_c76e630afb72cf9526789ee60d278c4f,Ingeniería Industrial,P,2020,30.0,20.0,10.0,20.0,80.0,DMU,53.33333333333334
stu_29f875b422467ed098a81adf289e0896,,P,2020,10.0,20.0,20.0,20.0,70.0,DMU,46.66666666666666
stu_f7ddafea8a4c97836824afbc13f57979,Ingeniería Química,P,2020,10.0,20.0,10.0,0.0,40.0,DMU,26.66666666666667
stu_38014e2bfffc1301e9b2227c05554e07,,P,2020,20.0,10.0,30.0,10.0,70.0,DMU,46.66666666666666
stu_651a6fdda9a3f7d19cdef8c13fdbce52,,P,2020,10.0,30.0,10.0,20.0,70.0,DMU,46.66666666666666
stu_0aa24c3a984980fec24ac31a46828027,Administración de Negocios Internacionales,P,2020,30.0,20.0,40.0,10.0,100.0,DMU,66.66666666666666
stu_20e154e0fe01eb7fdadb27dc708c2e5a,Ingeniería Química,P,2020,30.0,40.0,20.0,10.0,100.0,DMU,66.66666666666666
stu_0a225dbf95e218f8340f9fde547872e3,Nanotecnología e Ingeniería Molecular,P,2020,40.0,10.0,20.0,30.0,100.0,DMU,66.66666666666666
stu_ed6d0a4e73bddcaa8c3bb62f70eb8cfb,Nanotecnología e Ingeniería Molecular,P,2020,10.0,30.0,20.0,20.0,80.0,DMU,53.33333333333334
stu_b9ca96dfe0d157d179a3fb4536a67367,,P,2020,40.0,20.0,30.0,20.0,110.0,DMU,73.33333333333333
stu_bc36ba4bd5d5d0d8852ed038e2d50448,Estrategias Financieras y Contaduría Pública,P,2020,40.0,20.0,30.0,20.0,110.0,DMU,73.33333333333333
stu_7429d98e6fdbaaf5919de47fdf3559a8,Nanotecnología e Ingeniería Molecular,P,2020,30.0,40.0,10.0,10.0,90.0,DMU,60.0
stu_88206a4cc82e0aef1810bb3d9d9c8a96,,P,2020,20.0,20.0,20.0,30.0,90.0,DMU,60.0
stu_60e6348efe6741acbe5de47f66f88dda,Ingeniería Ambiental,P,2020,30.0,20.0,10.0,10.0,70.0,DMU,46.66666666666666
stu_c4fed963d2bc326678b02cc878a287f9,Ingeniería en Sistemas Computacionales,P,2020,20.0,10.0,0.0,20.0,50.0,DMU,33.33333333333333
stu_2c96002d2a8b8f669e07a254c5ed38ab,Banca e Inversiones,P,2020,30.0,20.0,10.0,10.0,70.0,DMU,46.66666666666666
stu_259f085a5ddb5fc890ab51c88c51315e,Ingeniería Química,P,2020,20.0,10.0,30.0,30.0,90.0,DMU,60.0
stu_157fd2cd4d749ba8065cb43160375610,Nanotecnología e Ingeniería Molecular,P,2020,10.0,10.0,20.0,0.0,40.0,DMU,26.66666666666667
stu_ac0f3cccaafef8f388f810b09245ecc4,,P,2020,20.0,40.0,20.0,10.0,90.0,DMU,60.0
stu_14287d32ecb7a56a8e2100afa6a9d3a0,,P,2020,10.0,20.0,20.0,10.0,60.0,DMU,40.0
stu_4bf1c6ca5f6f618a8c09e209c6dde78b,Ingeniería Biomédica,P,2020,10.0,40.0,30.0,10.0,90.0,DMU,60.0
stu_9a8939b3c65e64b9f0a2d2404bafdcb6,Ingeniería Industrial,P,2020,30.0,10.0,10.0,10.0,60.0,DMU,40.0
stu_7317a0ae5b450ad421863e3554ae743f,Física,P,2020,40.0,30.0,30.0,10.0,110.0,DMU,73.33333333333333
stu_6c17d4e5dde7244694386acda0ef7b72,Mercadotecnia,P,2020,30.0,20.0,0.0,10.0,60.0,DMU,40.0
stu_559f902a75f9a1b28876ec8ff3556ea5,Administración de Negocios Internacionales,P,2020,20.0,30.0,0.0,10.0,60.0,DMU,40.0
stu_8e4bf8c098edfd68ac03376262fe6c28,,P,2020,10.0,20.0,20.0,30.0,80.0,DMU,53.33333333333334
stu_3fed63955ac65e7f63c73190a0600723,,P,2020,10.0,30.0,10.0,0.0,50.0,DMU,33.33333333333333
stu_5bd107939b8c1503c8c6f3b73d17a236,,P,2020,20.0,30.0,10.0,10.0,70.0,DMU,46.66666666666666
stu_eefedc135c384e2afbc886233fd0af35,Mercadotecnia,P,2020,10.0,10.0,0.0,20.0,40.0,DMU,26.66666666666667
stu_166c260e5b924cbe473261823cbacecf,,P,2020,10.0,30.0,10.0,10.0,60.0,DMU,40.0
stu_07656b4768a4b29156d104924638b559,Biología,P,2020,30.0,30.0,30.0,10.0,100.0,DMU,66.66666666666666
stu_4f8c872f7192abba5296b69544239b9a,Física,P,2020,10.0,30.0,20.0,10.0,70.0,DMU,46.66666666666666
stu_8dfbdb675a1d929d726bfa8572954500,,P,2020,20.0,10.0,10.0,10.0,50.0,DMU,33.33333333333333
stu_1212e663cc86722964e988b432301c20,Economía,P,2020,0.0,10.0,10.0,10.0,30.0,DMU,20.0
stu_54437b263ca9cfe6ab71eeb94bd5641e,,P,2020,30.0,30.0,30.0,10.0,100.0,DMU,66.66666666666666
stu_395f6b33bf4316611b35b57f5672ae85,Administración de Empresas,P,2020,10.0,10.0,30.0,20.0,70.0,DMU,46.66666666666666
stu_20cbae63fb3f4825fab3ccd68df4a539,,P,2020,20.0,30.0,40.0,20.0,110.0,DMU,73.33333333333333
stu_c48777d6d3457d4e1f57db49d0fee323,,P,2020,10.0,10.0,10.0,10.0,40.0,DMU,26.66666666666667
stu_d08bf5a5dc168550ff21f62c4e8c268c,Actuaría,P,2020,30.0,20.0,30.0,10.0,90.0,DMU,60.0
stu_8b1c0111788dc2b68ecfea7dc1ff3ac9,,P,2020,20.0,10.0,30.0,20.0,80.0,DMU,53.33333333333334
stu_4d4e71351768d9b9169966bd3fa2115d,,P,2020,30.0,40.0,20.0,0.0,90.0,DMU,60.0
stu_bf61e52cab03f549ca66fb14685ca8cc,Banca e Inversiones,P,2020,10.0,20.0,20.0,0.0,50.0,DMU,33.33333333333333
stu_fdb7e1bf2e037a16ffdd3db5f60a4c46,Ingeniería Industrial,P,2020,20.0,30.0,20.0,30.0,100.0,DMU,66.66666666666666
stu_5fc490e19b9f8346d07643b210ad2c1e,Actuaría,P,2020,10.0,20.0,30.0,0.0,60.0,DMU,40.0
stu_27c5d425cc250db6dba4be23d3aa5ef0,Ingeniería Industrial,P,2020,40.0,40.0,10.0,20.0,110.0,DMU,73.33333333333333
stu_13e2dfb47fa658b989dad3914a8ebd3c,Ingeniería Civil,P,2020,20.0,20.0,40.0,10.0,90.0,DMU,60.0
stu_06c967dcb3f7f1417e2d0d532c7c1a2c,,P,2020,20.0,30.0,30.0,0.0,80.0,DMU,53.33333333333334
stu_3e2b719a21249002afd600788d6d200c,Estrategias Financieras y Contaduría Pública,P,2020,10.0,10.0,10.0,0.0,30.0,DMU,20.0
stu_d60e23a5211744361b9436cfa27e7eaf,Ingeniería Ambiental,P,2020,20.0,10.0,20.0,10.0,60.0,DMU,40.0
stu_b305aea08a0f7ca7a25ee4edff515ab7,Administración de Negocios Internacionales,P,2020,20.0,30.0,20.0,20.0,90.0,DMU,60.0
stu_1bc6577b4e4a740594a05366652edea3,Ingeniería Industrial,P,2020,20.0,20.0,30.0,10.0,80.0,DMU,53.33333333333334
stu_57de8747b053abcee4a6e954ce6beffc,Estrategias Financieras y Contaduría Pública,P,2020,20.0,30.0,0.0,20.0,70.0,DMU,46.66666666666666
stu_fc5f3eab5ab39426c825cd78a2a05c7b,Estrategias Financieras y Contaduría Pública,P,2020,20.0,20.0,20.0,0.0,60.0,DMU,40.0
stu_c5ba977b5ecd4eb97973b033fc4dd2f0,,P,2020,20.0,30.0,20.0,10.0,80.0,DMU,53.33333333333334
stu_6268b55c665329c852baa6ccbc457cb9,Ingeniería Química,P,2020,30.0,20.0,40.0,20.0,110.0,DMU,73.33333333333333
stu_0b26253b880b21c9bebe33fb179485d5,,P,2020,20.0,10.0,10.0,10.0,50.0,DMU,33.33333333333333
stu_734346dc40c1c224c005490c1e09c742,Ingeniería en Energía,P,2020,40.0,30.0,10.0,10.0,90.0,DMU,60.0
stu_d324c8c40b6f575f2f3f6990bf4c9251,Mercadotecnia,P,2020,10.0,10.0,20.0,10.0,50.0,DMU,33.33333333333333
stu_0ce7b916b4744c40c8fc8346cf726367,,P,2020,30.0,20.0,40.0,30.0,120.0,DMU,80.0
stu_9c47551e741a27cd92c6bb4bd3f66ba6,Mercadotecnia,P,2020,30.0,30.0,20.0,10.0,90.0,DMU,60.0
stu_5efe064724cdbf5d3cd9b66397ba42cb,Administración de Negocios Internacionales,P,2020,10.0,10.0,10.0,10.0,40.0,DMU,26.66666666666667
stu_c157a45aa15090f50da5d3bfc8089c4d,,P,2020,30.0,30.0,20.0,20.0,100.0,DMU,66.66666666666666
stu_1a9d2dfb06df9d995815d7ddb7f4ae40,Administración de Negocios Internacionales,P,2020,20.0,30.0,20.0,20.0,90.0,DMU,60.0
stu_99b9b93a3da42d7086e2083ce358877a,,P,2020,20.0,10.0,40.0,10.0,80.0,DMU,53.33333333333334
stu_de2dc1b2dd030767388241956ebf6cbb,,P,2020,10.0,30.0,30.0,20.0,90.0,DMU,60.0
stu_f65fedf1de03b006c0992d64f3f15209,,P,2020,40.0,40.0,20.0,20.0,120.0,DMU,80.0
stu_919f5974b1abd148251b04bcf9a79a7c,,P,2020,30.0,40.0,30.0,0.0,100.0,DMU,66.66666666666666
stu_a1b34867f592f4c338eeab53e9e3eb89,Administración de Negocios Internacionales,P,2020,20.0,10.0,0.0,10.0,40.0,DMU,26.66666666666667
stu_5e53447debe6b8fb7bad9d0744bc35c2,,P,2020,30.0,20.0,20.0,0.0,70.0,DMU,46.66666666666666
stu_c6f6450d4c99f91407900813aa4d516c,Ingeniería Mecánica,P,2020,20.0,20.0,10.0,0.0,50.0,DMU,33.33333333333333
stu_902a1ad2331f6b3c79d59c03e96f994e,Administración de Negocios Internacionales,P,2020,30.0,10.0,10.0,10.0,60.0,DMU,40.0
stu_1b839117de6ad32cbd3f96f694bcc084,,P,2020,20.0,20.0,10.0,0.0,50.0,DMU,33.33333333333333
stu_cbbba5aff76c9b4d59383618461e7b69,Administración de Negocios Internacionales,P,2020,40.0,20.0,20.0,0.0,80.0,DMU,53.33333333333334
stu_bb8e240104d82423c75edddb145c7ed5,,P,2020,20.0,30.0,20.0,0.0,70.0,DMU,46.66666666666666
stu_9a625ed9045db8dfafc6d8f62202835c,,P,2020,40.0,20.0,10.0,10.0,80.0,DMU,53.33333333333334
stu_698306274d9d9a8c281b316baa61c739,Ingeniería Mecatrónica,P,2020,20.0,30.0,10.0,20.0,80.0,DMU,53.33333333333334
stu_d9229ac1e623e5cae042f9c3106660c4,,P,2020,10.0,30.0,20.0,10.0,70.0,DMU,46.66666666666666
stu_ee2ba544914315195f50544703c1f024,Ingeniería Mecatrónica,P,2020,20.0,30.0,10.0,0.0,60.0,DMU,40.0
stu_80818b0e44813d20e823b738e8a2e397,Economía,P,2020,40.0,20.0,20.0,20.0,100.0,DMU,66.66666666666666
stu_300f8f38f26d9de4c934bf618c54cfef,,P,2020,30.0,30.0,20.0,10.0,90.0,DMU,60.0
stu_3a3dd6d2983cb3409e81568bd051ff6d,Actuaría,P,2020,30.0,20.0,20.0,0.0,70.0,DMU,46.66666666666666
stu_edd95aac9f8ac38a779a631913d6d8b1,Física,P,2020,40.0,30.0,20.0,20.0,110.0,DMU,73.33333333333333
stu_92d567ac74357d31e01a83477b73da3d,,P,2020,40.0,10.0,30.0,0.0,80.0,DMU,53.33333333333334
stu_3c77a6206198432c26e7cc644c1e5656,Estrategias Financieras y Contaduría Pública,P,2020,20.0,20.0,10.0,10.0,60.0,DMU,40.0
stu_46be8f2823538177f5de10eb84344565,,P,2020,10.0,10.0,10.0,0.0,30.0,DMU,20.0
stu_79e4586d67704e80881fdc8f9780857f,Ingeniería Ambiental,P,2020,10.0,20.0,0.0,10.0,40.0,DMU,26.66666666666667
stu_a30be263771bb1b0bb4d57111723afce,Mercadotecnia,P,2020,10.0,30.0,10.0,0.0,50.0,DMU,33.33333333333333
stu_1174fae10838c9860edcdd5ad41bb89d,,P,2020,40.0,30.0,40.0,10.0,120.0,DMU,80.0
stu_f36b060a6edfd1a59e45e898687dee91,Actuaría,P,2020,10.0,30.0,0.0,10.0,50.0,DMU,33.33333333333333
stu_2f4a86570dc871b7f1c9555b13adc42b,Estrategias Financieras y Contaduría Pública,P,2020,30.0,30.0,10.0,0.0,70.0,DMU,46.66666666666666
stu_4bfd76e99efd32ef6e82b19dedb98865,Ingeniería Civil,P,2020,0.0,10.0,20.0,20.0,50.0,DMU,33.33333333333333
stu_7b791110d42373e4734e41fad683139a,,P,2020,30.0,20.0,40.0,10.0,100.0,DMU,66.66666666666666
stu_356c0e5836f7cc245629ed028682cdba,Administración de Negocios Internacionales,P,2020,20.0,0.0,10.0,20.0,50.0,DMU,33.33333333333333
stu_70fd260eac5ce85c44204db4618a7dab,Ingeniería Mecatrónica,P,2020,10.0,10.0,10.0,0.0,30.0,DMU,20.0
stu_c2a7c42ede3613dd7f7a6c9d7f02d304,,P,2020,30.0,30.0,40.0,0.0,100.0,DMU,66.66666666666666
stu_487937a632cfac38ca28474e8ae51381,,P,2020,40.0,30.0,30.0,10.0,110.0,DMU,73.33333333333333
stu_c8a51b11fb07bbc5416f151044d861db,,P,2020,20.0,40.0,30.0,30.0,120.0,DMU,80.0
stu_e300d0326cdee9d9a7dc3d3a5cdc3864,Ingeniería en Sistemas Computacionales,P,2020,20.0,40.0,20.0,0.0,80.0,DMU,53.33333333333334
stu_94a822f5761c73454e4fe6262dfc2fed,,P,2020,20.0,20.0,20.0,20.0,80.0,DMU,53.33333333333334
stu_b0dc5d130c9fe40a02675a1a7086efb8,,P,2020,30.0,30.0,30.0,10.0,100.0,DMU,66.66666666666666
stu_a064d5f610bc28ee7cf46b7b9737143d,Física,P,2020,30.0,30.0,40.0,10.0,110.0,DMU,73.33333333333333
stu_7e124e846dffed7c34986c1e58c4cddb,Ingeniería Mecatrónica,P,2020,20.0,20.0,10.0,20.0,70.0,DMU,46.66666666666666
stu_6570d4de2d941951ca8899a95f4d9b9a,Administración de Empresas,P,2020,0.0,0.0,30.0,10.0,40.0,DMU,26.66666666666667
stu_a06de3497fb101313841394b8d5b4227,,P,2020,20.0,40.0,40.0,20.0,120.0,DMU,80.0
stu_0425d1da6ae23f86a58f7cbc4d19434e,,P,2020,40.0,40.0,40.0,30.0,150.0,DMU,100.0
stu_7a134ad5179a6d91a96b2effe6a872b7,,P,2020,20.0,20.0,0.0,20.0,60.0,DMU,40.0
stu_0fec827e15bd13c07970373437f8fdb7,Administración de Negocios Internacionales,P,2020,20.0,30.0,30.0,10.0,90.0,DMU,60.0
stu_b4a5841e25d46019b89cf789acdceb49,,P,2020,20.0,10.0,40.0,10.0,80.0,DMU,53.33333333333334
stu_c336d5f0e9eed7ac6c1014b05aaa429d,Administración de Empresas,P,2020,10.0,30.0,10.0,10.0,60.0,DMU,40.0
stu_dd8361a0ae020f028deebf7721835d40,Actuaría,P,2020,40.0,40.0,40.0,30.0,150.0,DMU,100.0
stu_0dfd9ed840b31b60cc46cbd24a301785,,P,2020,40.0,30.0,20.0,20.0,110.0,DMU,73.33333333333333
stu_22f9047d799c22927706f18f518dc082,,P,2020,30.0,30.0,30.0,10.0,100.0,DMU,66.66666666666666
stu_12f3be997471125d277de86c14bdbf9d,Ingeniería en Sistemas Computacionales,P,2020,10.0,20.0,10.0,10.0,50.0,DMU,33.33333333333333
stu_f787f31325ed739bf1a19e3af8474937,,P,2020,20.0,20.0,30.0,20.0,90.0,DMU,60.0
stu_760aacef2ae395b11f50b40d7f9d86b9,,P,2020,20.0,40.0,20.0,0.0,80.0,DMU,53.33333333333334
stu_cee2cc4fb2ac2b1c5b53e22c6500690f,,P,2020,10.0,0.0,10.0,20.0,40.0,DMU,26.66666666666667
stu_9e7f59fae3aaaeb2e608c12f50089603,,P,2020,30.0,30.0,30.0,30.0,120.0,DMU,80.0
stu_b5a6d02f080d59f2d8466da164ec5e08,Economía,P,2020,30.0,20.0,0.0,10.0,60.0,DMU,40.0
stu_7495e9544e21dc99f591e51540a06a3a,Ingeniería Biomédica,P,2020,20.0,30.0,20.0,10.0,80.0,DMU,53.33333333333334
stu_a5f8cc7d6645a11147da626c2f0ce176,,P,2020,40.0,30.0,40.0,30.0,140.0,DMU,93.33333333333333
stu_3c10ea5a3510c74e2de5ba8bdeaa4d13,Estrategias Financieras y Contaduría Pública,P,2020,30.0,40.0,20.0,10.0,100.0,DMU,66.66666666666666
stu_0fef832bad1ec4a9ee0b3db08bdbb456,Ingeniería Industrial,P,2020,40.0,30.0,30.0,20.0,120.0,DMU,80.0
stu_a90cfdfc23e6c2b19efdfe1c5f40c03e,,P,2020,10.0,20.0,20.0,10.0,60.0,DMU,40.0
stu_f28143f60d3373c4cbf7bbb33535be95,Actuaría,P,2020,20.0,20.0,30.0,30.0,100.0,DMU,66.66666666666666
stu_cace1de7720f0d56a6023601e7950425,Actuaría,P,2020,20.0,40.0,40.0,30.0,130.0,DMU,86.66666666666667
stu_098b4cd59fbe83a3361a434a94388b1c,,P,2020,40.0,20.0,30.0,20.0,110.0,DMU,73.33333333333333
stu_7030270e2b11f940d5ccff00fc188b63,,P,2020,10.0,30.0,30.0,20.0,90.0,DMU,60.0
stu_89a87796541ad47540dff7ee661dc4b6,Banca e Inversiones,P,2020,20.0,30.0,10.0,0.0,60.0,DMU,40.0
stu_4f4e8fae34b6b66d6ab8804589527c15,Nanotecnología e Ingeniería Molecular,P,2020,20.0,40.0,20.0,10.0,90.0,DMU,60.0
stu_c46a7b5b1fa7aab62694e5157d38ab46,Administración de Negocios Internacionales,P,2020,10.0,20.0,30.0,0.0,60.0,DMU,40.0
stu_2626249a16cb1e4e903366958080bcdf,,P,2020,30.0,30.0,30.0,30.0,120.0,DMU,80.0
stu_7a8b6ed99b6ac5d60dd29d40087cedb0,,P,2020,0.0,20.0,20.0,10.0,50.0,DMU,33.33333333333333
stu_c646505506d978d59336808d126c0ef6,,P,2020,40.0,20.0,10.0,20.0,90.0,DMU,60.0
stu_00e71fdf3d5cf0f8d8232f73eb4359f4,Economía,P,2020,20.0,30.0,40.0,10.0,100.0,DMU,66.66666666666666
stu_a01a64f44e27431a078e2874e7d2d8b5,,P,2020,30.0,20.0,0.0,0.0,50.0,DMU,33.33333333333333
stu_a7f738828876b989948d56e41374ad67,,P,2020,10.0,20.0,20.0,0.0,50.0,DMU,33.33333333333333
stu_3fdac09d22959f7bf6036a9542f5a83e,Ingeniería Civil,P,2020,20.0,20.0,20.0,20.0,80.0,DMU,53.33333333333334
stu_f10afe7aa115d3da912c95681bbe4191,Bioquímica Clínica,P,2020,0.0,20.0,0.0,10.0,30.0,DMU,20.0
stu_e5aad8527c4c791290380dee7c34953d,Ingeniería en Robótica y Telecomunicaciones,P,2020,20.0,30.0,30.0,10.0,90.0,DMU,60.0
stu_9e0c1e1e19a12add3db1751e6a3abf35,Ingeniería Industrial,P,2020,30.0,30.0,20.0,20.0,100.0,DMU,66.66666666666666
stu_28cfb963cdb87f79040e66067d53b967,Administración de Negocios Internacionales,P,2020,10.0,20.0,20.0,20.0,70.0,DMU,46.66666666666666
stu_60ec105eac25cf82b144f1c0e69e6195,,P,2020,10.0,10.0,10.0,0.0,30.0,DMU,20.0
stu_b776ee479d291bddf45ef764e237f3e0,,P,2020,30.0,30.0,10.0,0.0,70.0,DMU,46.66666666666666
stu_de8423264d46c273f704078100189d72,,P,2020,20.0,30.0,0.0,10.0,60.0,DMU,40.0
stu_6772acc2213a29276107c8b511b1339c,Administración de Empresas,P,2020,10.0,30.0,20.0,10.0,70.0,DMU,46.66666666666666
stu_c5739fa447fa7454621429f15448fe37,,P,2020,40.0,40.0,30.0,10.0,120.0,DMU,80.0
stu_9461b90edbba4f47d99492a6fde9a914,,P,2020,20.0,40.0,10.0,20.0,90.0,DMU,60.0
stu_e93c2a196390b336cf0525e25554d096,,P,2020,40.0,30.0,40.0,30.0,140.0,DMU,93.33333333333333
stu_e60a939e74cbc4d7e791e19fc7c9dcc4,Ingeniería Mecatrónica,P,2020,40.0,30.0,30.0,10.0,110.0,DMU,73.33333333333333
stu_90c905ac14e3107da47095a4e2e9681d,Ingeniería Ambiental,P,2020,10.0,20.0,20.0,0.0,50.0,DMU,33.33333333333333
stu_b5d089fc657fa4382f3cb1d4978a1db2,Actuaría,P,2020,30.0,20.0,30.0,0.0,80.0,DMU,53.33333333333334
stu_0ead02926a6695ca4e177326e250e7ca,,P,2020,20.0,40.0,30.0,0.0,90.0,DMU,60.0
stu_06aea7d36514979ae1ba176af2ed2e6b,Ingeniería Industrial,P,2020,30.0,40.0,40.0,20.0,130.0,DMU,86.66666666666667
stu_b44b9ebf3c3205e9f992b75013732a95,,P,2020,40.0,10.0,10.0,20.0,80.0,DMU,53.33333333333334
stu_89205649b14ae8b3598d9a7e0c3c03b0,,P,2020,20.0,30.0,0.0,30.0,80.0,DMU,53.33333333333334
stu_18cb5a7381cf4cb6010ee867595b8f97,Ingeniería Ambiental,P,2020,40.0,20.0,40.0,10.0,110.0,DMU,73.33333333333333
stu_eb94f02fc73082fb99a80b6405512a6e,,P,2020,20.0,30.0,30.0,20.0,100.0,DMU,66.66666666666666
stu_d83db2ff5e9685359b71020557164d32,,P,2020,10.0,20.0,10.0,0.0,40.0,DMU,26.66666666666667
stu_ad678966106682f5083c4475d1620ca0,Actuaría,P,2020,30.0,20.0,30.0,20.0,100.0,DMU,66.66666666666666
stu_18c3fadedc1ad0acd0754d74a2c9c031,,P,2020,30.0,20.0,20.0,0.0,70.0,DMU,46.66666666666666
stu_abe0498acd702453c10dc9d7560fec70,Actuaría,P,2020,10.0,40.0,10.0,10.0,70.0,DMU,46.66666666666666
stu_49285f86c524661a8e54077ea5f4501e,Economía,P,2020,20.0,10.0,0.0,10.0,40.0,DMU,26.66666666666667
stu_7fa7a31f2cfaab51e7430615c966cd02,Ingeniería Ambiental,P,2020,40.0,30.0,20.0,10.0,100.0,DMU,66.66666666666666
stu_8f2307f8205ce06a67a0958d637a509f,,P,2020,20.0,20.0,0.0,10.0,50.0,DMU,33.33333333333333
stu_68f31368e79735fd7820eca4a5df8cc7,,P,2020,10.0,20.0,0.0,10.0,40.0,DMU,26.66666666666667
stu_ab29dc0a7f3ae6f604a453776239ffa3,Actuaría,P,2020,40.0,20.0,20.0,10.0,90.0,DMU,60.0
stu_81036b76dbb0a3f22382f02040638860,Estrategias Financieras y Contaduría Pública,P,2020,10.0,20.0,20.0,10.0,60.0,DMU,40.0
stu_ea0d8ebf81f597f633f881132b653312,,P,2020,20.0,30.0,0.0,0.0,50.0,DMU,33.33333333333333
stu_f5bb462a9334fd296c908f598c3f83bf,,P,2020,20.0,20.0,30.0,0.0,70.0,DMU,46.66666666666666
stu_ead9a318cac4ee3723a313d18bbb833a,Bioquímica Clínica,P,2020,30.0,40.0,10.0,20.0,100.0,DMU,66.66666666666666
stu_ef1d2db9b0dc4bdc480288a7ce540804,,P,2020,10.0,10.0,40.0,20.0,80.0,DMU,53.33333333333334
stu_b8b80eb4655d76495cd9fb1b363a2f73,,P,2020,10.0,30.0,10.0,10.0,60.0,DMU,40.0
stu_890a2389307cad563c2a308c0f8a3057,Ingeniería Química,P,2020,30.0,10.0,10.0,0.0,50.0,DMU,33.33333333333333
stu_9317acb0d13f8a9996a84b0dc6f3acae,Banca e Inversiones,P,2020,30.0,30.0,30.0,10.0,100.0,DMU,66.66666666666666
stu_584b7e50c93c71b7ded0a34e20cb2d8c,Administración de Negocios Internacionales,P,2020,30.0,30.0,10.0,10.0,80.0,DMU,53.33333333333334
stu_8b9ad3fe4b330e9db7d91d70dcad0aa0,,P,2020,40.0,30.0,10.0,0.0,80.0,DMU,53.33333333333334
stu_0f6f9621bb039b42bfc75520f78a2cca,Ingeniería Industrial,P,2020,30.0,30.0,20.0,10.0,90.0,DMU,60.0
stu_c99cec4d9d4d9c49a206c6fff2974577,,P,2020,10.0,30.0,20.0,0.0,60.0,DMU,40.0
stu_48c6d1e523ba683c24abe95c4c34afde,Ingeniería Química,P,2020,20.0,20.0,10.0,0.0,50.0,DMU,33.33333333333333
stu_d2cb45308b17f59bc991c8e113f18adf,Ingeniería Biomédica,P,2020,40.0,30.0,30.0,0.0,100.0,DMU,66.66666666666666
stu_e8a1e9c06cd9bcaaea894241b508c6a3,,P,2020,40.0,20.0,40.0,10.0,110.0,DMU,73.33333333333333
stu_1a62004a9c926949a00472c355111253,Administración de Empresas,P,2020,10.0,10.0,20.0,10.0,50.0,DMU,33.33333333333333
stu_60baa9cb334b90e673585257aa864e8b,Ingeniería Industrial,P,2020,10.0,10.0,0.0,10.0,30.0,DMU,20.0
stu_cc47cd50ad0e0bf35e4a4714301f2a92,Física,P,2020,30.0,20.0,10.0,0.0,60.0,DMU,40.0
stu_c1e9c81bc92ecde7b5fe598dd68d615e,Ingeniería Industrial,P,2020,0.0,10.0,10.0,10.0,30.0,DMU,20.0
stu_499b879b4fcde87e54bd5301bdb0db1b,Actuaría,P,2020,20.0,40.0,20.0,10.0,90.0,DMU,60.0
stu_fcddf7745217c25ef512e07e13ccd578,Ingeniería Civil,P,2020,10.0,10.0,30.0,0.0,50.0,DMU,33.33333333333333
stu_038b8d35364d759f321f9cc7cb372ee5,Actuaría,P,2020,30.0,20.0,30.0,20.0,100.0,DMU,66.66666666666666
stu_f3176ef1a023c9d09df3fbdbfef098e3,Ingeniería Industrial,P,2020,30.0,20.0,20.0,10.0,80.0,DMU,53.33333333333334
stu_d21b5151a463e79ace14665f9f5afabd,Actuaría,P,2020,40.0,40.0,30.0,10.0,120.0,DMU,80.0
stu_70989da38c447de1696e8ed07a999ece,,P,2020,40.0,10.0,40.0,20.0,110.0,DMU,73.33333333333333
stu_8faf2598233cd438fdd391754a828382,,P,2020,30.0,30.0,40.0,0.0,100.0,DMU,66.66666666666666
stu_9fce178844fb72112a84fb0b794a8afb,Actuaría,P,2020,30.0,20.0,10.0,10.0,70.0,DMU,46.66666666666666
stu_ee86950e7d176adaae00ba88eb3eecfd,,P,2020,20.0,20.0,10.0,10.0,60.0,DMU,40.0
stu_f1ecb2d04063e8003d48cc97b6c4ac55,,P,2020,40.0,10.0,10.0,20.0,80.0,DMU,53.33333333333334
stu_18b9e9377b0362bc31538866b9cbf635,,P,2020,30.0,40.0,40.0,20.0,130.0,DMU,86.66666666666667
stu_8b0c2b635ad587eaa1fedd4b5d1dd004,Ingeniería Industrial,P,2020,10.0,30.0,10.0,0.0,50.0,DMU,33.33333333333333
stu_25f86cfe0ff2690d7b8c79cad29efe93,,P,2020,40.0,10.0,20.0,10.0,80.0,DMU,53.33333333333334
stu_4cf2fd6596358f191a84ba87ab7ff2ac,,P,2020,20.0,30.0,10.0,20.0,80.0,DMU,53.33333333333334
stu_a6dc874a03005a7efcee3fb023183037,,P,2020,30.0,40.0,20.0,10.0,100.0,DMU,66.66666666666666
stu_5fdc44d52245bfbaf1b14a89e8f879ba,,P,2020,30.0,30.0,30.0,10.0,100.0,DMU,66.66666666666666
stu_97368fe70e33f50b9e8651bdc621e14c,,P,2020,30.0,40.0,20.0,0.0,90.0,DMU,60.0
stu_16202bf9b26c1f4912baa16943970fd1,Actuaría,P,2020,30.0,20.0,30.0,30.0,110.0,DMU,73.33333333333333
stu_056002124b2f2306a60767348b2c5fd2,,P,2020,20.0,20.0,30.0,30.0,100.0,DMU,66.66666666666666
stu_d9aaf00d0a3465ef3169a9210a1f3b17,,P,2020,20.0,30.0,10.0,10.0,70.0,DMU,46.66666666666666
stu_73a7284947174657cc12f7f02eb7e891,,P,2020,30.0,10.0,30.0,10.0,80.0,DMU,53.33333333333334
stu_247f4f19ddc75a192b01ab0e98c04630,Ingeniería Mecánica,P,2020,30.0,20.0,20.0,30.0,100.0,DMU,66.66666666666666
stu_6223343fc2c7d6185bacee8724336580,,P,2020,20.0,30.0,40.0,20.0,110.0,DMU,73.33333333333333
stu_0d6e5114f7c1e48f24a86f0ea3530c49,,P,2020,0.0,10.0,20.0,0.0,30.0,DMU,20.0
stu_883e387abf0287c3d1295ea399b55085,Economía,P,2020,30.0,40.0,20.0,10.0,100.0,DMU,66.66666666666666
stu_08c36f765c6af05ad3fae8bccf85b0f1,Ingeniería Mecatrónica,P,2020,30.0,20.0,0.0,10.0,60.0,DMU,40.0
stu_608803237db875eb95f4c0beff08fb4a,Ingeniería Industrial,P,2020,20.0,30.0,30.0,10.0,90.0,DMU,60.0
stu_f21fc52b4e4d510fdb0cea54f9329b01,,P,2020,20.0,20.0,40.0,20.0,100.0,DMU,66.66666666666666
stu_e6b24168d3d9789e84d6ef0cc3dd69ae,Banca e Inversiones,P,2020,30.0,40.0,30.0,20.0,120.0,DMU,80.0
stu_25e19980917407426d0684b9d9b4979b,,P,2020,40.0,40.0,40.0,10.0,130.0,DMU,86.66666666666667
stu_6a62411953b3b1701c73a271ef5a6a8b,,P,2020,40.0,40.0,30.0,20.0,130.0,DMU,86.66666666666667
stu_11115801922cd92c43fa1de8bbbb2e69,,P,2020,20.0,20.0,10.0,0.0,50.0,DMU,33.33333333333333
stu_63bbfadfe0b94e9aac18aa3a86883dae,,P,2020,20.0,10.0,30.0,10.0,70.0,DMU,46.66666666666666
stu_0854fda36468cabe69ed7da98921f75f,,P,2020,20.0,30.0,20.0,0.0,70.0,DMU,46.66666666666666
stu_d7d98f37ae49bc276d8c72890948345e,Actuaría,P,2020,40.0,40.0,30.0,20.0,130.0,DMU,86.66666666666667
stu_3e00b04c5e0bf5047b4c682b4d393b3c,Física,P,2020,40.0,30.0,40.0,10.0,120.0,DMU,80.0
stu_f5c04aa9968965ccba22cff7ff12c5d7,Ingeniería Industrial,P,2020,30.0,10.0,10.0,10.0,60.0,DMU,40.0
stu_b226fdf1decbf1034f265b1380c48cba,Economía,P,2020,20.0,20.0,30.0,10.0,80.0,DMU,53.33333333333334
stu_f212c20a48e8585eddbb2c991cbd7f52,,P,2020,30.0,30.0,20.0,30.0,110.0,DMU,73.33333333333333
stu_3b349f8c764c7e7801e85c42a069014e,Ingeniería Civil,P,2020,30.0,30.0,10.0,10.0,80.0,DMU,53.33333333333334
stu_472b354b55d460d889ff3171af36405a,Ingeniería Mecánica,P,2020,20.0,30.0,40.0,10.0,100.0,DMU,66.66666666666666
stu_ee1364177c15b4eeef420d732d0b749b,,P,2020,40.0,10.0,30.0,20.0,100.0,DMU,66.66666666666666
stu_506a005fc3cab615a7c7a54ad0b29c14,,P,2020,30.0,40.0,20.0,0.0,90.0,DMU,60.0
stu_cd408a134eb4dad3c17b75c6cbb49172,Administración de Empresas,P,2020,30.0,40.0,30.0,10.0,110.0,DMU,73.33333333333333
stu_de52592d9c53e75e51dcc42fee6a0283,,P,2020,20.0,40.0,10.0,0.0,70.0,DMU,46.66666666666666
stu_e03600018110717a270a39cad58755a3,,P,2020,40.0,30.0,20.0,10.0,100.0,DMU,66.66666666666666
stu_3782908387c91a179a02b29122c01db9,Biología,P,2020,10.0,20.0,10.0,20.0,60.0,DMU,40.0
stu_b792b795be391d288e2eb170db00ab64,Administración de Empresas,P,2020,40.0,30.0,20.0,10.0,100.0,DMU,66.66666666666666
stu_a75c292583c35b62c202b7279d5a7d28,Estrategias Financieras y Contaduría Pública,P,2020,20.0,30.0,20.0,30.0,100.0,DMU,66.66666666666666
stu_352c64ffb6afc09c30d71f9fbc443a79,Ingeniería Mecánica,P,2020,10.0,30.0,10.0,20.0,70.0,DMU,46.66666666666666
stu_648befabd57c9c0a2afe719cff8ea035,Administración de Negocios Internacionales,P,2020,20.0,10.0,10.0,10.0,50.0,DMU,33.33333333333333
stu_a98cf241f43b719516c717a93c045d45,,P,2020,40.0,30.0,30.0,30.0,130.0,DMU,86.66666666666667
stu_eba2f322eaf856d363fa585ac9d6c2d6,,P,2020,30.0,40.0,10.0,20.0,100.0,DMU,66.66666666666666
stu_4c98be57d44c3287371b066025723607,Banca e Inversiones,P,2020,20.0,30.0,0.0,20.0,70.0,DMU,46.66666666666666
stu_e41f70d19c623d427dcd62e906a3f84d,Física,P,2020,40.0,30.0,30.0,10.0,110.0,DMU,73.33333333333333
stu_2bbe54559108971bb01d4b7a6e4d6538,,P,2020,10.0,10.0,20.0,0.0,40.0,DMU,26.66666666666667
stu_e88fdd9cebc91ac557cd7779a06ce1f0,Economía,P,2020,30.0,30.0,30.0,20.0,110.0,DMU,73.33333333333333
stu_0d416d94beea6791d66b91869d563088,Ingeniería Civil,P,2020,10.0,10.0,20.0,0.0,40.0,DMU,26.66666666666667
stu_ccc854c001b3b4157834461cc4f4ce37,Ingeniería Industrial,P,2020,40.0,20.0,30.0,0.0,90.0,DMU,60.0
stu_92492f0ae2be8fac30dee707714122fa,,P,2020,10.0,20.0,20.0,20.0,70.0,DMU,46.66666666666666
stu_e40a4b86d3d66738af75f98fbabee4f2,Administración de Negocios Internacionales,P,2020,10.0,20.0,0.0,0.0,30.0,DMU,20.0
stu_7da53960f668f6ac9dc530de50e57089,Administración de Negocios Internacionales,P,2020,20.0,20.0,30.0,30.0,100.0,DMU,66.66666666666666
stu_f9e6c7359c06ba00551634ac23b89d83,Banca e Inversiones,P,2020,30.0,10.0,20.0,10.0,70.0,DMU,46.66666666666666
stu_19043fbed506e40676ec01f344c66171,Ingeniería Civil,P,2020,10.0,20.0,10.0,10.0,50.0,DMU,33.33333333333333
stu_215f3cff6f3d8f909995a9e40e93bc50,,P,2020,30.0,10.0,10.0,20.0,70.0,DMU,46.66666666666666
stu_36284b20947d126ae886e064990c4d30,Administración de Empresas,P,2020,30.0,10.0,20.0,10.0,70.0,DMU,46.66666666666666
stu_8a7a91613b2eda0a3f578de48629fa54,Químico Farmacéutico Biólogo,P,2020,20.0,10.0,20.0,20.0,70.0,DMU,46.66666666666666
stu_848799c29db2a7ed2c943c4d444bde0c,Administración de Empresas,P,2020,20.0,30.0,40.0,10.0,100.0,DMU,66.66666666666666
stu_7e6a1cfbe94b19c46311a99c2adfb0bf,Administración de Negocios Internacionales,P,2020,20.0,40.0,30.0,0.0,90.0,DMU,60.0
stu_e93b190e1578a7aae2be621ff4f7d32f,Administración de Empresas,P,2020,30.0,40.0,10.0,0.0,80.0,DMU,53.33333333333334
stu_a3efa4055757789f0660ec301e45a3ca,Nanotecnología e Ingeniería Molecular,P,2020,20.0,20.0,20.0,10.0,70.0,DMU,46.66666666666666
stu_5099f4bfd39236a1061b3a1acbc19a0f,Administración de Negocios Internacionales,P,2020,20.0,20.0,30.0,0.0,70.0,DMU,46.66666666666666
stu_ef4b2eef020a1c8e01addcbb922784a5,,P,2020,30.0,40.0,20.0,10.0,100.0,DMU,66.66666666666666
stu_299980750e723941e8d2437cb8fb0d85,Ingeniería Industrial,P,2020,40.0,20.0,20.0,20.0,100.0,DMU,66.66666666666666
stu_2f1c3fa405be3bbc54c1e3fc2ac1548b,,P,2020,30.0,30.0,30.0,10.0,100.0,DMU,66.66666666666666
stu_8efbc47761ebf493e95bafe95cf61c2b,,P,2020,10.0,0.0,30.0,10.0,50.0,DMU,33.33333333333333
stu_8086445022be7963c069c88d94b0efa3,,P,2020,20.0,10.0,10.0,0.0,40.0,DMU,26.66666666666667
stu_97407146128b1d67f4879dac45616ac7,Ingeniería Biomédica,P,2020,30.0,20.0,20.0,10.0,80.0,DMU,53.33333333333334
stu_b9441e47fc5341a5defb9dc815ad825b,Estrategias Financieras y Contaduría Pública,P,2020,10.0,30.0,10.0,10.0,60.0,DMU,40.0
stu_8bed60ebafe7466fee1e2cd63fc53054,,P,2020,30.0,30.0,20.0,20.0,100.0,DMU,66.66666666666666
stu_df1a0fe727310f9c441f2ba92a401336,Administración de Negocios Internacionales,P,2020,20.0,30.0,30.0,20.0,100.0,DMU,66.66666666666666
stu_12ac07807cbf0897afa8d51458e947fe,Ingeniería en Logística,P,2020,20.0,20.0,10.0,10.0,60.0,DMU,40.0
stu_38763a2db19c5b71037703412bc6ab98,,P,2020,20.0,30.0,20.0,0.0,70.0,DMU,46.66666666666666
stu_d0185e1e12b4ba6d437ca72446705dd3,,P,2020,10.0,10.0,10.0,10.0,40.0,DMU,26.66666666666667
stu_051a8969e4b2cfa23f569487e3a76643,Economía,P,2020,10.0,20.0,0.0,10.0,40.0,DMU,26.66666666666667
stu_0230720cdd949dfdf2c98850133b596a,Ingeniería Mecánica,P,2020,30.0,20.0,10.0,20.0,80.0,DMU,53.33333333333334
stu_807caa276fe659b9496ec63604a885de,Administración de Empresas,P,2020,10.0,30.0,20.0,10.0,70.0,DMU,46.66666666666666
stu_6c4ee158b782b142bf3c9a24a36ff6e3,Nanotecnología e Ingeniería Molecular,P,2020,30.0,30.0,10.0,10.0,80.0,DMU,53.33333333333334
stu_575def456f638a11e7039798d2b71767,,P,2020,0.0,30.0,30.0,0.0,60.0,DMU,40.0
stu_2e5bd7337de81ebba83ffd62bf45cac1,Ingeniería Industrial,P,2020,30.0,30.0,30.0,0.0,90.0,DMU,60.0
stu_744a58fc756d66507415798542419d17,,P,2020,20.0,30.0,20.0,10.0,80.0,DMU,53.33333333333334
stu_aab536a31dec57900b14413e3367f7c7,Administración de Empresas,P,2020,30.0,30.0,40.0,20.0,120.0,DMU,80.0
stu_7b6b0c43d89b51802498033456e7e7e2,,P,2020,30.0,20.0,40.0,10.0,100.0,DMU,66.66666666666666
stu_2192bff2073767e9a285dc1c9697ad27,Ingeniería en Industrias Alimentarias,P,2020,20.0,30.0,20.0,10.0,80.0,DMU,53.33333333333334
stu_56875b1311080d1cd814586fc854998f,Ingeniería Industrial,P,2020,10.0,10.0,20.0,10.0,50.0,DMU,33.33333333333333
stu_d6b8ecfe7989dab03a2e9b2988e31822,,P,2020,30.0,30.0,30.0,30.0,120.0,DMU,80.0
stu_b39b4318fda1117fdc8bd94659f3af7b,Actuaría,P,2020,40.0,30.0,30.0,20.0,120.0,DMU,80.0
stu_391fb26baf0ce77e990e6f49d00ed2bf,,P,2020,20.0,30.0,20.0,30.0,100.0,DMU,66.66666666666666
stu_fa982ce79e658969684c0d6a4169accd,,P,2020,30.0,0.0,20.0,0.0,50.0,DMU,33.33333333333333
stu_93e7ae813b51b15724c6c2140ac6e6c8,,P,2020,0.0,10.0,30.0,0.0,40.0,DMU,26.66666666666667
stu_48999a81194e8c3e0d19a3082e8de03d,,P,2020,30.0,30.0,20.0,10.0,90.0,DMU,60.0
stu_5805e43a2becfa8b0a4c3fe2fda31464,,P,2020,10.0,30.0,20.0,20.0,80.0,DMU,53.33333333333334
stu_017ed1db7c656ae12b37f27b9c63e0c0,,P,2020,40.0,30.0,30.0,10.0,110.0,DMU,73.33333333333333
stu_c2f69991345beb0fedf08df8fc01ca62,,P,2020,40.0,20.0,40.0,10.0,110.0,DMU,73.33333333333333
stu_abde20585720ddd63db8ff3934105a79,,P,2020,30.0,30.0,20.0,20.0,100.0,DMU,66.66666666666666
stu_52877ded2ec0c0f5b7b83498ebb04398,,P,2020,20.0,10.0,20.0,10.0,60.0,DMU,40.0
stu_700fac23bb144f7903d1e2c3f7ff2443,,P,2020,20.0,20.0,40.0,10.0,90.0,DMU,60.0
stu_a67b871d1cf6c09fe72cc589f54502a4,Estrategias Financieras y Contaduría Pública,P,2020,10.0,20.0,10.0,0.0,40.0,DMU,26.66666666666667
stu_e2a06358acedc560a58e726223f9b607,Economía,P,2020,30.0,10.0,20.0,10.0,70.0,DMU,46.66666666666666
stu_3732c748e674c87610f67c1629359d6e,Administración de Negocios Internacionales,P,2020,20.0,40.0,20.0,10.0,90.0,DMU,60.0
stu_9b147c7ef5788d19f902c09c3b138551,,P,2020,30.0,40.0,30.0,30.0,130.0,DMU,86.66666666666667
stu_b4019f6606ef6b0ad38ec8e4cf88bc75,,P,2020,20.0,30.0,20.0,30.0,100.0,DMU,66.66666666666666
stu_4cfd06f4fa0bc905786ee3526d568880,,P,2020,20.0,40.0,20.0,10.0,90.0,DMU,60.0
stu_99123898dff765ea91d5b5a40c0d16ec,Física,P,2020,20.0,10.0,10.0,0.0,40.0,DMU,26.66666666666667
stu_131d22dbfdcbba640680d1c2646c6898,,P,2020,20.0,10.0,30.0,10.0,70.0,DMU,46.66666666666666
stu_37a83a787199c162b58165569086e3d4,,P,2020,20.0,40.0,20.0,20.0,100.0,DMU,66.66666666666666
stu_b0e9b637d711f4a7ed1f85d6e08caaf4,Ingeniería Mecatrónica,P,2020,40.0,0.0,20.0,0.0,60.0,DMU,40.0
stu_a109ed96cc4949aab3425098d65ce036,,P,2020,30.0,30.0,0.0,10.0,70.0,DMU,46.66666666666666
stu_6d20b916381b8ead6fa32694f9b5d93c,Biología,P,2020,30.0,20.0,10.0,30.0,90.0,DMU,60.0
stu_5e4359b07f536e0d9b220ae63d70d39d,Ingeniería Civil,P,2020,20.0,20.0,20.0,20.0,80.0,DMU,53.33333333333334
stu_d6eefee2811f3c75b02a99ca33f55ddd,,P,2020,10.0,20.0,20.0,10.0,60.0,DMU,40.0
stu_5a0e04bee04271b62135ade05a6a1c1b,,P,2020,20.0,20.0,10.0,10.0,60.0,DMU,40.0
stu_ad099f11956ab5b563572a80a5247283,Ingeniería Biomédica,P,2020,30.0,20.0,30.0,0.0,80.0,DMU,53.33333333333334
stu_e54669292bf80066fab62cbca838aa8a,Actuaría,P,2020,30.0,30.0,40.0,0.0,100.0,DMU,66.66666666666666
stu_9f3c7f12bd2f9a59b1b546c4ffda110b,Ingeniería Mecánica,P,2020,40.0,30.0,20.0,10.0,100.0,DMU,66.66666666666666
stu_cffc52b149fcdc99928e9538ba521372,Ingeniería Industrial,P,2020,30.0,20.0,30.0,10.0,90.0,DMU,60.0
stu_29fb3770ffa366ff4aab21d9a4940d22,,P,2020,30.0,20.0,40.0,10.0,100.0,DMU,66.66666666666666
stu_6068962df991ad9b77ef60173e339ae6,Administración de Empresas,P,2020,40.0,20.0,30.0,10.0,100.0,DMU,66.66666666666666
stu_1e0ca2a6c285f19027735b5819ccefea,Administración de Empresas,P,2020,20.0,20.0,0.0,20.0,60.0,DMU,40.0
stu_ae17dccb4462714dfd59b92827087f13,Administración de Empresas,P,2020,10.0,20.0,20.0,20.0,70.0,DMU,46.66666666666666
stu_1a1b26dc48c8f549a3d26a1cfb008439,Actuaría,P,2020,30.0,40.0,40.0,20.0,130.0,DMU,86.66666666666667
stu_63372ab80763fe9c27d4a50535ffab33,,P,2020,20.0,30.0,30.0,20.0,100.0,DMU,66.66666666666666
stu_2874e969fe44a67759e61b77bf294422,Nanotecnología e Ingeniería Molecular,P,2020,30.0,30.0,20.0,10.0,90.0,DMU,60.0
stu_b62393702ec33b187628468b61eaf0e1,Ingeniería Industrial,P,2020,20.0,20.0,30.0,20.0,90.0,DMU,60.0
stu_ac38793017a19fba6222ef934f2b8ae5,Economía,P,2020,20.0,40.0,0.0,30.0,90.0,DMU,60.0
stu_510807f8403d06f313e64e560cf47fbe,Nanotecnología e Ingeniería Molecular,P,2020,40.0,40.0,30.0,10.0,120.0,DMU,80.0
stu_2a99bcc5c9075b83729d95c66cc01828,,P,2020,40.0,20.0,10.0,20.0,90.0,DMU,60.0
stu_0e62b9f7319c40dd69ac2128d3d2a16e,Administración de Negocios Internacionales,P,2020,20.0,20.0,20.0,0.0,60.0,DMU,40.0
stu_9561ca2e3e4e84788c2a17b0a8a89a9b,Economía,P,2020,30.0,30.0,0.0,20.0,80.0,DMU,53.33333333333334
stu_dbaed2c07032288acbc6feb7becc912d,Administración de Negocios Internacionales,P,2020,20.0,10.0,10.0,10.0,50.0,DMU,33.33333333333333
stu_4b74033dad6abe2c4bcf425c9b4d2e28,,P,2020,10.0,10.0,20.0,10.0,50.0,DMU,33.33333333333333
stu_4d21e18e615a866486823999fc1e225e,Biología,P,2020,0.0,20.0,30.0,10.0,60.0,DMU,40.0
stu_978ce78cfc1291af950a0bc481670c04,,P,2020,30.0,20.0,30.0,20.0,100.0,DMU,66.66666666666666
stu_aafd256ed63d2600f419af63cdff9013,Administración de Empresas,P,2020,20.0,10.0,20.0,10.0,60.0,DMU,40.0
stu_a5a0dec663668a5bf9621a475ed36093,,P,2020,20.0,0.0,40.0,10.0,70.0,DMU,46.66666666666666
stu_af958d4c7a2cc5be1d49cd6cab364a16,,P,2020,20.0,10.0,20.0,0.0,50.0,DMU,33.33333333333333
stu_e8f0ca3d5308d909bc1eb5d97a852cc1,,P,2020,30.0,30.0,20.0,10.0,90.0,DMU,60.0
stu_13516738465581aa49bd47f0b9b4f35f,,P,2020,30.0,20.0,0.0,0.0,50.0,DMU,33.33333333333333
stu_380a9671f0fdf7e9ab2d86e07ad0280b,,P,2020,20.0,30.0,30.0,10.0,90.0,DMU,60.0
stu_0939dd4005f300360e039ec8426b88b5,,P,2020,30.0,30.0,20.0,30.0,110.0,DMU,73.33333333333333
stu_4919b9bd61ddc6131eea1d8c2ec4cc1f,,P,2020,20.0,20.0,10.0,10.0,60.0,DMU,40.0
stu_a5be3fc02fbd6282e853c113d7ea5d63,,P,2020,30.0,10.0,30.0,10.0,80.0,DMU,53.33333333333334
stu_b279be75d077afa3a415ebe2bcf00633,Actuaría,P,2020,20.0,40.0,10.0,0.0,70.0,DMU,46.66666666666666
stu_74e3c0020028239c9772ea4398ad473e,Economía,P,2020,30.0,20.0,30.0,20.0,100.0,DMU,66.66666666666666
stu_5ba734095ea737b1621ac2cad29308fe,,P,2020,20.0,30.0,10.0,20.0,80.0,DMU,53.33333333333334
stu_b8f07e8a28f1ce9097f3a223555120ac,Ingeniería en Sistemas Computacionales,P,2020,10.0,10.0,20.0,10.0,50.0,DMU,33.33333333333333
stu_2f30961929a88674f8365dd855fab441,Ingeniería Mecánica,P,2020,40.0,0.0,30.0,30.0,100.0,DMU,66.66666666666666
stu_c865f5e985efbcb4de5a22de303eaaa6,Economía,P,2020,30.0,40.0,10.0,10.0,90.0,DMU,60.0
stu_1bc01de347402c9da5baf1b70a4443ee,Actuaría,P,2020,30.0,20.0,30.0,0.0,80.0,DMU,53.33333333333334
stu_d2dd1e72a3d88febdc1e24453c61f43d,,P,2020,30.0,20.0,30.0,20.0,100.0,DMU,66.66666666666666
stu_d034bc52b692040dc156fd0028073256,Ingeniería Química,P,2020,30.0,30.0,20.0,10.0,90.0,DMU,60.0
stu_dd1e47015b3244ffa17fe2710895d066,Ingeniería en Energía,P,2020,20.0,30.0,30.0,10.0,90.0,DMU,60.0
stu_73bcbc5b4f62c7f6df8ba5764dff836b,Ingeniería en Robótica y Telecomunicaciones,P,2020,30.0,30.0,20.0,10.0,90.0,DMU,60.0
stu_9f330c84a4163475e086b4cf5eda9cd8,Administración de Negocios Internacionales,P,2020,30.0,20.0,10.0,10.0,70.0,DMU,46.66666666666666
stu_33d46e499c68b7908e02870f9ee0730d,Ingeniería en Alimentos,P,2020,20.0,30.0,30.0,30.0,110.0,DMU,73.33333333333333
stu_29f23f661a9e3cf9c073f834a349ab13,Administración de Negocios Internacionales,P,2020,20.0,20.0,40.0,0.0,80.0,DMU,53.33333333333334
stu_fc82f652e2e3231e71bd78dff7d41bdd,Ingeniería Mecánica,P,2020,40.0,30.0,30.0,10.0,110.0,DMU,73.33333333333333
stu_febe1269924251c9e9bbd34e9b18cd0b,,P,2020,30.0,30.0,20.0,10.0,90.0,DMU,60.0
stu_f379fbf8f88b0cddaa29577cceaaff1c,,P,2020,30.0,20.0,0.0,10.0,60.0,DMU,40.0
stu_ccf1ff16b2d9590f87fa054dff78b776,,P,2020,30.0,40.0,40.0,20.0,130.0,DMU,86.66666666666667
stu_c3786db3c9fbd47b658229bd648aed76,,P,2020,40.0,20.0,30.0,0.0,90.0,DMU,60.0
stu_11a0119badc7e9efc4e024809be14678,Actuaría,P,2020,30.0,20.0,20.0,20.0,90.0,DMU,60.0
stu_09a8074bc68c76250cb3442fc2ee47e7,,P,2020,10.0,20.0,10.0,10.0,50.0,DMU,33.33333333333333
stu_d398fa1e4232bf9bff3c438fcf9c411c,,P,2020,40.0,40.0,40.0,10.0,130.0,DMU,86.66666666666667
stu_c8ec45a1e8fddde481edf61a09f3e1c3,Bioquímica Clínica,P,2020,10.0,40.0,30.0,20.0,100.0,DMU,66.66666666666666
stu_19517800dbe4e887724bfa615d2a550f,Administración de Empresas,P,2020,20.0,30.0,30.0,10.0,90.0,DMU,60.0
stu_631d64b7a1b3b2686a9f4220826ff1ad,Ingeniería en Sistemas Computacionales,P,2020,40.0,20.0,0.0,10.0,70.0,DMU,46.66666666666666
stu_adbf81e54e7b42eef9cdadc810bbb0ef,Administración de Empresas,P,2020,30.0,30.0,30.0,20.0,110.0,DMU,73.33333333333333
stu_d5ddbea58547bbbbfd9999da61b37625,Estrategias Financieras y Contaduría Pública,P,2020,20.0,20.0,20.0,10.0,70.0,DMU,46.66666666666666
stu_560ffa4b40a16c2ad87a0a46ea9b948a,Administración de Empresas,P,2020,0.0,10.0,10.0,0.0,20.0,DMU,13.33333333333333
stu_071d6d4589320f453f47b4da5d63aa91,,P,2020,30.0,20.0,40.0,20.0,110.0,DMU,73.33333333333333
stu_4ccf1f09910c7041f2d0b6ce1b0d8460,,P,2020,40.0,40.0,30.0,0.0,110.0,DMU,73.33333333333333
stu_27a6cb48c4552e1ff1e195616fd209ca,Ingeniería Mecánica,P,2020,10.0,20.0,30.0,10.0,70.0,DMU,46.66666666666666
stu_abf9dbb7006e34ed27bc71aac359cdb4,,P,2020,20.0,30.0,20.0,10.0,80.0,DMU,53.33333333333334
stu_1b3c19f569971ab9113986e30a216f46,Nanotecnología e Ingeniería Molecular,P,2020,10.0,10.0,40.0,10.0,70.0,DMU,46.66666666666666
stu_92c244ee4b858bca5b3c731e78c461f8,,P,2021,40.0,40.0,40.0,30.0,150.0,DMU,100.0
stu_af0c1420b905ad0d786d162d36ddc34b,Mercadotecnia,P,2021,40.0,40.0,40.0,30.0,150.0,DMU,100.0
stu_28f556686e0d9a596cb668302925b4ee,Actuaría,P,2021,40.0,40.0,40.0,30.0,150.0,DMU,100.0
stu_1fb1db2c138ad23a6671b34be214d753,,P,2021,40.0,40.0,40.0,30.0,150.0,DMU,100.0
stu_51eed3acf4bd2564de715197f7c5ee4d,Estrategias Financieras y Contaduría Pública,P,2021,40.0,40.0,40.0,30.0,150.0,DMU,100.0
stu_8df970252e380017dee5efe1645bc29a,Nanotecnología e Ingeniería Molecular,P,2021,40.0,40.0,40.0,30.0,150.0,DMU,100.0
stu_f230829c039c4b59180a236dcd121810,Actuaría,P,2021,40.0,40.0,40.0,30.0,150.0,DMU,100.0
stu_a90ddd246f54a09d6439f23fbdaa017c,,P,2021,40.0,40.0,40.0,30.0,150.0,DMU,100.0
stu_96805f05df20b1d7766b49b7d7476cde,Bioquímica Clínica,P,2021,40.0,40.0,40.0,30.0,150.0,DMU,100.0
stu_5e9890bf8efcecd7a221461be855f0f7,Administración de Negocios Internacionales,P,2021,40.0,40.0,40.0,30.0,150.0,DMU,100.0
stu_58bfec570e6b8284efdf2f9d52565d1e,,P,2021,40.0,40.0,40.0,30.0,150.0,DMU,100.0
stu_2b539ebede62a889cb3cd0d4a4933ec1,,P,2021,40.0,40.0,40.0,30.0,150.0,DMU,100.0
stu_4d1a9e25dc3c477328511d28a6fb27b7,Actuaría,P,2021,40.0,40.0,40.0,30.0,150.0,DMU,100.0
stu_ddb69d51afa5f692d15fc35bff3fadac,Física,P,2021,40.0,40.0,40.0,30.0,150.0,DMU,100.0
stu_795df5e70c6dfd7059979a7080333ef7,Nanotecnología e Ingeniería Molecular,P,2021,40.0,40.0,40.0,30.0,150.0,DMU,100.0
stu_a1314b5ddf0215830e5ba175d8e7090d,,P,2021,40.0,40.0,40.0,30.0,150.0,DMU,100.0
stu_877ff1e769bcb43133243c6af2359601,Actuaría,P,2021,40.0,40.0,40.0,30.0,150.0,DMU,100.0
stu_7c38d7c14b28ee6a20e703519e8279ba,,P,2021,40.0,40.0,40.0,30.0,150.0,DMU,100.0
stu_832ba8b3484229f14aafdaf44683ccaf,Ingeniería Mecánica,P,2021,40.0,40.0,40.0,30.0,150.0,DMU,100.0
stu_148da0ac9c57b66df884976eece11ec7,Actuaría,P,2021,40.0,40.0,40.0,30.0,150.0,DMU,100.0
stu_e238c379715b27c55e2cbbaf06184db6,,P,2021,40.0,40.0,40.0,30.0,150.0,DMU,100.0
stu_ed9dbf9d77ee1960e9fe89ec42e7bd92,Ingeniería Civil,P,2021,40.0,40.0,40.0,30.0,150.0,DMU,100.0
stu_f17cc987cf64e310f725c061f2d4f4eb,Ingeniería Civil,P,2021,40.0,40.0,40.0,30.0,150.0,DMU,100.0
stu_0a8ae9b5d32da7b6dbd90bceacaa3517,Mercadotecnia,P,2021,40.0,40.0,40.0,30.0,150.0,DMU,100.0
stu_1b7e097273510e2fdd0209c75ac5b75b,Administración de Empresas,P,2021,40.0,40.0,40.0,30.0,150.0,DMU,100.0
stu_e50629f344c3a65d6938d544b87d1d90,,P,2021,40.0,40.0,40.0,30.0,150.0,DMU,100.0
stu_5e1c1a9489fdca6680b24022645bd7cf,Ingeniería en Industrias Alimentarias,P,2021,40.0,40.0,40.0,30.0,150.0,DMU,100.0
stu_c937c17cf2a1b9462c30fabd3f662ed5,Nanotecnología e Ingeniería Molecular,P,2021,40.0,40.0,40.0,30.0,150.0,DMU,100.0
stu_3e47c7b5fb0e93c1d181ddb0e95c71c7,Actuaría,P,2021,40.0,40.0,40.0,30.0,150.0,DMU,100.0
stu_304f1345784d50e74d2388b7c2565c63,,P,2021,40.0,40.0,40.0,30.0,150.0,DMU,100.0
stu_fd3df65fd80c322a760de8eb7bf5c2ef,,P,2021,40.0,40.0,40.0,30.0,150.0,DMU,100.0
stu_908d999a58fb1585001e3caad40f2c4f,,P,2021,40.0,40.0,40.0,30.0,150.0,DMU,100.0
stu_6f132bf11a43ca1a18a15cdc15e3bbb0,,P,2021,40.0,40.0,40.0,30.0,150.0,DMU,100.0
stu_2e36f398d5f5137d944e6c50c24cdb78,Ingeniería Química,P,2021,40.0,40.0,40.0,30.0,150.0,DMU,100.0
stu_a816d367fe9b093d9e3f1dab74b00194,Ingeniería Mecánica,P,2021,40.0,40.0,40.0,30.0,150.0,DMU,100.0
stu_bb55b85073b7454588e20e4d9d100443,Ingeniería Mecatrónica,P,2021,40.0,40.0,40.0,30.0,150.0,DMU,100.0
stu_c9c3d71b9b05fba6e06eaa6e8cb489ce,,P,2021,40.0,40.0,40.0,30.0,150.0,DMU,100.0
stu_ab1f6a90d8915e0549b8161190021d01,Ingeniería Industrial,P,2021,40.0,40.0,40.0,20.0,140.0,DMU,93.33333333333333
stu_c14dc627670a948f4001fde6d031cbbf,,P,2021,40.0,30.0,40.0,30.0,140.0,DMU,93.33333333333333
stu_9edd97dac4b1967ec25d3ca26586b1c4,,P,2021,40.0,30.0,40.0,30.0,140.0,DMU,93.33333333333333
stu_56d73a1bff04d893c3552408b1912893,Actuaría,P,2021,40.0,40.0,40.0,20.0,140.0,DMU,93.33333333333333
stu_0d7196a83743202b56f202c18d5478e1,,P,2021,40.0,40.0,40.0,20.0,140.0,DMU,93.33333333333333
stu_7c2124f023bcedc9a7da05b0528d0113,Ingeniería Industrial,P,2021,40.0,40.0,40.0,20.0,140.0,DMU,93.33333333333333
stu_15b4396a4a24e6bf09f2ad2adf8821b4,Actuaría,P,2021,40.0,40.0,40.0,20.0,140.0,DMU,93.33333333333333
stu_31efe2571e0b5efdb5b521b6151db6eb,,P,2021,40.0,30.0,40.0,30.0,140.0,DMU,93.33333333333333
stu_a2cb02efc01b646fbd8e2df62b88759b,Actuaría,P,2021,40.0,40.0,40.0,20.0,140.0,DMU,93.33333333333333
stu_367f841c0761c2880fa4e51d1a48dff2,Economía,P,2021,40.0,40.0,40.0,20.0,140.0,DMU,93.33333333333333
stu_3fec721a6b0aba9713b8ecacea5cbd1d,,P,2021,30.0,40.0,40.0,30.0,140.0,DMU,93.33333333333333
stu_5c775f4da18a5f32fef449d084de6f93,Física,P,2021,40.0,40.0,40.0,20.0,140.0,DMU,93.33333333333333
stu_d03231e66a63cb9b259ff3fc47537cb4,,P,2021,40.0,40.0,40.0,20.0,140.0,DMU,93.33333333333333
stu_65339fdf1eacfadb0df1d112208baefb,Nanotecnología e Ingeniería Molecular,P,2021,40.0,30.0,40.0,30.0,140.0,DMU,93.33333333333333
stu_178b80f6b2c6309a4ae799ffbee4e457,,P,2021,40.0,40.0,40.0,20.0,140.0,DMU,93.33333333333333
stu_aa99d696b51ff713ff44385d74a13e95,,P,2021,40.0,30.0,40.0,30.0,140.0,DMU,93.33333333333333
stu_0c31bf277f7eb080fd74c875ebe928c9,,P,2021,40.0,30.0,40.0,30.0,140.0,DMU,93.33333333333333
stu_426e2dda3349f5faea4431fe25a8fd10,,P,2021,30.0,40.0,40.0,30.0,140.0,DMU,93.33333333333333
stu_34a66fb336bcc3fe2281f48b30c6f218,Nanotecnología e Ingeniería Molecular,P,2021,40.0,30.0,40.0,30.0,140.0,DMU,93.33333333333333
stu_85c23faff00359785bb8823becb0b106,,P,2021,40.0,40.0,40.0,20.0,140.0,DMU,93.33333333333333
stu_acadab3bc90a25c817b8be7d93d0deb5,Actuaría,P,2021,40.0,30.0,40.0,30.0,140.0,DMU,93.33333333333333
stu_44ec4208205d910e422ae0f9a1d6cafe,Actuaría,P,2021,40.0,30.0,40.0,30.0,140.0,DMU,93.33333333333333
stu_d5efd2bf133618b6cf2c2b7331342d4d,Estrategias Financieras y Contaduría Pública,P,2021,40.0,30.0,40.0,30.0,140.0,DMU,93.33333333333333
stu_2bf09fa4e3fc81182d360cc4d1959375,,P,2021,30.0,40.0,40.0,30.0,140.0,DMU,93.33333333333333
stu_ff224f01b3172c6c507be930edec5a11,,P,2021,40.0,40.0,40.0,20.0,140.0,DMU,93.33333333333333
stu_0eaa22f3c0e54e224ff0dac62784502c,,P,2021,40.0,40.0,40.0,20.0,140.0,DMU,93.33333333333333
stu_8810f749bab29d721edb8605a6fef642,,P,2021,40.0,30.0,40.0,30.0,140.0,DMU,93.33333333333333
stu_06cd6341ff65b61638a391bc7111cea2,Ingeniería Biomédica,P,2021,40.0,40.0,40.0,20.0,140.0,DMU,93.33333333333333
stu_f651d06c2228b6c9d7eb8d1e7b721af1,,P,2021,40.0,40.0,30.0,30.0,140.0,DMU,93.33333333333333
stu_011abb009d6a71faa659afede4f863b7,Ingeniería en Electrónica y Sistemas Inteligentes,P,2021,40.0,30.0,40.0,30.0,140.0,DMU,93.33333333333333
stu_a351bc4cc37ef3d45fe418bfb142073f,,P,2021,40.0,30.0,40.0,30.0,140.0,DMU,93.33333333333333
stu_78f1ca01e56a0c7501593a8b64fe702b,Ingeniería Civil,P,2021,40.0,40.0,30.0,30.0,140.0,DMU,93.33333333333333
stu_b353f82895c4db2ac6bcb718ab38bdae,,P,2021,40.0,40.0,40.0,20.0,140.0,DMU,93.33333333333333
stu_4df115ef27c95c996b5567de8ce9e89f,Ingeniería Industrial,P,2021,40.0,30.0,40.0,30.0,140.0,DMU,93.33333333333333
stu_394f4c81555770bf08679b4343253074,Estrategias Financieras y Contaduría Pública,P,2021,40.0,40.0,40.0,20.0,140.0,DMU,93.33333333333333
stu_1b01892184ef4bde33f8eb9728a301e2,,P,2021,30.0,40.0,40.0,30.0,140.0,DMU,93.33333333333333
stu_f89a251f5531f3ddac2af033931e9af4,,P,2021,40.0,40.0,40.0,20.0,140.0,DMU,93.33333333333333
stu_5f5f311f041e767f65f2500b19a05c11,,P,2021,40.0,40.0,40.0,20.0,140.0,DMU,93.33333333333333
stu_ad1346deb687847349234e7bef35bd9f,Ingeniería Mecatrónica,P,2021,40.0,30.0,40.0,30.0,140.0,DMU,93.33333333333333
stu_626018240142a0ef0e76b02b4d73fb51,,P,2021,40.0,30.0,40.0,30.0,140.0,DMU,93.33333333333333
stu_c2a5af752a4c7b15b7458890155b0f80,Administración de Negocios Internacionales,P,2021,40.0,30.0,40.0,30.0,140.0,DMU,93.33333333333333
stu_a1989518ea2bde7bdc03dbab5d952a35,,P,2021,40.0,30.0,40.0,30.0,140.0,DMU,93.33333333333333
stu_074eb937cc960950515aafb85e1dfb00,,P,2021,30.0,40.0,40.0,30.0,140.0,DMU,93.33333333333333
stu_3c9a71e854ae1ddfdd4f75c0860afe42,Actuaría,P,2021,40.0,40.0,40.0,20.0,140.0,DMU,93.33333333333333
stu_094ba29b27898622e66d89063e6a808e,Física,P,2021,40.0,30.0,40.0,30.0,140.0,DMU,93.33333333333333
stu_8e97d0d2d453c39bcd3fa0fc08d42ec5,Ingeniería en Robótica y Telecomunicaciones,P,2021,40.0,40.0,40.0,20.0,140.0,DMU,93.33333333333333
stu_e9369a8b22bffa6aa43f985bf41a8ac9,,P,2021,40.0,30.0,40.0,30.0,140.0,DMU,93.33333333333333
stu_b2da25278747f6970da2d75b1385b66d,,P,2021,40.0,30.0,40.0,30.0,140.0,DMU,93.33333333333333
stu_2ec718f04477545269c5a0fbdd9b8785,,P,2021,40.0,40.0,40.0,20.0,140.0,DMU,93.33333333333333
stu_40ea0c239d03fc18f470115f2f80465d,Economía,P,2021,40.0,40.0,40.0,20.0,140.0,DMU,93.33333333333333
stu_97423f454ebbd4e4a805aadbc3509908,Actuaría,P,2021,40.0,30.0,40.0,30.0,140.0,DMU,93.33333333333333
stu_3e35569ea67b8ab843eaf56b1c11b11f,Nanotecnología e Ingeniería Molecular,P,2021,30.0,40.0,40.0,30.0,140.0,DMU,93.33333333333333
stu_88339bcb7e7ca51497e70fc49944804e,,P,2021,40.0,40.0,40.0,20.0,140.0,DMU,93.33333333333333
stu_3bc12ba570d39af1cfd7e223ce0994e3,,P,2021,40.0,40.0,40.0,20.0,140.0,DMU,93.33333333333333
stu_6b841eecec218017d70b7fa1b21bb2f9,,P,2021,40.0,40.0,30.0,30.0,140.0,DMU,93.33333333333333
stu_0ac22bfcc48eb7b7294448b2ade85d2c,Ingeniería en Sistemas Computacionales,P,2021,40.0,40.0,40.0,20.0,140.0,DMU,93.33333333333333
stu_f4d1fed8603b1914c13439fd9438b84b,,P,2021,40.0,40.0,40.0,20.0,140.0,DMU,93.33333333333333
stu_d1afbe196a51939fd54c226f065f9de3,,P,2021,40.0,40.0,30.0,30.0,140.0,DMU,93.33333333333333
stu_65acc83450b31ddce1c68aa1f9e2cf2d,,P,2021,30.0,40.0,40.0,20.0,130.0,DMU,86.66666666666667
stu_baee8abac2ab65b369a03cad1ca3f9f6,,P,2021,40.0,30.0,40.0,20.0,130.0,DMU,86.66666666666667
stu_94df8c3ac2bdd7966ba0942f7a3092ef,,P,2021,40.0,30.0,40.0,20.0,130.0,DMU,86.66666666666667
stu_f8517d77f55dfdb2d8acefe36a42b8a8,,P,2021,30.0,40.0,40.0,20.0,130.0,DMU,86.66666666666667
stu_c11726a32396301d11c0fd6027bfc0aa,,P,2021,40.0,30.0,40.0,20.0,130.0,DMU,86.66666666666667
stu_fee09516903ba0ae048733bd0a4abe4e,Administración de Negocios Internacionales,P,2021,40.0,20.0,40.0,30.0,130.0,DMU,86.66666666666667
stu_9391200cf113426ab4790ce152bd2a09,,P,2021,30.0,40.0,40.0,20.0,130.0,DMU,86.66666666666667
stu_c44c230222d4917f1108f546b4c0a1db,,P,2021,30.0,30.0,40.0,30.0,130.0,DMU,86.66666666666667
stu_a2ff29ff72e791c6365a7456773b7d19,Ingeniería Biomédica,P,2021,30.0,40.0,40.0,20.0,130.0,DMU,86.66666666666667
stu_e97dda47a0d23f20defe67032f9fb7d2,Banca e Inversiones,P,2021,40.0,30.0,40.0,20.0,130.0,DMU,86.66666666666667
stu_7105c3cd26d3a52b9c36d9c8ba919876,Ingeniería Mecatrónica,P,2021,40.0,40.0,40.0,10.0,130.0,DMU,86.66666666666667
stu_d48de255fd6d4b61615b3aee6aaba1d2,,P,2021,40.0,40.0,40.0,10.0,130.0,DMU,86.66666666666667
stu_e7951dec314a3c1d8dcfca67e54a43d2,,P,2021,30.0,40.0,40.0,20.0,130.0,DMU,86.66666666666667
stu_5516d7c0ff2f07ab9b55462a1be508f4,,P,2021,30.0,40.0,40.0,20.0,130.0,DMU,86.66666666666667
stu_339d0d4b7cb1e40c2cc9b475d43dd576,Actuaría,P,2021,40.0,30.0,40.0,20.0,130.0,DMU,86.66666666666667
stu_0b9281b9bfaa3df231800d521ed46d1b,,P,2021,40.0,40.0,30.0,20.0,130.0,DMU,86.66666666666667
stu_6807d399620923d97cc8ed3fc3c56c74,,P,2021,30.0,40.0,30.0,30.0,130.0,DMU,86.66666666666667
stu_5c9a52b1f67f6ee54097d0e7427b31ba,Actuaría,P,2021,30.0,30.0,40.0,30.0,130.0,DMU,86.66666666666667
stu_a3181a23a4bdeb6433212c64ba9ffb7e,,P,2021,20.0,40.0,40.0,30.0,130.0,DMU,86.66666666666667
stu_ea42540226fdde81fc7ab59639f29656,,P,2021,40.0,20.0,40.0,30.0,130.0,DMU,86.66666666666667
stu_79fa4240f0dc5291bdddde86f2c5eff0,,P,2021,40.0,20.0,40.0,30.0,130.0,DMU,86.66666666666667
stu_c47af60d04d78f5456df9e600901a04c,,P,2021,40.0,30.0,40.0,20.0,130.0,DMU,86.66666666666667
stu_70bb02ef6fd024997984698ff7c86ba8,Física,P,2021,40.0,40.0,30.0,20.0,130.0,DMU,86.66666666666667
stu_a4f888ab94d5fac1385c9fc67d2e87e9,,P,2021,40.0,30.0,40.0,20.0,130.0,DMU,86.66666666666667
stu_94f2135fc94d6d7b65dd5799ae9f7eb8,,P,2021,40.0,30.0,40.0,20.0,130.0,DMU,86.66666666666667
stu_88c17b22483bc9fe472915decb932527,,P,2021,40.0,40.0,30.0,20.0,130.0,DMU,86.66666666666667
stu_c550ce6830219ad51ca058bf3c20c40f,Física,P,2021,40.0,40.0,40.0,10.0,130.0,DMU,86.66666666666667
stu_659f89b22d5f5e74ca29d594ef7621dc,,P,2021,40.0,40.0,40.0,10.0,130.0,DMU,86.66666666666667
stu_ad884865f3e82b9213515b10db012cb2,Actuaría,P,2021,30.0,30.0,40.0,30.0,130.0,DMU,86.66666666666667
stu_bb7983d66d64900ad570c2a0dc84f592,Ingeniería Química,P,2021,40.0,40.0,40.0,10.0,130.0,DMU,86.66666666666667
stu_0aeacff4d30d4beec0b20d53d12d0f0c,Ingeniería en Robótica y Telecomunicaciones,P,2021,30.0,40.0,40.0,20.0,130.0,DMU,86.66666666666667
stu_ef645c37d4bc2bf2cb3076002e7b2ccc,Ingeniería en Sistemas Computacionales,P,2021,40.0,30.0,30.0,30.0,130.0,DMU,86.66666666666667
stu_aa49c2801b13922744f48d3920fb80fd,,P,2021,40.0,40.0,40.0,10.0,130.0,DMU,86.66666666666667
stu_98fefe2534f3ba8fc4548112342e51ff,Ingeniería Química,P,2021,30.0,40.0,30.0,30.0,130.0,DMU,86.66666666666667
stu_cf1bc3fb1797ab1750bb0b8c05555663,,P,2021,40.0,30.0,40.0,20.0,130.0,DMU,86.66666666666667
stu_3837431d576cfe860a21b5e9da377caf,Actuaría,P,2021,40.0,40.0,30.0,20.0,130.0,DMU,86.66666666666667
stu_036c7fbe1544a985955ee6c4af1fb1c2,,P,2021,40.0,40.0,40.0,10.0,130.0,DMU,86.66666666666667
stu_b376e97f013e73bf741a9def1fd2dd21,Nanotecnología e Ingeniería Molecular,P,2021,40.0,20.0,40.0,30.0,130.0,DMU,86.66666666666667
stu_a700fdeb0e0f9526b03d12c51d16874f,Física,P,2021,30.0,30.0,40.0,30.0,130.0,DMU,86.66666666666667
stu_1d4b62801d6bad160f1e50a0c7b9fecc,,P,2021,30.0,40.0,30.0,30.0,130.0,DMU,86.66666666666667
stu_629fa37c6d4ec7e5adc2e8f5b7d94be9,Física,P,2021,40.0,30.0,40.0,20.0,130.0,DMU,86.66666666666667
stu_143fbb77175bd0cb89dcc7ee1e2bb26e,,P,2021,40.0,30.0,30.0,30.0,130.0,DMU,86.66666666666667
stu_25d056833a833e76da0262f117b91c96,,P,2021,40.0,30.0,30.0,30.0,130.0,DMU,86.66666666666667
stu_ae9022b8db2cb641ad9ac0e203e83510,,P,2021,40.0,30.0,40.0,20.0,130.0,DMU,86.66666666666667
stu_77a2675cf4bd0479164c4586be8e5e43,,P,2021,30.0,40.0,40.0,20.0,130.0,DMU,86.66666666666667
stu_9e820dac6492e096c4a68514ca66db32,Ingeniería Mecatrónica,P,2021,30.0,40.0,40.0,20.0,130.0,DMU,86.66666666666667
stu_492a720fa9375ad40fdb8402e4b2f233,,P,2021,40.0,30.0,40.0,20.0,130.0,DMU,86.66666666666667
stu_51d150c1be4374f822ec3b112356647e,,P,2021,40.0,40.0,40.0,10.0,130.0,DMU,86.66666666666667
stu_6189008c85d802a98d29cbbc3b6277ca,Ingeniería Civil,P,2021,40.0,30.0,30.0,30.0,130.0,DMU,86.66666666666667
stu_9aeed075c0fed79f8cba5b2479fb919b,Física,P,2021,40.0,40.0,40.0,10.0,130.0,DMU,86.66666666666667
stu_17b53133cc928f1074fbda4a172cffea,Químico Farmacéutico Biólogo,P,2021,30.0,30.0,40.0,30.0,130.0,DMU,86.66666666666667
stu_2d32d4d313a8b31596b3d8dbe4fe01e9,Física,P,2021,40.0,40.0,30.0,20.0,130.0,DMU,86.66666666666667
stu_d5e6add9df9dd2903ba2d18ebe7523f3,Nanotecnología e Ingeniería Molecular,P,2021,40.0,30.0,30.0,30.0,130.0,DMU,86.66666666666667
stu_e1ae7fcb458dfff573b26deea21a8ff3,,P,2021,30.0,40.0,40.0,20.0,130.0,DMU,86.66666666666667
stu_2e35aee8d693f8d78ea51facbe99d6c7,,P,2021,30.0,30.0,40.0,30.0,130.0,DMU,86.66666666666667
stu_81c40058cd223bd2764bef5d328fc2aa,Actuaría,P,2021,40.0,30.0,40.0,20.0,130.0,DMU,86.66666666666667
stu_0a7b366353ccb2fa884111e5c6d9bf9f,,P,2021,40.0,30.0,40.0,20.0,130.0,DMU,86.66666666666667
stu_7b4c7b49b7f22a4e0fc3f75314d35275,Actuaría,P,2021,30.0,40.0,40.0,20.0,130.0,DMU,86.66666666666667
stu_e27914d64d63fd8999a24a5744e2c569,Ingeniería Industrial,P,2021,30.0,30.0,40.0,30.0,130.0,DMU,86.66666666666667
stu_46dcd5764753c0eeae368a5a572a36a5,,P,2021,40.0,40.0,30.0,20.0,130.0,DMU,86.66666666666667
stu_6c1074970b8409077aceb81bd65a1302,Banca e Inversiones,P,2021,30.0,30.0,40.0,30.0,130.0,DMU,86.66666666666667
stu_f4f9ab3ad7b62013e47c403982baab51,Actuaría,P,2021,40.0,40.0,30.0,20.0,130.0,DMU,86.66666666666667
stu_237de1882b92a6a13e08c703059b3d42,,P,2021,40.0,30.0,40.0,20.0,130.0,DMU,86.66666666666667
stu_d37aacb4bdb7308baf2d0d2163b04466,Ingeniería Industrial,P,2021,40.0,40.0,30.0,20.0,130.0,DMU,86.66666666666667
stu_feb9c07fcdce2daae669ecc0dde4a63e,Ingeniería Industrial,P,2021,40.0,20.0,40.0,30.0,130.0,DMU,86.66666666666667
stu_8e30bb1d5111c789f020df4fa5efea40,,P,2021,40.0,20.0,40.0,30.0,130.0,DMU,86.66666666666667
stu_70706051d57d510d4e23682209dfd58b,Ingeniería Industrial,P,2021,40.0,30.0,40.0,20.0,130.0,DMU,86.66666666666667
stu_f01912dea30205a70351187517d95b55,Administración de Negocios Internacionales,P,2021,40.0,30.0,30.0,30.0,130.0,DMU,86.66666666666667
stu_95a41a9e77c712fce2ccdc73aeaef839,,P,2021,40.0,30.0,40.0,20.0,130.0,DMU,86.66666666666667
stu_afa4016dc963ae6dd62f29a7861516dc,,P,2021,30.0,40.0,40.0,20.0,130.0,DMU,86.66666666666667
stu_8eb3d0a09d5a8c2860a90e52a331ae41,,P,2021,40.0,30.0,40.0,20.0,130.0,DMU,86.66666666666667
stu_6e7681be35f84726ade3d33312c81d78,,P,2021,40.0,30.0,40.0,20.0,130.0,DMU,86.66666666666667
stu_b55fe718aa24be67dac64669b12af185,Ingeniería en Sistemas Computacionales,P,2021,30.0,40.0,40.0,20.0,130.0,DMU,86.66666666666667
stu_8d343e7f8c3d93cc0121bfa0d1c66cf6,,P,2021,40.0,40.0,30.0,20.0,130.0,DMU,86.66666666666667
stu_facbfc272d08f2cd8aeafe06b2a4f50d,Administración de Negocios Internacionales,P,2021,40.0,30.0,40.0,20.0,130.0,DMU,86.66666666666667
stu_86a160261c1024beab0450d72bcad353,Actuaría,P,2021,40.0,30.0,40.0,20.0,130.0,DMU,86.66666666666667
stu_57f44105e3cd21a6c024b7c48680d015,Física,P,2021,30.0,40.0,40.0,20.0,130.0,DMU,86.66666666666667
stu_b9a142fc3bd5b19381262ef4bb799aa2,,P,2021,40.0,40.0,30.0,20.0,130.0,DMU,86.66666666666667
stu_3d03ff377e82ac2bdbf5173c8fd5369c,,P,2021,40.0,40.0,30.0,20.0,130.0,DMU,86.66666666666667
stu_d942806d2880e0839ea1a7dc9cd248ca,Actuaría,P,2021,40.0,20.0,40.0,30.0,130.0,DMU,86.66666666666667
stu_d18973f910c95c721966cdc7fc234aff,Actuaría,P,2021,40.0,30.0,40.0,20.0,130.0,DMU,86.66666666666667
stu_8d1bf57739a8409650f19f35da5bb4bf,Actuaría,P,2021,30.0,30.0,40.0,30.0,130.0,DMU,86.66666666666667
stu_2ce1c3eb3275fb7dd87e1c16e0439df6,Ingeniería Mecánica,P,2021,30.0,40.0,40.0,20.0,130.0,DMU,86.66666666666667
stu_a59e1c5bf0ea3e3c5520ad9bd1f4385f,,P,2021,40.0,20.0,40.0,30.0,130.0,DMU,86.66666666666667
stu_3532da7053f6b40d90ccd8f0943a935b,,P,2021,40.0,30.0,40.0,20.0,130.0,DMU,86.66666666666667
stu_c3f8bd4bf26673e536cf8e5f4cc630f9,Psicología Clínica,P,2021,40.0,40.0,30.0,20.0,130.0,DMU,86.66666666666667
stu_070b8160befb8d97a993d21f309ae842,,P,2021,40.0,30.0,40.0,20.0,130.0,DMU,86.66666666666667
stu_24803dd80e289e14da6f00a6475b7a4d,Ingeniería en Logística y Cadena de Suministros,P,2021,40.0,40.0,30.0,20.0,130.0,DMU,86.66666666666667
stu_36777326cfa80968cf10d0a30a2d3a0a,Actuaría,P,2021,40.0,40.0,40.0,10.0,130.0,DMU,86.66666666666667
stu_6cb7a8e0bce6dcc363cd1ef74520fe71,,P,2021,40.0,40.0,40.0,10.0,130.0,DMU,86.66666666666667
stu_dd5e7e78ada730d6fe96b5bab427d877,,P,2021,40.0,40.0,30.0,20.0,130.0,DMU,86.66666666666667
stu_db4afb1dadd23b0d39fb626782879ac5,,P,2021,40.0,30.0,40.0,20.0,130.0,DMU,86.66666666666667
stu_339270281a7481313fcefa6a54d27fc7,,P,2021,30.0,40.0,40.0,20.0,130.0,DMU,86.66666666666667
stu_e666e4bb14b56fbbc82af0becf5b1879,,P,2021,40.0,30.0,40.0,20.0,130.0,DMU,86.66666666666667
stu_822fd892b709a531114a4210b1a87369,Químico Farmacéutico Biólogo,P,2021,30.0,40.0,40.0,20.0,130.0,DMU,86.66666666666667
stu_d4f77a465e4145099f79f8376130d103,,P,2021,40.0,20.0,40.0,30.0,130.0,DMU,86.66666666666667
stu_4d0c76d8770cfbab71e747b762198259,,P,2021,30.0,30.0,40.0,30.0,130.0,DMU,86.66666666666667
stu_a6e004b7f90c75427995e11b74e58b4c,,P,2021,30.0,30.0,40.0,30.0,130.0,DMU,86.66666666666667
stu_b4e10035273c107ac9f52a65131fbf40,Ingeniería Biomédica,P,2021,40.0,30.0,40.0,20.0,130.0,DMU,86.66666666666667
stu_0d95f64cf54577d0ba0d507e5ee77147,,P,2021,40.0,30.0,40.0,20.0,130.0,DMU,86.66666666666667
stu_b37b975bb8c121143bb0489eade33361,,P,2021,40.0,20.0,40.0,30.0,130.0,DMU,86.66666666666667
stu_67977715ab3b573946c4a1f29d4f8e41,Mercadotecnia,P,2021,40.0,40.0,40.0,10.0,130.0,DMU,86.66666666666667
stu_3bd2a8b0f6494748a6da4f371599c1e6,,P,2021,30.0,30.0,40.0,30.0,130.0,DMU,86.66666666666667
stu_6a6a8266c11b602a3ede3958fd377990,Mercadotecnia,P,2021,40.0,30.0,40.0,20.0,130.0,DMU,86.66666666666667
stu_95535ae8ee20f099b3a65289d23d5a2b,Administración de Negocios Internacionales,P,2021,40.0,30.0,40.0,20.0,130.0,DMU,86.66666666666667
stu_e46b932d1467b43f64cf3368e185af5a,Actuaría,P,2021,30.0,30.0,40.0,30.0,130.0,DMU,86.66666666666667
stu_33047a6ba1cde1da62569fecccbfc161,,P,2021,30.0,30.0,30.0,30.0,120.0,DMU,80.0
stu_963196e981d8610d7c9396745c6993a5,,P,2021,40.0,20.0,40.0,20.0,120.0,DMU,80.0
stu_c812fb4e2ff1ebd2d2c120c526c7cd71,,P,2021,20.0,40.0,40.0,20.0,120.0,DMU,80.0
stu_97ac8ba1ac2fd26174f79d59e1ac5e65,,P,2021,30.0,30.0,40.0,20.0,120.0,DMU,80.0
stu_ac11d194ed0f9ce69077d3c341c217ae,,P,2021,40.0,10.0,40.0,30.0,120.0,DMU,80.0
stu_34850cb636e6d60e800391f452269a0f,,P,2021,40.0,30.0,30.0,20.0,120.0,DMU,80.0
stu_a1bb5412c914bbf41a29afc889e595e1,,P,2021,30.0,20.0,40.0,30.0,120.0,DMU,80.0
stu_7c5b12249340dd29e087ecb22a3303c6,,P,2021,40.0,20.0,40.0,20.0,120.0,DMU,80.0
stu_7c142540bfd5614021070c98bafb4afe,Ingeniería Biomédica,P,2021,40.0,30.0,30.0,20.0,120.0,DMU,80.0
stu_c02b7351414bb5cfcfbd89c314454393,,P,2021,40.0,30.0,40.0,10.0,120.0,DMU,80.0
stu_10e70bd775e5d5742a2f88d1a0006d49,,P,2021,40.0,30.0,20.0,30.0,120.0,DMU,80.0
stu_4b055b240c1061e2d066f6d39a899494,Nanotecnología e Ingeniería Molecular,P,2021,30.0,30.0,40.0,20.0,120.0,DMU,80.0
stu_c0c9d300219f589c6ebd7798798242ca,,P,2021,30.0,40.0,40.0,10.0,120.0,DMU,80.0
stu_f9474d567ddf44502fce7ca7ebc0fc2f,,P,2021,40.0,30.0,40.0,10.0,120.0,DMU,80.0
stu_618c8be44a6e3129222e60018a947067,,P,2021,40.0,20.0,40.0,20.0,120.0,DMU,80.0
stu_f3f51a2bdffae6e5c725a0529873f7e5,,P,2021,30.0,30.0,40.0,20.0,120.0,DMU,80.0
stu_7c685edd92891965a39ad656b5a9f904,Bioquímica Clínica,P,2021,30.0,30.0,40.0,20.0,120.0,DMU,80.0
stu_04ad242ea5b5c6636f245dc515fb9548,,P,2021,40.0,40.0,20.0,20.0,120.0,DMU,80.0
stu_1b64897b3fb849aeedff86666284c492,,P,2021,40.0,30.0,30.0,20.0,120.0,DMU,80.0
stu_1c8952e0c01dad5c6ad65e54696932ff,Actuaría,P,2021,40.0,20.0,40.0,20.0,120.0,DMU,80.0
stu_c68ad176fc3764a46130db7fdddcc683,Ingeniería Mecatrónica,P,2021,30.0,40.0,30.0,20.0,120.0,DMU,80.0
stu_6fe6e60404f3cdc9a30666dafd7d4edb,,P,2021,30.0,30.0,40.0,20.0,120.0,DMU,80.0
stu_c565b8703b8253bdd451b7c4ff89dd65,,P,2021,40.0,20.0,40.0,20.0,120.0,DMU,80.0
stu_5493a576bdb3c43cf3bff45959c66295,Banca e Inversiones,P,2021,30.0,30.0,30.0,30.0,120.0,DMU,80.0
stu_6e63e06af14dfc9c4b057154b6905b79,,P,2021,40.0,20.0,40.0,20.0,120.0,DMU,80.0
stu_7ef79dc959ce4075fc6439d1874b0a16,Ingeniería Biomédica,P,2021,30.0,30.0,40.0,20.0,120.0,DMU,80.0
stu_ffe36fa15cd99a978b2603c1e9ec63cc,Actuaría,P,2021,40.0,20.0,40.0,20.0,120.0,DMU,80.0
stu_460cca02616ced514cb609aefa8a5fdf,Administración de Negocios Internacionales,P,2021,40.0,30.0,30.0,20.0,120.0,DMU,80.0
stu_eec9ce758e35a0f00fe85412eb055313,Nanotecnología e Ingeniería Molecular,P,2021,40.0,40.0,30.0,10.0,120.0,DMU,80.0
stu_cf47e521da8056298676ae986c8fd2c5,,P,2021,30.0,30.0,40.0,20.0,120.0,DMU,80.0
stu_e65afa5aa074d87f6beea19dfc8ddb54,,P,2021,40.0,30.0,40.0,10.0,120.0,DMU,80.0
stu_2d0eb1c223a214c519fbdbdcff98d50e,Bioquímica Clínica,P,2021,40.0,20.0,40.0,20.0,120.0,DMU,80.0
stu_88f1c13135b6512051210fd4a7ee26fa,,P,2021,20.0,40.0,40.0,20.0,120.0,DMU,80.0
stu_7473983e88a23b7740094f3716cc75e4,,P,2021,40.0,20.0,40.0,20.0,120.0,DMU,80.0
stu_bd8661956e6a66d4a64f274ab32d1442,,P,2021,40.0,20.0,40.0,20.0,120.0,DMU,80.0
stu_fef9af98e830b9352a79fba2c4e477fa,,P,2021,40.0,30.0,30.0,20.0,120.0,DMU,80.0
stu_da82ab21b19014e5488e1f027822ef3d,,P,2021,30.0,40.0,40.0,10.0,120.0,DMU,80.0
stu_2e42c4e31d191d759e780f5dfb3092d4,,P,2021,20.0,40.0,40.0,20.0,120.0,DMU,80.0
stu_6061583a057bcdae6dec0a49ae5ffc93,,P,2021,40.0,30.0,40.0,10.0,120.0,DMU,80.0
stu_4262e5e174afabb6b89d42b743f4477a,Física,P,2021,30.0,20.0,40.0,30.0,120.0,DMU,80.0
stu_d373bd14c113d50b12b0c506df01b804,,P,2021,30.0,30.0,40.0,20.0,120.0,DMU,80.0
stu_8bd4d3df8c4c030a6f30be1d00b5c7ca,Administración de Empresas,P,2021,30.0,30.0,40.0,20.0,120.0,DMU,80.0
stu_2f54ae9cb0ca07f98d0ee064e96a4177,,P,2021,40.0,40.0,30.0,10.0,120.0,DMU,80.0
stu_0a85f0f70c318b6076890727b49ab15d,,P,2021,30.0,20.0,40.0,30.0,120.0,DMU,80.0
stu_022ea8ee5649535d86c3f305a01a39f6,,P,2021,40.0,30.0,30.0,20.0,120.0,DMU,80.0
stu_feea129b2e713c50ce143a6dccbc5a44,Estrategias Financieras y Contaduría Pública,P,2021,30.0,30.0,40.0,20.0,120.0,DMU,80.0
stu_d4ea81e2dd04697520c080cbb26d4039,,P,2021,40.0,20.0,40.0,20.0,120.0,DMU,80.0
stu_5137309dbdfa85dc805f1d6a72deb34b,Ingeniería Química,P,2021,40.0,20.0,40.0,20.0,120.0,DMU,80.0
stu_f474cdf987865d276fb0c0b78e61e6cf,,P,2021,40.0,30.0,40.0,10.0,120.0,DMU,80.0
stu_5e6c6c71bcbb323fd381901666d86c3b,Ingeniería Industrial,P,2021,40.0,40.0,30.0,10.0,120.0,DMU,80.0
stu_5cfcd88b84b852479fab4173fc490b63,,P,2021,40.0,30.0,20.0,30.0,120.0,DMU,80.0
stu_6e69abce554c4ff1b68b880dcad441c1,Ingeniería en Robótica y Telecomunicaciones,P,2021,40.0,20.0,40.0,20.0,120.0,DMU,80.0
stu_2bd6792cd487523aa7870ef13f9b330f,,P,2021,40.0,30.0,40.0,10.0,120.0,DMU,80.0
stu_d530fc1b9f3234da06a46fc3b57420c0,Actuaría,P,2021,40.0,20.0,40.0,20.0,120.0,DMU,80.0
stu_7b729479e4130b09435c6ed2d2b4426c,,P,2021,30.0,40.0,40.0,10.0,120.0,DMU,80.0
stu_16ea10b5fb644b010026e1a94c1a5c6b,,P,2021,40.0,20.0,30.0,30.0,120.0,DMU,80.0
stu_c0efbebdcc3b5b62dc2dc47056a43310,Estrategias Financieras y Contaduría Pública,P,2021,30.0,40.0,30.0,20.0,120.0,DMU,80.0
stu_3071f77ce82872305430d037135b8ec6,,P,2021,20.0,30.0,40.0,30.0,120.0,DMU,80.0
stu_cbfc5893366f866a8ffebb4384dcc36f,Ingeniería Industrial,P,2021,40.0,20.0,40.0,20.0,120.0,DMU,80.0
stu_5c1c4733daf48f34f4bc5f7c4a0607de,Actuaría,P,2021,20.0,40.0,40.0,20.0,120.0,DMU,80.0
stu_a92220108c9bd4bc690462080988c7fa,,P,2021,30.0,30.0,30.0,30.0,120.0,DMU,80.0
stu_d520f8169ae5def0c4695de53dc6eca7,,P,2021,30.0,40.0,40.0,10.0,120.0,DMU,80.0
stu_4ca8abc37f417e87fc3fcbe0fa74f1a8,Nanotecnología e Ingeniería Molecular,P,2021,40.0,30.0,20.0,30.0,120.0,DMU,80.0
stu_118376b69198bc6e8c5b2a69992868b6,Ingeniería Biomédica,P,2021,40.0,40.0,30.0,10.0,120.0,DMU,80.0
stu_c35a17ddde1cb15890bc8ff902857a49,,P,2021,40.0,20.0,40.0,20.0,120.0,DMU,80.0
stu_12bf579c21b482238fca554360114066,Ingeniería Química,P,2021,40.0,30.0,30.0,20.0,120.0,DMU,80.0
stu_0c1f21109ae03c8f1bd8de4567cfff1d,,P,2021,40.0,20.0,40.0,20.0,120.0,DMU,80.0
stu_77a91bef35377fd7d9b60b5837a4ae1a,,P,2021,40.0,30.0,40.0,10.0,120.0,DMU,80.0
stu_e13411aa76bd5f9f0824b4cef94457cd,,P,2021,20.0,30.0,40.0,30.0,120.0,DMU,80.0
stu_12d8f58834d1b9d5740de7b35d51a1bf,,P,2021,20.0,40.0,40.0,20.0,120.0,DMU,80.0
stu_de2e82fb57be3094221d49f3edb1076c,,P,2021,40.0,30.0,40.0,10.0,120.0,DMU,80.0
stu_a4f9ed67d91f62fc6adcf34b60332762,,P,2021,30.0,20.0,40.0,30.0,120.0,DMU,80.0
stu_aed94b13ece8642ba7b5a486a414ad3b,,P,2021,40.0,20.0,40.0,20.0,120.0,DMU,80.0
stu_c672d48615894073799bb6f58db47f7c,,P,2021,30.0,30.0,40.0,20.0,120.0,DMU,80.0
stu_18061e0c5a126d16f2b993ceec301fbf,,P,2021,40.0,40.0,30.0,10.0,120.0,DMU,80.0
stu_2e763eca1cdecbf92c5e2be5a12b2554,Ingeniería Mecatrónica,P,2021,30.0,30.0,40.0,20.0,120.0,DMU,80.0
stu_1ab9a0090d8a6c3ef34434792fc56ecb,,P,2021,40.0,20.0,40.0,20.0,120.0,DMU,80.0
stu_668b68964eb3e06a98a44277901a587a,,P,2021,30.0,30.0,30.0,30.0,120.0,DMU,80.0
stu_38a6bf0d45e8217600f829280f04cf04,,P,2021,20.0,40.0,40.0,20.0,120.0,DMU,80.0
stu_5dbd2519efa722065cd9c3155e304759,Nanotecnología e Ingeniería Molecular,P,2021,30.0,30.0,40.0,20.0,120.0,DMU,80.0
stu_a0bd218d6af5f95ab12cb0d1d6660002,,P,2021,40.0,30.0,40.0,10.0,120.0,DMU,80.0
stu_304c58b2327e1ab9fda1b6d6f925e8f4,Ingeniería en Sistemas Computacionales,P,2021,40.0,20.0,40.0,20.0,120.0,DMU,80.0
stu_8b02275d2aac5d79462047c55ef338c3,Física,P,2021,40.0,40.0,30.0,10.0,120.0,DMU,80.0
stu_7fa0232e1c5bd917511334d0d4e996c0,,P,2021,10.0,40.0,40.0,30.0,120.0,DMU,80.0
stu_149ad44bb768c45833d329828a29fcc3,,P,2021,30.0,30.0,40.0,20.0,120.0,DMU,80.0
stu_16b56f104c79d3772b7b2e5e7c6048e0,,P,2021,20.0,30.0,40.0,30.0,120.0,DMU,80.0
stu_14d128106fd9983ea6cb98dd740fcc46,,P,2021,40.0,40.0,40.0,0.0,120.0,DMU,80.0
stu_0177873f5e1535ac9dfad5ae7a908018,,P,2021,30.0,30.0,30.0,30.0,120.0,DMU,80.0
stu_313e1922251241d34d0075c9b84f01af,,P,2021,30.0,30.0,40.0,20.0,120.0,DMU,80.0
stu_6cfc370fe12626c67017bd1d809aacba,,P,2021,30.0,40.0,40.0,10.0,120.0,DMU,80.0
stu_08c9d2fa1df54b406d6a1e0040a1b627,,P,2021,30.0,40.0,40.0,10.0,120.0,DMU,80.0
stu_c8ebcfe78a728f0d2619731eb1dc71da,,P,2021,40.0,20.0,40.0,20.0,120.0,DMU,80.0
stu_b10ebd11adbda4c2d20f571e61485873,,P,2021,40.0,40.0,20.0,20.0,120.0,DMU,80.0
stu_3bc191b7e9c1d70ca3e837a890b894fd,,P,2021,30.0,40.0,40.0,10.0,120.0,DMU,80.0
stu_858d5e249845336127e220751ac5e99d,,P,2021,40.0,30.0,40.0,10.0,120.0,DMU,80.0
stu_1d6798c66ddfc50bf5ed5ae73b0985d3,Administración de Empresas,P,2021,40.0,30.0,30.0,20.0,120.0,DMU,80.0
stu_dd993fc2b44610f3d7e1381c7e91d768,Biología,P,2021,40.0,30.0,30.0,20.0,120.0,DMU,80.0
stu_7b3c2eb2f07370db2ba5ed2babd65e21,,P,2021,40.0,20.0,40.0,20.0,120.0,DMU,80.0
stu_2e9d1c031a9df7851dfed6064ba3c3f8,Actuaría,P,2021,40.0,30.0,40.0,10.0,120.0,DMU,80.0
stu_2f57810af0d5df2b722be25062aa8560,,P,2021,40.0,40.0,30.0,10.0,120.0,DMU,80.0
stu_d16bfa47c477f5991ded32d37e4ede90,Ingeniería Biomédica,P,2021,30.0,40.0,30.0,20.0,120.0,DMU,80.0
stu_dc6f08214ff1c8ed9d099dc106f800a9,,P,2021,30.0,30.0,40.0,20.0,120.0,DMU,80.0
stu_6a4b12204e2c12d216469926255b5419,Ingeniería Ambiental,P,2021,40.0,20.0,40.0,20.0,120.0,DMU,80.0
stu_f711354bed990b0e7343ea60e79d7480,Actuaría,P,2021,30.0,40.0,40.0,10.0,120.0,DMU,80.0
stu_109aa135f16acfec3bb40b8c2055ce81,,P,2021,30.0,30.0,40.0,20.0,120.0,DMU,80.0
stu_9e3b38870e0e61c54a5945e56d6f79ba,Economía,P,2021,30.0,40.0,40.0,10.0,120.0,DMU,80.0
stu_d5a419c749a29de6a7cc456c78e1cd02,Ingeniería en Electrónica y Sistemas Inteligentes,P,2021,30.0,40.0,30.0,20.0,120.0,DMU,80.0
stu_b9c64e15854604d36d7270f4ea4bebf3,Ingeniería Química,P,2021,40.0,30.0,40.0,10.0,120.0,DMU,80.0
stu_e3a4b5de30f851989585e39137c440bb,,P,2021,40.0,30.0,30.0,20.0,120.0,DMU,80.0
stu_9edad1e262ee3b47b5864ee6f7292955,,P,2021,40.0,30.0,40.0,10.0,120.0,DMU,80.0
stu_bef6dae0384f4c92bd64c6a563667d8b,,P,2021,40.0,30.0,40.0,10.0,120.0,DMU,80.0
stu_447ddfc92b79e641794f7c166660d53a,,P,2021,30.0,40.0,30.0,20.0,120.0,DMU,80.0
stu_85a957c07b14d5100b35581a59e2a676,,P,2021,30.0,30.0,40.0,20.0,120.0,DMU,80.0
stu_498d2fb1ec3ce4c7a466a4bf7e4c9080,Física,P,2021,30.0,30.0,40.0,20.0,120.0,DMU,80.0
stu_9497fe7b388047ee0a737838f1ecf81b,,P,2021,30.0,20.0,40.0,20.0,110.0,DMU,73.33333333333333
stu_087598d802f956538b386aa8f457f548,,P,2021,20.0,40.0,40.0,10.0,110.0,DMU,73.33333333333333
stu_401e53b7fe571c98676aeffde11ac8b3,,P,2021,30.0,10.0,40.0,30.0,110.0,DMU,73.33333333333333
stu_caa8578a0cbd7ad73a7ba0471919b4e8,,P,2021,30.0,20.0,40.0,20.0,110.0,DMU,73.33333333333333
stu_cc2b5b7bd184981b0f63e050e2e709ee,,P,2021,40.0,30.0,20.0,20.0,110.0,DMU,73.33333333333333
stu_74da436131d55c823e139e16ee34f02e,,P,2021,30.0,40.0,30.0,10.0,110.0,DMU,73.33333333333333
stu_76f27f717d2b970e6aa5a94eb7a88bc5,Ingeniería Civil,P,2021,30.0,40.0,20.0,20.0,110.0,DMU,73.33333333333333
stu_7a6819090bff96890cda2a52d5f2c264,Actuaría,P,2021,30.0,20.0,40.0,20.0,110.0,DMU,73.33333333333333
stu_13053b9e046ba0e5686cbe51032f3656,Administración de Negocios Internacionales,P,2021,20.0,30.0,40.0,20.0,110.0,DMU,73.33333333333333
stu_a01eee1b4ed49c206cd9bea36b7492c0,Economía,P,2021,40.0,20.0,40.0,10.0,110.0,DMU,73.33333333333333
stu_6a1b8f2c57d3686b552ceb85d2594da4,Ingeniería Mecatrónica,P,2021,20.0,30.0,40.0,20.0,110.0,DMU,73.33333333333333
stu_ab82ea73323abe164bf0e5fcf4292f09,,P,2021,40.0,30.0,20.0,20.0,110.0,DMU,73.33333333333333
stu_f5bee04b0b356b4dbc4de29f4476c777,,P,2021,40.0,20.0,30.0,20.0,110.0,DMU,73.33333333333333
stu_49e389f0605a8c87b2418f90ded09638,,P,2021,30.0,20.0,30.0,30.0,110.0,DMU,73.33333333333333
stu_e77c5bcf3cd67b10350b294003eb0c8e,,P,2021,40.0,20.0,40.0,10.0,110.0,DMU,73.33333333333333
stu_5763b44d26daeb5f9b45319cd407ccaf,,P,2021,40.0,10.0,40.0,20.0,110.0,DMU,73.33333333333333
stu_f2e23d586425d80f1850ac69df490cb6,,P,2021,20.0,40.0,40.0,10.0,110.0,DMU,73.33333333333333
stu_d7aa59202d4643bb6326c11c599324e1,Mercadotecnia,P,2021,20.0,30.0,40.0,20.0,110.0,DMU,73.33333333333333
stu_f8185740511436bbb9d27a6170a98966,,P,2021,30.0,30.0,40.0,10.0,110.0,DMU,73.33333333333333
stu_d5712be235220e6a5a02fd81efc22804,,P,2021,30.0,30.0,40.0,10.0,110.0,DMU,73.33333333333333
stu_14809cb09c6494b3f1b46ce45fb780ba,Actuaría,P,2021,40.0,30.0,30.0,10.0,110.0,DMU,73.33333333333333
stu_1cccd427539595aa450c1c92ce786a0f,,P,2021,40.0,10.0,40.0,20.0,110.0,DMU,73.33333333333333
stu_e89b93cdabff95292cdfe9b72d6e99e9,,P,2021,30.0,20.0,40.0,20.0,110.0,DMU,73.33333333333333
stu_f4e971d57780b71f567b4c077f4511e7,Químico Farmacéutico Biólogo,P,2021,30.0,20.0,30.0,30.0,110.0,DMU,73.33333333333333
stu_cd0a44598667886236770841f1aae29c,,P,2021,30.0,30.0,40.0,10.0,110.0,DMU,73.33333333333333
stu_9cde83391e767a98d541fd59fb45b629,Ingeniería Industrial,P,2021,40.0,10.0,40.0,20.0,110.0,DMU,73.33333333333333
stu_5fd59b9ffa6a3ef3180951a2d6d896e8,,P,2021,30.0,20.0,40.0,20.0,110.0,DMU,73.33333333333333
stu_3daaa12571a3704324f169bc37936210,Física,P,2021,40.0,30.0,30.0,10.0,110.0,DMU,73.33333333333333
stu_87f9ade0e127096285b32097a1f8074a,,P,2021,40.0,10.0,40.0,20.0,110.0,DMU,73.33333333333333
stu_8ab7eeaf17683fc19785c9036ab4ae55,,P,2021,30.0,20.0,40.0,20.0,110.0,DMU,73.33333333333333
stu_bf5301c57506e9f62d299d79543830f7,,P,2021,40.0,40.0,20.0,10.0,110.0,DMU,73.33333333333333
stu_9e0323360809577f8e10324b1501bf87,,P,2021,20.0,40.0,30.0,20.0,110.0,DMU,73.33333333333333
stu_cb332d8d3e4c73ebd03d98355c931538,Ingeniería Industrial,P,2021,20.0,30.0,40.0,20.0,110.0,DMU,73.33333333333333
stu_dc0831e0228f94835fdc6a3cd8f60428,,P,2021,30.0,20.0,40.0,20.0,110.0,DMU,73.33333333333333
stu_f300a6ac5fd9d78ae56e8c1664b5761d,Ingeniería Química,P,2021,30.0,30.0,40.0,10.0,110.0,DMU,73.33333333333333
stu_74cacb50286eb85ab1984ef3ca498510,Ingeniería Mecánica,P,2021,40.0,20.0,40.0,10.0,110.0,DMU,73.33333333333333
stu_3f624143db986d011d675c0642608f9c,,P,2021,40.0,20.0,40.0,10.0,110.0,DMU,73.33333333333333
stu_f1fc9bd8804d730f99cabfa99abaf1d6,Ingeniería Industrial,P,2021,40.0,30.0,30.0,10.0,110.0,DMU,73.33333333333333
stu_6378b12c947db053285aa2deb627d309,,P,2021,20.0,30.0,40.0,20.0,110.0,DMU,73.33333333333333
stu_e291523a07bfee9a92cb39e8a436da9b,,P,2021,30.0,30.0,30.0,20.0,110.0,DMU,73.33333333333333
stu_f7b5f8608463b4238a7126d1b4663c81,Ingeniería Biomédica,P,2021,40.0,10.0,40.0,20.0,110.0,DMU,73.33333333333333
stu_efd6ec15600a908c2dfccbaa2e5dd3f4,,P,2021,30.0,30.0,30.0,20.0,110.0,DMU,73.33333333333333
stu_98df26d09e2efc279515d36b963842ef,,P,2021,30.0,30.0,30.0,20.0,110.0,DMU,73.33333333333333
stu_3856eceabf1817bb426bbdbdbdf0f415,,P,2021,30.0,30.0,40.0,10.0,110.0,DMU,73.33333333333333
stu_8995d9da7fe40b36f3807f3a812e73ae,,P,2021,30.0,20.0,40.0,20.0,110.0,DMU,73.33333333333333
stu_81428b6bcc3f6402a89bccfcbeb3cc5b,,P,2021,30.0,20.0,40.0,20.0,110.0,DMU,73.33333333333333
stu_905486c0d389b4a8fa0ec125476c0254,,P,2021,40.0,20.0,30.0,20.0,110.0,DMU,73.33333333333333
stu_029211254e4385d2b14b42cbb98e0d88,,P,2021,30.0,20.0,40.0,20.0,110.0,DMU,73.33333333333333
stu_52410561de50b8da6f86f36668aef826,Ingeniería Mecatrónica,P,2021,30.0,20.0,40.0,20.0,110.0,DMU,73.33333333333333
stu_7f124b76bd9f737c624669957e44ce4c,Ingeniería Biomédica,P,2021,30.0,20.0,40.0,20.0,110.0,DMU,73.33333333333333
stu_919652b3512dadd6310dddf4d602d694,Ingeniería Biomédica,P,2021,40.0,30.0,40.0,0.0,110.0,DMU,73.33333333333333
stu_c8d9992d16de75383580d1c6c0cd29cc,,P,2021,30.0,30.0,30.0,20.0,110.0,DMU,73.33333333333333
stu_42268ae32653c5c6ddbeaeed881744fa,,P,2021,30.0,20.0,40.0,20.0,110.0,DMU,73.33333333333333
stu_7d840c733c50f05b27aea78c88196971,Administración de Empresas,P,2021,30.0,20.0,40.0,20.0,110.0,DMU,73.33333333333333
stu_5281f0620d81a0c798d71de1e5ccd00d,Actuaría,P,2021,40.0,0.0,40.0,30.0,110.0,DMU,73.33333333333333
stu_584bf05c36034d0135c876aa440d141f,Ingeniería Ambiental,P,2021,30.0,20.0,40.0,20.0,110.0,DMU,73.33333333333333
stu_8f9fdfe6bf26fb6a3966073e7db04f05,Mercadotecnia,P,2021,20.0,30.0,40.0,20.0,110.0,DMU,73.33333333333333
stu_1c9cd3386129f5dbbe2565cee07a5e2f,,P,2021,30.0,20.0,40.0,20.0,110.0,DMU,73.33333333333333
stu_3f450e5a96e6f979bdec714d79f74ee9,Administración de Negocios Internacionales,P,2021,40.0,10.0,40.0,20.0,110.0,DMU,73.33333333333333
stu_53e20e66e06b1eff6d3a97c25f544bb9,,P,2021,40.0,30.0,30.0,10.0,110.0,DMU,73.33333333333333
stu_f598a7c12bcc6d0060f734cda8a683c9,Ingeniería Mecatrónica,P,2021,40.0,30.0,30.0,10.0,110.0,DMU,73.33333333333333
stu_5d9d0b0798785cbe2368432f45ae9028,,P,2021,30.0,10.0,40.0,30.0,110.0,DMU,73.33333333333333
stu_30c60c982a6749095bd57514b048ea88,Ingeniería Ambiental,P,2021,30.0,30.0,20.0,30.0,110.0,DMU,73.33333333333333
stu_abd150bef45de62ffdf24a4aa56a95f6,Actuaría,P,2021,40.0,40.0,30.0,0.0,110.0,DMU,73.33333333333333
stu_0c0f8376ef09e2459fd10c33edb59df3,,P,2021,20.0,30.0,40.0,20.0,110.0,DMU,73.33333333333333
stu_aa3128d5d8ba2dd423f9c43d84682f09,Administración de Empresas,P,2021,40.0,30.0,30.0,10.0,110.0,DMU,73.33333333333333
stu_063827ebf0eae8cf3a613035ad1e5c20,Ingeniería Civil,P,2021,40.0,40.0,30.0,0.0,110.0,DMU,73.33333333333333
stu_f9f0ab673af633c503f361f705c969d8,,P,2021,30.0,20.0,40.0,20.0,110.0,DMU,73.33333333333333
stu_b00961d1d62f09b3e32551d1b41df2be,,P,2021,40.0,30.0,30.0,10.0,110.0,DMU,73.33333333333333
stu_3549a884e548c8fb4c8a3204c266d04e,,P,2021,40.0,30.0,30.0,10.0,110.0,DMU,73.33333333333333
stu_2970a404dc3d7e27e054adffabcbacdd,,P,2021,40.0,30.0,30.0,10.0,110.0,DMU,73.33333333333333
stu_f86e1042b79234074269ce51e787e3ae,,P,2021,40.0,20.0,30.0,20.0,110.0,DMU,73.33333333333333
stu_6d79e19fc892882a5f705735cb99060b,Actuaría,P,2021,40.0,40.0,20.0,10.0,110.0,DMU,73.33333333333333
stu_87116f909781847bc7abbe329f199f4f,,P,2021,20.0,40.0,40.0,10.0,110.0,DMU,73.33333333333333
stu_f31035545d9167863e3255804c1b3452,Nanotecnología e Ingeniería Molecular,P,2021,20.0,30.0,40.0,20.0,110.0,DMU,73.33333333333333
stu_618887daf8cd2271ea9782fa34414090,,P,2021,30.0,40.0,30.0,10.0,110.0,DMU,73.33333333333333
stu_28916e91e41829fde2fbc275180079df,,P,2021,20.0,40.0,40.0,10.0,110.0,DMU,73.33333333333333
stu_745f8d89e9dc4516d9233a9991b6c5b7,,P,2021,30.0,30.0,40.0,10.0,110.0,DMU,73.33333333333333
stu_2639967f230e5c6ce84ef040f4ce4a7a,,P,2021,40.0,20.0,40.0,10.0,110.0,DMU,73.33333333333333
stu_6be191baa8c3ee35266e99779baa3149,Ingeniería Química,P,2021,30.0,20.0,40.0,20.0,110.0,DMU,73.33333333333333
stu_a0bbe9f2c3c293688ac911c8e58fe5ae,,P,2021,30.0,30.0,40.0,10.0,110.0,DMU,73.33333333333333
stu_bf7ca7e6439df3d87cc71bf5e8c99798,,P,2021,40.0,10.0,40.0,20.0,110.0,DMU,73.33333333333333
stu_5e28e6eddef956ade15f88eaa78a8449,,P,2021,30.0,30.0,20.0,30.0,110.0,DMU,73.33333333333333
stu_364ffe8755192433993b27d77472f6be,,P,2021,30.0,10.0,40.0,30.0,110.0,DMU,73.33333333333333
stu_c7d3beefb41375bb59426ee92eae6e64,Nanotecnología e Ingeniería Molecular,P,2021,40.0,30.0,40.0,0.0,110.0,DMU,73.33333333333333
stu_b890d29fb9f0db1459e619fb234d160d,,P,2021,30.0,30.0,40.0,10.0,110.0,DMU,73.33333333333333
stu_486d91b1a401b0aaeeab6e3ada85743c,,P,2021,40.0,30.0,40.0,0.0,110.0,DMU,73.33333333333333
stu_af2d627983f8926539ba6ba950bd5544,,P,2021,40.0,30.0,20.0,20.0,110.0,DMU,73.33333333333333
stu_05ebe09a1de7dd5d82ee45dc56e7c5df,Actuaría,P,2021,40.0,40.0,0.0,30.0,110.0,DMU,73.33333333333333
stu_31515f10a819ff34ae36e02ced5a27be,Bioquímica Clínica,P,2021,40.0,20.0,30.0,20.0,110.0,DMU,73.33333333333333
stu_d0480581f0fc3c9aa335a4f4d1ca688c,,P,2021,20.0,30.0,40.0,20.0,110.0,DMU,73.33333333333333
stu_7aa6e90fa090c19412e0da3541cdae85,,P,2021,30.0,10.0,40.0,30.0,110.0,DMU,73.33333333333333
stu_210bee0a0bbf69d282e0ce85b6073fa6,,P,2021,30.0,20.0,40.0,20.0,110.0,DMU,73.33333333333333
stu_0bd6b66c26dc30021eae5d70d4697b8b,Bioquímica Clínica,P,2021,30.0,20.0,40.0,20.0,110.0,DMU,73.33333333333333
stu_967433a0e1bbdc24cfce66538c24108b,,P,2021,30.0,30.0,40.0,10.0,110.0,DMU,73.33333333333333
stu_44019673b3f84ad6162c402f2095c1ca,,P,2021,10.0,30.0,40.0,30.0,110.0,DMU,73.33333333333333
stu_c7a883139a49e2b7679a16daeca8dbd6,,P,2021,40.0,40.0,30.0,0.0,110.0,DMU,73.33333333333333
stu_d58b2bc3a7d8cfbe17c8a7002505b877,,P,2021,20.0,30.0,30.0,30.0,110.0,DMU,73.33333333333333
stu_942628e58833897c24c7603c6ce6ad0c,,P,2021,40.0,30.0,30.0,10.0,110.0,DMU,73.33333333333333
stu_3964c225be2d870ff6ab40b3e3a827ba,Banca e Inversiones,P,2021,40.0,30.0,30.0,10.0,110.0,DMU,73.33333333333333
stu_4a1ed15760500f3807f0053fb837f534,,P,2021,30.0,40.0,30.0,10.0,110.0,DMU,73.33333333333333
stu_db948bcbbc8e5ad8dc645a33bb09ed19,,P,2021,30.0,20.0,40.0,20.0,110.0,DMU,73.33333333333333
stu_ee77d77237a4bb8d6645e1f0efb3d10f,,P,2021,20.0,30.0,40.0,20.0,110.0,DMU,73.33333333333333
stu_f66c12a4d4cf92ff2638fe9fe515f5e5,,P,2021,20.0,20.0,40.0,30.0,110.0,DMU,73.33333333333333
stu_806960366374242aabb1e313d560c197,Economía,P,2021,40.0,40.0,10.0,10.0,100.0,DMU,66.66666666666666
stu_8171f7b2ba84c35fd730b0a7c9724678,Economía,P,2021,20.0,20.0,40.0,20.0,100.0,DMU,66.66666666666666
stu_c851a163fc19d369b2598316126682c1,Ingeniería Química,P,2021,40.0,10.0,40.0,10.0,100.0,DMU,66.66666666666666
stu_90012fd95c681d1ca7e6ac2c4a293253,Ingeniería Civil,P,2021,20.0,30.0,30.0,20.0,100.0,DMU,66.66666666666666
stu_bcadeb02432266de823328e2ca4c05c6,,P,2021,30.0,20.0,30.0,20.0,100.0,DMU,66.66666666666666
stu_4728d7c83a0a02e9309188d6c47079bb,,P,2021,30.0,30.0,30.0,10.0,100.0,DMU,66.66666666666666
stu_e9acfc2783738facbd63af09b13beed4,,P,2021,40.0,20.0,30.0,10.0,100.0,DMU,66.66666666666666
stu_e92d84038ecaf56a9d1c07812c87b311,,P,2021,30.0,30.0,40.0,0.0,100.0,DMU,66.66666666666666
stu_b0a6b757c2f8c3b5fe21d5671fe5a9f2,,P,2021,10.0,40.0,40.0,10.0,100.0,DMU,66.66666666666666
stu_fac1ef73dc438bf17dc749a6f80e623b,,P,2021,30.0,10.0,40.0,20.0,100.0,DMU,66.66666666666666
stu_e434e441c5990d0cda28b39ff8847e3a,,P,2021,40.0,0.0,40.0,20.0,100.0,DMU,66.66666666666666
stu_e88cd3749e2d6594fae2755fa48d4db7,Mercadotecnia,P,2021,20.0,30.0,20.0,30.0,100.0,DMU,66.66666666666666
stu_d71d9821295ef8d2d7ce737738996d8e,,P,2021,30.0,30.0,30.0,10.0,100.0,DMU,66.66666666666666
stu_cf70272667a2a9afd3a26f2715e8da82,,P,2021,40.0,20.0,20.0,20.0,100.0,DMU,66.66666666666666
stu_cb5b054c69ce3e5d372bac4407b5c7ff,Estrategias Financieras y Contaduría Pública,P,2021,10.0,30.0,40.0,20.0,100.0,DMU,66.66666666666666
stu_543ae439a727fb5083e8b6a5bc8959dc,,P,2021,30.0,30.0,20.0,20.0,100.0,DMU,66.66666666666666
stu_e83f4262820a269f0da2d1f0e36c9a5b,,P,2021,20.0,40.0,30.0,10.0,100.0,DMU,66.66666666666666
stu_4eab2c995d14fd61d6f46316a0381995,Administración de Empresas,P,2021,30.0,30.0,30.0,10.0,100.0,DMU,66.66666666666666
stu_0a1df3a1dbfe879c7e914f0ddc489232,,P,2021,40.0,20.0,30.0,10.0,100.0,DMU,66.66666666666666
stu_707621977a64229275ecc89172f882b5,,P,2021,40.0,20.0,30.0,10.0,100.0,DMU,66.66666666666666
stu_fa47d08227f0787b4dde485b522c52f3,,P,2021,30.0,40.0,30.0,0.0,100.0,DMU,66.66666666666666
stu_e13818773049a5eec2074a49059e9cd0,Ingeniería Química,P,2021,30.0,30.0,40.0,0.0,100.0,DMU,66.66666666666666
stu_68cd8dc5fd99692bb6e7cc7388346548,,P,2021,30.0,20.0,30.0,20.0,100.0,DMU,66.66666666666666
stu_86e29a2e2d0788a2f43af25df5ae40e3,,P,2021,40.0,30.0,20.0,10.0,100.0,DMU,66.66666666666666
stu_1fd217766c8b27c647de52131e520f4a,,P,2021,20.0,30.0,30.0,20.0,100.0,DMU,66.66666666666666
stu_05942b0de17469117cd8c737e600ffc5,Estrategias Financieras y Contaduría Pública,P,2021,30.0,20.0,30.0,20.0,100.0,DMU,66.66666666666666
stu_158e2bf1c37c1703f4b7af3804026e76,,P,2021,40.0,20.0,30.0,10.0,100.0,DMU,66.66666666666666
stu_9f6758d0b467f0d8ecd9836f0f01f89d,,P,2021,40.0,20.0,30.0,10.0,100.0,DMU,66.66666666666666
stu_0142220beebbc7e89e91d0adaa43bd3f,,P,2021,20.0,20.0,40.0,20.0,100.0,DMU,66.66666666666666
stu_466498a9c2a5920c541e3b28e433b88e,,P,2021,20.0,30.0,30.0,20.0,100.0,DMU,66.66666666666666
stu_6d1e8148495c7bc141d1a87e2cc0b8c9,,P,2021,30.0,20.0,30.0,20.0,100.0,DMU,66.66666666666666
stu_5da431176911105a0457672a6db1e8e9,,P,2021,30.0,20.0,30.0,20.0,100.0,DMU,66.66666666666666
stu_38d9f086380fe61373ec61c2d3bef2c4,Nanotecnología e Ingeniería Molecular,P,2021,20.0,40.0,30.0,10.0,100.0,DMU,66.66666666666666
stu_dacd4365321385bd08b41ccde61723c5,,P,2021,20.0,20.0,40.0,20.0,100.0,DMU,66.66666666666666
stu_81c69b2ddd22589ff81fdd2ec8535a5a,,P,2021,20.0,40.0,30.0,10.0,100.0,DMU,66.66666666666666
stu_ede9238400834f3d128d7c2f76fae3b4,,P,2021,30.0,20.0,20.0,30.0,100.0,DMU,66.66666666666666
stu_d45ced02fdab54306ec79f19cdc1d73e,Ingeniería Mecánica,P,2021,40.0,20.0,40.0,0.0,100.0,DMU,66.66666666666666
stu_ee9beee688755b46102d84a6b306a094,,P,2021,20.0,20.0,40.0,20.0,100.0,DMU,66.66666666666666
stu_f53408e29c01210ffaa806615ac801f8,,P,2021,30.0,30.0,40.0,0.0,100.0,DMU,66.66666666666666
stu_b5569c9f21712dd00c9b642cd47b3c85,Ingeniería en Logística y Cadena de Suministros,P,2021,30.0,30.0,30.0,10.0,100.0,DMU,66.66666666666666
stu_778c3bef813c3aec146f52f95e3ee8f6,,P,2021,30.0,30.0,40.0,0.0,100.0,DMU,66.66666666666666
stu_49746e223b7a0e61d444f3961953b62d,,P,2021,20.0,30.0,40.0,10.0,100.0,DMU,66.66666666666666
stu_510daf5e7a49ba9fa490b7577e1223cd,,P,2021,20.0,20.0,40.0,20.0,100.0,DMU,66.66666666666666
stu_5afeebd82708c7340ba0abe01e2e502d,Ingeniería Biomédica,P,2021,30.0,30.0,40.0,0.0,100.0,DMU,66.66666666666666
stu_9a5a6aa797bf3b256d040816a6f1c471,,P,2021,30.0,10.0,40.0,20.0,100.0,DMU,66.66666666666666
stu_c38c0fe2702b51cf53c60978381fe8b2,Administración de Negocios Internacionales,P,2021,40.0,30.0,20.0,10.0,100.0,DMU,66.66666666666666
stu_7082886730e4f589c3a8d61f0751c745,,P,2021,40.0,30.0,30.0,0.0,100.0,DMU,66.66666666666666
stu_cc3fb8521529d3a5f754034502d6ec2e,,P,2021,30.0,30.0,40.0,0.0,100.0,DMU,66.66666666666666
stu_be56e0e4645772f03c9c1b0d80cbe52f,,P,2021,30.0,20.0,30.0,20.0,100.0,DMU,66.66666666666666
stu_6fcf7ede38a66035be77ddb98a7807d6,,P,2021,30.0,30.0,30.0,10.0,100.0,DMU,66.66666666666666
stu_290118f7a38493aefbd2615bedd81313,,P,2021,30.0,40.0,20.0,10.0,100.0,DMU,66.66666666666666
stu_17e90bc10ed7b90561d111517a0c3f76,Mercadotecnia,P,2021,40.0,20.0,30.0,10.0,100.0,DMU,66.66666666666666
stu_33572b6dea0e9827f811d6f1376e0162,Mercadotecnia,P,2021,30.0,30.0,40.0,0.0,100.0,DMU,66.66666666666666
stu_215898e17699fbc34a946b99f26638aa,Actuaría,P,2021,30.0,40.0,10.0,20.0,100.0,DMU,66.66666666666666
stu_e30c731dae4daf283d58b01fb0afa370,Física,P,2021,30.0,20.0,30.0,20.0,100.0,DMU,66.66666666666666
stu_f90d53faa9d206706f67cb01e99c43ca,,P,2021,30.0,20.0,40.0,10.0,100.0,DMU,66.66666666666666
stu_3f09accf22d3d8d0377ac120094f1902,,P,2021,30.0,20.0,40.0,10.0,100.0,DMU,66.66666666666666
stu_87ddade80038c9a681c69ca20090bf87,Ingeniería Biomédica,P,2021,20.0,20.0,40.0,20.0,100.0,DMU,66.66666666666666
stu_753470cacc974d9ce6bb94275e754460,,P,2021,30.0,30.0,40.0,0.0,100.0,DMU,66.66666666666666
stu_28cfeec06097ce91e778f721ce59981b,,P,2021,40.0,20.0,30.0,10.0,100.0,DMU,66.66666666666666
stu_b91809e26f0cbfc4577caaa3610a7524,,P,2021,20.0,30.0,30.0,20.0,100.0,DMU,66.66666666666666
stu_dc662488572383be4d83cce33ad1bab2,,P,2021,20.0,30.0,30.0,20.0,100.0,DMU,66.66666666666666
stu_b155f35cc6eb76b2cb3e961f62735097,Ingeniería en Robótica y Telecomunicaciones,P,2021,20.0,20.0,40.0,20.0,100.0,DMU,66.66666666666666
stu_1aedb5556c592ff9e7ad8e2d75526465,,P,2021,30.0,30.0,20.0,20.0,100.0,DMU,66.66666666666666
stu_e293e367069525eaf6114bc36f28c04e,Actuaría,P,2021,20.0,30.0,40.0,10.0,100.0,DMU,66.66666666666666
stu_f9fb7707b77130fa68c800a11bdf5eac,,P,2021,40.0,20.0,30.0,10.0,100.0,DMU,66.66666666666666
stu_fa8122e669dd57618353a83087d5dc6d,,P,2021,20.0,30.0,30.0,20.0,100.0,DMU,66.66666666666666
stu_4972e40bdeb5a869d6e7de9e317793dd,Ingeniería Civil,P,2021,30.0,20.0,40.0,10.0,100.0,DMU,66.66666666666666
stu_5247266c326b33db348011b7189d4c30,,P,2021,40.0,20.0,30.0,10.0,100.0,DMU,66.66666666666666
stu_64915178122555c02774f6a419f168d1,Químico Farmacéutico Biólogo,P,2021,20.0,30.0,40.0,10.0,100.0,DMU,66.66666666666666
stu_6f1372ca3688e68df3ad5a8c6ffebe97,,P,2021,40.0,40.0,20.0,0.0,100.0,DMU,66.66666666666666
stu_cf810d3be3c15a734b9dd124d284b432,Actuaría,P,2021,20.0,30.0,40.0,10.0,100.0,DMU,66.66666666666666
stu_b1b235e1c4c9a8caf670d54b7a8ed23d,Arquitectura,P,2021,30.0,20.0,40.0,10.0,100.0,DMU,66.66666666666666
stu_fab151fdeed7bb30ec4991d3e10c5b24,Ingeniería Química,P,2021,20.0,20.0,40.0,20.0,100.0,DMU,66.66666666666666
stu_82af2177b06c3465e1566cc5751ef5b9,,P,2021,20.0,30.0,40.0,10.0,100.0,DMU,66.66666666666666
stu_ac41dbf2c9f2212109a0ec6e0d9723f9,,P,2021,40.0,40.0,20.0,0.0,100.0,DMU,66.66666666666666
stu_8ccb762e3d9c3422b1b75d0f72446142,,P,2021,30.0,20.0,30.0,20.0,100.0,DMU,66.66666666666666
stu_563111c94323746e77543eec4007bb32,Administración de Empresas,P,2021,30.0,10.0,40.0,20.0,100.0,DMU,66.66666666666666
stu_276bd54b8769e8fa0c1f5f5a0cc40eb6,,P,2021,30.0,10.0,40.0,20.0,100.0,DMU,66.66666666666666
stu_8d4eaf534bc6f2ff275a0705f8594a23,Ingeniería Civil,P,2021,30.0,20.0,40.0,10.0,100.0,DMU,66.66666666666666
stu_1882185b3acd5bda0dd0d76733c7b1d1,,P,2021,30.0,20.0,30.0,20.0,100.0,DMU,66.66666666666666
stu_54090e564d540a39781a1a73b45d85ba,,P,2021,20.0,20.0,40.0,20.0,100.0,DMU,66.66666666666666
stu_9745c5170b2abfbeb39432a860cd0b12,,P,2021,30.0,20.0,40.0,10.0,100.0,DMU,66.66666666666666
stu_84d5bd20e7dc3cab82e6c42b0bf9b1ab,,P,2021,20.0,20.0,40.0,20.0,100.0,DMU,66.66666666666666
stu_ef4f3051ae7ddd682606bd9ba1762626,,P,2021,40.0,20.0,40.0,0.0,100.0,DMU,66.66666666666666
stu_3d4b20684a2636846a0c07d926874ab5,Ingeniería Industrial,P,2021,10.0,20.0,40.0,30.0,100.0,DMU,66.66666666666666
stu_bb65986eb2b3a12570c0220590499d9c,,P,2021,40.0,20.0,30.0,10.0,100.0,DMU,66.66666666666666
stu_747dc24db7fa1c040673bbbb997dcfce,,P,2021,30.0,20.0,40.0,10.0,100.0,DMU,66.66666666666666
stu_48cf681ce9ceed8af90a81aab75d6c59,,P,2021,40.0,20.0,30.0,10.0,100.0,DMU,66.66666666666666
stu_8886125dd7c79a9a44978613ac79dc75,Actuaría,P,2021,30.0,20.0,30.0,20.0,100.0,DMU,66.66666666666666
stu_90d8d461e048d3c492746f7cbebaa795,,P,2021,20.0,20.0,40.0,20.0,100.0,DMU,66.66666666666666
stu_6ba50a336f0badd65e7a9dc5c5d3d186,,P,2021,30.0,20.0,40.0,10.0,100.0,DMU,66.66666666666666
stu_bb398e1a91b161b604ab4f72f089d46d,,P,2021,10.0,20.0,40.0,20.0,90.0,DMU,60.0
stu_bfb01da4b5da588d88cb863ae967e67d,,P,2021,20.0,30.0,40.0,0.0,90.0,DMU,60.0
stu_edc90a1fdf47227cab834e14b37be87c,,P,2021,30.0,40.0,20.0,0.0,90.0,DMU,60.0
stu_a34a11f9c03259970062fb20103bf53c,,P,2021,30.0,30.0,20.0,10.0,90.0,DMU,60.0
stu_c2eb65bb37c24e11f6a19d3cfdbde341,Economía,P,2021,20.0,20.0,40.0,10.0,90.0,DMU,60.0
stu_9eebe08f8e59d5eef03cc40262deb1c3,,P,2021,30.0,10.0,40.0,10.0,90.0,DMU,60.0
stu_9ee6e8c77e200efdd9635f4cf03921e4,Biología,P,2021,30.0,30.0,20.0,10.0,90.0,DMU,60.0
stu_93a2bb9fcee75d066534aa7d8c76ea30,Actuaría,P,2021,40.0,30.0,0.0,20.0,90.0,DMU,60.0
stu_7cd6381d82830fd3e0ae69b779e808e6,,P,2021,40.0,20.0,10.0,20.0,90.0,DMU,60.0
stu_92a0ee201b3da297c01d34b27156c3b8,,P,2021,10.0,10.0,40.0,30.0,90.0,DMU,60.0
stu_cff32d8892597a7a97b14d3c199098c6,,P,2021,40.0,10.0,30.0,10.0,90.0,DMU,60.0
stu_feaebeac1c44f803453526ed97360708,,P,2021,30.0,10.0,30.0,20.0,90.0,DMU,60.0
stu_b236f178aae6131f0ac95540c821cf36,,P,2021,30.0,10.0,40.0,10.0,90.0,DMU,60.0
stu_6fed08fb51c977908464f9052ddf56aa,,P,2021,20.0,20.0,30.0,20.0,90.0,DMU,60.0
stu_7709df07c92a75c6f2f18656e59a68fd,,P,2021,20.0,20.0,40.0,10.0,90.0,DMU,60.0
stu_d751844e8af8e3392be8561657e6d4d5,Ingeniería en Industrias Alimentarias,P,2021,30.0,10.0,30.0,20.0,90.0,DMU,60.0
stu_e7649390eb5e23c5e30cc51d829afaff,Ingeniería Mecatrónica,P,2021,30.0,30.0,10.0,20.0,90.0,DMU,60.0
stu_8f68f0638c7c192cbea0363b6e52b7a5,,P,2021,40.0,10.0,30.0,10.0,90.0,DMU,60.0
stu_faa38ca72d6fa5305386a8a7253647db,Ingeniería Civil,P,2021,20.0,30.0,30.0,10.0,90.0,DMU,60.0
stu_7fb9e1a14449c09c21a04e90a3ff1c29,,P,2021,10.0,20.0,40.0,20.0,90.0,DMU,60.0
stu_7c02f9c899df27f52166290371b7291e,Estrategias Financieras y Contaduría Pública,P,2021,20.0,40.0,20.0,10.0,90.0,DMU,60.0
stu_299464c1f207efa6495eccd06dfe3973,,P,2021,40.0,20.0,30.0,0.0,90.0,DMU,60.0
stu_623813ec2600ec8380871eca0be1b83a,Mercadotecnia,P,2021,20.0,30.0,20.0,20.0,90.0,DMU,60.0
stu_c01521cf58a9aea9f6de6b2289abc33a,Ingeniería Mecánica,P,2021,30.0,30.0,20.0,10.0,90.0,DMU,60.0
stu_338e24ec73bc1cd414319e0de8170081,,P,2021,30.0,20.0,40.0,0.0,90.0,DMU,60.0
stu_802c2382b7f87773c9b65e2531d10e0c,,P,2021,30.0,20.0,30.0,10.0,90.0,DMU,60.0
stu_0335db39946cba626d18ce925ff5037d,,P,2021,30.0,0.0,40.0,20.0,90.0,DMU,60.0
stu_8bfbee28634b5a99b509617ea583646d,,P,2021,20.0,20.0,30.0,20.0,90.0,DMU,60.0
stu_a89617c30975c6c7bbb2f8ea5ffa2e60,,P,2021,30.0,20.0,40.0,0.0,90.0,DMU,60.0
stu_71540043259ed99af37c89885bc74dff,,P,2021,20.0,40.0,20.0,10.0,90.0,DMU,60.0
stu_7ff74d8df289fa1388530e43aa895e07,,P,2021,30.0,20.0,20.0,20.0,90.0,DMU,60.0
stu_727f3191ca70d652203987e3c3f78c2f,Nanotecnología e Ingeniería Molecular,P,2021,40.0,20.0,20.0,10.0,90.0,DMU,60.0
stu_da1976af7585395b997360e2b884ba9a,,P,2021,30.0,10.0,30.0,20.0,90.0,DMU,60.0
stu_754238cc1b006dce484ded56326babc7,,P,2021,40.0,0.0,30.0,20.0,90.0,DMU,60.0
stu_2c28cb182a8782892a64af4e518486c9,Ingeniería Mecatrónica,P,2021,30.0,20.0,30.0,10.0,90.0,DMU,60.0
stu_5d13e3ef5f2264dbfc244397974e5a66,,P,2021,30.0,30.0,20.0,10.0,90.0,DMU,60.0
stu_a8006096f0358d17348361299cefdc12,,P,2021,30.0,20.0,40.0,0.0,90.0,DMU,60.0
stu_245985da04ac35bdb45a56eea0066779,,P,2021,30.0,10.0,40.0,10.0,90.0,DMU,60.0
stu_1a8c847c20419dc4d7071204ded7e7aa,Estrategias Financieras y Contaduría Pública,P,2021,40.0,20.0,30.0,0.0,90.0,DMU,60.0
stu_2f50cb83477bca434d8b12e23bc9d623,,P,2021,20.0,20.0,30.0,20.0,90.0,DMU,60.0
stu_49ca0d8c30bf44c15f5e4eb8c7f743a9,,P,2021,40.0,20.0,20.0,10.0,90.0,DMU,60.0
stu_729b7033fccf0c2dc2db5a83cf733a6f,Ingeniería Industrial,P,2021,30.0,30.0,20.0,10.0,90.0,DMU,60.0
stu_2c0e0120cf3218694105d021bdcc7d07,,P,2021,10.0,30.0,30.0,20.0,90.0,DMU,60.0
stu_2df25ac4951605a7587d09bd7d25555b,,P,2021,30.0,30.0,30.0,0.0,90.0,DMU,60.0
stu_8d3e682ebb33c5b40d4dd2323e1b451a,,P,2021,30.0,30.0,20.0,10.0,90.0,DMU,60.0
stu_ef215740b993d346bdef354a6405ff53,,P,2021,30.0,30.0,10.0,20.0,90.0,DMU,60.0
stu_b17d174f89e011be63d0b8526ccba80d,,P,2021,40.0,30.0,10.0,10.0,90.0,DMU,60.0
stu_e86a3098a3394c8eae8b148f32a856b0,,P,2021,30.0,20.0,20.0,20.0,90.0,DMU,60.0
stu_0102a2a8eeedcdb1970f08cd664dc1b5,Ingeniería Mecatrónica,P,2021,30.0,20.0,30.0,10.0,90.0,DMU,60.0
stu_68d5b651ec04839dfc4fc6b815b8e55a,Mercadotecnia,P,2021,30.0,20.0,20.0,20.0,90.0,DMU,60.0
stu_82147a6f87967541989449b454609499,,P,2021,30.0,30.0,20.0,10.0,90.0,DMU,60.0
stu_fc36cab77b887b81e11aa00dc2fd43c3,,P,2021,20.0,30.0,40.0,0.0,90.0,DMU,60.0
stu_cc0e3e8935a4b842b79647fc284c9733,,P,2021,20.0,10.0,40.0,20.0,90.0,DMU,60.0
stu_0f0e86ab484a468718e487849e65d3f0,,P,2021,30.0,10.0,40.0,10.0,90.0,DMU,60.0
stu_15d20d35cedbb93bed027be56b42aadc,,P,2021,10.0,20.0,40.0,20.0,90.0,DMU,60.0
stu_3fa8e765722b737db5e39612507589dc,Ingeniería Biomédica,P,2021,10.0,30.0,30.0,20.0,90.0,DMU,60.0
stu_cb5d309f7e338ae49370940371d7e778,Física,P,2021,20.0,20.0,30.0,20.0,90.0,DMU,60.0
stu_ab2a1e5f5a408fbe41fbd499511f5538,,P,2021,20.0,20.0,30.0,20.0,90.0,DMU,60.0
stu_539a6f2a0d32fbd15d02472bf7fbf3b5,,P,2021,30.0,20.0,30.0,10.0,90.0,DMU,60.0
stu_d1d3f0bed4a97a06736f8900a5198aa0,,P,2021,20.0,30.0,30.0,10.0,90.0,DMU,60.0
stu_6f84458e0f1f3cf167586a138919b9bf,Economía,P,2021,30.0,30.0,10.0,10.0,80.0,DMU,53.33333333333334
stu_74a64a0e1e020bfcb3337b02dc8ca1be,Mercadotecnia,P,2021,20.0,20.0,40.0,,80.0,DMU,53.33333333333334
stu_5c698c894de2ca4a316f1180df677a86,,P,2021,40.0,0.0,40.0,0.0,80.0,DMU,53.33333333333334
stu_604fd23cf313e389a75bad4f609d0dfb,Bioquímica Clínica,P,2021,20.0,20.0,30.0,10.0,80.0,DMU,53.33333333333334
stu_60db34761f803d0ae644c1e2dda0615a,Biología,P,2021,20.0,30.0,20.0,10.0,80.0,DMU,53.33333333333334
stu_472eaf451b3d0d23b8d68fe1fa092eb6,Ingeniería Industrial,P,2021,40.0,10.0,10.0,20.0,80.0,DMU,53.33333333333334
stu_610f1f636abbd812ca28dcdd3b1ba1de,Ingeniería Ambiental,P,2021,30.0,10.0,30.0,10.0,80.0,DMU,53.33333333333334
stu_5d292505c3ac054d8feaf8119e46c9be,,P,2021,20.0,20.0,20.0,20.0,80.0,DMU,53.33333333333334
stu_67704084046a045b020da47860b48c8a,,P,2021,30.0,20.0,20.0,10.0,80.0,DMU,53.33333333333334
stu_3673af147d28d06b22a2bfc7c24c6bb7,Banca e Inversiones,P,2021,20.0,10.0,40.0,10.0,80.0,DMU,53.33333333333334
stu_2da595b0b44faebcd5c360e128044a62,,P,2021,20.0,20.0,30.0,10.0,80.0,DMU,53.33333333333334
stu_6c47a6a6bf0930985397d702689073f1,Economía,P,2021,30.0,20.0,30.0,0.0,80.0,DMU,53.33333333333334
stu_0b36b265fbb0619b1340dc3164a1a986,,P,2021,20.0,40.0,10.0,10.0,80.0,DMU,53.33333333333334
stu_a789a23654a0e81e9fbdace05314e496,Actuaría,P,2021,10.0,20.0,40.0,10.0,80.0,DMU,53.33333333333334
stu_d7701d6533c27a28ccd57bde4c18afda,,P,2021,30.0,20.0,20.0,10.0,80.0,DMU,53.33333333333334
stu_9d23f42bee256bc24b78e2c1ede690d5,,P,2021,20.0,0.0,40.0,20.0,80.0,DMU,53.33333333333334
stu_53392551c3f9444a322164b2ad0d9618,,P,2021,10.0,40.0,20.0,10.0,80.0,DMU,53.33333333333334
stu_30e874e6ffe00ad725dc9049dfae7411,,P,2021,30.0,30.0,10.0,10.0,80.0,DMU,53.33333333333334
stu_75f9caaf0505309a28f6b0433bed13f8,Economía,P,2021,30.0,10.0,20.0,20.0,80.0,DMU,53.33333333333334
stu_3bea49c28fdc2ad3b9b6d8fc46bc031a,,P,2021,30.0,20.0,20.0,10.0,80.0,DMU,53.33333333333334
stu_da20d8443c6e86115ec01e44400bda42,Ingeniería Civil,P,2021,20.0,30.0,20.0,10.0,80.0,DMU,53.33333333333334
stu_2162e70d8e185009ee0977e16af3fe95,,P,2021,10.0,20.0,30.0,20.0,80.0,DMU,53.33333333333334
stu_edb39d2d5eb3e722983c36f890af8ec1,Ingeniería Civil,P,2021,30.0,30.0,20.0,0.0,80.0,DMU,53.33333333333334
stu_0ac16af1140704860328cbebd20b6b90,Ingeniería Biomédica,P,2021,20.0,20.0,30.0,10.0,80.0,DMU,53.33333333333334
stu_71f2c5b3739eb45851c8470c25cd340c,Administración de Empresas,P,2021,30.0,20.0,30.0,0.0,80.0,DMU,53.33333333333334
stu_b5a114cca6ef475bc0b0f0d832b49f17,,P,2021,20.0,20.0,30.0,10.0,80.0,DMU,53.33333333333334
stu_40198834c691f79a0a5f7761d753a4e1,Banca e Inversiones,P,2021,20.0,10.0,40.0,10.0,80.0,DMU,53.33333333333334
stu_5f3ee07f7b0b58233a1dd9d1045695fd,,P,2021,30.0,20.0,20.0,10.0,80.0,DMU,53.33333333333334
stu_52e62ccef00f6be0881fa7a437dfd69c,Ingeniería Industrial,P,2021,40.0,10.0,30.0,0.0,80.0,DMU,53.33333333333334
stu_cfc35e8612869adc44406fc8462c7d8a,,P,2021,20.0,20.0,10.0,30.0,80.0,DMU,53.33333333333334
stu_123714bfa4421348b93d459cf9ef5a0d,Nanotecnología e Ingeniería Molecular,P,2021,30.0,20.0,20.0,10.0,80.0,DMU,53.33333333333334
stu_a760c76930ade2e5d9410bcac301afbd,,P,2021,20.0,30.0,20.0,10.0,80.0,DMU,53.33333333333334
stu_620eee6cdc353545aaf3355c40237968,Ingeniería Industrial,P,2021,30.0,20.0,30.0,0.0,80.0,DMU,53.33333333333334
stu_6eec09019e9b11c1d0f0dd61a3ca25f1,Ingeniería Química,P,2021,10.0,30.0,30.0,10.0,80.0,DMU,53.33333333333334
stu_a001179a83c354802a521e3d250fc8fd,,P,2021,20.0,20.0,40.0,0.0,80.0,DMU,53.33333333333334
stu_4ccdcc3d4f832568d4ab703766e28725,,P,2021,20.0,10.0,30.0,20.0,80.0,DMU,53.33333333333334
stu_e39ee7d5adb2c31f5c47fe51e83533af,,P,2021,20.0,10.0,30.0,20.0,80.0,DMU,53.33333333333334
stu_c27e71b164e25450a847bc66c6fe96f3,,P,2021,20.0,10.0,30.0,20.0,80.0,DMU,53.33333333333334
stu_7a43980c8ad6fe674395bff1e321fca0,Física,P,2021,30.0,20.0,20.0,10.0,80.0,DMU,53.33333333333334
stu_44437d76cfc73544e3119bde34ef8b31,,P,2021,30.0,10.0,30.0,10.0,80.0,DMU,53.33333333333334
stu_35988e5c94a953ae992d5e0bb4b3218f,,P,2021,40.0,20.0,20.0,0.0,80.0,DMU,53.33333333333334
stu_6e070324c2fc9ca3cfd4f9600d4a534a,Estrategias Financieras y Contaduría Pública,P,2021,20.0,10.0,30.0,20.0,80.0,DMU,53.33333333333334
stu_0e50e966465ea64248ed14f3452b63ba,Economía,P,2021,40.0,10.0,30.0,0.0,80.0,DMU,53.33333333333334
stu_3be83075e5b160565cac28d04e9b14c8,,P,2021,20.0,20.0,30.0,10.0,80.0,DMU,53.33333333333334
stu_cc9220f8584b922084da95eacb9436be,Actuaría,P,2021,20.0,30.0,10.0,20.0,80.0,DMU,53.33333333333334
stu_82160d985843016ab929591d8ec9afff,,P,2021,10.0,30.0,20.0,20.0,80.0,DMU,53.33333333333334
stu_161fb9d547ea4ae00404b13b6f827cfa,,P,2021,30.0,10.0,30.0,10.0,80.0,DMU,53.33333333333334
stu_6ee5742559ee6814343e88e91f9d6e72,Bioquímica Clínica,P,2021,20.0,20.0,30.0,0.0,70.0,DMU,46.66666666666666
stu_8829f6c3d531a47dadad50d3049a7c36,,P,2021,20.0,20.0,10.0,20.0,70.0,DMU,46.66666666666666
stu_f24b881004c0379ba41da637c391bcfe,,P,2021,30.0,10.0,10.0,20.0,70.0,DMU,46.66666666666666
stu_3b51e96eceb368dac89d9d4872451e4e,Administración de Negocios Internacionales,P,2021,40.0,0.0,30.0,0.0,70.0,DMU,46.66666666666666
stu_c07ee0434bd187e3261d72b1e2ed0a46,,P,2021,20.0,0.0,40.0,10.0,70.0,DMU,46.66666666666666
stu_4bd0babe30556f3148bf0eea30bdc9b3,,P,2021,30.0,10.0,20.0,10.0,70.0,DMU,46.66666666666666
stu_8cb2923f275067f115f1724bced61f9f,,P,2021,30.0,0.0,20.0,20.0,70.0,DMU,46.66666666666666
stu_66f0c4094444693a2975a50cfe52a550,,P,2021,20.0,20.0,20.0,10.0,70.0,DMU,46.66666666666666
stu_2b21b3eba4932bc5316c8f1400e9c423,,P,2021,30.0,10.0,20.0,10.0,70.0,DMU,46.66666666666666
stu_7c5ac8e28f77d20ea0836576a9c0b68e,,P,2021,20.0,20.0,20.0,10.0,70.0,DMU,46.66666666666666
stu_e2599ed2f434aeb1d05dd0020c8b57c1,Ingeniería Ambiental,P,2021,20.0,20.0,30.0,0.0,70.0,DMU,46.66666666666666
stu_0ce9ccb51982177721ab92137feafe8f,Ingeniería Química,P,2021,30.0,20.0,20.0,0.0,70.0,DMU,46.66666666666666
stu_b437084c98db0df3550b9fbb0cee0a18,,P,2021,20.0,20.0,20.0,10.0,70.0,DMU,46.66666666666666
stu_394e54efaeb2bbde72e1a0b6ff699ce8,,P,2021,10.0,20.0,30.0,10.0,70.0,DMU,46.66666666666666
stu_5e3cce2195ba78edd49063b3bbdcab72,,P,2021,30.0,10.0,10.0,20.0,70.0,DMU,46.66666666666666
stu_964e3b62075eeda5ca65cf846940da0e,,P,2021,40.0,20.0,10.0,0.0,70.0,DMU,46.66666666666666
stu_1c402dcef040b52aaf26da64b6722277,,P,2021,20.0,10.0,30.0,10.0,70.0,DMU,46.66666666666666
stu_c7f7971c09eee4f7faaa99c0060fd204,Administración de Empresas,P,2021,30.0,20.0,10.0,10.0,70.0,DMU,46.66666666666666
stu_6eb0e019135cee267586bf7dc44745e0,,P,2021,20.0,20.0,30.0,0.0,70.0,DMU,46.66666666666666
stu_da829b5eacf5fd7d40214d0a99fe8ece,,P,2021,20.0,40.0,0.0,10.0,70.0,DMU,46.66666666666666
stu_895de8c4c3730cfcdb79b4547f4b07ed,,P,2021,20.0,30.0,10.0,10.0,70.0,DMU,46.66666666666666
stu_b1747865f6a28412415b17e314ba0e24,,P,2021,30.0,20.0,10.0,10.0,70.0,DMU,46.66666666666666
stu_c473a3fed9e5f51aa130183731d8d08f,,P,2021,30.0,0.0,20.0,20.0,70.0,DMU,46.66666666666666
stu_ff807c30cbd472d8f7987b77dce11b6d,,P,2021,10.0,30.0,10.0,20.0,70.0,DMU,46.66666666666666
stu_b3ec8f2af77ca69c1c56448cdbcdf3bf,,P,2021,20.0,20.0,30.0,0.0,70.0,DMU,46.66666666666666
stu_677a144727e35ddaf836259de4406722,Administración de Empresas,P,2021,20.0,20.0,30.0,0.0,70.0,DMU,46.66666666666666
stu_777c689ae686bf6fe4bc04ac929ecff1,Administración de Empresas,P,2021,20.0,0.0,40.0,10.0,70.0,DMU,46.66666666666666
stu_74f6fde0c2915553302114dc645f32b6,Actuaría,P,2021,20.0,30.0,10.0,10.0,70.0,DMU,46.66666666666666
stu_e95a981fe423706d1fe05fb320eab65c,,P,2021,20.0,20.0,10.0,10.0,60.0,DMU,40.0
stu_7519c019fac0e88b1a8a5381ccf04c21,,P,2021,20.0,20.0,10.0,10.0,60.0,DMU,40.0
stu_1b36ac246e98b0d0cf7768a72418f255,,P,2021,10.0,10.0,20.0,20.0,60.0,DMU,40.0
stu_22c5fbbf42a92713d72401611ef5fae6,,P,2021,20.0,30.0,10.0,0.0,60.0,DMU,40.0
stu_d3dbe8742949a3f656972acb84461891,Mercadotecnia,P,2021,30.0,30.0,0.0,0.0,60.0,DMU,40.0
stu_8815ab3382eec2a0519eede8c92fd8f2,,P,2021,0.0,20.0,30.0,10.0,60.0,DMU,40.0
stu_4ded560fccdf662db79ce02ceec992f3,,P,2021,20.0,10.0,10.0,20.0,60.0,DMU,40.0
stu_b3645983b03e4aed14a5abac05f26359,,P,2021,20.0,20.0,10.0,10.0,60.0,DMU,40.0
stu_700b8e0f5d25507055984c946cdd930f,,P,2021,20.0,10.0,20.0,10.0,60.0,DMU,40.0
stu_864b09c781cb610472a2eb6b29d5f8f1,Ingeniería en Logística y Cadena de Suministros,P,2021,0.0,20.0,20.0,20.0,60.0,DMU,40.0
stu_961caa94097d8f8339ff08af7cea881a,Ingeniería Química,P,2021,30.0,10.0,10.0,10.0,60.0,DMU,40.0
stu_14de3c020e4379c807ea9e8511263556,,P,2021,30.0,20.0,0.0,10.0,60.0,DMU,40.0
stu_ede14ffbbc89f5b888ae1008879d153f,,P,2021,0.0,20.0,30.0,10.0,60.0,DMU,40.0
stu_7045d99bb3bcaf528e0eae92ef4b83d0,,P,2021,20.0,20.0,10.0,10.0,60.0,DMU,40.0
stu_b9708d0f5696e1c534bea019f4a84063,,P,2021,20.0,20.0,20.0,0.0,60.0,DMU,40.0
stu_a3af649b102d6839ab4dedd8ef81d238,,P,2021,10.0,20.0,20.0,10.0,60.0,DMU,40.0
stu_426b66c166dcd0c367da23b346a12212,Estrategias Financieras y Contaduría Pública,P,2021,0.0,20.0,20.0,20.0,60.0,DMU,40.0
stu_f925b4e3c314e2efda8d6d45d3bff012,,P,2021,20.0,10.0,20.0,10.0,60.0,DMU,40.0
stu_df886ed643cbe232eddc939a63a6c378,Actuaría,P,2021,30.0,10.0,20.0,0.0,60.0,DMU,40.0
stu_053785610dd9a87d2f9984de8ec8f2fa,Actuaría,P,2021,30.0,10.0,0.0,10.0,50.0,DMU,33.33333333333333
stu_342509e7623e4f617a584bd288950d81,,P,2021,20.0,10.0,0.0,20.0,50.0,DMU,33.33333333333333
stu_5de677e5113c71748a7f4183226e5171,Administración de Empresas,P,2021,10.0,10.0,10.0,20.0,50.0,DMU,33.33333333333333
stu_5674164dd73fa5e314564b88e18c2cdf,,P,2021,20.0,10.0,0.0,20.0,50.0,DMU,33.33333333333333
stu_b4690c57fe3125a05a26692e33b3598f,,P,2021,0.0,20.0,10.0,20.0,50.0,DMU,33.33333333333333
stu_9ab568565f6b90add7919fd3383c183c,Biología,P,2021,10.0,10.0,10.0,20.0,50.0,DMU,33.33333333333333
stu_3a7854bc92fc00662728efa346e3cda2,Banca e Inversiones,P,2021,10.0,10.0,20.0,10.0,50.0,DMU,33.33333333333333
stu_02694dad15f5221967d56a91a86bd428,,P,2021,20.0,20.0,10.0,0.0,50.0,DMU,33.33333333333333
stu_026248e13b18e41302a1e647cf624621,,P,2021,20.0,10.0,0.0,20.0,50.0,DMU,33.33333333333333
stu_7d767deee7297387baa7aaf211352779,,P,2021,10.0,0.0,30.0,10.0,50.0,DMU,33.33333333333333
stu_530ce2e1b0a78bdeeadf80a29a732451,,P,2021,20.0,10.0,0.0,10.0,40.0,DMU,26.66666666666667
stu_f7a0b25f73ef30d563e62d4a0e340540,,P,2021,0.0,20.0,10.0,10.0,40.0,DMU,26.66666666666667
stu_4470a46000aa7195d65f6b4379d8f2b7,Administración de Empresas,P,2021,0.0,0.0,20.0,20.0,40.0,DMU,26.66666666666667
stu_ef43abf03de9cc89edad46d79de1b3e9,,P,2021,10.0,10.0,10.0,10.0,40.0,DMU,26.66666666666667
stu_abcdaa5be52346f9808a5198ebe2bc20,Banca e Inversiones,P,2021,20.0,0.0,20.0,0.0,40.0,DMU,26.66666666666667
stu_6b9152923af821b661d5c40d89190a26,,P,2021,0.0,20.0,20.0,0.0,40.0,DMU,26.66666666666667
stu_30ffc9f579963a5c8a837c1b55e96b71,Estrategias Financieras y Contaduría Pública,P,2021,20.0,10.0,0.0,0.0,30.0,DMU,20.0
stu_81d254a6208a299863048a6c45920a27,,P,2022,40.0,40.0,40.0,30.0,150.0,DMU,100.0
stu_22d03037b661238b7748b4f92a758710,,P,2022,40.0,40.0,40.0,30.0,150.0,DMU,100.0
stu_3b1ae6ae2fe1ea2647afa01fab8027b5,Física,P,2022,40.0,40.0,40.0,30.0,150.0,DMU,100.0
stu_4917cf9b3861ed3b9dc20dd3904815c6,Actuaría,P,2022,40.0,40.0,40.0,30.0,150.0,DMU,100.0
stu_f332b6c99a23ef5227210bf98a62d131,Banca e Inversiones,P,2022,40.0,40.0,40.0,30.0,150.0,DMU,100.0
stu_dda6b62a693936ea4e14ad8a374a2857,Ingeniería Mecatrónica,P,2022,40.0,40.0,40.0,30.0,150.0,DMU,100.0
stu_2bc033f522b5acab9e926b1dade3828a,,P,2022,40.0,40.0,40.0,30.0,150.0,DMU,100.0
stu_317686b7ef9648f35bd8cd66af35f6b1,,P,2022,40.0,40.0,40.0,30.0,150.0,DMU,100.0
stu_f5b180b7c50331467271f613196edbd3,,P,2022,40.0,40.0,40.0,30.0,150.0,DMU,100.0
stu_e89b0b0dee4a8e82ed0af107560ce429,,P,2022,40.0,40.0,40.0,30.0,150.0,DMU,100.0
stu_40329bfa6ecb587dde7f8e8ae2cfccca,,P,2022,40.0,40.0,40.0,30.0,150.0,DMU,100.0
stu_6679ebd33ee363b455ae2337f7406cfd,Estrategias Financieras y Contaduría Pública,P,2022,40.0,40.0,40.0,30.0,150.0,DMU,100.0
stu_3fa7b2154dd23cee3d9d35a761850f4f,,P,2022,40.0,40.0,40.0,30.0,150.0,DMU,100.0
stu_8e4a698ea10cf3b086d7a4df43e6f66a,Ingeniería Mecatrónica,P,2022,40.0,40.0,40.0,20.0,140.0,DMU,93.33333333333333
stu_bada3e8774127022b437928c60209027,Actuaría,P,2022,40.0,40.0,40.0,20.0,140.0,DMU,93.33333333333333
stu_657100c29ba42cac3d047fb496fc8d58,,P,2022,40.0,30.0,40.0,30.0,140.0,DMU,93.33333333333333
stu_754a9ff91482cc892613e0ac265dce57,Ingeniería Mecatrónica,P,2022,40.0,40.0,40.0,20.0,140.0,DMU,93.33333333333333
stu_5ce4c8862fb4131fa8e69d3b822744ba,Ingeniería Química,P,2022,40.0,40.0,30.0,30.0,140.0,DMU,93.33333333333333
stu_84598b6703b65069008a267f37152afc,,P,2022,40.0,40.0,40.0,20.0,140.0,DMU,93.33333333333333
stu_fa0b07dcd3ca8b1ee7e0c145572a12fd,,P,2022,40.0,40.0,40.0,20.0,140.0,DMU,93.33333333333333
stu_7b93062777545420bde0379821aa3d32,,P,2022,40.0,40.0,40.0,20.0,140.0,DMU,93.33333333333333
stu_b0516312e45528cc28091114aec4d336,,P,2022,40.0,30.0,40.0,30.0,140.0,DMU,93.33333333333333
stu_41f75b6bab8687d67e3bf89b204cc294,,P,2022,40.0,30.0,40.0,30.0,140.0,DMU,93.33333333333333
stu_b5ad2ab1a5bc1b6147edffe1316f0d8c,,P,2022,40.0,40.0,30.0,30.0,140.0,DMU,93.33333333333333
stu_422a7312d12874367c0007f9c4a86582,,P,2022,40.0,30.0,40.0,30.0,140.0,DMU,93.33333333333333
stu_0c343fb881f292fd87fdd1f5ec301fa1,Ingeniería Biomédica,P,2022,40.0,40.0,30.0,30.0,140.0,DMU,93.33333333333333
stu_8c1c71707f5b71b72b324be5878e45a3,,P,2022,40.0,30.0,40.0,30.0,140.0,DMU,93.33333333333333
stu_32795d675d7c71691b5f5e7c3bb84615,,P,2022,30.0,40.0,40.0,30.0,140.0,DMU,93.33333333333333
stu_23d58156f5075bea6b8d5d8b8ea177b0,Banca e Inversiones,P,2022,40.0,40.0,40.0,20.0,140.0,DMU,93.33333333333333
stu_65de6e5afdc91ada7e5f0b68002c9b60,Mercadotecnia,P,2022,40.0,40.0,40.0,20.0,140.0,DMU,93.33333333333333
stu_53ff3c194c0f21ac799a72d4a7e66bd9,,P,2022,40.0,40.0,40.0,20.0,140.0,DMU,93.33333333333333
stu_547162994bd4badbbcc1734952311b9a,,P,2022,30.0,40.0,40.0,30.0,140.0,DMU,93.33333333333333
stu_a538778a90b88b642c54f0450979eac0,,P,2022,40.0,40.0,40.0,20.0,140.0,DMU,93.33333333333333
stu_25ba9038c06026a6ada555d5128b6e32,Actuaría,P,2022,40.0,40.0,40.0,20.0,140.0,DMU,93.33333333333333
stu_85af4c46c9e1960f858431927f2ed54d,Ingeniería Química,P,2022,40.0,40.0,40.0,20.0,140.0,DMU,93.33333333333333
stu_3520a6c1745b5a920eeb2b76cd736419,Ingeniería en Sistemas Computacionales,P,2022,40.0,30.0,40.0,30.0,140.0,DMU,93.33333333333333
stu_02ed52f6e8c17f3796ad7816d7926111,,P,2022,40.0,40.0,40.0,20.0,140.0,DMU,93.33333333333333
stu_52765d343eb15747cd4fc13d9b9bb462,Física,P,2022,40.0,30.0,40.0,30.0,140.0,DMU,93.33333333333333
stu_ca8adedf31138e8d090b0eebbc600b90,,P,2022,40.0,30.0,40.0,30.0,140.0,DMU,93.33333333333333
stu_d6542ae62dc09f9a7ac38473f9d8ab11,,P,2022,30.0,40.0,40.0,30.0,140.0,DMU,93.33333333333333
stu_75b047747615954c83290cea24eca038,Ingeniería Química,P,2022,40.0,40.0,40.0,20.0,140.0,DMU,93.33333333333333
stu_ac42f9bbb148a238c1a1813ecf7153dc,Estrategias Financieras y Contaduría Pública,P,2022,40.0,30.0,40.0,30.0,140.0,DMU,93.33333333333333
stu_29ec68dc625460c3c842e31d30d6963d,Nanotecnología e Ingeniería Molecular,P,2022,40.0,30.0,40.0,30.0,140.0,DMU,93.33333333333333
stu_9de6b4c53d74baf9135c9d76d0629749,,P,2022,40.0,40.0,40.0,20.0,140.0,DMU,93.33333333333333
stu_ba28a0fcc49c616825ad7bf1c3c0843f,,P,2022,40.0,30.0,40.0,30.0,140.0,DMU,93.33333333333333
stu_820b00554579550e6781d15e6f09b2f5,Nanotecnología e Ingeniería Molecular,P,2022,40.0,40.0,40.0,20.0,140.0,DMU,93.33333333333333
stu_0153797ac3232e1e20afc5e0f3fefaaf,Ciencia de datos,P,2022,40.0,40.0,40.0,20.0,140.0,DMU,93.33333333333333
stu_dd237c1f11e16f885284a294e0839cd9,,P,2022,40.0,30.0,40.0,30.0,140.0,DMU,93.33333333333333
stu_c2373f9f8405691391455e83fe18388f,Actuaría,P,2022,30.0,40.0,40.0,30.0,140.0,DMU,93.33333333333333
stu_b83f45727ddd53a783ba9c428a9dc777,Bioquímica Clínica,P,2022,40.0,30.0,40.0,30.0,140.0,DMU,93.33333333333333
stu_df9665db81c58d1c07ccabb726b0f282,Nanotecnología e Ingeniería Molecular,P,2022,40.0,30.0,40.0,30.0,140.0,DMU,93.33333333333333
stu_b9bfaec2378c3f79eb6d5a1bb2e00488,,P,2022,40.0,40.0,40.0,20.0,140.0,DMU,93.33333333333333
stu_028ce69c5a596e6f5884b90a72714df6,,P,2022,40.0,40.0,40.0,20.0,140.0,DMU,93.33333333333333
stu_25915cac20c58bef1b1b95986cc8081d,,P,2022,40.0,40.0,40.0,20.0,140.0,DMU,93.33333333333333
stu_d64ecf57209a845173b0af7f869061d1,,P,2022,40.0,40.0,40.0,20.0,140.0,DMU,93.33333333333333
stu_1ff4f579669607fdadfc13d8ce70a3eb,,P,2022,40.0,30.0,40.0,30.0,140.0,DMU,93.33333333333333
stu_375a866224b2c6faf61fc144965b3e72,,P,2022,40.0,30.0,40.0,30.0,140.0,DMU,93.33333333333333
stu_b2ce71903b1d7e3b1b40cecb0ec4a3fc,Estrategias Financieras y Contaduría Pública,P,2022,30.0,40.0,40.0,30.0,140.0,DMU,93.33333333333333
stu_c6914300f6448e2f47e13f9d3a7f1f34,Física,P,2022,40.0,40.0,30.0,20.0,130.0,DMU,86.66666666666667
stu_20ebb3aab1a8b5d4322cef2808296485,Ingeniería Industrial,P,2022,30.0,40.0,40.0,20.0,130.0,DMU,86.66666666666667
stu_5f29d818a050df30ae084fb831543f18,Administración de Negocios Internacionales,P,2022,40.0,40.0,40.0,10.0,130.0,DMU,86.66666666666667
stu_606dc5824d3d236e374ded0640cf10cc,Actuaría,P,2022,40.0,30.0,40.0,20.0,130.0,DMU,86.66666666666667
stu_1e26b52d032150cd78cd21712e24a9ed,,P,2022,40.0,30.0,40.0,20.0,130.0,DMU,86.66666666666667
stu_613cda9457aab5ebb14cf20c28fc751a,,P,2022,40.0,30.0,40.0,20.0,130.0,DMU,86.66666666666667
stu_4e8e67654f9244efdc2c24cc7e6a42cf,Física,P,2022,30.0,30.0,40.0,30.0,130.0,DMU,86.66666666666667
stu_f295fc8a454f60da0d98b3f4ed564f37,Nanotecnología e Ingeniería Molecular,P,2022,30.0,40.0,40.0,20.0,130.0,DMU,86.66666666666667
stu_40ab0e391e8de116a0b94e259ba7bb8c,,P,2022,40.0,30.0,30.0,30.0,130.0,DMU,86.66666666666667
stu_9162898aeb94ec26c1f1f74745d393d6,,P,2022,30.0,40.0,40.0,20.0,130.0,DMU,86.66666666666667
stu_05bec5295c6d8ed600822c21da2046af,,P,2022,40.0,30.0,40.0,20.0,130.0,DMU,86.66666666666667
stu_059742f1f4f737374559a3fb158ac5bc,,P,2022,40.0,30.0,40.0,20.0,130.0,DMU,86.66666666666667
stu_b266eb7b024e071e8e5b3311f77a0013,,P,2022,40.0,40.0,40.0,10.0,130.0,DMU,86.66666666666667
stu_4a4892d34183eca32c2391607e651415,Químico Farmacéutico Biólogo,P,2022,40.0,30.0,40.0,20.0,130.0,DMU,86.66666666666667
stu_9386fcb7888b48dd77078ea8ac12b5fc,,P,2022,40.0,40.0,40.0,10.0,130.0,DMU,86.66666666666667
stu_0745d68c40cfcf7e7862f52da1e8afa4,Administración de Empresas,P,2022,40.0,20.0,40.0,30.0,130.0,DMU,86.66666666666667
stu_06f7251e8b868de31e380e9d924701d4,Física,P,2022,40.0,40.0,40.0,10.0,130.0,DMU,86.66666666666667
stu_715923348fcd49d6faa176405483dc53,,P,2022,40.0,30.0,40.0,20.0,130.0,DMU,86.66666666666667
stu_62a3fbc78b895bcf853e62db33adad17,Física,P,2022,40.0,30.0,40.0,20.0,130.0,DMU,86.66666666666667
stu_4106310f322608562bd2edec9f8e0518,Ingeniería Industrial,P,2022,40.0,30.0,40.0,20.0,130.0,DMU,86.66666666666667
stu_9151e1a5c6d97cec1f69fb2f821cafd9,,P,2022,40.0,30.0,40.0,20.0,130.0,DMU,86.66666666666667
stu_6e466b7615e37ae329392417a0b37248,Ingeniería en Sistemas Computacionales,P,2022,30.0,30.0,40.0,30.0,130.0,DMU,86.66666666666667
stu_b173b36aae88d4dbbf651426dac50610,,P,2022,40.0,30.0,40.0,20.0,130.0,DMU,86.66666666666667
stu_11c5c74f60457b2dd89e7a595053b818,,P,2022,40.0,30.0,40.0,20.0,130.0,DMU,86.66666666666667
stu_d4116ce408d6df15b6d32e48f19e4893,,P,2022,30.0,30.0,40.0,30.0,130.0,DMU,86.66666666666667
stu_d941885958fe6efa81c67d2db1f8fe62,,P,2022,40.0,30.0,40.0,20.0,130.0,DMU,86.66666666666667
stu_af3a98a001825f99d486f4708bb024bf,,P,2022,40.0,30.0,40.0,20.0,130.0,DMU,86.66666666666667
stu_5748451bdc1fee2f01fef70f259bb7db,,P,2022,40.0,30.0,40.0,20.0,130.0,DMU,86.66666666666667
stu_ba8c53f980660e639bf62f4e0b9d8664,Ingeniería en Sistemas Computacionales,P,2022,40.0,30.0,40.0,20.0,130.0,DMU,86.66666666666667
stu_1973c1d9e41003d65c7e4e36e21c8694,,P,2022,40.0,30.0,30.0,30.0,130.0,DMU,86.66666666666667
stu_e723cbea64e8918c5e6caf6b84a97705,,P,2022,40.0,30.0,40.0,20.0,130.0,DMU,86.66666666666667
stu_b72939952aacac7cdb6c38062036b71f,Ingeniería Biomédica,P,2022,40.0,40.0,40.0,10.0,130.0,DMU,86.66666666666667
stu_01aefd76243045c4eafb1a781656f478,,P,2022,30.0,30.0,40.0,30.0,130.0,DMU,86.66666666666667
stu_57d34f5ae5bee118a4fa4dacd7fec8cf,,P,2022,40.0,30.0,40.0,20.0,130.0,DMU,86.66666666666667
stu_15e834dde2d78040b968ffc5798d8777,,P,2022,40.0,30.0,40.0,20.0,130.0,DMU,86.66666666666667
stu_f10192ad07461ae78b25e1e5f09140cd,,P,2022,30.0,30.0,40.0,30.0,130.0,DMU,86.66666666666667
stu_7dfc561680f24344f8298d5a99771690,,P,2022,40.0,30.0,30.0,30.0,130.0,DMU,86.66666666666667
stu_deac3e6c215ca2182877cb7a78a53061,,P,2022,40.0,40.0,30.0,20.0,130.0,DMU,86.66666666666667
stu_0a38b6ba42b9127149608b74e5bbb26f,Ingeniería Mecánica,P,2022,30.0,40.0,40.0,20.0,130.0,DMU,86.66666666666667
stu_0328436ec2ac30fcb19640fda811e8a2,Ingeniería en Robótica y Telecomunicaciones,P,2022,40.0,40.0,20.0,30.0,130.0,DMU,86.66666666666667
stu_a7386ddeda77a4e013c0b180905dcb1e,Ingeniería Biomédica,P,2022,40.0,40.0,40.0,10.0,130.0,DMU,86.66666666666667
stu_78cae4191c9ddf412e050741a122411f,,P,2022,40.0,30.0,40.0,20.0,130.0,DMU,86.66666666666667
stu_4572b6b881b3ec944f2c8cf41bc95cc8,,P,2022,40.0,40.0,30.0,20.0,130.0,DMU,86.66666666666667
stu_15645d5665813551fb50d0e6e6e81d21,,P,2022,40.0,40.0,40.0,10.0,130.0,DMU,86.66666666666667
stu_f598a7c12bcc6d0060f734cda8a683c9,Ingeniería Mecatrónica,P,2022,40.0,30.0,40.0,20.0,130.0,DMU,86.66666666666667
stu_2b20d50c7873b30efb68c037f6a9dc46,Ingeniería Industrial,P,2022,40.0,40.0,40.0,10.0,130.0,DMU,86.66666666666667
stu_01a540d6808d700bbf418a1f395ca2b5,Administración de Negocios Internacionales,P,2022,40.0,30.0,40.0,20.0,130.0,DMU,86.66666666666667
stu_1ebbf7f9ea822c71f0175ad5c0cb14a4,Ciencia de datos,P,2022,40.0,30.0,40.0,20.0,130.0,DMU,86.66666666666667
stu_02c3913408580bfc8178baf4ccc47013,Ingeniería Mecatrónica,P,2022,40.0,30.0,40.0,20.0,130.0,DMU,86.66666666666667
stu_e100b90e8c2ea72d60618bf753d75859,Ingeniería Biomédica,P,2022,40.0,30.0,30.0,30.0,130.0,DMU,86.66666666666667
stu_4ccc41a2c28cca668a618d54bab47cc9,,P,2022,30.0,40.0,30.0,30.0,130.0,DMU,86.66666666666667
stu_b4f636c9c4877bb6cec0eafb6495ba5a,,P,2022,30.0,30.0,40.0,30.0,130.0,DMU,86.66666666666667
stu_8337d62b3f3c73402a379bd10c574ad9,,P,2022,40.0,40.0,40.0,10.0,130.0,DMU,86.66666666666667
stu_55566d813573c63aae1666076042ef53,,P,2022,40.0,30.0,40.0,20.0,130.0,DMU,86.66666666666667
stu_0b443d9a08704d30aba1a3a5cef7b7ad,,P,2022,40.0,30.0,40.0,20.0,130.0,DMU,86.66666666666667
stu_7cc84330e20c393262a159087e3f0423,Químico Farmacéutico Biólogo,P,2022,40.0,30.0,30.0,30.0,130.0,DMU,86.66666666666667
stu_40c3149d2471684bda907c94cb6e2fd0,,P,2022,40.0,20.0,40.0,30.0,130.0,DMU,86.66666666666667
stu_d5fb7a5fe65c54dcbc5dc313cba6769a,,P,2022,40.0,30.0,30.0,30.0,130.0,DMU,86.66666666666667
stu_215a378158f00fa01917c094366fd6f8,Ingeniería Industrial,P,2022,30.0,40.0,40.0,20.0,130.0,DMU,86.66666666666667
stu_124416e93c99abc833d943c2be310bc3,Mercadotecnia,P,2022,30.0,40.0,40.0,20.0,130.0,DMU,86.66666666666667
stu_69961396647521a52e11eb04a6f0c0a8,,P,2022,40.0,30.0,40.0,20.0,130.0,DMU,86.66666666666667
stu_9e5ebc192b48c37bcc45939a53b4ff74,Ingeniería Mecánica,P,2022,40.0,30.0,40.0,20.0,130.0,DMU,86.66666666666667
stu_2946b7871a15f7a96d593ad26e210087,,P,2022,30.0,40.0,40.0,20.0,130.0,DMU,86.66666666666667
stu_5312ec4df2fa9a90345e7f7f287c5114,Administración de Empresas,P,2022,30.0,40.0,40.0,20.0,130.0,DMU,86.66666666666667
stu_2085c6c299af557f4fbfed51ff78f19a,Químico Farmacéutico Biólogo,P,2022,40.0,40.0,40.0,10.0,130.0,DMU,86.66666666666667
stu_fe1dc477d4aba23990aeda4a13cc9264,Física,P,2022,40.0,30.0,40.0,20.0,130.0,DMU,86.66666666666667
stu_cf4d33099afdd5993395f95cf1a102d0,,P,2022,40.0,30.0,40.0,20.0,130.0,DMU,86.66666666666667
stu_dd9a9fb5965f9c464367cf73a31ec29c,Nanotecnología e Ingeniería Molecular,P,2022,30.0,30.0,40.0,30.0,130.0,DMU,86.66666666666667
stu_e0f4491b73fd1dc2ff70d1c6cf426253,,P,2022,40.0,20.0,40.0,30.0,130.0,DMU,86.66666666666667
stu_f45218754a2bfbf999ded123e827bc56,Ingeniería Mecatrónica,P,2022,40.0,40.0,20.0,30.0,130.0,DMU,86.66666666666667
stu_3ddb74cf4a43fed0df0a57e87d405cc6,Física,P,2022,30.0,30.0,30.0,30.0,120.0,DMU,80.0
stu_1d4f488bb5860b1829ed7a17985e0065,,P,2022,30.0,20.0,40.0,30.0,120.0,DMU,80.0
stu_f22909f25de13dc6856ac41674fb24da,,P,2022,30.0,30.0,40.0,20.0,120.0,DMU,80.0
stu_50809aa481c537fd64d98f530f829e8a,,P,2022,30.0,40.0,40.0,10.0,120.0,DMU,80.0
stu_ef1cd15631c2d39f6e7d862b139d1bfd,,P,2022,30.0,30.0,40.0,20.0,120.0,DMU,80.0
stu_6cef7c680ace8f622c6254c9843f4980,,P,2022,30.0,20.0,40.0,30.0,120.0,DMU,80.0
stu_c91909752fba85ec9bb7ab0a8a7448d5,,P,2022,30.0,30.0,40.0,20.0,120.0,DMU,80.0
stu_af77023912c135b6424a8dee79a7e4bc,,P,2022,40.0,20.0,30.0,30.0,120.0,DMU,80.0
stu_b8c034c59546679e85609a677c0a33e7,Actuaría,P,2022,40.0,40.0,30.0,10.0,120.0,DMU,80.0
stu_275d6bae09b83fc746d3ac174712b6fd,,P,2022,40.0,20.0,40.0,20.0,120.0,DMU,80.0
stu_461a909a6ec0fa840b739e468c2dd0a3,,P,2022,30.0,30.0,40.0,20.0,120.0,DMU,80.0
stu_ff7bbe659bcb4e4ac8836df8bd86875e,Ingeniería Industrial,P,2022,30.0,30.0,40.0,20.0,120.0,DMU,80.0
stu_338878096aa86cc9c02c40cfe7c5b091,,P,2022,30.0,40.0,30.0,20.0,120.0,DMU,80.0
stu_6e7de2fcf2ac9e486b9a6fdf9551fcc5,,P,2022,30.0,30.0,40.0,20.0,120.0,DMU,80.0
stu_9b7cf2db447195cc68620e11460fe62a,,P,2022,30.0,40.0,40.0,10.0,120.0,DMU,80.0
stu_19ba1270799ad139b94edca4b49b9ed5,,P,2022,40.0,30.0,40.0,10.0,120.0,DMU,80.0
stu_020731bbc5d15dbda3e0f1d387a78919,,P,2022,40.0,30.0,40.0,10.0,120.0,DMU,80.0
stu_3b1e6fd51c24759b4b6079d8363b7179,Administración de Negocios Internacionales,P,2022,40.0,30.0,30.0,20.0,120.0,DMU,80.0
stu_9ad63509fcf1f4c6d362cc266b9c9fd2,,P,2022,30.0,40.0,40.0,10.0,120.0,DMU,80.0
stu_72a0e8a26576eced9bdda03695310930,Actuaría,P,2022,30.0,40.0,30.0,20.0,120.0,DMU,80.0
stu_9d7e6d18cabf987e3119747ade788ff1,,P,2022,30.0,30.0,40.0,20.0,120.0,DMU,80.0
stu_f9cdfceb72cccf9f9b353564be66a250,Ingeniería Biomédica,P,2022,40.0,30.0,30.0,20.0,120.0,DMU,80.0
stu_1835c76cbe00f5d6d0da8e708dbbaba3,,P,2022,40.0,20.0,40.0,20.0,120.0,DMU,80.0
stu_3a2142f1baeedc89909dea265d9cc26a,,P,2022,40.0,30.0,30.0,20.0,120.0,DMU,80.0
stu_7f08a614be08795455da2bdd0a26b03c,Ingeniería Biomédica,P,2022,30.0,30.0,40.0,20.0,120.0,DMU,80.0
stu_2a1ada8436de14dd8f0b72ea44f2d048,,P,2022,40.0,30.0,40.0,10.0,120.0,DMU,80.0
stu_dba35c08f55192447dc3bfbdc40d9c51,,P,2022,40.0,30.0,40.0,10.0,120.0,DMU,80.0
stu_19249cb7be5a1fa36737dfccaecd2e46,,P,2022,30.0,20.0,40.0,30.0,120.0,DMU,80.0
stu_a39d3834683b38ab0447dc9c8780ac25,,P,2022,40.0,30.0,30.0,20.0,120.0,DMU,80.0
stu_c72d4c514ebcde7f6c2060914350f626,Actuaría,P,2022,30.0,30.0,30.0,30.0,120.0,DMU,80.0
stu_e9b0b340023178c31b3db96f0e61c245,,P,2022,40.0,30.0,30.0,20.0,120.0,DMU,80.0
stu_db7466f11567da2e6cd832cdaf0daae2,,P,2022,30.0,40.0,30.0,20.0,120.0,DMU,80.0
stu_29579dd5ffd51467f9195f0c4e509de1,,P,2022,40.0,20.0,30.0,30.0,120.0,DMU,80.0
stu_4adedbfd99decc1e62677cbaab1e6965,,P,2022,20.0,30.0,40.0,30.0,120.0,DMU,80.0
stu_e4ea20bc8463b1d2807251bd75e2d0b5,,P,2022,30.0,30.0,40.0,20.0,120.0,DMU,80.0
stu_d87692d283d9dbe63881846b39c4dee5,Banca e Inversiones,P,2022,40.0,30.0,30.0,20.0,120.0,DMU,80.0
stu_1443d29a7f45afee9370f5c2e74f09c6,Actuaría,P,2022,40.0,30.0,40.0,10.0,120.0,DMU,80.0
stu_ebebd2a59c621f721b3a0991698bcad6,,P,2022,40.0,30.0,20.0,30.0,120.0,DMU,80.0
stu_0263a6f60623a83a8c530f741b893ae9,Ingeniería en Sistemas Computacionales,P,2022,40.0,20.0,40.0,20.0,120.0,DMU,80.0
stu_8e1b82c7371128ce44dad4bbe1b74b34,,P,2022,30.0,20.0,40.0,30.0,120.0,DMU,80.0
stu_c60bb2a7bebc4d1979ca495d8079f878,Relaciones Internacionales,P,2022,40.0,30.0,40.0,10.0,120.0,DMU,80.0
stu_f3abc13ea95e0952ae0f7c6dfb64e4a3,Actuaría,P,2022,40.0,30.0,40.0,10.0,120.0,DMU,80.0
stu_137d5b49d45d7b8262350eba265c8a4b,Químico Farmacéutico Biólogo,P,2022,30.0,40.0,40.0,10.0,120.0,DMU,80.0
stu_a68db93b40a4f92e24c2132741479b28,,P,2022,40.0,30.0,30.0,20.0,120.0,DMU,80.0
stu_52ebcd82209f74c66ae7cbc20fc9d20d,,P,2022,30.0,40.0,40.0,10.0,120.0,DMU,80.0
stu_d4ad4d49dcffa5ffc7a5790c70d4314c,,P,2022,40.0,30.0,30.0,20.0,120.0,DMU,80.0
stu_8e313a0d9744ad0bc50b2d13a62955cb,,P,2022,30.0,20.0,40.0,30.0,120.0,DMU,80.0
stu_923ed50f1396a00fb50c87fc7e5956ee,,P,2022,30.0,30.0,40.0,20.0,120.0,DMU,80.0
stu_d981c19e4ceb366ffd01c26897000fd2,,P,2022,40.0,20.0,40.0,20.0,120.0,DMU,80.0
stu_d97a95134d959731e11efe9882ceba53,,P,2022,40.0,20.0,40.0,20.0,120.0,DMU,80.0
stu_c99e37a46474e4ccb7ddc53f3f60f24f,Ingeniería Biomédica,P,2022,40.0,40.0,40.0,0.0,120.0,DMU,80.0
stu_db4c24d9f3ac2c9bb8cd3f9f6f14e493,,P,2022,40.0,30.0,40.0,10.0,120.0,DMU,80.0
stu_238d678afc33ee198488d08dcfa90536,,P,2022,30.0,20.0,40.0,30.0,120.0,DMU,80.0
stu_d5f1ce0635dfc427fc2e21f51d31192d,Ingeniería Industrial,P,2022,30.0,30.0,40.0,20.0,120.0,DMU,80.0
stu_d7147808e27c757a015e2289ce828b7b,Mercadotecnia,P,2022,30.0,30.0,40.0,20.0,120.0,DMU,80.0
stu_41ba24fa530ef3ca085b840c19268458,Ingeniería Biomédica,P,2022,30.0,20.0,40.0,30.0,120.0,DMU,80.0
stu_10d9d9ed7e9ed4e567f812e65faebac5,,P,2022,30.0,20.0,40.0,30.0,120.0,DMU,80.0
stu_002252f783c87e2314954455240a009f,Nanotecnología e Ingeniería Molecular,P,2022,30.0,40.0,40.0,10.0,120.0,DMU,80.0
stu_852aae354d954c4db76b8ccb78207f17,,P,2022,30.0,30.0,40.0,20.0,120.0,DMU,80.0
stu_dce1ae6acb57ac4dde245e7a204f3300,,P,2022,30.0,30.0,40.0,20.0,120.0,DMU,80.0
stu_8ecf4beb956087030f6abda1b830b090,Actuaría,P,2022,40.0,20.0,40.0,20.0,120.0,DMU,80.0
stu_548996b080c4e99f066330c07f544fc3,Actuaría,P,2022,30.0,30.0,40.0,20.0,120.0,DMU,80.0
stu_bfefd0a85bed325aa18c2f3fbf134aba,Banca e Inversiones,P,2022,30.0,40.0,30.0,20.0,120.0,DMU,80.0
stu_1f6dd13aaf19d204978968c383225d42,,P,2022,40.0,30.0,30.0,20.0,120.0,DMU,80.0
stu_7b663865be6bdd4c19e9c1e4b57fff0f,,P,2022,40.0,20.0,30.0,30.0,120.0,DMU,80.0
stu_48c70cc0a150c5d0a1b45d77f3ca6118,Ingeniería Mecatrónica,P,2022,30.0,40.0,40.0,10.0,120.0,DMU,80.0
stu_828dd025e055f6605c9fd9aba0339cfb,,P,2022,30.0,30.0,40.0,20.0,120.0,DMU,80.0
stu_1f7de272a8d4b5f6803f50a8e993392b,,P,2022,30.0,30.0,40.0,20.0,120.0,DMU,80.0
stu_e9f36ad99fcbf6469f9f4114aeb5b3c2,Estrategias Financieras y Contaduría Pública,P,2022,20.0,30.0,40.0,30.0,120.0,DMU,80.0
stu_b62037be02dd4d2704082ce08892a412,,P,2022,40.0,30.0,40.0,10.0,120.0,DMU,80.0
stu_3080a656fb7e6747e775a62e146ffc53,Ingeniería en Sistemas Computacionales,P,2022,30.0,30.0,40.0,20.0,120.0,DMU,80.0
stu_23d639f0f764722f7a89b960b0960fc5,,P,2022,20.0,30.0,40.0,30.0,120.0,DMU,80.0
stu_4377ddeee06fdab2c16ad4e97bf90512,Ingeniería en Sistemas Computacionales,P,2022,40.0,30.0,40.0,10.0,120.0,DMU,80.0
stu_a78088ceeca78bb56dc3c85a73c44a0c,Ingeniería Industrial,P,2022,40.0,20.0,40.0,20.0,120.0,DMU,80.0
stu_c47aae1a73e9eeb5a83e53afe43774a2,Ingeniería Mecánica,P,2022,30.0,40.0,40.0,10.0,120.0,DMU,80.0
stu_1d7769c3e30eca9fb37946c8f86eec68,Mercadotecnia,P,2022,30.0,40.0,30.0,20.0,120.0,DMU,80.0
stu_364fe1c45e965fd356d382259f6c87fb,,P,2022,30.0,30.0,40.0,20.0,120.0,DMU,80.0
stu_514edcae93bca1b8ace0e696e99eec29,,P,2022,40.0,30.0,30.0,20.0,120.0,DMU,80.0
stu_efd0c10f8449a58195f730e03bf7999f,,P,2022,40.0,20.0,30.0,20.0,110.0,DMU,73.33333333333333
stu_9e91e4a777e971db76f62985c90f6ee6,Administración de Negocios Internacionales,P,2022,30.0,30.0,40.0,10.0,110.0,DMU,73.33333333333333
stu_218e68fcd09068ef08ed85be7982b63c,,P,2022,20.0,30.0,40.0,20.0,110.0,DMU,73.33333333333333
stu_661ec46c60f7b4892d42498dd9d5e799,Ciencia de datos,P,2022,40.0,20.0,30.0,20.0,110.0,DMU,73.33333333333333
stu_48e7de42014494d10f51b65f123a3261,Ingeniería Química,P,2022,30.0,20.0,40.0,20.0,110.0,DMU,73.33333333333333
stu_1890bc9c56bd67221d2f3f8c2990dad3,Física,P,2022,30.0,40.0,20.0,20.0,110.0,DMU,73.33333333333333
stu_7d9f444472d9a544baf7eb78467fb11e,,P,2022,30.0,30.0,30.0,20.0,110.0,DMU,73.33333333333333
stu_b691ebc67b1428249e4812b3bcb7b0e5,,P,2022,30.0,30.0,40.0,10.0,110.0,DMU,73.33333333333333
stu_660b4dba71384062ac65ff453f2d1d24,,P,2022,40.0,20.0,40.0,10.0,110.0,DMU,73.33333333333333
stu_2b8d3cf2917b0a89f946838a4abd5c3a,Estrategias Financieras y Contaduría Pública,P,2022,30.0,20.0,40.0,20.0,110.0,DMU,73.33333333333333
stu_61c798acd7292d24ed1e887a5bd2dcaf,Ingeniería en Robótica y Telecomunicaciones,P,2022,40.0,20.0,30.0,20.0,110.0,DMU,73.33333333333333
stu_a5cf0cfebac1ed5ef5e34781abc9c8fc,,P,2022,30.0,10.0,40.0,30.0,110.0,DMU,73.33333333333333
stu_151d83fc6965559e75eda7fa43ff60bd,,P,2022,40.0,20.0,40.0,10.0,110.0,DMU,73.33333333333333
stu_d0a709439e15e484137d47c9203578f9,,P,2022,30.0,40.0,30.0,10.0,110.0,DMU,73.33333333333333
stu_7d818baf68624e081179ce8f883da5e8,Ingeniería Industrial,P,2022,20.0,30.0,40.0,20.0,110.0,DMU,73.33333333333333
stu_60ae9cfe15f209c9db86aeeb292a1e5c,,P,2022,40.0,20.0,40.0,10.0,110.0,DMU,73.33333333333333
stu_78b11ca78d9f482fcb495bb167a2a8b4,Ingeniería Civil,P,2022,40.0,20.0,30.0,20.0,110.0,DMU,73.33333333333333
stu_f1e98ea2998e788291bf0a0647003bbf,Mercadotecnia,P,2022,40.0,20.0,30.0,20.0,110.0,DMU,73.33333333333333
stu_0c5cc787dcad238c3a6e22df6f900426,,P,2022,30.0,20.0,40.0,20.0,110.0,DMU,73.33333333333333
stu_9bcc0dda796e02de1d57b7e37a4389c8,Ingeniería Mecánica,P,2022,40.0,30.0,30.0,10.0,110.0,DMU,73.33333333333333
stu_867cba708029afd59bbfe4e7d79bb9a2,Ingeniería Mecatrónica,P,2022,40.0,20.0,30.0,20.0,110.0,DMU,73.33333333333333
stu_24f333861e4167432f40a8f0c91a4c49,,P,2022,40.0,30.0,40.0,0.0,110.0,DMU,73.33333333333333
stu_fe607f2b96f402417ded09d90654e705,Mercadotecnia,P,2022,30.0,20.0,40.0,20.0,110.0,DMU,73.33333333333333
stu_3b994c20b4d3996c0c44c7ac2dcad94f,,P,2022,30.0,30.0,40.0,10.0,110.0,DMU,73.33333333333333
stu_1dd8109d38136606723653214d3a0e96,Ingeniería Mecatrónica,P,2022,40.0,40.0,30.0,0.0,110.0,DMU,73.33333333333333
stu_35fb38d4a29e25181e2d600be04c674f,Actuaría,P,2022,40.0,10.0,40.0,20.0,110.0,DMU,73.33333333333333
stu_80c1544ace79f206cee35aeea0bbb79f,,P,2022,40.0,30.0,30.0,10.0,110.0,DMU,73.33333333333333
stu_a799176708d01f4687777a1df17281ac,,P,2022,20.0,30.0,40.0,20.0,110.0,DMU,73.33333333333333
stu_f98ea5eac3d6dedd3989b3e8d7b2936e,Actuaría,P,2022,40.0,30.0,30.0,10.0,110.0,DMU,73.33333333333333
stu_2c94d01b5d93de4e3a4b80012ee1e0a5,,P,2022,30.0,10.0,40.0,30.0,110.0,DMU,73.33333333333333
stu_3e3476b7d96574079861e07fbc1f6faa,,P,2022,30.0,20.0,30.0,30.0,110.0,DMU,73.33333333333333
stu_0d22e41ad839b60eaca4657d56d1e3ff,Actuaría,P,2022,40.0,20.0,30.0,20.0,110.0,DMU,73.33333333333333
stu_d895c01ed562eba700776278cfead10c,Física,P,2022,30.0,30.0,30.0,20.0,110.0,DMU,73.33333333333333
stu_32e8abb01b3f2e2cc1dbb6491c5928b3,Administración de Empresas,P,2022,30.0,30.0,30.0,20.0,110.0,DMU,73.33333333333333
stu_a29ff37c6439f611508528f6bb1273dd,,P,2022,30.0,30.0,30.0,20.0,110.0,DMU,73.33333333333333
stu_98e9a13302a54f1ba4288a740717a303,Actuaría,P,2022,40.0,20.0,40.0,10.0,110.0,DMU,73.33333333333333
stu_1fc37eefb9cbd822db7039b749e5d03b,Banca e Inversiones,P,2022,40.0,10.0,40.0,20.0,110.0,DMU,73.33333333333333
stu_42a2f300f3f3719b977109ee65af1422,Ingeniería Mecatrónica,P,2022,40.0,30.0,30.0,10.0,110.0,DMU,73.33333333333333
stu_16ab8300f702905ddb89a74596f788d1,Actuaría,P,2022,40.0,20.0,30.0,20.0,110.0,DMU,73.33333333333333
stu_a1de08115ab08595c3877e2ea5f255da,,P,2022,40.0,20.0,30.0,20.0,110.0,DMU,73.33333333333333
stu_626d62222d59523d691b7150e3ec1d55,,P,2022,30.0,20.0,40.0,20.0,110.0,DMU,73.33333333333333
stu_d910e6fe5f649db290d9860d4c626ab0,,P,2022,40.0,30.0,30.0,10.0,110.0,DMU,73.33333333333333
stu_69d17bb0f61710d8100c442e76040881,Ingeniería Mecánica,P,2022,40.0,30.0,40.0,0.0,110.0,DMU,73.33333333333333
stu_c5b5f35bd8fb8455572dfa7723cfb98b,,P,2022,30.0,30.0,40.0,10.0,110.0,DMU,73.33333333333333
stu_87d0441e0c374af00a1de2b97d933f02,,P,2022,20.0,30.0,40.0,20.0,110.0,DMU,73.33333333333333
stu_bfd5ea40965ae4583ee5489b06cbf1ae,,P,2022,30.0,30.0,30.0,20.0,110.0,DMU,73.33333333333333
stu_a568ef6516503d3bd58c979d8306f42d,,P,2022,40.0,30.0,30.0,10.0,110.0,DMU,73.33333333333333
stu_930d02af08b223a2c60da75e8c227646,,P,2022,40.0,30.0,30.0,10.0,110.0,DMU,73.33333333333333
stu_d3a489409ea59c957ad2bfcf16a5a7f4,Ingeniería Biomédica,P,2022,40.0,30.0,20.0,20.0,110.0,DMU,73.33333333333333
stu_c5d2828033648ad8fc01aeb97e7669fe,Actuaría,P,2022,40.0,20.0,30.0,20.0,110.0,DMU,73.33333333333333
stu_aa43f5286d753ef85457e8fa5addba40,Ingeniería Mecatrónica,P,2022,40.0,30.0,30.0,10.0,110.0,DMU,73.33333333333333
stu_008aa9540723bca899416d36efa7d54f,Químico Farmacéutico Biólogo,P,2022,30.0,20.0,40.0,20.0,110.0,DMU,73.33333333333333
stu_c3fab175717f775bf3f60ebd32ef5b92,,P,2022,30.0,30.0,30.0,20.0,110.0,DMU,73.33333333333333
stu_641bce60c213113d0115a2a9471e33c7,Ingeniería Mecánica,P,2022,30.0,10.0,40.0,30.0,110.0,DMU,73.33333333333333
stu_3c74381411f92fc716370927f0132a2a,,P,2022,40.0,30.0,40.0,0.0,110.0,DMU,73.33333333333333
stu_058e0ed10b799f959a063de4d13a7338,,P,2022,20.0,30.0,40.0,20.0,110.0,DMU,73.33333333333333
stu_2ecd7579441d006295b0c48dbd66fee8,Biología,P,2022,40.0,20.0,30.0,20.0,110.0,DMU,73.33333333333333
stu_e866796380c642e289112d8584b43358,,P,2022,40.0,20.0,40.0,10.0,110.0,DMU,73.33333333333333
stu_3489f469a10f569127ccf56a89dfa527,Mercadotecnia,P,2022,30.0,20.0,40.0,20.0,110.0,DMU,73.33333333333333
stu_071d3adf4325bbdf9bfdf76e1149634a,Ingeniería Civil,P,2022,40.0,10.0,40.0,20.0,110.0,DMU,73.33333333333333
stu_353fa3a548485fbde0455982e2b39076,,P,2022,40.0,0.0,40.0,30.0,110.0,DMU,73.33333333333333
stu_37294405ac0abc6e8f84a6f5d2fb9fb3,,P,2022,30.0,30.0,40.0,10.0,110.0,DMU,73.33333333333333
stu_9f7d3c1b340b598a7fd7a968407d65a1,Banca e Inversiones,P,2022,30.0,20.0,40.0,20.0,110.0,DMU,73.33333333333333
stu_9c13d1869ff8077ca1a9835bce753be9,Ingeniería Mecatrónica,P,2022,20.0,30.0,40.0,20.0,110.0,DMU,73.33333333333333
stu_9cd617a00c5b1f77413fea0c894f4496,,P,2022,20.0,40.0,30.0,20.0,110.0,DMU,73.33333333333333
stu_059046893c336a3da90e312dd02ead12,Ingeniería en Sistemas Computacionales,P,2022,40.0,20.0,30.0,20.0,110.0,DMU,73.33333333333333
stu_c5d02c2f7f7ee0e2b70bf8e1c30709e8,,P,2022,30.0,30.0,40.0,10.0,110.0,DMU,73.33333333333333
stu_440e50833c80d095db167b83bc31aafa,,P,2022,30.0,30.0,30.0,20.0,110.0,DMU,73.33333333333333
stu_3e3a250fede9fa513867f77f4605ce75,Ingeniería Mecánica,P,2022,30.0,30.0,30.0,20.0,110.0,DMU,73.33333333333333
stu_5da0a4ca77e4fcbe9d14ba1a203d7491,,P,2022,40.0,20.0,40.0,10.0,110.0,DMU,73.33333333333333
stu_6d0364bdf83c0176d45cb15bfcc9ceb6,,P,2022,40.0,20.0,40.0,0.0,100.0,DMU,66.66666666666666
stu_0a802236bc2f3edff9efd2ea11df44ae,,P,2022,40.0,20.0,30.0,10.0,100.0,DMU,66.66666666666666
stu_0146015d47dd857f32470421c6ab345b,,P,2022,30.0,10.0,40.0,20.0,100.0,DMU,66.66666666666666
stu_ab5b1f1318aac8914204c9211226bce9,Ingeniería Civil,P,2022,30.0,30.0,30.0,10.0,100.0,DMU,66.66666666666666
stu_43060a19596cc1d863962483235c399b,Ingeniería en Industrias Alimentarias,P,2022,30.0,20.0,20.0,30.0,100.0,DMU,66.66666666666666
stu_909a62d2b3cce4412645652af3f88376,Ingeniería Mecatrónica,P,2022,30.0,30.0,30.0,10.0,100.0,DMU,66.66666666666666
stu_0a92cfe41ef74f133e39d45e62897c8d,,P,2022,20.0,20.0,40.0,20.0,100.0,DMU,66.66666666666666
stu_708f3bff0be2741a890e2ebd151dcd81,,P,2022,30.0,20.0,40.0,10.0,100.0,DMU,66.66666666666666
stu_f7a9217c0600403dcae87f0803968ce8,,P,2022,30.0,20.0,40.0,10.0,100.0,DMU,66.66666666666666
stu_cf6b8cfa6cde01b07f66948fc7a0356b,,P,2022,40.0,10.0,30.0,20.0,100.0,DMU,66.66666666666666
stu_4396cb3de81cac15b17edf70b04862d7,Ingeniería Ambiental,P,2022,30.0,20.0,30.0,20.0,100.0,DMU,66.66666666666666
stu_e5e1ba302071dedd4e023e2a6b356a53,,P,2022,30.0,20.0,40.0,10.0,100.0,DMU,66.66666666666666
stu_e8a152364f09806bc33e6c0c7f66b609,,P,2022,30.0,10.0,40.0,20.0,100.0,DMU,66.66666666666666
stu_faedb23a2c56c9b29cd90abc02a74a33,,P,2022,30.0,30.0,30.0,10.0,100.0,DMU,66.66666666666666
stu_cb5e483b69591b04a2eb2d50f9b6b7fa,,P,2022,20.0,20.0,40.0,20.0,100.0,DMU,66.66666666666666
stu_3e3c14c954a50b5c3697d4e0523a5a29,Estrategias Financieras y Contaduría Pública,P,2022,40.0,10.0,40.0,10.0,100.0,DMU,66.66666666666666
stu_289a7b83afcdba439f71de86bdfce054,Actuaría,P,2022,30.0,10.0,40.0,20.0,100.0,DMU,66.66666666666666
stu_13f21902af82547ee12286ffdb0d4e25,Ingeniería Mecánica,P,2022,20.0,40.0,20.0,20.0,100.0,DMU,66.66666666666666
stu_407a90b308cb42c28f2c09525077ab08,Mercadotecnia,P,2022,30.0,10.0,40.0,20.0,100.0,DMU,66.66666666666666
stu_21e15d6f981d5494a8f4c408475c3a12,,P,2022,30.0,30.0,30.0,10.0,100.0,DMU,66.66666666666666
stu_aba7da9065c86a747033f5579e5e4150,,P,2022,40.0,30.0,20.0,10.0,100.0,DMU,66.66666666666666
stu_6367ff6b89df792ea558bc8f30fb769c,,P,2022,40.0,20.0,30.0,10.0,100.0,DMU,66.66666666666666
stu_8583a393817307408902f4f26fc79621,Administración de Negocios Internacionales,P,2022,30.0,10.0,30.0,30.0,100.0,DMU,66.66666666666666
stu_2d82e483ab0de24e9ba7dec8e151e169,,P,2022,40.0,10.0,30.0,20.0,100.0,DMU,66.66666666666666
stu_55d89cb09e911db6af2a91e2949aad28,Mercadotecnia,P,2022,40.0,10.0,40.0,10.0,100.0,DMU,66.66666666666666
stu_6707abdeca687cf5e5eb5aba0124b196,,P,2022,20.0,30.0,30.0,20.0,100.0,DMU,66.66666666666666
stu_399b3a14585bd87cdb3dcd80b1c84e1f,,P,2022,20.0,20.0,40.0,20.0,100.0,DMU,66.66666666666666
stu_7c64e0d0389373ad949cbd5f58df2215,Ingeniería Ambiental,P,2022,20.0,30.0,20.0,30.0,100.0,DMU,66.66666666666666
stu_11e9ea4bacaaea8e40c33549ff11f6d2,,P,2022,30.0,40.0,30.0,0.0,100.0,DMU,66.66666666666666
stu_c00f4f299f2c91c5cee51f329ffcbe1d,,P,2022,40.0,20.0,20.0,20.0,100.0,DMU,66.66666666666666
stu_fcaba07ebceb35b0ff0fa46bd44e3a27,Administración de Empresas,P,2022,30.0,20.0,30.0,20.0,100.0,DMU,66.66666666666666
stu_b0b09f36033d085e7a05cd58168517a4,,P,2022,40.0,30.0,20.0,10.0,100.0,DMU,66.66666666666666
stu_ba0d069a2184a36e93d7f080e8585569,Ingeniería Civil,P,2022,40.0,30.0,20.0,10.0,100.0,DMU,66.66666666666666
stu_cf08f24ba74d19f9c27f9622b8280419,Ingeniería en Sistemas Computacionales,P,2022,20.0,30.0,30.0,20.0,100.0,DMU,66.66666666666666
stu_c88466c799e14f250a8f40892b11ee71,,P,2022,20.0,40.0,30.0,10.0,100.0,DMU,66.66666666666666
stu_6d2c81000679c8763339462d90ddcff5,,P,2022,30.0,10.0,40.0,20.0,100.0,DMU,66.66666666666666
stu_284d2446abc7d48b455e4b4c9c217ac0,,P,2022,30.0,30.0,20.0,20.0,100.0,DMU,66.66666666666666
stu_13fa577961edcf66063334a40c03a688,,P,2022,40.0,10.0,30.0,20.0,100.0,DMU,66.66666666666666
stu_1d8348c70a3524dd8212959100f3ed6b,,P,2022,30.0,30.0,30.0,10.0,100.0,DMU,66.66666666666666
stu_798fada973acdec04ba8b84ddaa2d49f,,P,2022,40.0,10.0,30.0,20.0,100.0,DMU,66.66666666666666
stu_f9c0ac72d9e4f58418dfdcaa7815adee,Ingeniería Industrial,P,2022,40.0,20.0,40.0,0.0,100.0,DMU,66.66666666666666
stu_9a34d6701d8f3d53bd52263c861a4c40,,P,2022,30.0,30.0,30.0,10.0,100.0,DMU,66.66666666666666
stu_2666c16662b5db411fbeba6fe7ae674e,,P,2022,20.0,20.0,30.0,30.0,100.0,DMU,66.66666666666666
stu_32120c0ed33aef9cf06190214264fe23,Mercadotecnia,P,2022,30.0,20.0,30.0,20.0,100.0,DMU,66.66666666666666
stu_ad437d59be9b33253be5e72135f1dc0f,,P,2022,30.0,20.0,40.0,10.0,100.0,DMU,66.66666666666666
stu_4972679c3102a4c8168e53f0687e2079,Ingeniería Química,P,2022,30.0,30.0,30.0,10.0,100.0,DMU,66.66666666666666
stu_e4abc36ef55f5cb57348b3340dffc08a,,P,2022,30.0,20.0,30.0,20.0,100.0,DMU,66.66666666666666
stu_b281b6a6e01697c74e7c1b792874e57b,Ingeniería en Sistemas Computacionales,P,2022,30.0,30.0,30.0,10.0,100.0,DMU,66.66666666666666
stu_7cc4dfa56af0846e83e8a56af4f2c75b,,P,2022,40.0,30.0,20.0,10.0,100.0,DMU,66.66666666666666
stu_e39bed2d316925e62888c992b47eae72,,P,2022,40.0,10.0,40.0,10.0,100.0,DMU,66.66666666666666
stu_e52dff2fa4a3557465bb67f514c782e2,,P,2022,40.0,10.0,30.0,20.0,100.0,DMU,66.66666666666666
stu_6af0f1ac3638b42cdb1f20740309c655,,P,2022,30.0,20.0,40.0,10.0,100.0,DMU,66.66666666666666
stu_0d9c1f6076ddfed2e38789c6a3ebee12,,P,2022,30.0,20.0,30.0,20.0,100.0,DMU,66.66666666666666
stu_cfbdfe863b483ca8d2f7882b7845b5bc,,P,2022,30.0,10.0,40.0,20.0,100.0,DMU,66.66666666666666
stu_35ed22355f6e57d44b98e5339a044a64,Ingeniería en Sistemas Computacionales,P,2022,40.0,10.0,40.0,10.0,100.0,DMU,66.66666666666666
stu_c30d45a2bad20d34b1ae81d2fb87f751,Ingeniería Industrial,P,2022,20.0,40.0,20.0,20.0,100.0,DMU,66.66666666666666
stu_7292ea05854513f31ce628baedbf6b24,Bioquímica Clínica,P,2022,40.0,40.0,10.0,10.0,100.0,DMU,66.66666666666666
stu_40e563ad5eae135fdd3dec935fb3f452,Ingeniería en Logística y Cadena de Suministros,P,2022,30.0,20.0,30.0,20.0,100.0,DMU,66.66666666666666
stu_5da9198d3811619199e8b851a7fd1790,,P,2022,20.0,20.0,40.0,10.0,90.0,DMU,60.0
stu_37daee1cdc26a8739abeb0535f0d0a05,Administración de Negocios Internacionales,P,2022,40.0,10.0,30.0,10.0,90.0,DMU,60.0
stu_d7e22709551a8974c933206044e1ed50,,P,2022,30.0,30.0,10.0,20.0,90.0,DMU,60.0
stu_c6bacc6e50034638e5c03f014221078b,,P,2022,20.0,10.0,40.0,20.0,90.0,DMU,60.0
stu_2c098968a33b02caac3112cc375288bc,,P,2022,40.0,20.0,30.0,0.0,90.0,DMU,60.0
stu_eabd0ad5ff8d0413879918ee47d2eac3,,P,2022,20.0,30.0,30.0,10.0,90.0,DMU,60.0
stu_3002c94eef8f113b1b61533867aa8a0e,Ingeniería Biomédica,P,2022,30.0,20.0,40.0,0.0,90.0,DMU,60.0
stu_77fb53764cea6325982b6e8cefe276ef,,P,2022,30.0,10.0,30.0,20.0,90.0,DMU,60.0
stu_04b5669181a5529f680f61ed3e663597,,P,2022,30.0,20.0,40.0,0.0,90.0,DMU,60.0
stu_5d07cf9b032163d57dd95282444f3e77,,P,2022,30.0,10.0,30.0,20.0,90.0,DMU,60.0
stu_ed2f43e0f3d36c84638871ebd1a3fca0,Actuaría,P,2022,30.0,30.0,20.0,10.0,90.0,DMU,60.0
stu_f55d0bd50b85c8a9c123ef0106aebb68,Ingeniería Biomédica,P,2022,30.0,20.0,30.0,10.0,90.0,DMU,60.0
stu_c89efec376834a0b1a649df3421f8fd5,,P,2022,40.0,10.0,40.0,0.0,90.0,DMU,60.0
stu_0c76ca6680659ccb60f6d0e7799ec111,,P,2022,30.0,20.0,30.0,10.0,90.0,DMU,60.0
stu_011f4d137e163e02e951bb1a367d3a50,,P,2022,30.0,20.0,30.0,10.0,90.0,DMU,60.0
stu_1fabd44d673627626afa8b450645a272,,P,2022,20.0,30.0,40.0,0.0,90.0,DMU,60.0
stu_5a91d19cea291d94789fa18e724cb059,Ingeniería Química,P,2022,30.0,20.0,30.0,10.0,90.0,DMU,60.0
stu_d250c36a35a3e7a9a209c2366e488bb7,,P,2022,30.0,20.0,20.0,20.0,90.0,DMU,60.0
stu_c33d1b3aa68e83fe4a3ecd7df068a2d4,,P,2022,10.0,30.0,40.0,10.0,90.0,DMU,60.0
stu_fa16cfdb5e213ddae220869908dbf4cf,,P,2022,20.0,30.0,30.0,10.0,90.0,DMU,60.0
stu_e3ef777bb10085cdc87d25d39fb0b5eb,Ingeniería Industrial,P,2022,30.0,40.0,20.0,0.0,90.0,DMU,60.0
stu_1408464723906f22c5fe8b618090ca2b,,P,2022,20.0,40.0,20.0,10.0,90.0,DMU,60.0
stu_353d1c65261b8bc9bfb217b81ba58d93,,P,2022,30.0,0.0,40.0,20.0,90.0,DMU,60.0
stu_472bbf6b3ea0781ebdd6e665d647b363,,P,2022,0.0,30.0,40.0,20.0,90.0,DMU,60.0
stu_2bb80e81dceaede3e3b4aeedcdcf05fd,Administración de Negocios Internacionales,P,2022,40.0,10.0,30.0,10.0,90.0,DMU,60.0
stu_e188d4785438c713b54a86c46ef04970,Economía,P,2022,10.0,20.0,40.0,20.0,90.0,DMU,60.0
stu_65bdd5628f364ea25dfe69e1c5ed4e1f,Actuaría,P,2022,30.0,30.0,20.0,10.0,90.0,DMU,60.0
stu_3f1c57f110a29d56f3d6fea52eaed07e,,P,2022,20.0,30.0,40.0,0.0,90.0,DMU,60.0
stu_5fdcc00617d2e0e963cf72f9195e8785,Ingeniería Química,P,2022,20.0,30.0,20.0,20.0,90.0,DMU,60.0
stu_e9c5c051f1d2b755916926dcc52f492a,Administración de Negocios Internacionales,P,2022,20.0,30.0,20.0,20.0,90.0,DMU,60.0
stu_186ccc4ad382d421d7d2b0e301b9360d,,P,2022,20.0,20.0,40.0,10.0,90.0,DMU,60.0
stu_733504dbc7f69f684a83c0052aff3249,,P,2022,40.0,20.0,30.0,0.0,90.0,DMU,60.0
stu_f46abcfd702dea97552b9a497f3ea86c,,P,2022,30.0,20.0,30.0,10.0,90.0,DMU,60.0
stu_355e7e12b0377a9189035c4a4b13378a,Administración de Negocios Internacionales,P,2022,40.0,30.0,10.0,10.0,90.0,DMU,60.0
stu_8bdf60a4082bb8b02506ae976f098081,Ingeniería Industrial,P,2022,30.0,10.0,40.0,10.0,90.0,DMU,60.0
stu_c7cd28ab9ee7f56785395b8e705be777,,P,2022,30.0,10.0,30.0,20.0,90.0,DMU,60.0
stu_0b588a1a63c8621105cc93a86af1d673,,P,2022,30.0,10.0,20.0,30.0,90.0,DMU,60.0
stu_4a4bddec7282261b019c3be5aab2311f,Biología,P,2022,30.0,40.0,20.0,0.0,90.0,DMU,60.0
stu_4a95de0da5097b75bb0b358c9decb0c4,,P,2022,30.0,20.0,20.0,20.0,90.0,DMU,60.0
stu_a55edb6e38779288e525d7adc63ab4bd,,P,2022,30.0,20.0,30.0,10.0,90.0,DMU,60.0
stu_a1e4b0bcdcc3395e8d030028d9175c10,Actuaría,P,2022,30.0,30.0,30.0,0.0,90.0,DMU,60.0
stu_de0114a417847c9fc0ab674ea3cc80bc,,P,2022,20.0,10.0,40.0,10.0,80.0,DMU,53.33333333333334
stu_ed4ec67423a743d6cbedd3987c4342fb,,P,2022,40.0,20.0,10.0,10.0,80.0,DMU,53.33333333333334
stu_35158ee2c36414fc010e3b5ff416ef00,,P,2022,10.0,30.0,30.0,10.0,80.0,DMU,53.33333333333334
stu_2143d95498432de93be789704c495c95,,P,2022,20.0,30.0,20.0,10.0,80.0,DMU,53.33333333333334
stu_0df90f5e588c5c345bc0c23bf255216d,,P,2022,10.0,20.0,30.0,20.0,80.0,DMU,53.33333333333334
stu_fe88ade534cdf3c68db7e207965b99bf,,P,2022,20.0,30.0,30.0,0.0,80.0,DMU,53.33333333333334
stu_fc90d22ce7fb144e635be166011f5d6b,Bioquímica Clínica,P,2022,40.0,20.0,10.0,10.0,80.0,DMU,53.33333333333334
stu_9de462808c811e570267c84b60443dad,,P,2022,20.0,10.0,40.0,10.0,80.0,DMU,53.33333333333334
stu_4d067a1d2045a8f340fe1be3d9795465,Economía,P,2022,20.0,20.0,40.0,0.0,80.0,DMU,53.33333333333334
stu_3c5a1ebf7af402b0a4855c86c11c5429,Administración de Negocios Internacionales,P,2022,10.0,20.0,30.0,20.0,80.0,DMU,53.33333333333334
stu_08f4d82a047235f9b29e126ce3e6dc06,Economía,P,2022,20.0,30.0,10.0,20.0,80.0,DMU,53.33333333333334
stu_d4d09c7a023011ee35d6f2ea2bbe6c18,Ingeniería Biomédica,P,2022,20.0,20.0,30.0,10.0,80.0,DMU,53.33333333333334
stu_e1f12dfabb55d73191ba8de7df69511c,Ingeniería Química,P,2022,30.0,20.0,20.0,10.0,80.0,DMU,53.33333333333334
stu_bd8c5222ffa160d212aec9ab926b7f22,,P,2022,20.0,40.0,20.0,0.0,80.0,DMU,53.33333333333334
stu_a6def35be47dd39ab6848c12b6c36932,,P,2022,30.0,20.0,30.0,0.0,80.0,DMU,53.33333333333334
stu_c5aecaea83f359f9d7505ecbe01b2ecf,Ingeniería Mecánica,P,2022,30.0,0.0,20.0,30.0,80.0,DMU,53.33333333333334
stu_5d13e3ef5f2264dbfc244397974e5a66,,P,2022,30.0,10.0,30.0,10.0,80.0,DMU,53.33333333333334
stu_b2b28fdf5561220c19442059fc932c42,,P,2022,20.0,10.0,30.0,20.0,80.0,DMU,53.33333333333334
stu_971f088cb204cce6aedcb8fb9d31279f,,P,2022,20.0,30.0,20.0,10.0,80.0,DMU,53.33333333333334
stu_bca68e99dcf13f6c8090bf3a694163ac,Ingeniería en Logística y Cadena de Suministros,P,2022,20.0,30.0,30.0,0.0,80.0,DMU,53.33333333333334
stu_64d7a0d656f03024c7c8b91a26bbaab2,Ingeniería en Sistemas Computacionales,P,2022,30.0,30.0,10.0,10.0,80.0,DMU,53.33333333333334
stu_0cfbe6596488cfaaa5d47b6c23900044,,P,2022,20.0,10.0,40.0,10.0,80.0,DMU,53.33333333333334
stu_e9bf504d8e620c8716960a4652683d99,,P,2022,30.0,20.0,30.0,0.0,80.0,DMU,53.33333333333334
stu_86f92539c7589f5f82896202e2c8c571,,P,2022,10.0,20.0,30.0,20.0,80.0,DMU,53.33333333333334
stu_0dac63e50879866e5aa18aa2cf3d6fac,,P,2022,30.0,20.0,0.0,30.0,80.0,DMU,53.33333333333334
stu_bcb50081a3af1c47602f79d6434f9bc4,Administración de Empresas,P,2022,30.0,20.0,30.0,0.0,80.0,DMU,53.33333333333334
stu_c94921e53c1c787f53dc0568783c20ce,Ingeniería Mecatrónica,P,2022,20.0,20.0,40.0,0.0,80.0,DMU,53.33333333333334
stu_c48ab16799cddce416106007315884c6,Nanotecnología e Ingeniería Molecular,P,2022,40.0,20.0,10.0,10.0,80.0,DMU,53.33333333333334
stu_baa6c46c56c1d88f563377eac6f058f5,,P,2022,20.0,20.0,30.0,10.0,80.0,DMU,53.33333333333334
stu_b64889f73617dd8fa69aa29359bea98d,,P,2022,10.0,20.0,30.0,10.0,70.0,DMU,46.66666666666666
stu_4dfbe26f7bee43cf3e6383f96c116631,,P,2022,30.0,10.0,30.0,0.0,70.0,DMU,46.66666666666666
stu_4b6ecd66bffa5f7d9c2c2b7c5d7abf6e,Administración de Empresas,P,2022,30.0,10.0,20.0,10.0,70.0,DMU,46.66666666666666
stu_ddec785b9569f965b3d186a4954de090,Física,P,2022,10.0,30.0,10.0,20.0,70.0,DMU,46.66666666666666
stu_ed3ed8b0e07b4561e9590dcecac6cfcf,Administración de Empresas,P,2022,30.0,30.0,10.0,0.0,70.0,DMU,46.66666666666666
stu_7587b93597575198639e5eac845eadf5,,P,2022,20.0,20.0,10.0,20.0,70.0,DMU,46.66666666666666
stu_aaf210fc64a1fcd91bd87b20c1a20326,,P,2022,10.0,20.0,30.0,10.0,70.0,DMU,46.66666666666666
stu_14de3c020e4379c807ea9e8511263556,,P,2022,20.0,30.0,20.0,0.0,70.0,DMU,46.66666666666666
stu_78a65de04abbeaa5be72db7510f8a207,Banca e Inversiones,P,2022,30.0,20.0,20.0,0.0,70.0,DMU,46.66666666666666
stu_15b3be44d6f6c178931799652b828558,,P,2022,10.0,20.0,30.0,10.0,70.0,DMU,46.66666666666666
stu_0a97ff2fbe458aaeb7f17407b7acb328,,P,2022,30.0,10.0,20.0,10.0,70.0,DMU,46.66666666666666
stu_64175940b7640f4558cdb71461a70483,Ingeniería Industrial,P,2022,20.0,20.0,30.0,0.0,70.0,DMU,46.66666666666666
stu_02fcaf3991ab57db4aa83200310bd91d,Actuaría,P,2022,20.0,40.0,10.0,0.0,70.0,DMU,46.66666666666666
stu_403dfac5642f698184842206c0d3a54e,Economía,P,2022,30.0,20.0,10.0,0.0,60.0,DMU,40.0
stu_9d9629ff75c03a88d8a1c2b8d4d3e348,,P,2022,20.0,10.0,20.0,10.0,60.0,DMU,40.0
stu_8a580b94376d840a8fc7ff5af5aea2ff,,P,2022,10.0,10.0,30.0,10.0,60.0,DMU,40.0
stu_643bb4c1d08d8d5302a279fb010bb30d,,P,2022,10.0,20.0,30.0,0.0,60.0,DMU,40.0
stu_c8efe829208c9521f88e539276ac6d83,,P,2022,20.0,0.0,20.0,20.0,60.0,DMU,40.0
stu_540933ee00374cd548dbee2872899687,Nanotecnología e Ingeniería Molecular,P,2022,10.0,20.0,20.0,10.0,60.0,DMU,40.0
stu_977e203e139dfb4983168930a33a186d,,P,2022,30.0,30.0,0.0,0.0,60.0,DMU,40.0
stu_526b902cf0057a85a6b70103cb58c018,Ingeniería Civil,P,2022,20.0,10.0,20.0,10.0,60.0,DMU,40.0
stu_c807c08153eb80f4494b6800e20e5fd1,Ingeniería Mecánica,P,2022,20.0,20.0,10.0,0.0,50.0,DMU,33.33333333333333
stu_44308cf58b444af6f0f107f40dc1929b,,P,2022,10.0,20.0,10.0,10.0,50.0,DMU,33.33333333333333
stu_151adf93ef702af392c25d3eaba46d54,,P,2022,20.0,20.0,10.0,0.0,50.0,DMU,33.33333333333333
stu_9093f6a0d3ece25466f8fcab61fa94ca,Nanotecnología e Ingeniería Molecular,P,2022,30.0,10.0,0.0,0.0,40.0,DMU,26.66666666666667
stu_3bb54354de5e3d3c6c105684ae4b66c9,Banca e Inversiones,P,2022,20.0,10.0,10.0,0.0,40.0,DMU,26.66666666666667
stu_7b1a68877e202b39c3569b3fcf6d5a49,,P,2022,20.0,10.0,10.0,0.0,40.0,DMU,26.66666666666667
stu_65c80ac4cc3197ee1fcfc5ebe05d1bc1,,P,2022,20.0,0.0,10.0,0.0,30.0,DMU,20.0
stu_36ba9df2221930c7e20e415e286263cd,,P,2023,40.0,40.0,40.0,30.0,150.0,DMU,100.0
stu_d9ab1961172e883fe62d96e3646b3206,,P,2023,40.0,40.0,40.0,30.0,150.0,DMU,100.0
stu_918c060bac5e357ea5c05b0ed27897a2,,P,2023,40.0,40.0,40.0,30.0,150.0,DMU,100.0
stu_a6c1fbc348240bb79931247865c00460,Ingeniería Industrial,P,2023,40.0,40.0,40.0,30.0,150.0,DMU,100.0
stu_166090abefe2e9683ddbe976078e3dad,,P,2023,40.0,40.0,40.0,30.0,150.0,DMU,100.0
stu_266ee533f23029e94607e8b201b4a6cb,,P,2023,40.0,40.0,40.0,30.0,150.0,DMU,100.0
stu_b239afc842f0834350cf2297d30fd2f4,,P,2023,40.0,40.0,40.0,30.0,150.0,DMU,100.0
stu_12cf27a7a07b4ef1d6ca92d8236af975,Nanotecnología e Ingeniería Molecular,P,2023,40.0,40.0,40.0,30.0,150.0,DMU,100.0
stu_05ecb6faa98426a12be31f0c7f308f04,,P,2023,40.0,40.0,40.0,30.0,150.0,DMU,100.0
stu_9a041861a92b5b1a9149f29f7d1ee831,,P,2023,40.0,40.0,40.0,30.0,150.0,DMU,100.0
stu_34c951c573aac562fba39346046574c6,,P,2023,40.0,40.0,40.0,30.0,150.0,DMU,100.0
stu_726c605182b0a8a93faf1623ae5f0946,Ingeniería Industrial,P,2023,40.0,40.0,40.0,30.0,150.0,DMU,100.0
stu_dcb4e5b9477d2865cb716cd1a10c7b16,,P,2023,40.0,40.0,40.0,30.0,150.0,DMU,100.0
stu_37f5d5503b6c440097249e3346c908d2,Ciencia de datos,P,2023,40.0,40.0,40.0,30.0,150.0,DMU,100.0
stu_33895d0b732f09b1abf7464ec4ae331e,Administración de Empresas,P,2023,40.0,40.0,40.0,20.0,140.0,DMU,93.33333333333333
stu_950d362909d919934e8ec516c0dcd14e,Ingeniería Biomédica,P,2023,40.0,40.0,40.0,20.0,140.0,DMU,93.33333333333333
stu_29b82e6aa86886400a2c237256053359,,P,2023,40.0,30.0,40.0,30.0,140.0,DMU,93.33333333333333
stu_0ad293065072bd5eb9721e27edcdfb01,Banca e Inversiones,P,2023,40.0,40.0,40.0,20.0,140.0,DMU,93.33333333333333
stu_7e83e5cc59ee1d5d152a66f585e8dbfe,Actuaría,P,2023,40.0,30.0,40.0,30.0,140.0,DMU,93.33333333333333
stu_7cfcfd4f5e078e2fe3a71c4428285e05,,P,2023,30.0,40.0,40.0,30.0,140.0,DMU,93.33333333333333
stu_7b702975db01b18681235c39704fa3db,Ingeniería en Logística,P,2023,40.0,30.0,40.0,30.0,140.0,DMU,93.33333333333333
stu_12165af08ec7d1a0140f9e028fdc4a76,,P,2023,40.0,40.0,40.0,20.0,140.0,DMU,93.33333333333333
stu_f70d1fb5768710ebd660a802e0874f85,,P,2023,40.0,40.0,40.0,20.0,140.0,DMU,93.33333333333333
stu_9faacae156f0db058a387408cbbbaeb7,,P,2023,40.0,40.0,40.0,20.0,140.0,DMU,93.33333333333333
stu_21e15d6f981d5494a8f4c408475c3a12,,P,2023,40.0,40.0,40.0,20.0,140.0,DMU,93.33333333333333
stu_e3b859022cfbe272b02aa886d9253119,Administración de Negocios Internacionales,P,2023,40.0,40.0,40.0,20.0,140.0,DMU,93.33333333333333
stu_0d6d4285756f7bf0dbf8104507266490,Nanotecnología e Ingeniería Molecular,P,2023,30.0,40.0,40.0,30.0,140.0,DMU,93.33333333333333
stu_14c6e67f205972be4020c8d6d80cdc13,Ingeniería en Sistemas Computacionales,P,2023,40.0,40.0,40.0,20.0,140.0,DMU,93.33333333333333
stu_0576ce81cb74d579af312e1cf89d459f,,P,2023,40.0,40.0,40.0,20.0,140.0,DMU,93.33333333333333
stu_067d93b2b67a3dd6409fab07c98ba8b2,Ingeniería Industrial,P,2023,40.0,40.0,40.0,20.0,140.0,DMU,93.33333333333333
stu_352b763a21f131cfdbc856aef65158c0,Ingeniería Biomédica,P,2023,30.0,40.0,40.0,30.0,140.0,DMU,93.33333333333333
stu_a6af23d794d7b5c6d0cf9f57bae7c7ee,Ingeniería Mecatrónica,P,2023,40.0,40.0,40.0,20.0,140.0,DMU,93.33333333333333
stu_36dc1447e4b1a7b7eab2083bf3337ded,,P,2023,40.0,30.0,40.0,30.0,140.0,DMU,93.33333333333333
stu_6047215a95c277b5485681aaeec55007,Administración de Empresas,P,2023,40.0,30.0,40.0,30.0,140.0,DMU,93.33333333333333
stu_4a6e287a889610f081a72e49e6aa43e4,Biología,P,2023,40.0,30.0,40.0,30.0,140.0,DMU,93.33333333333333
stu_7b1f9b33be4ea842b7e377c09c5cc2e2,Economía,P,2023,40.0,40.0,40.0,20.0,140.0,DMU,93.33333333333333
stu_567ff10f6925826fe7faa5cf41f43a42,Bioquímica Clínica,P,2023,40.0,40.0,30.0,30.0,140.0,DMU,93.33333333333333
stu_85871df129fca09462e291fc742637cc,,P,2023,40.0,30.0,40.0,30.0,140.0,DMU,93.33333333333333
stu_4c29839386cd45bd83c83e45a67e1dfb,Administración de Negocios Internacionales,P,2023,40.0,30.0,40.0,30.0,140.0,DMU,93.33333333333333
stu_053c5f1f9611c93ba55c141515877587,Ingeniería Industrial,P,2023,40.0,30.0,40.0,30.0,140.0,DMU,93.33333333333333
stu_49264dafb4cb7d51ab7213a0ec4b7dd7,Químico Farmacéutico Biólogo,P,2023,40.0,40.0,40.0,20.0,140.0,DMU,93.33333333333333
stu_0561967c0a80d3d0e8da804663e1f442,,P,2023,40.0,40.0,30.0,30.0,140.0,DMU,93.33333333333333
stu_93ef851db238c182f654f9f5b2b23a56,Ingeniería en Robótica y Telecomunicaciones,P,2023,40.0,40.0,30.0,30.0,140.0,DMU,93.33333333333333
stu_841914fdf7bb0135e0c6efcc8a88dfe6,,P,2023,30.0,40.0,40.0,30.0,140.0,DMU,93.33333333333333
stu_044c06b317df2c5e8268a74ac8bfe415,,P,2023,40.0,40.0,40.0,20.0,140.0,DMU,93.33333333333333
stu_7094afd23914cbcbab6014f3d2dfb1a1,Nanotecnología e Ingeniería Molecular,P,2023,40.0,40.0,40.0,20.0,140.0,DMU,93.33333333333333
stu_9023b84a085c0876f3874d0113fd309f,Banca e Inversiones,P,2023,40.0,40.0,40.0,20.0,140.0,DMU,93.33333333333333
stu_1f5870a88967f8f27db574707e0b0f39,,P,2023,40.0,40.0,40.0,20.0,140.0,DMU,93.33333333333333
stu_3a9e60111abb7de50dfdeed96226176c,Ingeniería Industrial,P,2023,40.0,40.0,30.0,30.0,140.0,DMU,93.33333333333333
stu_2689ce235e6928a90ca01f2fee5d83df,Ingeniería Mecatrónica,P,2023,40.0,40.0,40.0,20.0,140.0,DMU,93.33333333333333
stu_5a385aadce4b0a97ceca81a6d352cfe5,Bioquímica Clínica,P,2023,40.0,40.0,40.0,20.0,140.0,DMU,93.33333333333333
stu_7f09f38b48eb6c1fd69a495fc5a45a9f,,P,2023,30.0,40.0,40.0,20.0,130.0,DMU,86.66666666666667
stu_08a246731dbc1e9b4715b7f67f179ec5,Administración de Negocios Internacionales,P,2023,30.0,30.0,40.0,30.0,130.0,DMU,86.66666666666667
stu_96107274f4746da9371a5ca605d0735b,Administración de Negocios Internacionales,P,2023,40.0,30.0,40.0,20.0,130.0,DMU,86.66666666666667
stu_4ed170e8bac978433978beeed165d909,Ciencia de datos,P,2023,40.0,30.0,40.0,20.0,130.0,DMU,86.66666666666667
stu_71a5891b4f2cec2328c0017ab8bf876b,Ingeniería Biomédica,P,2023,40.0,20.0,40.0,30.0,130.0,DMU,86.66666666666667
stu_af77023912c135b6424a8dee79a7e4bc,,P,2023,40.0,40.0,40.0,10.0,130.0,DMU,86.66666666666667
stu_6abe590347908a51dba5f433fc0155d5,Ingeniería Biomédica,P,2023,40.0,30.0,30.0,30.0,130.0,DMU,86.66666666666667
stu_c91baf3a6e2a0ced922d26c4cf2a70d6,Administración de Negocios Internacionales,P,2023,40.0,30.0,40.0,20.0,130.0,DMU,86.66666666666667
stu_a0506076a78338874f18a843ed31d842,,P,2023,40.0,30.0,30.0,30.0,130.0,DMU,86.66666666666667
stu_833a2c1d93dc2ded2984a52fd37a36f1,,P,2023,40.0,30.0,40.0,20.0,130.0,DMU,86.66666666666667
stu_447e1137c8b2d3b6225557b3c658c8d0,,P,2023,40.0,20.0,40.0,30.0,130.0,DMU,86.66666666666667
stu_549f7a12b4132eaf8c40d11ec7536c7c,Actuaría,P,2023,40.0,30.0,40.0,20.0,130.0,DMU,86.66666666666667
stu_9eb51aa4bd35f324e5aa390454df6cc5,Administración de Negocios Internacionales,P,2023,40.0,40.0,40.0,10.0,130.0,DMU,86.66666666666667
stu_97f05e8fc338b31467de633e99460c55,Ingeniería Biomédica,P,2023,40.0,40.0,40.0,10.0,130.0,DMU,86.66666666666667
stu_a6c0e3acb0f15f241000b17e6ea0a5a5,,P,2023,40.0,30.0,40.0,20.0,130.0,DMU,86.66666666666667
stu_807f1d4cbd64c63441486cb2ceec130c,Ingeniería Química,P,2023,40.0,30.0,40.0,20.0,130.0,DMU,86.66666666666667
stu_2ccce3de8ef853c9b2a4f7dcc9edbda2,Biología,P,2023,40.0,30.0,40.0,20.0,130.0,DMU,86.66666666666667
stu_ff17b09df06eb7de2f6f020f82456edd,,P,2023,30.0,30.0,40.0,30.0,130.0,DMU,86.66666666666667
stu_865371395d94ac70f63a4ef3ac99d848,Ingeniería en Sistemas Computacionales,P,2023,20.0,40.0,40.0,30.0,130.0,DMU,86.66666666666667
stu_48799f4f6eb58d254713db4a22976d0a,Ciencia de datos,P,2023,40.0,40.0,30.0,20.0,130.0,DMU,86.66666666666667
stu_a3b7b8f2445320906945e98b93263fc4,Administración de Negocios Internacionales,P,2023,40.0,40.0,40.0,10.0,130.0,DMU,86.66666666666667
stu_8aa1a4a42d693c3d8960e29afd1f1f2a,Ingeniería en Alimentos,P,2023,40.0,30.0,30.0,30.0,130.0,DMU,86.66666666666667
stu_a2e1f6e759da36d85ae2fe3e3a63822d,Administración de Negocios Internacionales,P,2023,40.0,40.0,30.0,20.0,130.0,DMU,86.66666666666667
stu_1f0a391bc148f5d55442d8366cf2d40d,,P,2023,30.0,30.0,40.0,30.0,130.0,DMU,86.66666666666667
stu_d105752e5160e87fe2fee59f551cb2b7,,P,2023,40.0,30.0,40.0,20.0,130.0,DMU,86.66666666666667
stu_d27b7bd3d2c46588677047b9b55c4ef2,Ingeniería en Alimentos,P,2023,40.0,30.0,40.0,20.0,130.0,DMU,86.66666666666667
stu_852824b5f910123d6b1a4e9280f0fb87,Ingeniería en Robótica y Telecomunicaciones,P,2023,40.0,30.0,40.0,20.0,130.0,DMU,86.66666666666667
stu_08b2777dc3ba5967a650ee042b604f16,Ingeniería en Sistemas Computacionales,P,2023,40.0,40.0,40.0,10.0,130.0,DMU,86.66666666666667
stu_99160409ddf6f9ac123449d7c7163546,Actuaría,P,2023,40.0,30.0,30.0,30.0,130.0,DMU,86.66666666666667
stu_65174b4e3259edba485a4c041844195f,Actuaría,P,2023,40.0,20.0,40.0,30.0,130.0,DMU,86.66666666666667
stu_5e68e12abc0ee1acc3736956c5d87691,Actuaría,P,2023,30.0,40.0,40.0,20.0,130.0,DMU,86.66666666666667
stu_48bc938d4fcc623663a57bcb750e8d53,,P,2023,40.0,40.0,40.0,10.0,130.0,DMU,86.66666666666667
stu_cb971a7844ea9cb748d77bc22e5a24da,Ingeniería Biomédica,P,2023,40.0,30.0,40.0,20.0,130.0,DMU,86.66666666666667
stu_76aa8bac5d571c2fc1109651f074a853,Administración de Negocios Internacionales,P,2023,30.0,40.0,40.0,20.0,130.0,DMU,86.66666666666667
stu_55cea46b7e1cb518b5224daecf70d6b3,Mercadotecnia,P,2023,40.0,30.0,40.0,20.0,130.0,DMU,86.66666666666667
stu_6bb616ea8f183add5a9073e2f229b854,Actuaría,P,2023,30.0,40.0,40.0,20.0,130.0,DMU,86.66666666666667
stu_5a00d47c28e4cbed49e233483e900be5,Ingeniería Mecatrónica,P,2023,40.0,30.0,40.0,20.0,130.0,DMU,86.66666666666667
stu_33eb15ceba949d85282445efcf735540,Ingeniería en Energía,P,2023,40.0,20.0,40.0,30.0,130.0,DMU,86.66666666666667
stu_8d66216f313963b5ed3747a1fbe8541e,Actuaría,P,2023,40.0,30.0,40.0,20.0,130.0,DMU,86.66666666666667
stu_0f8d6c23ba3bf80628e063cf0ca2ff25,,P,2023,40.0,30.0,40.0,20.0,130.0,DMU,86.66666666666667
stu_6296ef5ee3daab72a45f868c63995382,,P,2023,40.0,30.0,40.0,20.0,130.0,DMU,86.66666666666667
stu_c2a3e5a87f904bf9fc06ebc936a125ed,Actuaría,P,2023,30.0,40.0,30.0,30.0,130.0,DMU,86.66666666666667
stu_be7c149f0662825e399ea370d0402cf6,Ingeniería en Logística y Cadena de Suministros,P,2023,40.0,30.0,40.0,20.0,130.0,DMU,86.66666666666667
stu_88666d301c5e066118b431f5e46cd365,,P,2023,40.0,30.0,40.0,20.0,130.0,DMU,86.66666666666667
stu_8d634f4b1bc532597eefa5f4a3429eb9,Ingeniería Mecatrónica,P,2023,30.0,30.0,40.0,30.0,130.0,DMU,86.66666666666667
stu_c611feefac28b897e2216bc2bfe472a7,,P,2023,40.0,20.0,40.0,30.0,130.0,DMU,86.66666666666667
stu_a5cc1990083e45548147f179d0982aed,,P,2023,40.0,30.0,40.0,20.0,130.0,DMU,86.66666666666667
stu_84c323fddb534ea620b273ea062e039e,,P,2023,40.0,30.0,40.0,20.0,130.0,DMU,86.66666666666667
stu_98ae5ee97e9c19d222e8e58f8aefcd29,Banca e Inversiones,P,2023,40.0,30.0,40.0,20.0,130.0,DMU,86.66666666666667
stu_33d339448e7d4df21198778168dc406c,Ingeniería Mecánica,P,2023,40.0,30.0,40.0,20.0,130.0,DMU,86.66666666666667
stu_0d9067d0891229b203323a6c1c579615,,P,2023,40.0,40.0,40.0,10.0,130.0,DMU,86.66666666666667
stu_cb8d52e25d8cc758074430237305cf84,,P,2023,30.0,30.0,40.0,20.0,120.0,DMU,80.0
stu_03cc6a603afec1d55638a8c1222ec2c9,Ingeniería en Sistemas Computacionales,P,2023,30.0,20.0,40.0,30.0,120.0,DMU,80.0
stu_786fde193a90d487fa1ddf88a1f89619,,P,2023,40.0,40.0,30.0,10.0,120.0,DMU,80.0
stu_a462c12a9473361cb8dfcd69d24477c8,,P,2023,30.0,40.0,30.0,20.0,120.0,DMU,80.0
stu_e4961e5c6f42bf3de41896fde365ade7,,P,2023,40.0,30.0,30.0,20.0,120.0,DMU,80.0
stu_1154b7fafc37fbea0652966eeb46e7c4,Ingeniería Industrial,P,2023,40.0,20.0,40.0,20.0,120.0,DMU,80.0
stu_cb3ae94735af4ef25ecbecee4cad3088,,P,2023,30.0,20.0,40.0,30.0,120.0,DMU,80.0
stu_a7792a8738627cb682519aad68c83f99,,P,2023,40.0,30.0,40.0,10.0,120.0,DMU,80.0
stu_2927f02c42309ccabfd1d18d742f8308,,P,2023,40.0,40.0,40.0,0.0,120.0,DMU,80.0
stu_4e9ff007a8000edf6f3231ff26b18b37,,P,2023,30.0,30.0,40.0,20.0,120.0,DMU,80.0
stu_165485983e7761f2704a87d3cf8cc84e,,P,2023,40.0,30.0,40.0,10.0,120.0,DMU,80.0
stu_3c8ce1b3eb7ab8eab7a11128080c0222,Ingeniería Biomédica,P,2023,40.0,30.0,40.0,10.0,120.0,DMU,80.0
stu_2ad8f38f06cb81ec9c09aa5d33076654,,P,2023,30.0,30.0,40.0,20.0,120.0,DMU,80.0
stu_0caec3a1424b40c6fc76c9461b28ed4a,Ingeniería Mecatrónica,P,2023,30.0,30.0,40.0,20.0,120.0,DMU,80.0
stu_5cb6ad71fb6ee7634deb8ae95299b39f,Física,P,2023,30.0,30.0,40.0,20.0,120.0,DMU,80.0
stu_909e9706e0eab3380c97e1dcc1cb5d48,Banca e Inversiones,P,2023,40.0,30.0,40.0,10.0,120.0,DMU,80.0
stu_b4637dc4f5296ed4817e352257950387,Ingeniería Química,P,2023,20.0,40.0,40.0,20.0,120.0,DMU,80.0
stu_ae788067888ff70fc62f47988a1c1c12,Ingeniería en Sistemas Computacionales,P,2023,40.0,40.0,30.0,10.0,120.0,DMU,80.0
stu_ba7bbf14a54e7800306f41b450818a79,,P,2023,40.0,20.0,40.0,20.0,120.0,DMU,80.0
stu_d3806b077faea9019595be6771cca0c0,Nanotecnología e Ingeniería Molecular,P,2023,30.0,30.0,40.0,20.0,120.0,DMU,80.0
stu_44d8ee0037d404cfa4ef0cab7ca935d3,,P,2023,30.0,40.0,30.0,20.0,120.0,DMU,80.0
stu_503613ff7e966b03d542dfb4d649e036,Ingeniería Biomédica,P,2023,40.0,30.0,40.0,10.0,120.0,DMU,80.0
stu_8a7b9f5bf9eaeace297f2649f4c723e2,,P,2023,40.0,10.0,40.0,30.0,120.0,DMU,80.0
stu_90e61131f7b53fd362e5d5867a855a9a,Químico Farmacéutico Biólogo,P,2023,40.0,30.0,40.0,10.0,120.0,DMU,80.0
stu_77297587613a977bd9bd0b6076e2fc37,Banca e Inversiones,P,2023,40.0,30.0,40.0,10.0,120.0,DMU,80.0
stu_cf7e4b17e1a83ea9a3107cad9775ead9,,P,2023,40.0,40.0,20.0,20.0,120.0,DMU,80.0
stu_1cf1162678e6d8834308a39ec5c80eff,Ingeniería en Robótica y Telecomunicaciones,P,2023,30.0,20.0,40.0,30.0,120.0,DMU,80.0
stu_71afc9dc5adb208f8aa7c6db2d4bdd3d,Economía,P,2023,30.0,30.0,30.0,30.0,120.0,DMU,80.0
stu_c4ac84a82e6bab896eb78850108c7e95,,P,2023,30.0,30.0,30.0,30.0,120.0,DMU,80.0
stu_1eaa93f8884b997133cbf9cdd31ee2ec,,P,2023,40.0,30.0,40.0,10.0,120.0,DMU,80.0
stu_7f83a89b849c531f32fb21c9df2497b0,Ingeniería Civil,P,2023,40.0,20.0,40.0,20.0,120.0,DMU,80.0
stu_6db5956dfc23f87aa2988da3a5751f5a,Actuaría,P,2023,30.0,30.0,40.0,20.0,120.0,DMU,80.0
stu_1f03eeaf6e5f658315c27d248422aeb1,Ingeniería Mecatrónica,P,2023,40.0,30.0,40.0,10.0,120.0,DMU,80.0
stu_a816cb0538618648136dd2383be8a557,,P,2023,30.0,40.0,40.0,10.0,120.0,DMU,80.0
stu_fb7dd22d5a7ad90419819868c8f0f72b,Ingeniería Biomédica,P,2023,30.0,20.0,40.0,30.0,120.0,DMU,80.0
stu_666c2d414f0d2b68268ce7ffa38bd782,Administración de Empresas,P,2023,30.0,20.0,40.0,30.0,120.0,DMU,80.0
stu_79909fb49ec6f50157f274b6403272a9,Ingeniería Química,P,2023,40.0,30.0,30.0,20.0,120.0,DMU,80.0
stu_1f6eed4c19374790bb6a57ae12a2fa1e,Ingeniería Química,P,2023,40.0,20.0,30.0,30.0,120.0,DMU,80.0
stu_690c4ff372deba409ebca0dfacb95afc,,P,2023,40.0,30.0,40.0,10.0,120.0,DMU,80.0
stu_bcd32e2eba238db88e75408f2ab5d26e,Administración de Negocios Internacionales,P,2023,30.0,40.0,40.0,10.0,120.0,DMU,80.0
stu_1cce48b93007bb3e87bf20d9f1961117,Ingeniería Mecánica,P,2023,30.0,20.0,40.0,30.0,120.0,DMU,80.0
stu_2d6f20580098ad1aa8aee83ee31d6579,Administración de Empresas,P,2023,30.0,30.0,40.0,20.0,120.0,DMU,80.0
stu_91d849d0a3d45ee8c4e9434b1e898686,Nanotecnología e Ingeniería Molecular,P,2023,40.0,40.0,20.0,20.0,120.0,DMU,80.0
stu_4c17628ea07ce0f2f8951cc31c9f2a03,Ingeniería en Sistemas Computacionales,P,2023,40.0,20.0,40.0,20.0,120.0,DMU,80.0
stu_e58dac1a46108c934ff36e47bd521425,Administración de Empresas,P,2023,40.0,30.0,40.0,10.0,120.0,DMU,80.0
stu_2c94b1c249bff550c97f6c5004210bf4,,P,2023,40.0,40.0,30.0,10.0,120.0,DMU,80.0
stu_08533eb8bee7ee49bdfbbe6395de3fd9,Ingeniería en Sistemas Computacionales,P,2023,40.0,40.0,30.0,10.0,120.0,DMU,80.0
stu_7b11ade8d5579d75925b6ca179145783,,P,2023,40.0,30.0,40.0,10.0,120.0,DMU,80.0
stu_8e8c339a5fe2d924d3b60323d4a853a8,,P,2023,20.0,30.0,40.0,30.0,120.0,DMU,80.0
stu_267876f0684d1ff16ba9337981d53bb8,Biología,P,2023,30.0,30.0,40.0,20.0,120.0,DMU,80.0
stu_ac762c9b0788375a70e063b97ccbebb7,Biología,P,2023,40.0,30.0,40.0,10.0,120.0,DMU,80.0
stu_81d2be32af6e18e4d73b9f1e3de99721,,P,2023,40.0,30.0,40.0,10.0,120.0,DMU,80.0
stu_bea8b283788633f7ac82396fe9adc8d1,Actuaría,P,2023,30.0,40.0,40.0,10.0,120.0,DMU,80.0
stu_43693a9d3c7a541db57d112e641ccd5a,,P,2023,30.0,40.0,40.0,10.0,120.0,DMU,80.0
stu_7f26067c97d7f23578fd9be25f6c5937,Ingeniería Ambiental,P,2023,40.0,40.0,30.0,10.0,120.0,DMU,80.0
stu_bb4e211cd23d655f82a299701a0866db,Ingeniería Mecatrónica,P,2023,40.0,20.0,30.0,30.0,120.0,DMU,80.0
stu_707bdbbb4fd001cd6e7c9b9d4b324cc2,Ingeniería Mecatrónica,P,2023,40.0,20.0,30.0,20.0,110.0,DMU,73.33333333333333
stu_693bb6321eb0be6e58e4544fb5ebaefd,Ingeniería en Robótica y Telecomunicaciones,P,2023,30.0,30.0,30.0,20.0,110.0,DMU,73.33333333333333
stu_3b4ab7de6583f9ca5510080d83f1a7e8,Ingeniería en Robótica y Telecomunicaciones,P,2023,30.0,40.0,30.0,10.0,110.0,DMU,73.33333333333333
stu_a15920ffbf837be563292f9f910a2eb2,Nanotecnología e Ingeniería Molecular,P,2023,40.0,10.0,40.0,20.0,110.0,DMU,73.33333333333333
stu_3fee32cbbc44a7ce8f62af23a9c6f061,Ingeniería Industrial,P,2023,30.0,20.0,40.0,20.0,110.0,DMU,73.33333333333333
stu_a908e0a92a04ac1d7abfaa0b6107f659,Mercadotecnia,P,2023,30.0,30.0,40.0,10.0,110.0,DMU,73.33333333333333
stu_6c242ed6bac7f911bf2f5213fc4a6a33,Ingeniería Industrial,P,2023,40.0,20.0,30.0,20.0,110.0,DMU,73.33333333333333
stu_005cd89e6c2acb10ac9ac23d368bcbb5,Estrategias Financieras y Contaduría Pública,P,2023,40.0,20.0,30.0,20.0,110.0,DMU,73.33333333333333
stu_07c57f6d420200615721fe33572cc326,Ingeniería Ambiental,P,2023,40.0,40.0,10.0,20.0,110.0,DMU,73.33333333333333
stu_51415387aeb95fce4648427a02e4cb06,,P,2023,30.0,30.0,30.0,20.0,110.0,DMU,73.33333333333333
stu_52d81bbb44854f73b9aeb7cde3fa5f67,Ingeniería en Robótica y Telecomunicaciones,P,2023,40.0,30.0,20.0,20.0,110.0,DMU,73.33333333333333
stu_b8ce94ef8fe4d285868bb41fd6dc9e51,Administración de Negocios Internacionales,P,2023,40.0,30.0,30.0,10.0,110.0,DMU,73.33333333333333
stu_1ee1996395b50798d7d8f65f3c0a72e6,Administración de Empresas,P,2023,30.0,40.0,30.0,10.0,110.0,DMU,73.33333333333333
stu_dd87ae074896817a20b58666a97116db,Banca e Inversiones,P,2023,30.0,20.0,40.0,20.0,110.0,DMU,73.33333333333333
stu_8896e8e142237864b1bf761f567c25e6,Ingeniería Industrial,P,2023,30.0,30.0,30.0,20.0,110.0,DMU,73.33333333333333
stu_f95ddad1a2f2558980ce3559957e864f,Actuaría,P,2023,40.0,40.0,10.0,20.0,110.0,DMU,73.33333333333333
stu_ad01aef51c798aa66d1a6959d2249bf9,Ingeniería en Sistemas Computacionales,P,2023,30.0,20.0,40.0,20.0,110.0,DMU,73.33333333333333
stu_5baf9c03db3fd4a6296151612b420629,Nanotecnología e Ingeniería Molecular,P,2023,30.0,30.0,30.0,20.0,110.0,DMU,73.33333333333333
stu_7841b00998649c37f21fa00e75b6199c,Banca e Inversiones,P,2023,40.0,10.0,40.0,20.0,110.0,DMU,73.33333333333333
stu_1df76c09e2ac18e064ab16127cdbe482,Ingeniería en Sistemas Computacionales,P,2023,30.0,30.0,40.0,10.0,110.0,DMU,73.33333333333333
stu_3ebfb277bed7cff7e0b8289cb030e1aa,Ingeniería Biomédica,P,2023,20.0,40.0,40.0,10.0,110.0,DMU,73.33333333333333
stu_335c1cd6cb5a8013464d6ca5de377928,,P,2023,40.0,20.0,30.0,20.0,110.0,DMU,73.33333333333333
stu_53a9605b0d8cd4f957ef90b2ed2882ec,,P,2023,40.0,20.0,40.0,10.0,110.0,DMU,73.33333333333333
stu_e78466bf0fcdb0302d5c92405a10b9bc,Estrategias Financieras y Contaduría Pública,P,2023,40.0,30.0,30.0,10.0,110.0,DMU,73.33333333333333
stu_20821d46870ced39d9d635dd347ad89d,,P,2023,30.0,20.0,40.0,20.0,110.0,DMU,73.33333333333333
stu_71415c7604e74aa474f80523a064e5bc,,P,2023,20.0,30.0,40.0,20.0,110.0,DMU,73.33333333333333
stu_36f583be699bf646d2876842a28ddfc5,,P,2023,30.0,30.0,30.0,20.0,110.0,DMU,73.33333333333333
stu_a8424207d2e51ff903895f4268a7aa4b,,P,2023,30.0,30.0,30.0,20.0,110.0,DMU,73.33333333333333
stu_0dce5a04253a00d1e85a76b5acd29604,Estrategias Financieras y Contaduría Pública,P,2023,30.0,30.0,40.0,10.0,110.0,DMU,73.33333333333333
stu_73ed7bb2b0a30d1c3b08c300fdefcdf1,Ingeniería Ambiental,P,2023,40.0,30.0,20.0,20.0,110.0,DMU,73.33333333333333
stu_570f2fe67fb4dcba8696aba5f0bd526c,Mercadotecnia,P,2023,40.0,20.0,30.0,20.0,110.0,DMU,73.33333333333333
stu_dba3458517705f3a7d988b53b19c5c94,Banca e Inversiones,P,2023,40.0,20.0,30.0,20.0,110.0,DMU,73.33333333333333
stu_13f715309f41cef216cbde8e91601534,Ingeniería Mecánica,P,2023,40.0,30.0,30.0,10.0,110.0,DMU,73.33333333333333
stu_2aaee2e55d37bdfadb7f51adb957ab95,,P,2023,30.0,30.0,30.0,20.0,110.0,DMU,73.33333333333333
stu_05e17acb9f803fb43fd1a2717d6b6485,,P,2023,40.0,20.0,30.0,20.0,110.0,DMU,73.33333333333333
stu_6735ac4a4f47825f2054b8a4078a118e,Nanotecnología e Ingeniería Molecular,P,2023,30.0,40.0,30.0,10.0,110.0,DMU,73.33333333333333
stu_da1f8913c5668e88e1fea2abef3167ac,Biología,P,2023,30.0,30.0,30.0,20.0,110.0,DMU,73.33333333333333
stu_7472a3484a7be325b2c119eefb78dbea,Ingeniería Industrial,P,2023,30.0,20.0,30.0,30.0,110.0,DMU,73.33333333333333
stu_925995dc66c03d63e9e60aadc3dd9768,Ingeniería en Robótica y Telecomunicaciones,P,2023,20.0,30.0,40.0,20.0,110.0,DMU,73.33333333333333
stu_c04ed169fbfc3ef04d28ebc8641213c3,Banca e Inversiones,P,2023,30.0,30.0,40.0,10.0,110.0,DMU,73.33333333333333
stu_cb7acd48ecc892ca08901f92199eec0a,,P,2023,40.0,30.0,30.0,10.0,110.0,DMU,73.33333333333333
stu_a95fdee15cfdc434522a28ae2ed238f2,,P,2023,30.0,30.0,40.0,10.0,110.0,DMU,73.33333333333333
stu_161702be049ed0c4846395e5a8e69bad,Estrategias Financieras y Contaduría Pública,P,2023,40.0,20.0,40.0,10.0,110.0,DMU,73.33333333333333
stu_19982d373c46fecce7b92fb62921b862,Banca e Inversiones,P,2023,40.0,10.0,40.0,20.0,110.0,DMU,73.33333333333333
stu_108194b8ce181870ff55ba368d51fe54,Administración de Empresas,P,2023,30.0,30.0,40.0,10.0,110.0,DMU,73.33333333333333
stu_f5c4154c0bca5e897362a5b85a1bbc96,Ingeniería en Sistemas Computacionales,P,2023,40.0,20.0,30.0,20.0,110.0,DMU,73.33333333333333
stu_320f64ca779ffbe75af80289f440672a,Ingeniería Mecánica,P,2023,30.0,30.0,20.0,20.0,100.0,DMU,66.66666666666666
stu_39b577f66777eaaff2d195be82199025,Administración de Empresas,P,2023,30.0,20.0,40.0,10.0,100.0,DMU,66.66666666666666
stu_a34a11f9c03259970062fb20103bf53c,,P,2023,30.0,10.0,40.0,20.0,100.0,DMU,66.66666666666666
stu_db205396bb70959b63bb8e85e445d2e0,,P,2023,40.0,20.0,20.0,20.0,100.0,DMU,66.66666666666666
stu_6e425e8a0743058316c0eaccc54e75fa,Actuaría,P,2023,30.0,40.0,20.0,10.0,100.0,DMU,66.66666666666666
stu_cd0673cfd18ea49016d196b879402a30,Ingeniería en Energía,P,2023,20.0,30.0,30.0,20.0,100.0,DMU,66.66666666666666
stu_58934ef9079e58d11abe5283e353d38b,Administración de Negocios Internacionales,P,2023,20.0,30.0,20.0,30.0,100.0,DMU,66.66666666666666
stu_f8dd0735bc4ae076020c61078133de92,Administración de Negocios Internacionales,P,2023,40.0,20.0,30.0,10.0,100.0,DMU,66.66666666666666
stu_e78ca408f1dc53bec36912bdbe46af58,Economía,P,2023,30.0,20.0,30.0,20.0,100.0,DMU,66.66666666666666
stu_725414f68f58d016d99870d027cdf9ec,Nanotecnología e Ingeniería Molecular,P,2023,40.0,30.0,30.0,0.0,100.0,DMU,66.66666666666666
stu_ddc9bcc616adf29e886eb90cf88c6731,,P,2023,20.0,30.0,40.0,10.0,100.0,DMU,66.66666666666666
stu_d38e3709d2d9c08f0b2330e9e41e828d,,P,2023,30.0,20.0,30.0,20.0,100.0,DMU,66.66666666666666
stu_bef9273b6c276ea4dc072e3049e39787,Ingeniería en Sistemas Computacionales,P,2023,30.0,20.0,40.0,10.0,100.0,DMU,66.66666666666666
stu_317dc216d8d48862538c095fbd7a613e,,P,2023,20.0,30.0,30.0,20.0,100.0,DMU,66.66666666666666
stu_0239c9ff110dac5ee41f368538a7440e,,P,2023,30.0,30.0,40.0,0.0,100.0,DMU,66.66666666666666
stu_ed420a910f6b361d8cbac3a06e3d6f7c,,P,2023,20.0,30.0,40.0,10.0,100.0,DMU,66.66666666666666
stu_b99af48757620f816ed1aa9f30d89bb3,,P,2023,30.0,20.0,40.0,10.0,100.0,DMU,66.66666666666666
stu_a0056d4e87189e456d1fe13b78522fc2,,P,2023,40.0,20.0,40.0,0.0,100.0,DMU,66.66666666666666
stu_0c24831c7974c5b0c1383d062335d2e3,,P,2023,40.0,30.0,20.0,10.0,100.0,DMU,66.66666666666666
stu_73715e45040db75f209d7a47ea49c519,Administración de Negocios Internacionales,P,2023,40.0,10.0,30.0,20.0,100.0,DMU,66.66666666666666
stu_0a93e77bbcc0929658efc6477dea0083,Economía,P,2023,30.0,10.0,40.0,20.0,100.0,DMU,66.66666666666666
stu_56c5bfe348384bf4a82fbc6de88a6c9a,Ingeniería Industrial,P,2023,40.0,20.0,40.0,0.0,100.0,DMU,66.66666666666666
stu_186aff56f5f3444886c946c0ae44f740,,P,2023,20.0,20.0,40.0,20.0,100.0,DMU,66.66666666666666
stu_120510989992b820a0d4351995ee0255,,P,2023,20.0,30.0,40.0,10.0,100.0,DMU,66.66666666666666
stu_02fb4c74ed51468f96ebe0b577fc4314,Ingeniería Industrial,P,2023,40.0,20.0,30.0,10.0,100.0,DMU,66.66666666666666
stu_1e46fcdc5ac5ededbb85fa99f92fd073,Administración de Empresas,P,2023,20.0,40.0,20.0,20.0,100.0,DMU,66.66666666666666
stu_d42c9db23ae737177bb30af1b70ef075,Ingeniería Industrial,P,2023,30.0,20.0,40.0,10.0,100.0,DMU,66.66666666666666
stu_921eaeea13ab213221311b9e41d0f3f1,,P,2023,20.0,30.0,30.0,20.0,100.0,DMU,66.66666666666666
stu_892b2244e8b8939674728eabaafbdc5c,,P,2023,40.0,20.0,20.0,20.0,100.0,DMU,66.66666666666666
stu_3907ec2dd6f4302ce7392a7ee724c5f0,Ingeniería en Logística y Cadena de Suministros,P,2023,40.0,20.0,30.0,10.0,100.0,DMU,66.66666666666666
stu_476b2ca29b2035ed6b1404c918008494,,P,2023,10.0,30.0,40.0,20.0,100.0,DMU,66.66666666666666
stu_709f2f3906ce2087a8e40ec353da2162,Banca e Inversiones,P,2023,40.0,10.0,30.0,20.0,100.0,DMU,66.66666666666666
stu_a10fe2bf57001e51e839ca047cd61d70,Actuaría,P,2023,40.0,20.0,30.0,10.0,100.0,DMU,66.66666666666666
stu_f445662b8e280a6d62ff98741e218705,,P,2023,40.0,10.0,30.0,20.0,100.0,DMU,66.66666666666666
stu_5c2831df66279652ea446774707ac38c,,P,2023,40.0,10.0,30.0,20.0,100.0,DMU,66.66666666666666
stu_e95193e79313046653b78d3a0bc0cc65,,P,2023,30.0,30.0,20.0,20.0,100.0,DMU,66.66666666666666
stu_4e0c837c7c205d1fc60690024db1c5f7,,P,2023,20.0,20.0,40.0,20.0,100.0,DMU,66.66666666666666
stu_3ae6762d5fb83bb806d2f978e892e961,,P,2023,20.0,30.0,40.0,10.0,100.0,DMU,66.66666666666666
stu_2bdeaa37a9ece4d0a8842d0e8d856bd1,Ingeniería Industrial,P,2023,20.0,20.0,40.0,20.0,100.0,DMU,66.66666666666666
stu_769560e5d981e708d3b00b966f4940c5,Nanotecnología e Ingeniería Molecular,P,2023,30.0,0.0,40.0,30.0,100.0,DMU,66.66666666666666
stu_85592a9b4d9eadbd40a8d35fcd9f137a,,P,2023,30.0,20.0,30.0,20.0,100.0,DMU,66.66666666666666
stu_bf85ee103165d9aab2f996e64ac0c9cc,Ingeniería Mecatrónica,P,2023,40.0,30.0,30.0,0.0,100.0,DMU,66.66666666666666
stu_0a0d50b60fe8a8296f62a4aa58dd8d0e,Estrategias Financieras y Contaduría Pública,P,2023,20.0,30.0,40.0,10.0,100.0,DMU,66.66666666666666
stu_fbd10df458a52da28c0201ea51b1a9f4,,P,2023,30.0,20.0,30.0,20.0,100.0,DMU,66.66666666666666
stu_04adadaa9225c8ef0507dac3897949c1,Banca e Inversiones,P,2023,30.0,10.0,40.0,10.0,90.0,DMU,60.0
stu_56bd3c87c4d9aca29f1ea82a07cf7bd6,Ingeniería Industrial,P,2023,20.0,30.0,30.0,10.0,90.0,DMU,60.0
stu_e2b2dc41e8692e7189bc5d6eaaae728e,,P,2023,30.0,30.0,20.0,10.0,90.0,DMU,60.0
stu_b9dbc962cc94212b731abb0ffa682384,Actuaría,P,2023,30.0,30.0,20.0,10.0,90.0,DMU,60.0
stu_830cd75947f60d9150f7bb5e6c310df4,Física,P,2023,20.0,20.0,30.0,20.0,90.0,DMU,60.0
stu_9c74c163487d9c130c8083ad7e9db2e7,,P,2023,30.0,10.0,40.0,10.0,90.0,DMU,60.0
stu_a5b13761b874ae3109dfa6ce2f42d00f,Biología,P,2023,30.0,30.0,20.0,10.0,90.0,DMU,60.0
stu_c21dbd5c90ec8c71d0885611b0b5d744,,P,2023,30.0,20.0,30.0,10.0,90.0,DMU,60.0
stu_3b299404b317acc0cacc150f7974a4e2,,P,2023,30.0,10.0,40.0,10.0,90.0,DMU,60.0
stu_358a8ee5454c6ece744ba9ccb8141648,,P,2023,20.0,30.0,30.0,10.0,90.0,DMU,60.0
stu_b68d0a899209f25097b6c1b6fccec1ef,,P,2023,10.0,30.0,40.0,10.0,90.0,DMU,60.0
stu_b29578db831e526c004344b4cdbdb444,Banca e Inversiones,P,2023,30.0,20.0,30.0,10.0,90.0,DMU,60.0
stu_bba135d5cf9e35be6b2b340787f261e3,,P,2023,40.0,10.0,30.0,10.0,90.0,DMU,60.0
stu_f53f304e00db041493b399a06a6af453,,P,2023,30.0,10.0,40.0,10.0,90.0,DMU,60.0
stu_95d225e9197ab6ae4ba8d827213d2a9e,Administración de Negocios Internacionales,P,2023,30.0,20.0,30.0,10.0,90.0,DMU,60.0
stu_452d492718bf715f631f835d09b2e7f4,,P,2023,40.0,10.0,30.0,10.0,90.0,DMU,60.0
stu_428d59cb2c61ab87c3ece74a709c6c73,Bioquímica Clínica,P,2023,20.0,30.0,30.0,10.0,90.0,DMU,60.0
stu_18f925b175500e5d16f2562be92eae30,Ingeniería Mecánica,P,2023,30.0,20.0,30.0,10.0,90.0,DMU,60.0
stu_7a4be9481fff08c16e16d8ab395d49c1,Ingeniería Mecatrónica,P,2023,40.0,30.0,20.0,0.0,90.0,DMU,60.0
stu_5dc385a84db62c92b3a1e82743ac4e44,Bioquímica Clínica,P,2023,40.0,10.0,30.0,10.0,90.0,DMU,60.0
stu_da3a0100eea824420ac8c270e2a868ba,Ingeniería Mecánica,P,2023,30.0,30.0,20.0,10.0,90.0,DMU,60.0
stu_1a6f71c3af8d7532e1ac7340d9405bcb,Mercadotecnia,P,2023,40.0,10.0,30.0,10.0,90.0,DMU,60.0
stu_0ca013a8e341f39704b87d49be0350da,,P,2023,30.0,10.0,30.0,20.0,90.0,DMU,60.0
stu_cfb15f88c2d3f30d56ff5137f0bf0026,Estrategias Financieras y Contaduría Pública,P,2023,10.0,20.0,40.0,20.0,90.0,DMU,60.0
stu_81755d080c5b25b2c99e9834fc2c92d0,,P,2023,40.0,30.0,10.0,10.0,90.0,DMU,60.0
stu_301e71fbd35180e7e110706963b58942,,P,2023,10.0,30.0,40.0,10.0,90.0,DMU,60.0
stu_586d51453cf20d56f49279a4e27e55c1,Ingeniería Química,P,2023,20.0,20.0,30.0,20.0,90.0,DMU,60.0
stu_ef4866bf08abe2a4581de13cfcb26c6a,Actuaría,P,2023,40.0,20.0,20.0,10.0,90.0,DMU,60.0
stu_ce13d97d3241d637e7177ed9f3e48b97,,P,2023,20.0,20.0,40.0,10.0,90.0,DMU,60.0
stu_b1677848e8995a1a6cd9484f1d1f8108,Ingeniería en Energía,P,2023,20.0,30.0,30.0,10.0,90.0,DMU,60.0
stu_e69220b8fb7fab89fc8c3265b33b1a0a,,P,2023,30.0,30.0,30.0,0.0,90.0,DMU,60.0
stu_a9b830a706d49e1ef28ae2da6a2771f0,Estrategias Financieras y Contaduría Pública,P,2023,10.0,30.0,40.0,10.0,90.0,DMU,60.0
stu_fb33ebcb5e5d2417b2cd512efa5ece8c,Ingeniería Biomédica,P,2023,40.0,20.0,10.0,20.0,90.0,DMU,60.0
stu_421067a5ab6216f735dc8150ca6a8a0b,,P,2023,30.0,20.0,30.0,10.0,90.0,DMU,60.0
stu_352651ec05bf9358bdb1d4a100a60b41,Ingeniería Química,P,2023,20.0,30.0,30.0,0.0,80.0,DMU,53.33333333333334
stu_2405f050bc9761fc8fc1bc7c23645160,Nanotecnología e Ingeniería Molecular,P,2023,30.0,30.0,20.0,0.0,80.0,DMU,53.33333333333334
stu_788d16d23d75ce1f38383f9a2565de01,,P,2023,30.0,30.0,20.0,0.0,80.0,DMU,53.33333333333334
stu_60ef3533dc43cce33e8c95ce1a02b7db,Ingeniería en Sistemas Computacionales,P,2023,30.0,30.0,0.0,20.0,80.0,DMU,53.33333333333334
stu_55637428c42b4bf60cbccf5c32a9bf9e,Ingeniería en Robótica y Telecomunicaciones,P,2023,20.0,40.0,20.0,0.0,80.0,DMU,53.33333333333334
stu_ea99ca0478bc6ef0b68276467c87daa4,Ingeniería Mecatrónica,P,2023,40.0,10.0,10.0,20.0,80.0,DMU,53.33333333333334
stu_e3b9fac5844493d80b1ebda6ae1bf22d,,P,2023,20.0,30.0,10.0,20.0,80.0,DMU,53.33333333333334
stu_c8a286158f564d8f7cc3d9f9ecf78180,Nanotecnología e Ingeniería Molecular,P,2023,30.0,20.0,30.0,0.0,80.0,DMU,53.33333333333334
stu_efcf6a3086b4edf44ce3cb1d0142cc66,Economía,P,2023,20.0,20.0,20.0,20.0,80.0,DMU,53.33333333333334
stu_13f95ae52bbd74b5c42c159e8e777931,Banca e Inversiones,P,2023,10.0,10.0,40.0,20.0,80.0,DMU,53.33333333333334
stu_6837e5d811fcde9fd88c3a1b37137301,Ingeniería Industrial,P,2023,40.0,20.0,10.0,10.0,80.0,DMU,53.33333333333334
stu_f464e53dfd69fea3b985c4799130f2d4,Administración de Empresas,P,2023,30.0,20.0,10.0,20.0,80.0,DMU,53.33333333333334
stu_29893ef7e932c6f8b4849af4a0617b81,,P,2023,30.0,30.0,10.0,10.0,80.0,DMU,53.33333333333334
stu_76db37ef28906407150bf8d2399ab65f,,P,2023,10.0,20.0,20.0,30.0,80.0,DMU,53.33333333333334
stu_d8042f06536274f553f2e8470a1d1e3e,Administración de Empresas,P,2023,10.0,30.0,20.0,20.0,80.0,DMU,53.33333333333334
stu_f274d5dd757414b5aa9715cdca905e6a,Ingeniería Biomédica,P,2023,40.0,20.0,10.0,10.0,80.0,DMU,53.33333333333334
stu_cf741d6df7686534e9d8e180a7e9fd1c,,P,2023,20.0,20.0,30.0,10.0,80.0,DMU,53.33333333333334
stu_4dadda183044fb9723686e66f7799eba,,P,2023,20.0,20.0,20.0,20.0,80.0,DMU,53.33333333333334
stu_6885a69bd2e246382290210a55262c5c,,P,2023,30.0,10.0,30.0,10.0,80.0,DMU,53.33333333333334
stu_efd994184eed8c447fa179a39cb3f655,Ingeniería Mecatrónica,P,2023,30.0,20.0,30.0,0.0,80.0,DMU,53.33333333333334
stu_71f756c686e23c6c211679c67b5fb9d1,,P,2023,10.0,20.0,30.0,20.0,80.0,DMU,53.33333333333334
stu_582f983e6ddc76edd453cf1eda4b6a13,,P,2023,10.0,20.0,40.0,10.0,80.0,DMU,53.33333333333334
stu_539253f361d97ca6495c133d9abece68,Ingeniería Mecatrónica,P,2023,20.0,20.0,30.0,10.0,80.0,DMU,53.33333333333334
stu_82afae19e70bd51fdc7a0e57340a234b,,P,2023,30.0,30.0,10.0,0.0,70.0,DMU,46.66666666666666
stu_2694cdee7ddb359940ea975cd6745462,,P,2023,10.0,20.0,30.0,10.0,70.0,DMU,46.66666666666666
stu_35fedeb06c4aa1aaf2f829d27ed1f5aa,Ingeniería en Alimentos,P,2023,20.0,20.0,20.0,10.0,70.0,DMU,46.66666666666666
stu_b68c001539ebac7e9e881d5d8be28ab7,,P,2023,20.0,30.0,0.0,20.0,70.0,DMU,46.66666666666666
stu_b60e8adc9c17ebb7377d6553d4e5d15e,Banca e Inversiones,P,2023,10.0,30.0,10.0,20.0,70.0,DMU,46.66666666666666
stu_80da21451cdee50bfedf4234b748e2d3,Banca e Inversiones,P,2023,20.0,30.0,10.0,10.0,70.0,DMU,46.66666666666666
stu_353becbd2a7bc3796e5c7fa14051e8af,Nanotecnología e Ingeniería Molecular,P,2023,30.0,20.0,20.0,0.0,70.0,DMU,46.66666666666666
stu_1ce5893de6983cbe88836b705c6fd736,Ingeniería Industrial,P,2023,20.0,10.0,20.0,20.0,70.0,DMU,46.66666666666666
stu_32a37e9db4beb4e45848d886b7075869,,P,2023,30.0,20.0,10.0,10.0,70.0,DMU,46.66666666666666
stu_b46ce0d9c64140699b10da8da5d52bed,Ingeniería Mecánica,P,2023,30.0,10.0,20.0,10.0,70.0,DMU,46.66666666666666
stu_e431ae7031b3aeb968e125368e83687e,,P,2023,10.0,30.0,30.0,0.0,70.0,DMU,46.66666666666666
stu_b1870b0ca8842aff275d48a828338648,Economía,P,2023,20.0,0.0,30.0,20.0,70.0,DMU,46.66666666666666
stu_a595d03f8cc4496ad76983f0ac60ff00,Ingeniería Civil,P,2023,20.0,30.0,10.0,10.0,70.0,DMU,46.66666666666666
stu_64c69ab2f8a46d83261fce342a8959db,Ingeniería en Sistemas Computacionales,P,2023,10.0,10.0,40.0,10.0,70.0,DMU,46.66666666666666
stu_45d1b4744ad5a43a349ad133e70d2fac,Bioquímica Clínica,P,2023,20.0,20.0,10.0,10.0,60.0,DMU,40.0
stu_a9f1c586389dbaf33115e641595aa1fb,Biología,P,2023,10.0,20.0,10.0,20.0,60.0,DMU,40.0
stu_b78eda866ec0178ebbb3258e08012316,Ingeniería Química,P,2023,10.0,10.0,30.0,10.0,60.0,DMU,40.0
stu_bf75f73a1a42339c2a3d24292bed9781,Estrategias Financieras y Contaduría Pública,P,2023,20.0,10.0,30.0,,60.0,DMU,40.0
stu_add7299d5b81b790ef3b716e4e27e751,,P,2023,30.0,0.0,20.0,10.0,60.0,DMU,40.0
stu_ee40292c744403c3ea6d8b08c8f5e6a3,Ingeniería Industrial,P,2023,10.0,10.0,20.0,20.0,60.0,DMU,40.0
stu_f018e000daf58971b7426a91e13835d1,Actuaría,P,2023,20.0,20.0,20.0,0.0,60.0,DMU,40.0
stu_fc3b7d7de3cb9d469cfadd38889caec7,Economía,P,2023,30.0,20.0,0.0,10.0,60.0,DMU,40.0
stu_3401987121a639a4f6b44c1139ad5ccf,,P,2023,20.0,20.0,10.0,10.0,60.0,DMU,40.0
stu_7e43012eed5f549ade2da01fb1721763,Ingeniería Civil,P,2023,10.0,20.0,20.0,10.0,60.0,DMU,40.0
stu_493bd92d34748a6ec299da2255abcb65,Economía,P,2023,20.0,10.0,30.0,0.0,60.0,DMU,40.0
stu_e1ebc6945ee0262dd090b37c12dd92d0,Ingeniería en Sistemas Computacionales,P,2023,30.0,10.0,10.0,10.0,60.0,DMU,40.0
stu_92847830ce115b3762d01e1d1c17de5e,Mercadotecnia,P,2023,0.0,20.0,10.0,20.0,50.0,DMU,33.33333333333333
stu_ec4b06966a7d3613c3bbcaf68bca12b6,Administración de Negocios Internacionales,P,2023,20.0,10.0,10.0,10.0,50.0,DMU,33.33333333333333
stu_cb833edcb407645db50de628630f36ea,Administración de Negocios Internacionales,P,2023,0.0,20.0,20.0,10.0,50.0,DMU,33.33333333333333
stu_7fd68059594fbf433e09a7ee25a240c8,,P,2023,20.0,10.0,10.0,10.0,50.0,DMU,33.33333333333333
stu_17e6846db733e7ec0b5ef2937d43262c,Administración de Negocios Internacionales,P,2023,0.0,10.0,30.0,10.0,50.0,DMU,33.33333333333333
stu_6398999285050fd565f7a904a15d6bd7,Banca e Inversiones,P,2023,20.0,10.0,10.0,10.0,50.0,DMU,33.33333333333333
stu_fb84eec405de7a45a22b4a88dc7c1409,Ingeniería Química,P,2023,30.0,10.0,10.0,0.0,50.0,DMU,33.33333333333333
stu_94f8d0cb37bee7fe50592da489c2f8e6,Administración de Negocios Internacionales,P,2023,20.0,0.0,20.0,10.0,50.0,DMU,33.33333333333333
stu_e6b022caa5d6d72110a659470158cc15,Actuaría,P,2023,10.0,20.0,10.0,10.0,50.0,DMU,33.33333333333333
stu_ee7151503b7452ca529b66f1335cd460,Banca e Inversiones,P,2023,20.0,20.0,10.0,0.0,50.0,DMU,33.33333333333333
stu_26d53c060c27a8690c4f38f9737d8c6f,,P,2023,10.0,30.0,0.0,0.0,40.0,DMU,26.66666666666667
stu_1bfac6889794c8eda46ce2c22efe5fe7,Estrategias Financieras y Contaduría Pública,P,2023,20.0,20.0,0.0,0.0,40.0,DMU,26.66666666666667
stu_a76d363b2a48f5589e4b9f068c42a6b2,Actuaría,P,2023,10.0,10.0,20.0,0.0,40.0,DMU,26.66666666666667
stu_17b7f9d7b0b1c3e033ccf039c1be1906,,P,2023,10.0,10.0,0.0,10.0,30.0,DMU,20.0
stu_ff4c621359b9ba5e60b5500f70ad3a72,,P,2023,10.0,0.0,10.0,10.0,30.0,DMU,20.0
stu_2eb536b3bd193c9469970e8ee13d8014,,P,2023,10.0,10.0,10.0,0.0,30.0,DMU,20.0
stu_706f323524b2e583da2ae113abab4242,,P,2023,20.0,0.0,0.0,0.0,20.0,DMU,13.33333333333333
stu_f352407598ff405f0ced5183c5b84f6e,Ingeniería en Logística,P,2024,0.0,10.0,0.0,10.0,20.0,DMU,13.33333333333333
stu_68caac90ccd728e62bed6e91344e61bb,Estrategias Financieras y Contaduría Pública,P,2024,20.0,0.0,0.0,10.0,30.0,DMU,20.0
stu_ed6e176aa90884880590bbc7e835256d,Administración de Empresas,P,2024,0.0,0.0,20.0,10.0,30.0,DMU,20.0
stu_9d969a3248600aad23bbdbcdb6ad8b75,Administración de Negocios Internacionales,P,2024,20.0,10.0,0.0,0.0,30.0,DMU,20.0
stu_3d392ae5e5e12718941509584c00e2e3,Químico Farmacéutico Biólogo,P,2024,10.0,0.0,10.0,20.0,40.0,DMU,26.66666666666667
stu_5e2062d69a01166a56ce095218ac31e9,,P,2024,20.0,20.0,0.0,0.0,40.0,DMU,26.66666666666667
stu_8ee2eaaa5a33cb10a565cc30b4041a67,Químico Farmacéutico Biólogo,P,2024,10.0,20.0,10.0,0.0,40.0,DMU,26.66666666666667
stu_4af6dd7fd808bff34073d09042396d50,,P,2024,20.0,0.0,10.0,10.0,40.0,DMU,26.66666666666667
stu_fe76ae5e791fc95bddff36d1422cc1da,,P,2024,10.0,10.0,20.0,0.0,40.0,DMU,26.66666666666667
stu_422729ed8755531adca445d4ca206500,Administración de Empresas,P,2024,10.0,20.0,10.0,10.0,50.0,DMU,33.33333333333333
stu_fa331155d025f40c55e7a895730c7bf3,,P,2024,0.0,10.0,20.0,20.0,50.0,DMU,33.33333333333333
stu_bb0cb310c06e20e80cf21881efc11f13,Químico Farmacéutico Biólogo,P,2024,20.0,10.0,10.0,10.0,50.0,DMU,33.33333333333333
stu_22f0efce222b8bb04dc621311b008e9f,,P,2024,10.0,30.0,10.0,0.0,50.0,DMU,33.33333333333333
stu_e5b07418a089d698005f059b5eca24d5,,P,2024,0.0,20.0,20.0,10.0,50.0,DMU,33.33333333333333
stu_5fa308f3790da377738638d27ea681a5,,P,2024,10.0,30.0,10.0,0.0,50.0,DMU,33.33333333333333
stu_c27de19b27dfd3e4b3bfd1ca72888cce,Ingeniería Industrial,P,2024,30.0,10.0,10.0,0.0,50.0,DMU,33.33333333333333
stu_ca402933ebabe931bd3c4bd0fbc50166,,P,2024,20.0,20.0,10.0,0.0,50.0,DMU,33.33333333333333
stu_be181c0f420b2aab3f1867308f4c4c80,,P,2024,0.0,30.0,10.0,10.0,50.0,DMU,33.33333333333333
stu_08fdeb981dfb527ec66cb4f185d7cd52,,P,2024,10.0,10.0,30.0,0.0,50.0,DMU,33.33333333333333
stu_ae55c6bdd3f245c7d45e7981f8a75bcb,Administración de Empresas,P,2024,30.0,0.0,20.0,0.0,50.0,DMU,33.33333333333333
stu_13f347d7b2df5e0a244148ca4b449526,Mercadotecnia,P,2024,10.0,20.0,10.0,10.0,50.0,DMU,33.33333333333333
stu_83b588f0122efad0193bb438776a37b8,,P,2024,20.0,10.0,10.0,10.0,50.0,DMU,33.33333333333333
stu_1a2f050e4d4aa4d18c08131fcc0fd00e,,P,2024,30.0,10.0,0.0,10.0,50.0,DMU,33.33333333333333
stu_9e0299bfb287930bf4b1328eb99e9037,,P,2024,10.0,20.0,10.0,10.0,50.0,DMU,33.33333333333333
stu_5d67dc3fe49899cc37d78e76e2622e0d,Administración de Negocios Internacionales,P,2024,0.0,20.0,40.0,0.0,60.0,DMU,40.0
stu_028499abd3564fc8b78ac0f2ca107399,,P,2024,20.0,30.0,10.0,0.0,60.0,DMU,40.0
stu_b899c056f2b876b790bf967934e0a95c,,P,2024,20.0,20.0,10.0,10.0,60.0,DMU,40.0
stu_8c21b096ab87bc2cc5571edf3e708256,Ciencia de datos,P,2024,0.0,30.0,20.0,10.0,60.0,DMU,40.0
stu_8b9e79a99b60448055f30e6519a45e76,Mercadotecnia,P,2024,20.0,10.0,20.0,10.0,60.0,DMU,40.0
stu_58e8ad8da80fe30cb5a2c1025881ca9e,,P,2024,20.0,20.0,20.0,0.0,60.0,DMU,40.0
stu_4fdafa348a8e9525ef514881f606c038,Estrategias Financieras y Contaduría Pública,P,2024,20.0,10.0,20.0,10.0,60.0,DMU,40.0
stu_9c8c346437c0dfd09995ad2a09675840,Administración de Empresas,P,2024,20.0,20.0,20.0,0.0,60.0,DMU,40.0
stu_3dbb1c308ab1dafe5aa358e057912ac2,Mercadotecnia,P,2024,10.0,20.0,20.0,10.0,60.0,DMU,40.0
stu_5dab9d43205c4f8793f48b482cff2aaa,,P,2024,20.0,10.0,20.0,10.0,60.0,DMU,40.0
stu_33b93f1c2799785490eae1a3eb887387,Administración de Empresas,P,2024,20.0,20.0,20.0,0.0,60.0,DMU,40.0
stu_e287cb357a1006ce6eab145401a4bbf3,,P,2024,30.0,10.0,20.0,0.0,60.0,DMU,40.0
stu_b7932d9cefc7c221ab06497cfbe9bb57,Mercadotecnia,P,2024,20.0,10.0,20.0,10.0,60.0,DMU,40.0
stu_8264ccf275841004872c9c65c3ef6f1e,,P,2024,40.0,0.0,10.0,10.0,60.0,DMU,40.0
stu_ca436e3e7d173ca6722a6e567e3a0f2d,,P,2024,40.0,20.0,0.0,10.0,70.0,DMU,46.66666666666666
stu_84092fa6787f250595d16a951f652366,,P,2024,10.0,20.0,20.0,20.0,70.0,DMU,46.66666666666666
stu_0727a3414e6f319dc86bf5af6aa387ec,,P,2024,30.0,30.0,10.0,0.0,70.0,DMU,46.66666666666666
stu_6fa4316b77afb7b713437818a87c931a,,P,2024,20.0,10.0,30.0,10.0,70.0,DMU,46.66666666666666
stu_f25d688cc3dd3743fb9ad498d1a5d6a7,,P,2024,20.0,30.0,10.0,10.0,70.0,DMU,46.66666666666666
stu_e9ea185b7277a1615c7e55980fa5e744,Ingeniería en Alimentos,P,2024,20.0,20.0,10.0,20.0,70.0,DMU,46.66666666666666
stu_9bd9dc465b8b6dcdc5791dba129ad01c,Ingeniería Mecatrónica,P,2024,30.0,30.0,10.0,0.0,70.0,DMU,46.66666666666666
stu_e703fd8bc6b93e63019a6aaea8522b8c,,P,2024,20.0,30.0,20.0,0.0,70.0,DMU,46.66666666666666
stu_8f54b4e8a76d42b71757c1c535975d58,Ingeniería Mecatrónica,P,2024,20.0,20.0,30.0,0.0,70.0,DMU,46.66666666666666
stu_7267c06d9b3ea6a551df9793879745fa,Administración de Negocios Internacionales,P,2024,20.0,10.0,30.0,10.0,70.0,DMU,46.66666666666666
stu_00c2a8f812b823c2da075ad57191a862,,P,2024,30.0,20.0,20.0,0.0,70.0,DMU,46.66666666666666
stu_f357af28c97f417dd77f7d3d4ea15f73,,P,2024,30.0,30.0,10.0,0.0,70.0,DMU,46.66666666666666
stu_77fc52bf86ca0270257bb40061df4afc,Ingeniería Industrial,P,2024,30.0,20.0,10.0,10.0,70.0,DMU,46.66666666666666
stu_fa3be6559d43cf40d6a2075b8823f3a7,,P,2024,10.0,30.0,30.0,0.0,70.0,DMU,46.66666666666666
stu_57b3f990c7a2bd9793c90893be1aab25,Mercadotecnia,P,2024,30.0,20.0,20.0,0.0,70.0,DMU,46.66666666666666
stu_4f1d6e0c5806693b65b999a03d9ad99d,Químico Farmacéutico Biólogo,P,2024,10.0,20.0,20.0,20.0,70.0,DMU,46.66666666666666
stu_361003c0bc6c39cb50e3e5a6e6df3604,,P,2024,20.0,10.0,20.0,20.0,70.0,DMU,46.66666666666666
stu_3968a524139c2f26d2cd7803e7d6ad97,Administración de Negocios Internacionales,P,2024,10.0,10.0,40.0,10.0,70.0,DMU,46.66666666666666
stu_1e4a682522595fa4588f956f4b8f1de2,,P,2024,20.0,20.0,30.0,0.0,70.0,DMU,46.66666666666666
stu_6b80ee4822a4039590fabfa863147592,Física,P,2024,30.0,0.0,20.0,20.0,70.0,DMU,46.66666666666666
stu_639e461b9f8fc3d0e9f74a3328d12676,,P,2024,20.0,20.0,20.0,10.0,70.0,DMU,46.66666666666666
stu_6be0935d83d0358ba5fc79dd786e4fb8,,P,2024,20.0,10.0,20.0,20.0,70.0,DMU,46.66666666666666
stu_a56872e6028130ae1e07e99aecaaf2a8,,P,2024,30.0,10.0,30.0,0.0,70.0,DMU,46.66666666666666
stu_a3c2587efd4e900263c666df526c9edc,Ingeniería Industrial,P,2024,10.0,10.0,20.0,30.0,70.0,DMU,46.66666666666666
stu_b7b07f6196ef9eea9718413bc3ecff76,Estrategias Financieras y Contaduría Pública,P,2024,40.0,10.0,20.0,0.0,70.0,DMU,46.66666666666666
stu_399ad05ac9535a320276fce9b4dd3bc5,,P,2024,30.0,10.0,20.0,10.0,70.0,DMU,46.66666666666666
stu_aaf3a02fe8a2c0e2a44e68254ece7e3e,,P,2024,20.0,20.0,30.0,0.0,70.0,DMU,46.66666666666666
stu_ceac08de35620f23c7013ffd59c21db1,Ingeniería Mecatrónica,P,2024,20.0,30.0,10.0,10.0,70.0,DMU,46.66666666666666
stu_b733bb6209fa9e27c83f1b20727d4da8,Estrategias Financieras y Contaduría Pública,P,2024,30.0,30.0,10.0,0.0,70.0,DMU,46.66666666666666
stu_0938e346f8e5a53f00cbbe6b2d018dff,,P,2024,10.0,10.0,30.0,20.0,70.0,DMU,46.66666666666666
stu_76b474e19dd297cff07338f6b6c74d0e,,P,2024,20.0,20.0,10.0,20.0,70.0,DMU,46.66666666666666
stu_74db60cdb234266ce484fa2327be4eba,Administración de Empresas,P,2024,20.0,20.0,30.0,0.0,70.0,DMU,46.66666666666666
stu_819529c2d535703e2f573b38723cf751,,P,2024,10.0,30.0,10.0,20.0,70.0,DMU,46.66666666666666
stu_c7e56048db70baf43eb3cbe43c2b330d,Ingeniería Mecatrónica,P,2024,30.0,20.0,10.0,10.0,70.0,DMU,46.66666666666666
stu_68fe3f4e4b9a7efc03d876ae08d13d83,Mercadotecnia,P,2024,0.0,30.0,40.0,0.0,70.0,DMU,46.66666666666666
stu_811282d16388f182f52986981bdc2844,,P,2024,10.0,20.0,30.0,20.0,80.0,DMU,53.33333333333334
stu_3e4651998946ce7dc072e117bed36d4b,,P,2024,20.0,30.0,20.0,10.0,80.0,DMU,53.33333333333334
stu_96fc9b8d3d213054f82d597b7912e60a,,P,2024,30.0,20.0,20.0,10.0,80.0,DMU,53.33333333333334
stu_40c7b68ad7eabb94daeb2d96b0e90e27,Banca e Inversiones,P,2024,0.0,20.0,30.0,30.0,80.0,DMU,53.33333333333334
stu_59272195e53da6af143edcb7ab4340b1,,P,2024,20.0,20.0,10.0,30.0,80.0,DMU,53.33333333333334
stu_4e6c9c9a2e9dc1469cf5579f037ac710,Ingeniería Mecatrónica,P,2024,10.0,20.0,30.0,20.0,80.0,DMU,53.33333333333334
stu_72ddef7c47e2fcb81633957882843846,Biología,P,2024,30.0,20.0,20.0,10.0,80.0,DMU,53.33333333333334
stu_1e46fd9784dd3e163e04c65cf7bbc35f,Ciencia de datos,P,2024,20.0,10.0,30.0,20.0,80.0,DMU,53.33333333333334
stu_e23f8eef9631a183f7936c7b301fd0f5,Administración de Empresas,P,2024,20.0,30.0,20.0,10.0,80.0,DMU,53.33333333333334
stu_97a261d6d1636bb81b9405860fccfa87,,P,2024,20.0,30.0,20.0,10.0,80.0,DMU,53.33333333333334
stu_7bb2d7c1bc933d31c1734471407e5c59,Ingeniería Civil,P,2024,30.0,20.0,20.0,10.0,80.0,DMU,53.33333333333334
stu_a3e0cb622eabbda6d12abc9d14d94ab3,Administración de Negocios Internacionales,P,2024,10.0,20.0,30.0,20.0,80.0,DMU,53.33333333333334
stu_1f19dbc3a65e87877181e9bbe1e36fa2,,P,2024,20.0,30.0,20.0,10.0,80.0,DMU,53.33333333333334
stu_a165d7213fc275bb1ff10df6619f812b,Ingeniería en Sistemas Computacionales,P,2024,30.0,30.0,10.0,10.0,80.0,DMU,53.33333333333334
stu_0982065a3979436dabf416a199ddc9bb,,P,2024,20.0,10.0,40.0,10.0,80.0,DMU,53.33333333333334
stu_1cde013ab1eb73db592887cb8ae78d81,,P,2024,10.0,20.0,30.0,20.0,80.0,DMU,53.33333333333334
stu_9d998c7d0512cf550f1a68234a6b5a51,,P,2024,20.0,20.0,30.0,10.0,80.0,DMU,53.33333333333334
stu_f0f91a5d5d60342530d0cdaac2b9e6eb,,P,2024,20.0,30.0,30.0,0.0,80.0,DMU,53.33333333333334
stu_51be318bd7deead5da89c9931840f861,,P,2024,20.0,20.0,20.0,20.0,80.0,DMU,53.33333333333334
stu_57d0ab3dc2dcd784803b97f0386859b2,,P,2024,20.0,20.0,30.0,10.0,80.0,DMU,53.33333333333334
stu_02a677a90f2274398b6cd65b2b423dd9,,P,2024,20.0,30.0,30.0,0.0,80.0,DMU,53.33333333333334
stu_7dc71f3148a5c5057f04c86b602a1859,Actuaría,P,2024,10.0,30.0,20.0,20.0,80.0,DMU,53.33333333333334
stu_d17780211830efdf45fa71e65b3ed0b0,,P,2024,20.0,30.0,20.0,10.0,80.0,DMU,53.33333333333334
stu_01e343fe4a7599bb7de26e3ccff7ddc1,,P,2024,20.0,30.0,10.0,20.0,80.0,DMU,53.33333333333334
stu_e52d524e319da31f4dd15dce68b46e13,,P,2024,20.0,20.0,30.0,10.0,80.0,DMU,53.33333333333334
stu_ccded26d9a9c7cad54dd366c7fba6a40,,P,2024,30.0,20.0,20.0,10.0,80.0,DMU,53.33333333333334
stu_2b35a46f472d8f4835c919515295f217,Administración de Negocios Internacionales,P,2024,40.0,10.0,30.0,0.0,80.0,DMU,53.33333333333334
stu_c5577f5fbb73efd081d61d6875055487,Nanotecnología e Ingeniería Molecular,P,2024,20.0,20.0,40.0,0.0,80.0,DMU,53.33333333333334
stu_ce1e3f70e488d0e1202361fc3e4d9a9e,Ingeniería en Logística y Cadena de Suministros,P,2024,20.0,30.0,20.0,20.0,90.0,DMU,60.0
stu_a34a11f9c03259970062fb20103bf53c,,P,2024,20.0,10.0,40.0,20.0,90.0,DMU,60.0
stu_4d5a9f89b1a7541c4107e5480101b6f5,Ingeniería Civil,P,2024,30.0,20.0,30.0,10.0,90.0,DMU,60.0
stu_cd3b520380e3b395e3c8c18078a96236,,P,2024,30.0,20.0,10.0,30.0,90.0,DMU,60.0
stu_6bb8b622c4293d290fcd78c61f008b44,Ingeniería Mecánica,P,2024,10.0,20.0,30.0,30.0,90.0,DMU,60.0
stu_7eeff1d44bdc703ed733e78b4af26a00,,P,2024,30.0,30.0,30.0,0.0,90.0,DMU,60.0
stu_f4b5e3d90b0dd5c88d2e98aeccd1b720,,P,2024,30.0,10.0,30.0,20.0,90.0,DMU,60.0
stu_cd43e1017057fe72e3c4b221b9c3169b,Banca e Inversiones,P,2024,20.0,10.0,40.0,20.0,90.0,DMU,60.0
stu_f86afc9783ede6b22c26b7cd3297202f,,P,2024,30.0,20.0,30.0,10.0,90.0,DMU,60.0
stu_192abb1056ffe8cd976cee34509d6331,Bioquímica Clínica,P,2024,20.0,10.0,30.0,30.0,90.0,DMU,60.0
stu_3ff795dc1a73ba3c353b7d055506b97a,,P,2024,30.0,30.0,30.0,0.0,90.0,DMU,60.0
stu_a00177e6128a75ccefc83b2e5fc43d6a,,P,2024,20.0,20.0,40.0,10.0,90.0,DMU,60.0
stu_e735c0e3ccd2ab2c2f41067dbc314c17,Mercadotecnia,P,2024,30.0,30.0,10.0,20.0,90.0,DMU,60.0
stu_495bca2bcb9871ef1960335ef570b63e,,P,2024,10.0,30.0,30.0,20.0,90.0,DMU,60.0
stu_759845cf57c7c8a6cf9d03fe7422a3d8,Economía,P,2024,10.0,30.0,30.0,20.0,90.0,DMU,60.0
stu_3ecd97c5fad79ec4662721ae46a8d715,Administración de Empresas,P,2024,30.0,30.0,10.0,20.0,90.0,DMU,60.0
stu_bc82cef167f17c74bc8813a53e80db2f,Nanotecnología e Ingeniería Molecular,P,2024,40.0,20.0,30.0,0.0,90.0,DMU,60.0
stu_cc65eb4640fb3349c30ad1466657c890,,P,2024,10.0,20.0,30.0,30.0,90.0,DMU,60.0
stu_1fe9ca0817310d42c809bd00e2127913,,P,2024,30.0,40.0,20.0,0.0,90.0,DMU,60.0
stu_7d8d2f308f14f5b4246376c14afd72c9,Nanotecnología e Ingeniería Molecular,P,2024,30.0,10.0,40.0,10.0,90.0,DMU,60.0
stu_79fcbd05681acce542709036fe8e759a,,P,2024,30.0,20.0,20.0,20.0,90.0,DMU,60.0
stu_80f1e24c0e9d7202a1e9f7856e86cf12,Biología,P,2024,30.0,20.0,20.0,20.0,90.0,DMU,60.0
stu_71a34f45746297b6d4e6164a0299e72f,,P,2024,30.0,40.0,0.0,20.0,90.0,DMU,60.0
stu_1740a08ae318f6281534093115327adb,Biología,P,2024,10.0,20.0,40.0,20.0,90.0,DMU,60.0
stu_284e80fe162aa973d176cd53dc9f4360,Ingeniería en Sistemas Computacionales,P,2024,40.0,10.0,40.0,0.0,90.0,DMU,60.0
stu_54fec1fb6e080a5450cb52a7c41eb119,,P,2024,30.0,10.0,40.0,10.0,90.0,DMU,60.0
stu_164adf663de49bef1cacefbb7c1a7818,,P,2024,40.0,30.0,0.0,20.0,90.0,DMU,60.0
stu_153bd745504d80ad20afd22c72dc2fa9,Banca e Inversiones,P,2024,30.0,30.0,20.0,10.0,90.0,DMU,60.0
stu_1de59b2aa43ab0c0dede425966ee0652,,P,2024,30.0,30.0,20.0,10.0,90.0,DMU,60.0
stu_09cd765e2fb555fbf2f8146b42b3ec7a,Banca e Inversiones,P,2024,30.0,30.0,30.0,0.0,90.0,DMU,60.0
stu_7ec4e8781fe138adee54e540b347c1c5,,P,2024,30.0,30.0,20.0,10.0,90.0,DMU,60.0
stu_55aa676f461c982d011707a1c209b140,,P,2024,20.0,10.0,40.0,20.0,90.0,DMU,60.0
stu_7846bd057a17dd3d06acc68a335aaf59,Ingeniería Mecatrónica,P,2024,20.0,10.0,30.0,30.0,90.0,DMU,60.0
stu_4cfc441ec41687786f5397de6a610a98,Bioquímica Clínica,P,2024,20.0,30.0,20.0,20.0,90.0,DMU,60.0
stu_6d21354efb7eb90e2c76fa8d855c4dd8,Administración de Negocios Internacionales,P,2024,20.0,20.0,40.0,10.0,90.0,DMU,60.0
stu_55586a1b8b24b898603f9ea09153ee90,,P,2024,30.0,20.0,20.0,20.0,90.0,DMU,60.0
stu_1d7d735fda24fa4f424aa056261565ce,,P,2024,10.0,30.0,40.0,10.0,90.0,DMU,60.0
stu_a98bd32574454995456bae8dddccd73d,,P,2024,20.0,20.0,30.0,20.0,90.0,DMU,60.0
stu_c9f42247290befb656b51f6dacd83305,,P,2024,30.0,20.0,30.0,10.0,90.0,DMU,60.0
stu_04cc03caff7864780be595bf841121c7,,P,2024,30.0,0.0,40.0,20.0,90.0,DMU,60.0
stu_6f8a8c5357d23063584d63929a946321,Bioquímica Clínica,P,2024,20.0,40.0,30.0,0.0,90.0,DMU,60.0
stu_b9c4330a112aaa8c07824b6d86f1a20e,,P,2024,30.0,20.0,30.0,10.0,90.0,DMU,60.0
stu_195386cca3cce6562e2349326cd93480,Administración de Empresas,P,2024,30.0,20.0,30.0,10.0,90.0,DMU,60.0
stu_2d63da55381ca79301c2237768ee6068,,P,2024,20.0,20.0,30.0,20.0,90.0,DMU,60.0
stu_71d2a0e1659754bd74f7a98880a50e02,,P,2024,30.0,30.0,10.0,20.0,90.0,DMU,60.0
stu_013e50e588c686f42a50d5d6db926897,,P,2024,30.0,30.0,20.0,10.0,90.0,DMU,60.0
stu_962d63feec02971f3957c927db5646bf,Administración de Negocios Internacionales,P,2024,40.0,10.0,30.0,10.0,90.0,DMU,60.0
stu_810059d8810007be4d3530079a467de4,,P,2024,30.0,20.0,20.0,20.0,90.0,DMU,60.0
stu_1254ff367290621eac54916a09fdbf51,,P,2024,30.0,30.0,30.0,0.0,90.0,DMU,60.0
stu_47247c65bbefbf700f8363e0dc881064,Nanotecnología e Ingeniería Molecular,P,2024,30.0,30.0,10.0,20.0,90.0,DMU,60.0
stu_5376562452ffb8f5eac8a4728f1b9df7,,P,2024,30.0,20.0,30.0,10.0,90.0,DMU,60.0
stu_f209505e8609eeb2a135dccd9621c37c,,P,2024,30.0,30.0,20.0,10.0,90.0,DMU,60.0
stu_63eb8fa63eeff71e46f0ffbb664e69e0,,P,2024,30.0,20.0,20.0,20.0,90.0,DMU,60.0
stu_bbd4d31687ac2e7b653030e3a36ed321,Ingeniería Mecatrónica,P,2024,30.0,10.0,40.0,20.0,100.0,DMU,66.66666666666666
stu_a485ee2b9f8034cab244f19271bed615,,P,2024,30.0,20.0,40.0,10.0,100.0,DMU,66.66666666666666
stu_39ee44b65e0abe92a298e0953fd01b0d,Ingeniería en Sistemas Computacionales,P,2024,40.0,30.0,30.0,0.0,100.0,DMU,66.66666666666666
stu_e0980c2e3dae86df1f3a15b2803f715e,,P,2024,30.0,30.0,40.0,0.0,100.0,DMU,66.66666666666666
stu_e5626fbf01df26ff677a0fd1a215a9fb,,P,2024,30.0,40.0,20.0,10.0,100.0,DMU,66.66666666666666
stu_08b3e3e9cbf4f873cdc54f62d69c6e39,,P,2024,20.0,30.0,20.0,30.0,100.0,DMU,66.66666666666666
stu_8e7edfb90c1b4f441a02ebacdb74c828,Ingeniería Biomédica,P,2024,40.0,10.0,40.0,10.0,100.0,DMU,66.66666666666666
stu_d83c44770d6c3a0e3ba9606acddd1422,,P,2024,30.0,20.0,30.0,20.0,100.0,DMU,66.66666666666666
stu_310ed77498fd44dcea5faa0a3fceb18e,Banca e Inversiones,P,2024,30.0,30.0,30.0,10.0,100.0,DMU,66.66666666666666
stu_c571f8e133baf1511c8f9f74a02fc158,Administración de Negocios Internacionales,P,2024,40.0,30.0,20.0,10.0,100.0,DMU,66.66666666666666
stu_f1470108b4774b64e356f69de0fe2192,Administración de Empresas,P,2024,20.0,30.0,40.0,10.0,100.0,DMU,66.66666666666666
stu_63928109e19dea94399ba31d65d6362e,,P,2024,30.0,10.0,30.0,30.0,100.0,DMU,66.66666666666666
stu_4cd246a921b55841c633f5b236de6309,,P,2024,30.0,10.0,40.0,20.0,100.0,DMU,66.66666666666666
stu_74df04561a264cd42b2422da00870757,Ingeniería Mecatrónica,P,2024,40.0,30.0,20.0,10.0,100.0,DMU,66.66666666666666
stu_f6b4d86e402710a7770b009a5bfe2130,Bioquímica Clínica,P,2024,20.0,20.0,30.0,30.0,100.0,DMU,66.66666666666666
stu_45fb66a506a67c271595c7af49319e92,Ingeniería en Sistemas Computacionales,P,2024,30.0,20.0,40.0,10.0,100.0,DMU,66.66666666666666
stu_8a8b44df4b62c7756161a47648f650f5,Ciencia de datos,P,2024,40.0,40.0,0.0,20.0,100.0,DMU,66.66666666666666
stu_94c7b936c57d23d6661fbce289c9a1f8,Administración de Empresas,P,2024,30.0,10.0,40.0,20.0,100.0,DMU,66.66666666666666
stu_73f11c84fa4b43bf05fcd39b39a76429,Biología,P,2024,40.0,20.0,40.0,0.0,100.0,DMU,66.66666666666666
stu_55e0866dc01c63e6d14f00b9a79e7c5f,Administración de Negocios Internacionales,P,2024,30.0,30.0,30.0,10.0,100.0,DMU,66.66666666666666
stu_cb5fb60dd9aea9b52d4d8df44bd5911e,,P,2024,20.0,20.0,30.0,30.0,100.0,DMU,66.66666666666666
stu_01900c36bc08c229c8647587da748f96,,P,2024,30.0,20.0,40.0,10.0,100.0,DMU,66.66666666666666
stu_7c02f9c899df27f52166290371b7291e,Estrategias Financieras y Contaduría Pública,P,2024,40.0,10.0,30.0,20.0,100.0,DMU,66.66666666666666
stu_b99bc5b170d6547d1b8a651e504cb69a,Ingeniería Química,P,2024,40.0,20.0,40.0,0.0,100.0,DMU,66.66666666666666
stu_9c49943e7c3cb7b9a414c2bbcb84bd75,Física,P,2024,10.0,30.0,40.0,20.0,100.0,DMU,66.66666666666666
stu_e1ad03de6aad1b31fa0c2871039cbb7c,Banca e Inversiones,P,2024,30.0,10.0,30.0,30.0,100.0,DMU,66.66666666666666
stu_6c5b361aadf2fbc663f38ff3fd18f1e7,Estrategias Financieras y Contaduría Pública,P,2024,20.0,30.0,30.0,20.0,100.0,DMU,66.66666666666666
stu_db71103415789203e0556e94964f269d,,P,2024,30.0,30.0,20.0,20.0,100.0,DMU,66.66666666666666
stu_2eaa9e11a629914a59d136910070a7aa,,P,2024,30.0,20.0,40.0,10.0,100.0,DMU,66.66666666666666
stu_ba529190041c08c0c8e50719c6d7b244,Administración de Negocios Internacionales,P,2024,20.0,20.0,40.0,20.0,100.0,DMU,66.66666666666666
stu_237bc7af563463a4cb4c4f101e371316,,P,2024,30.0,20.0,40.0,10.0,100.0,DMU,66.66666666666666
stu_2bc31cef159e91420543f3def0d83e0a,,P,2024,30.0,30.0,30.0,10.0,100.0,DMU,66.66666666666666
stu_6dd53e965d66ef95d1b1aa0159245af4,Ingeniería Biomédica,P,2024,20.0,40.0,30.0,10.0,100.0,DMU,66.66666666666666
stu_facaee872d93b7398241dcb7e9d7beed,,P,2024,30.0,20.0,20.0,30.0,100.0,DMU,66.66666666666666
stu_7bbcd378682b90c9366963968b560161,,P,2024,30.0,30.0,30.0,10.0,100.0,DMU,66.66666666666666
stu_c791b5339860d8f50c85c2878d5deba1,,P,2024,40.0,30.0,10.0,20.0,100.0,DMU,66.66666666666666
stu_508d0415d87ff57c701d45d09b43a4db,,P,2024,40.0,30.0,20.0,10.0,100.0,DMU,66.66666666666666
stu_23bfb10b80004b7560aae7731a48246f,,P,2024,10.0,30.0,30.0,30.0,100.0,DMU,66.66666666666666
stu_6dc27aa91bcfc893d7b4fe1a95789932,Ingeniería Industrial,P,2024,20.0,20.0,30.0,30.0,100.0,DMU,66.66666666666666
stu_74722bef1a7e1b8b86eed53f0f99c68f,,P,2024,20.0,20.0,30.0,30.0,100.0,DMU,66.66666666666666
stu_9ba012c2e4931789a8a2f1bd8ed178f6,,P,2024,20.0,30.0,40.0,10.0,100.0,DMU,66.66666666666666
stu_d845b9bf9f3945d498f3c9b8b39f510d,Ingeniería Mecatrónica,P,2024,40.0,20.0,20.0,20.0,100.0,DMU,66.66666666666666
stu_06fb5208c94ee9f0c5de6e5a59c796cf,,P,2024,30.0,10.0,40.0,20.0,100.0,DMU,66.66666666666666
stu_ca522e078facc538966f1b345966ccd2,,P,2024,30.0,20.0,30.0,20.0,100.0,DMU,66.66666666666666
stu_ab76a237079cbb940f17d72da86aa2e7,,P,2024,30.0,20.0,40.0,10.0,100.0,DMU,66.66666666666666
stu_74ba720fdb511b622be7453f3c53e524,Administración de Negocios Internacionales,P,2024,40.0,20.0,20.0,20.0,100.0,DMU,66.66666666666666
stu_e5f07e21484a1026d260ee8c3cf0494b,Estrategias Financieras y Contaduría Pública,P,2024,30.0,30.0,40.0,0.0,100.0,DMU,66.66666666666666
stu_b4729b3a06d9aa7f3347d3c63e6bd54b,,P,2024,20.0,30.0,40.0,10.0,100.0,DMU,66.66666666666666
stu_f1c347e6c0fa39d20b405f8f5a442d68,,P,2024,10.0,30.0,40.0,20.0,100.0,DMU,66.66666666666666
stu_f6a35085dc1ca83254a62e670dfdab35,Física,P,2024,40.0,30.0,30.0,0.0,100.0,DMU,66.66666666666666
stu_38ad8018f3954bccd76408bc446a6e04,Nanotecnología e Ingeniería Molecular,P,2024,30.0,20.0,20.0,30.0,100.0,DMU,66.66666666666666
stu_b5e2223e975edd8e000eb2c569ac4895,,P,2024,30.0,20.0,30.0,20.0,100.0,DMU,66.66666666666666
stu_adcdf2304c0c155edf17f2e1d4bab3d5,,P,2024,20.0,30.0,30.0,20.0,100.0,DMU,66.66666666666666
stu_a4357da73f6af8241bf27620abde3f2b,,P,2024,30.0,30.0,30.0,10.0,100.0,DMU,66.66666666666666
stu_f5f8fc40b1fc7dea7cc2cc04cb5717cd,,P,2024,30.0,20.0,30.0,20.0,100.0,DMU,66.66666666666666
stu_d3c026ba258fdcafd2468a677764b0d5,Ingeniería en Robótica y Telecomunicaciones,P,2024,30.0,30.0,20.0,20.0,100.0,DMU,66.66666666666666
stu_a07807547653304eb002340b4d3f4537,Estrategias Financieras y Contaduría Pública,P,2024,20.0,30.0,20.0,30.0,100.0,DMU,66.66666666666666
stu_43693a9d3c7a541db57d112e641ccd5a,,P,2024,30.0,30.0,10.0,30.0,100.0,DMU,66.66666666666666
stu_361460ffd5ebb557b92937fa3cf12e58,Ingeniería Biomédica,P,2024,40.0,10.0,40.0,10.0,100.0,DMU,66.66666666666666
stu_c711e27fa901df1e5793a8c38a53911e,,P,2024,40.0,20.0,30.0,10.0,100.0,DMU,66.66666666666666
stu_aa9e1597c305a52f3d0f0e93a4ce922a,Ingeniería Civil,P,2024,30.0,30.0,30.0,10.0,100.0,DMU,66.66666666666666
stu_6c5df10c26c317fc9fa537249e030147,,P,2024,20.0,20.0,40.0,20.0,100.0,DMU,66.66666666666666
stu_6d493b9ea28b37ef72dae5cf3e7d7066,,P,2024,20.0,30.0,40.0,10.0,100.0,DMU,66.66666666666666
stu_198ad7e4c36f19bb5ecb4dd9692be18e,,P,2024,20.0,30.0,30.0,20.0,100.0,DMU,66.66666666666666
stu_0834677c1f86f181b3b4168f2649dde9,Estrategias Financieras y Contaduría Pública,P,2024,20.0,40.0,40.0,0.0,100.0,DMU,66.66666666666666
stu_f5138fbd5760a1ba33749d38bc102954,,P,2024,40.0,30.0,30.0,10.0,110.0,DMU,73.33333333333333
stu_c2194f9837f6d5f3867aae1a2b9e9424,Estrategias Financieras y Contaduría Pública,P,2024,30.0,20.0,40.0,20.0,110.0,DMU,73.33333333333333
stu_729b1f9f8861fbf4578d38443d8dbb55,,P,2024,40.0,20.0,40.0,10.0,110.0,DMU,73.33333333333333
stu_82d625ebfcc430cff72404b4cf2903d1,Ingeniería Industrial,P,2024,20.0,30.0,40.0,20.0,110.0,DMU,73.33333333333333
stu_38fc0e3820b4ee4eb3887b7b42d22c82,Ingeniería en Sistemas Computacionales,P,2024,30.0,30.0,40.0,10.0,110.0,DMU,73.33333333333333
stu_eb52ca611619ebdd3a17249b4189fdf0,,P,2024,20.0,40.0,40.0,10.0,110.0,DMU,73.33333333333333
stu_4c69d2e6fa52fb149323c53c299fe17b,,P,2024,40.0,10.0,40.0,20.0,110.0,DMU,73.33333333333333
stu_bc46915dda8169a4e5bbc89e1276e881,,P,2024,40.0,20.0,40.0,10.0,110.0,DMU,73.33333333333333
stu_2e13da738df1322494dc09bc942e860c,,P,2024,30.0,40.0,30.0,10.0,110.0,DMU,73.33333333333333
stu_9c699fa4a6282d74228e871835856207,Ingeniería en Logística y Cadena de Suministros,P,2024,30.0,30.0,30.0,20.0,110.0,DMU,73.33333333333333
stu_77672622c5e872cb6d0190abe4337c10,Ingeniería Civil,P,2024,40.0,30.0,30.0,10.0,110.0,DMU,73.33333333333333
stu_fce3b49604548d1a97957d35f7bd01c9,,P,2024,30.0,20.0,40.0,20.0,110.0,DMU,73.33333333333333
stu_66d659d7ee38ea03980430b031a7182f,,P,2024,30.0,30.0,30.0,20.0,110.0,DMU,73.33333333333333
stu_71612ae23714ecd7275ca293b4375a29,Ingeniería en Sistemas Computacionales,P,2024,40.0,40.0,20.0,10.0,110.0,DMU,73.33333333333333
stu_ea233e4ca6396558986f7557ef503943,,P,2024,20.0,30.0,40.0,20.0,110.0,DMU,73.33333333333333
stu_4462227f770a94b542b3ab28c24e5b55,Economía,P,2024,30.0,30.0,40.0,10.0,110.0,DMU,73.33333333333333
stu_bbf7ae5da7b604d840d825c128e663d9,Administración de Empresas,P,2024,30.0,30.0,30.0,20.0,110.0,DMU,73.33333333333333
stu_ea046f17e93d0f69921e24b2b91abf23,,P,2024,30.0,30.0,30.0,20.0,110.0,DMU,73.33333333333333
stu_118c48b6bee080d2cebdf234a41c2f94,,P,2024,30.0,30.0,40.0,10.0,110.0,DMU,73.33333333333333
stu_1292c39ea72d6c08baa5f946ccd316a6,Administración de Negocios Internacionales,P,2024,30.0,40.0,40.0,0.0,110.0,DMU,73.33333333333333
stu_ea4a334d841c522edea7cde929b11fe5,Mercadotecnia,P,2024,20.0,30.0,40.0,20.0,110.0,DMU,73.33333333333333
stu_e4df6076d9747d99335e26290c92706e,,P,2024,30.0,20.0,40.0,20.0,110.0,DMU,73.33333333333333
stu_020c4bd31db0fa858d9e13f62605fe49,,P,2024,30.0,30.0,40.0,10.0,110.0,DMU,73.33333333333333
stu_fc07236091a4e73785d0e4f0b2d6f040,,P,2024,20.0,20.0,40.0,30.0,110.0,DMU,73.33333333333333
stu_99975e91184c52f03c37972edf2edb17,Banca e Inversiones,P,2024,30.0,30.0,30.0,20.0,110.0,DMU,73.33333333333333
stu_35bf44b6283a0c712d38b6fa71fcc4f4,Banca e Inversiones,P,2024,30.0,20.0,30.0,30.0,110.0,DMU,73.33333333333333
stu_d74f3f72a5d2e8700ecc85fb26dbb4b1,,P,2024,30.0,30.0,40.0,10.0,110.0,DMU,73.33333333333333
stu_5f54ff23ee41d8a16190ddf9c0ddf0f0,,P,2024,30.0,30.0,40.0,10.0,110.0,DMU,73.33333333333333
stu_e8d039f2184dc0c36a16d2dd20158371,Ingeniería Industrial,P,2024,30.0,40.0,30.0,10.0,110.0,DMU,73.33333333333333
stu_977f31564252b72140411ba5cd6df250,,P,2024,40.0,30.0,30.0,10.0,110.0,DMU,73.33333333333333
stu_225c1acc16ed7c22d62256cdb91fca03,,P,2024,20.0,40.0,40.0,10.0,110.0,DMU,73.33333333333333
stu_9ebf89a0a46dba9b0f232b2f4bf9d95b,Economía,P,2024,20.0,30.0,30.0,30.0,110.0,DMU,73.33333333333333
stu_8483e2e0f8d3c6a5a2c213a8c76e33e1,,P,2024,30.0,20.0,40.0,20.0,110.0,DMU,73.33333333333333
stu_e91666a4d836aa49294fe33188244835,,P,2024,40.0,10.0,40.0,20.0,110.0,DMU,73.33333333333333
stu_d598f730c4ae92cb589108a436ebb0d2,,P,2024,40.0,20.0,40.0,10.0,110.0,DMU,73.33333333333333
stu_a56aa09d90e758cb5d1148ad2a19a593,Ingeniería Industrial,P,2024,30.0,30.0,30.0,20.0,110.0,DMU,73.33333333333333
stu_6a4a39b5421fff243f9d4f688758a230,,P,2024,30.0,30.0,40.0,10.0,110.0,DMU,73.33333333333333
stu_d5bc488aea19c9c833611d8fc05d61ff,,P,2024,20.0,30.0,40.0,20.0,110.0,DMU,73.33333333333333
stu_80c5d9e9450b220bc90b3c745220ba31,Químico Farmacéutico Biólogo,P,2024,20.0,40.0,40.0,10.0,110.0,DMU,73.33333333333333
stu_a0e88bb6525ecdddca37e7c9785c737d,Ingeniería Mecatrónica,P,2024,40.0,40.0,20.0,10.0,110.0,DMU,73.33333333333333
stu_29d01098699712dc0fe089195bbf9caa,Bioquímica Clínica,P,2024,40.0,20.0,30.0,20.0,110.0,DMU,73.33333333333333
stu_f40ada4bab614e46f3d362fd7e1b1b8f,Mercadotecnia,P,2024,30.0,20.0,40.0,20.0,110.0,DMU,73.33333333333333
stu_0d620aeb07086f0a150871e4da63d389,,P,2024,30.0,30.0,30.0,20.0,110.0,DMU,73.33333333333333
stu_1053b238e115896ca6f66792cbce5721,Actuaría,P,2024,10.0,40.0,40.0,20.0,110.0,DMU,73.33333333333333
stu_329475acb7e388e70c3b94c5a2d193c7,,P,2024,20.0,20.0,40.0,30.0,110.0,DMU,73.33333333333333
stu_95e193a5afb510f83dedfc642c8f059d,,P,2024,30.0,20.0,40.0,20.0,110.0,DMU,73.33333333333333
stu_18e7f33d5075f5c5efb370d38d037b98,,P,2024,30.0,30.0,40.0,10.0,110.0,DMU,73.33333333333333
stu_a5f369ba1843867280d47d172e6b308c,Administración de Negocios Internacionales,P,2024,30.0,40.0,30.0,10.0,110.0,DMU,73.33333333333333
stu_025daafaff11c464572e2558ce533921,,P,2024,30.0,20.0,40.0,20.0,110.0,DMU,73.33333333333333
stu_e08e7d204d5c902b2bb3944fc713383e,,P,2024,40.0,20.0,40.0,10.0,110.0,DMU,73.33333333333333
stu_d940b7a08ababa9278569901a0bcc123,,P,2024,30.0,20.0,40.0,20.0,110.0,DMU,73.33333333333333
stu_31583bf9b3d6c9eead900f8a6569d9a5,,P,2024,20.0,20.0,40.0,30.0,110.0,DMU,73.33333333333333
stu_ea7db418c99400814dfa84c71b7aa7a1,,P,2024,30.0,10.0,40.0,30.0,110.0,DMU,73.33333333333333
stu_cbc9c09ae489d8e425ae7149a0e4d0cf,Ingeniería Biomédica,P,2024,40.0,30.0,30.0,10.0,110.0,DMU,73.33333333333333
stu_215d790d3ca93cc6f7ca1217a051baa7,,P,2024,40.0,30.0,30.0,10.0,110.0,DMU,73.33333333333333
stu_53e3465734c9fda789b5f02b0f146f89,Estrategias Financieras y Contaduría Pública,P,2024,20.0,40.0,40.0,10.0,110.0,DMU,73.33333333333333
stu_ab3479d2ca5494c9f16432905ee30c29,Nanotecnología e Ingeniería Molecular,P,2024,40.0,20.0,30.0,20.0,110.0,DMU,73.33333333333333
stu_b35fc685a2cb58bd58e9a457f4d94657,Estrategias Financieras y Contaduría Pública,P,2024,30.0,30.0,30.0,20.0,110.0,DMU,73.33333333333333
stu_afce9bea736c9178c469728d206d59bc,,P,2024,30.0,40.0,30.0,10.0,110.0,DMU,73.33333333333333
stu_98ff484b727cc8c918c022b37eb047ef,Ingeniería Civil,P,2024,30.0,20.0,40.0,20.0,110.0,DMU,73.33333333333333
stu_ea68ceb739278e45c7d2b6a57b5c71dd,Bioquímica Clínica,P,2024,30.0,20.0,40.0,20.0,110.0,DMU,73.33333333333333
stu_122b9d7d727b901a95027fe1e72c7ce3,Administración de Negocios Internacionales,P,2024,20.0,40.0,30.0,20.0,110.0,DMU,73.33333333333333
stu_f200ee9e094d4f941b749e54356a2cab,Administración de Negocios Internacionales,P,2024,20.0,30.0,40.0,20.0,110.0,DMU,73.33333333333333
stu_de49407ba5e695f02a73fb0f13c2b00a,,P,2024,20.0,40.0,30.0,20.0,110.0,DMU,73.33333333333333
stu_0bb9e9685782e87d03634b0bedcbf76a,,P,2024,30.0,40.0,40.0,0.0,110.0,DMU,73.33333333333333
stu_60d385261bacd7cd0bb5fa0a1414a597,,P,2024,40.0,20.0,30.0,20.0,110.0,DMU,73.33333333333333
stu_341c620e9bf89c7a9de0834d6e673bc0,,P,2024,20.0,30.0,40.0,20.0,110.0,DMU,73.33333333333333
stu_5c5782585dadaceddd04c90fa64d34e0,Ingeniería Química,P,2024,30.0,20.0,40.0,30.0,120.0,DMU,80.0
stu_3765c56ce29778fbe9439c380e51db82,,P,2024,40.0,40.0,30.0,10.0,120.0,DMU,80.0
stu_74c246e9c0cf0a1e9e5cb51f0e87b511,Ingeniería Industrial,P,2024,40.0,30.0,40.0,10.0,120.0,DMU,80.0
stu_fb42474e2fb451a31a8257a7de1e3316,,P,2024,40.0,30.0,40.0,10.0,120.0,DMU,80.0
stu_a8ceb5f4318beda4719d177848652b19,Administración de Negocios Internacionales,P,2024,40.0,20.0,40.0,20.0,120.0,DMU,80.0
stu_a19db02a716dd678fc8b07f3c1cf74c6,Mercadotecnia,P,2024,40.0,20.0,40.0,20.0,120.0,DMU,80.0
stu_f21187492ed1a12d47a536006dd51856,Actuaría,P,2024,40.0,40.0,30.0,10.0,120.0,DMU,80.0
stu_9a23600d017ca7bd806bc2e089676888,,P,2024,30.0,30.0,40.0,20.0,120.0,DMU,80.0
stu_5226bc60ce1ebcbf6c8a3d9ce2b1e83b,,P,2024,40.0,30.0,20.0,30.0,120.0,DMU,80.0
stu_8ed2e60cfee35442437ddd46e230a5be,Ingeniería Civil,P,2024,30.0,30.0,30.0,30.0,120.0,DMU,80.0
stu_97e2ea3e0b8c728dccabc2876fb4aa0a,,P,2024,40.0,30.0,40.0,10.0,120.0,DMU,80.0
stu_d77fdfd7f671490b24b1f09b1e47d972,Ingeniería en Sistemas Computacionales,P,2024,30.0,20.0,40.0,30.0,120.0,DMU,80.0
stu_668ad82281d7328ad2e62d63287c28c7,,P,2024,40.0,20.0,30.0,30.0,120.0,DMU,80.0
stu_eedf81620bfb5f7a15403f2bb5b9063f,Ingeniería Civil,P,2024,40.0,40.0,20.0,20.0,120.0,DMU,80.0
stu_24ae419c47e38a3cf78bb93285958216,,P,2024,30.0,30.0,40.0,20.0,120.0,DMU,80.0
stu_9c74c163487d9c130c8083ad7e9db2e7,,P,2024,20.0,40.0,30.0,30.0,120.0,DMU,80.0
stu_b8c49d4fdea75a5292d661bd9c8ce26e,,P,2024,40.0,40.0,20.0,20.0,120.0,DMU,80.0
stu_2ef2ca4a7e5a86cb1ce5e97bdba9b316,,P,2024,40.0,20.0,30.0,30.0,120.0,DMU,80.0
stu_75d19d458c3ecd576c601bf5fabac064,Administración de Negocios Internacionales,P,2024,20.0,40.0,40.0,20.0,120.0,DMU,80.0
stu_c27d20d674d769276f0b68a63eb520cf,,P,2024,30.0,30.0,40.0,20.0,120.0,DMU,80.0
stu_33d7421c6496e37ebd38c0972bb19285,Nanotecnología e Ingeniería Molecular,P,2024,40.0,30.0,30.0,20.0,120.0,DMU,80.0
stu_819251d15b39eeb522acb77b9a528e2a,,P,2024,40.0,20.0,40.0,20.0,120.0,DMU,80.0
stu_181c83658e8d00737b668085a5a55e68,,P,2024,40.0,20.0,30.0,30.0,120.0,DMU,80.0
stu_fae5a0810963fa9ead49cb73fce0eaf1,,P,2024,40.0,40.0,40.0,0.0,120.0,DMU,80.0
stu_c4b4987a882a74490d3dda181e2aadfd,Ingeniería en Alimentos,P,2024,30.0,40.0,30.0,20.0,120.0,DMU,80.0
stu_b1bd06ce159de49dd6266193e195c6df,Administración de Empresas,P,2024,40.0,30.0,30.0,20.0,120.0,DMU,80.0
stu_e83627136a73be43ca5a3750af53d6ec,,P,2024,40.0,30.0,40.0,10.0,120.0,DMU,80.0
stu_dcd2c1180e4ab6ae7eb73c2e7ea4c83a,Nanotecnología e Ingeniería Molecular,P,2024,40.0,20.0,40.0,20.0,120.0,DMU,80.0
stu_c25874a81d5a6aa10d71dae67a6cd521,Ingeniería Mecatrónica,P,2024,20.0,40.0,40.0,20.0,120.0,DMU,80.0
stu_118c7741d4f9872a6f1ff0261289960f,,P,2024,40.0,40.0,20.0,20.0,120.0,DMU,80.0
stu_292189bc6344f85128675d659fb14fb6,Ingeniería en Sistemas Computacionales,P,2024,30.0,30.0,40.0,20.0,120.0,DMU,80.0
stu_f206558dca174ee41b88f5583aa13d1c,,P,2024,30.0,30.0,40.0,20.0,120.0,DMU,80.0
stu_364b809e54590a982cbccfb204bb70d3,,P,2024,40.0,20.0,30.0,30.0,120.0,DMU,80.0
stu_08b5bcffd6fc534ed70b04bad8ddd95d,,P,2024,40.0,20.0,40.0,20.0,120.0,DMU,80.0
stu_e13405adf4b3d5cb4089414dfd1810a2,Economía,P,2024,40.0,40.0,20.0,20.0,120.0,DMU,80.0
stu_330a7b48541919a0014e79ba9b7309ee,,P,2024,30.0,30.0,40.0,20.0,120.0,DMU,80.0
stu_70c6eeea55c6f31cc76b4cd91baf0a11,,P,2024,40.0,30.0,30.0,20.0,120.0,DMU,80.0
stu_3a988eb1aa3d48d2d85702660c1f9371,,P,2024,30.0,20.0,40.0,30.0,120.0,DMU,80.0
stu_aa952772067991e552b775b07d3cad3b,,P,2024,30.0,40.0,30.0,20.0,120.0,DMU,80.0
stu_561c94c5d822a346c30e7b7c60c71c0b,Actuaría,P,2024,30.0,40.0,30.0,20.0,120.0,DMU,80.0
stu_76cedacda3137d49d3bfd5387cf0d264,,P,2024,40.0,40.0,20.0,20.0,120.0,DMU,80.0
stu_add38e1cada7b5c5bdc545417effd3cd,Ingeniería Industrial,P,2024,30.0,30.0,40.0,20.0,120.0,DMU,80.0
stu_15a4883644e88f6fbadc0486553b6db1,Ingeniería Mecánica,P,2024,40.0,20.0,30.0,30.0,120.0,DMU,80.0
stu_e986c1ac1406da62e5c7b08bcf08100a,,P,2024,40.0,20.0,40.0,20.0,120.0,DMU,80.0
stu_e95c9a20269dafc299166f9996b00645,,P,2024,30.0,30.0,30.0,30.0,120.0,DMU,80.0
stu_e7c9ce1d38da1e55ca50c85b7b1303a5,,P,2024,30.0,40.0,30.0,20.0,120.0,DMU,80.0
stu_e21a27a58ce632d61eb3a28a92819799,Ingeniería en Sistemas Computacionales,P,2024,30.0,30.0,40.0,20.0,120.0,DMU,80.0
stu_0be6d1dd988198789c3837d6965077a1,,P,2024,30.0,30.0,30.0,30.0,120.0,DMU,80.0
stu_cb36f2cd88f535f7bb88a49da871031d,,P,2024,40.0,30.0,40.0,10.0,120.0,DMU,80.0
stu_29f7e558d3f9810ab62fa49731ab92f9,,P,2024,30.0,40.0,30.0,20.0,120.0,DMU,80.0
stu_2c8da560ac3b7e05e1ca2f027c435f91,Bioquímica Clínica,P,2024,40.0,20.0,40.0,20.0,120.0,DMU,80.0
stu_b9f97f9460ad231b35e42d19a23e8222,,P,2024,30.0,30.0,40.0,20.0,120.0,DMU,80.0
stu_3f86683fb0e634ac649f36d66da2cdf7,Estrategias Financieras y Contaduría Pública,P,2024,40.0,20.0,40.0,20.0,120.0,DMU,80.0
stu_395272da8b51a023db4185088ef06c4e,,P,2024,30.0,30.0,30.0,30.0,120.0,DMU,80.0
stu_f31a3264f74beb30eaa2189d2b441392,Ingeniería Mecánica,P,2024,40.0,30.0,40.0,10.0,120.0,DMU,80.0
stu_b14ece0106930bae21d4bdf36f22d5a5,,P,2024,20.0,40.0,40.0,20.0,120.0,DMU,80.0
stu_fa5a62f46efa280c4aa9bee9eb85083d,Actuaría,P,2024,40.0,30.0,40.0,10.0,120.0,DMU,80.0
stu_9478669abb29f00d765d840f0ebf0276,Mercadotecnia,P,2024,40.0,30.0,30.0,20.0,120.0,DMU,80.0
stu_e99a0a62dffa9925903a81bcc605a2b6,Administración de Empresas,P,2024,40.0,30.0,40.0,10.0,120.0,DMU,80.0
stu_329aa96f5e183e400ad6378a8d5669a0,,P,2024,40.0,30.0,40.0,10.0,120.0,DMU,80.0
stu_8d96f04247623baa370b22a0045a2036,,P,2024,20.0,30.0,40.0,30.0,120.0,DMU,80.0
stu_8eb9666d76c741f8b1972a8026e61c7f,,P,2024,30.0,20.0,40.0,30.0,120.0,DMU,80.0
stu_6bfabd6b067bab7abeb3e16bea12c8fc,Ingeniería en Robótica y Telecomunicaciones,P,2024,40.0,20.0,40.0,20.0,120.0,DMU,80.0
stu_d8d37544d4c3df1e7dcc8774abaadd17,Administración de Negocios Internacionales,P,2024,40.0,40.0,20.0,20.0,120.0,DMU,80.0
stu_83167688b48168271af66dc9acde6de1,,P,2024,40.0,40.0,20.0,20.0,120.0,DMU,80.0
stu_d59e1deb494199fb6c3299cecb9a8f50,,P,2024,30.0,20.0,40.0,30.0,120.0,DMU,80.0
stu_78f80869269fb574a124c08730ff5e30,,P,2024,40.0,40.0,40.0,0.0,120.0,DMU,80.0
stu_4dba79ad52e5eff420ee924a2860762d,Física,P,2024,40.0,40.0,30.0,10.0,120.0,DMU,80.0
stu_6dbcb54ce6c68a90916375677d338dae,,P,2024,20.0,40.0,40.0,20.0,120.0,DMU,80.0
stu_82627f4e8c3a335d96af128af5dc2d07,,P,2024,40.0,20.0,40.0,20.0,120.0,DMU,80.0
stu_f2d780fc168f7a3a07ddffe0eb997f76,,P,2024,30.0,40.0,40.0,10.0,120.0,DMU,80.0
stu_5535bb54057dc6b59befb10d8a12fa6e,Ciencias Farmacéuticas,P,2024,40.0,30.0,40.0,10.0,120.0,DMU,80.0
stu_97d49b171f9ac35159a21f8554932464,Ingeniería Biomédica,P,2024,40.0,30.0,30.0,20.0,120.0,DMU,80.0
stu_4b3852224f2f6d752f5741eb8b3b4993,,P,2024,30.0,40.0,40.0,10.0,120.0,DMU,80.0
stu_68060a97ec7a2f2729a1dfb4129a7ba0,,P,2024,20.0,40.0,40.0,20.0,120.0,DMU,80.0
stu_e0cd87012565976b94e16a07059dc732,Estrategias Financieras y Contaduría Pública,P,2024,30.0,40.0,30.0,20.0,120.0,DMU,80.0
stu_22f5983e53d3dac91ac75880d9ea0f59,Administración de Empresas,P,2024,40.0,20.0,40.0,20.0,120.0,DMU,80.0
stu_1f3a2030de80ef3e20c9852cf829103a,,P,2024,40.0,20.0,40.0,20.0,120.0,DMU,80.0
stu_952aac88d8e5b9b148b3b312cca718c3,Estrategias Financieras y Contaduría Pública,P,2024,30.0,40.0,40.0,10.0,120.0,DMU,80.0
stu_db056f31054ba282cfcf7fc5a9e4190c,Estrategias Financieras y Contaduría Pública,P,2024,40.0,20.0,40.0,20.0,120.0,DMU,80.0
stu_81d3462c43d6b6b6194f35ff05f91856,Ingeniería en Sistemas Computacionales,P,2024,30.0,30.0,40.0,20.0,120.0,DMU,80.0
stu_1b756400d673a603077d9a1c3e0af38b,,P,2024,40.0,20.0,30.0,30.0,120.0,DMU,80.0
stu_3b3c90245befcf095ca27b24ee98202a,Administración de Negocios Internacionales,P,2024,30.0,30.0,40.0,20.0,120.0,DMU,80.0
stu_a407a705d63dd8dfa119ce8eb09f4bc8,Biología,P,2024,20.0,30.0,40.0,30.0,120.0,DMU,80.0
stu_c737c8585c6c60690af495abc5da1a5a,,P,2024,20.0,40.0,40.0,20.0,120.0,DMU,80.0
stu_e64ecece2f128c647b48496110eefb96,,P,2024,40.0,30.0,40.0,10.0,120.0,DMU,80.0
stu_01a69b96ebed04caf3c26141c36636a3,Ingeniería en Logística y Cadena de Suministros,P,2024,40.0,30.0,40.0,10.0,120.0,DMU,80.0
stu_75e5b472d738585e4d27495c0f0191e8,,P,2024,40.0,30.0,30.0,20.0,120.0,DMU,80.0
stu_c3059c817518292949ed6836507702aa,,P,2024,30.0,40.0,30.0,20.0,120.0,DMU,80.0
stu_cb2182b077ef27ec559c32eb4461e77b,,P,2024,40.0,30.0,40.0,10.0,120.0,DMU,80.0
stu_e6189b1380e7443c96fff79addada69a,,P,2024,30.0,30.0,40.0,20.0,120.0,DMU,80.0
stu_8633a3b821ad7e04db52f103cb35eb31,Ingeniería Biomédica,P,2024,40.0,20.0,40.0,20.0,120.0,DMU,80.0
stu_d135f9d7188e75bdfab39fc92b7ed7d6,Banca e Inversiones,P,2024,40.0,30.0,40.0,10.0,120.0,DMU,80.0
stu_e75523d7d308272e1f7da9cd0e823174,,P,2024,40.0,10.0,40.0,30.0,120.0,DMU,80.0
stu_1b105276ed8bbdbced4218f4a660992a,,P,2024,30.0,30.0,40.0,20.0,120.0,DMU,80.0
stu_c125ed5fbb67ec0d539e62c30d2e8e24,Estrategias Financieras y Contaduría Pública,P,2024,30.0,30.0,40.0,20.0,120.0,DMU,80.0
stu_c08b6ba32e8812d8722ae011c1102ea7,,P,2024,20.0,40.0,40.0,20.0,120.0,DMU,80.0
stu_4a518ce2c569c282c506e27599162e5e,,P,2024,30.0,30.0,40.0,20.0,120.0,DMU,80.0
stu_1bd114ebe82abef3ab2cb8aafa8656a6,,P,2024,40.0,30.0,40.0,20.0,130.0,DMU,86.66666666666667
stu_2ee6a74f260a7fd9fe8b5ce197e21e30,,P,2024,30.0,40.0,30.0,30.0,130.0,DMU,86.66666666666667
stu_53ab85e534c1504ecc7bf44adac19b9c,,P,2024,40.0,20.0,40.0,30.0,130.0,DMU,86.66666666666667
stu_f32d257ca1308df5a6407c07a2e44155,,P,2024,40.0,30.0,40.0,20.0,130.0,DMU,86.66666666666667
stu_272637e43302c3725e7f187572f0eda8,Ingeniería Civil,P,2024,30.0,40.0,30.0,30.0,130.0,DMU,86.66666666666667
stu_8cd59ee3e2ef0ecc812b91e514e4c94f,,P,2024,40.0,40.0,30.0,20.0,130.0,DMU,86.66666666666667
stu_456e8bf17eb17644d8b287ee3a1a8466,Administración de Negocios Internacionales,P,2024,20.0,40.0,40.0,30.0,130.0,DMU,86.66666666666667
stu_16abee4c3ed3d1eecde4cb5a9f5fbdb5,Ingeniería Biomédica,P,2024,30.0,40.0,30.0,30.0,130.0,DMU,86.66666666666667
stu_a911755b772a8b888ba200387db4814f,,P,2024,30.0,40.0,30.0,30.0,130.0,DMU,86.66666666666667
stu_d01c83efe430bb810a7d21e18833fe27,,P,2024,40.0,30.0,40.0,20.0,130.0,DMU,86.66666666666667
stu_b6de66ac62444047b808548e1966c21d,,P,2024,40.0,30.0,40.0,20.0,130.0,DMU,86.66666666666667
stu_d3ddca374d2efe8fad64e1ccf459d6ba,Ingeniería Biomédica,P,2024,40.0,40.0,40.0,10.0,130.0,DMU,86.66666666666667
stu_b36fb59e2d64461f5058ea40a7484e5f,,P,2024,40.0,30.0,30.0,30.0,130.0,DMU,86.66666666666667
stu_ab5a24bd8d3a4404c4ccafc7c611aabc,Ingeniería Química,P,2024,30.0,40.0,40.0,20.0,130.0,DMU,86.66666666666667
stu_336a1eeda783f9a7ab144cd6589ed638,Administración de Empresas,P,2024,40.0,30.0,40.0,20.0,130.0,DMU,86.66666666666667
stu_9bb6a114894401b555f893848ef9b6ef,,P,2024,40.0,30.0,40.0,20.0,130.0,DMU,86.66666666666667
stu_5857c84e20c0ef4f54b351cb7f30454b,,P,2024,40.0,40.0,30.0,20.0,130.0,DMU,86.66666666666667
stu_16830c9177d9341841b6a8d64a9c4e66,,P,2024,40.0,30.0,40.0,20.0,130.0,DMU,86.66666666666667
stu_6e74b5f237ecaa84383d00a46d7ec8b5,Ingeniería Mecatrónica,P,2024,40.0,30.0,40.0,20.0,130.0,DMU,86.66666666666667
stu_2c0ffbfc9b1254af6ab7fde3a74223fc,,P,2024,40.0,30.0,40.0,20.0,130.0,DMU,86.66666666666667
stu_b956a301a190510aa5a8bc531af19b5e,Administración de Empresas,P,2024,40.0,30.0,40.0,20.0,130.0,DMU,86.66666666666667
stu_7ae3cee02627d75adca8b35fc8814266,Ingeniería Mecatrónica,P,2024,40.0,30.0,40.0,20.0,130.0,DMU,86.66666666666667
stu_57fad25df5e13332eedd9264314e3734,Mercadotecnia,P,2024,40.0,30.0,40.0,20.0,130.0,DMU,86.66666666666667
stu_21e15d6f981d5494a8f4c408475c3a12,,P,2024,40.0,40.0,40.0,10.0,130.0,DMU,86.66666666666667
stu_6051e3f95062f9e40fc6b21159088ee5,Estrategias Financieras y Contaduría Pública,P,2024,40.0,20.0,40.0,30.0,130.0,DMU,86.66666666666667
stu_3186e01008ae4930ff870e5e9de30835,Ingeniería Mecánica,P,2024,40.0,20.0,40.0,30.0,130.0,DMU,86.66666666666667
stu_de7db7abd651494cb93d1816f698a538,Actuaría,P,2024,40.0,30.0,40.0,20.0,130.0,DMU,86.66666666666667
stu_e98304ac5c5092b38c272a5d8b3237d0,,P,2024,40.0,40.0,20.0,30.0,130.0,DMU,86.66666666666667
stu_898c9461e2cb383c77b844ce65ed257a,,P,2024,40.0,40.0,40.0,10.0,130.0,DMU,86.66666666666667
stu_c70700d7c96dd19aee2c47015427aed0,,P,2024,40.0,40.0,30.0,20.0,130.0,DMU,86.66666666666667
stu_14ed3f34d47993acf5a4200f86876a99,Ingeniería Mecatrónica,P,2024,40.0,30.0,40.0,20.0,130.0,DMU,86.66666666666667
stu_489699923390cc907b271bf56827f304,,P,2024,40.0,40.0,40.0,10.0,130.0,DMU,86.66666666666667
stu_8ea0d9b147df641c333e04b5be356a6b,Ingeniería Biomédica,P,2024,40.0,30.0,40.0,20.0,130.0,DMU,86.66666666666667
stu_70d813bac3652ee4518a3f6410762d5a,Mercadotecnia,P,2024,30.0,30.0,40.0,30.0,130.0,DMU,86.66666666666667
stu_3ef7d36ef68040cbc057da0cdc274739,Banca e Inversiones,P,2024,30.0,40.0,40.0,20.0,130.0,DMU,86.66666666666667
stu_c803fe1139a1d6e54f24ff117068ba18,,P,2024,40.0,30.0,40.0,20.0,130.0,DMU,86.66666666666667
stu_ce618f82546fa22ec4bda1d59f41099b,Ingeniería en Energía,P,2024,40.0,40.0,40.0,10.0,130.0,DMU,86.66666666666667
stu_8a7ec14762ad537b3f91d10b56d29409,,P,2024,40.0,20.0,40.0,30.0,130.0,DMU,86.66666666666667
stu_c71558eacfc33755a12e25eaaf627046,Ingeniería Mecatrónica,P,2024,40.0,30.0,40.0,20.0,130.0,DMU,86.66666666666667
stu_16eec76f85efa4b63d8982f2cc9148e6,Ingeniería Mecánica,P,2024,40.0,20.0,40.0,30.0,130.0,DMU,86.66666666666667
stu_1deed1a21f6fe6cdb340a0e08b56c23e,Banca e Inversiones,P,2024,30.0,40.0,30.0,30.0,130.0,DMU,86.66666666666667
stu_7f268a98bb78562ac88402a0ce039174,,P,2024,40.0,30.0,40.0,20.0,130.0,DMU,86.66666666666667
stu_fa2006d0d9e73fe72d2e47368fa13d6f,,P,2024,40.0,30.0,40.0,20.0,130.0,DMU,86.66666666666667
stu_268e65a5b91f8e914edb0bc8b0b72b80,,P,2024,40.0,30.0,40.0,20.0,130.0,DMU,86.66666666666667
stu_487615d9c0251cfc161307f15fceed3b,,P,2024,30.0,30.0,40.0,30.0,130.0,DMU,86.66666666666667
stu_690c45ba7ec15df94fd9b80edcef7346,Ingeniería en Sistemas Computacionales,P,2024,40.0,30.0,40.0,20.0,130.0,DMU,86.66666666666667
stu_12c8bbfcfcd3b4b983b250a329351cc9,,P,2024,30.0,30.0,40.0,30.0,130.0,DMU,86.66666666666667
stu_cb689b8d1ef29fab9077dfc51a39ee6d,,P,2024,30.0,40.0,40.0,20.0,130.0,DMU,86.66666666666667
stu_e218599063578d4b505882c3391b226d,Actuaría,P,2024,40.0,40.0,40.0,10.0,130.0,DMU,86.66666666666667
stu_d2ce8e6cebcf5ab1dcb4941177eb2f21,,P,2024,40.0,30.0,40.0,20.0,130.0,DMU,86.66666666666667
stu_23e44446bfbabe638affe1d9020c2720,,P,2024,40.0,40.0,30.0,20.0,130.0,DMU,86.66666666666667
stu_ec8c59f7f10126a158f249eeec568380,Ingeniería Industrial,P,2024,40.0,20.0,40.0,30.0,130.0,DMU,86.66666666666667
stu_a49359a8364be2b5deb2be9bc2e4c5d8,,P,2024,40.0,20.0,40.0,30.0,130.0,DMU,86.66666666666667
stu_bbabdf0839f09315e96871099c3e9318,Administración de Empresas,P,2024,40.0,30.0,30.0,30.0,130.0,DMU,86.66666666666667
stu_68f6e9c8884f249fd83862bb556a0c92,Actuaría,P,2024,40.0,40.0,30.0,20.0,130.0,DMU,86.66666666666667
stu_55047ab4b4387898e2fbfc4468b066fd,,P,2024,30.0,40.0,40.0,20.0,130.0,DMU,86.66666666666667
stu_12622c6167864869733bc4aa9ffa2466,Administración de Negocios Internacionales,P,2024,30.0,30.0,40.0,30.0,130.0,DMU,86.66666666666667
stu_3122c8aa9fe384dee2724be3485c0be0,Ingeniería en Sistemas Computacionales,P,2024,30.0,30.0,40.0,30.0,130.0,DMU,86.66666666666667
stu_914e941f1625269f971633cdf8732a64,Bioquímica Clínica,P,2024,40.0,30.0,40.0,20.0,130.0,DMU,86.66666666666667
stu_cc38e011f64a43ade6de04d324e65bd8,Administración de Negocios Internacionales,P,2024,40.0,30.0,40.0,20.0,130.0,DMU,86.66666666666667
stu_10b66852d9e37ad5c876487a69f43e39,Mercadotecnia,P,2024,40.0,30.0,40.0,20.0,130.0,DMU,86.66666666666667
stu_3635c96c9111e2b51db781e641ce4088,,P,2024,40.0,30.0,40.0,20.0,130.0,DMU,86.66666666666667
stu_dbebd0f9da57f87e67a706599b3625a2,Administración de Empresas,P,2024,40.0,20.0,40.0,30.0,130.0,DMU,86.66666666666667
stu_276bd54b8769e8fa0c1f5f5a0cc40eb6,,P,2024,40.0,40.0,30.0,20.0,130.0,DMU,86.66666666666667
stu_c08bd7269749b6d028f3431963a42261,Economía,P,2024,40.0,40.0,40.0,10.0,130.0,DMU,86.66666666666667
stu_e0fd10ea2851af76d2936e70707f385c,,P,2024,40.0,40.0,40.0,10.0,130.0,DMU,86.66666666666667
stu_ff108ef176c171e16cd569fdd44efebb,Mercadotecnia,P,2024,40.0,30.0,40.0,20.0,130.0,DMU,86.66666666666667
stu_af08b14c946f8c0cca0f04b394653264,,P,2024,40.0,20.0,40.0,30.0,130.0,DMU,86.66666666666667
stu_33a88aa13d0a195bf44eaa2ec1294370,,P,2024,40.0,40.0,40.0,10.0,130.0,DMU,86.66666666666667
stu_fac00aa5053f5f5da894dfc09308f577,Ingeniería Industrial,P,2024,40.0,30.0,40.0,20.0,130.0,DMU,86.66666666666667
stu_f617ecc66790159cf7c12426cc511008,,P,2024,30.0,40.0,40.0,20.0,130.0,DMU,86.66666666666667
stu_54eda134fda2da59788bd624ae596265,Ingeniería Civil,P,2024,40.0,30.0,40.0,20.0,130.0,DMU,86.66666666666667
stu_42a22d5a475e4f0955c00eb0a18a719a,,P,2024,30.0,30.0,40.0,30.0,130.0,DMU,86.66666666666667
stu_e9c035d11720bc5737aacdc7a6e084d2,Ingeniería en Robótica y Telecomunicaciones,P,2024,30.0,40.0,40.0,20.0,130.0,DMU,86.66666666666667
stu_4e509d5d0637982ce7d131c68ed94a5b,Estrategias Financieras y Contaduría Pública,P,2024,30.0,30.0,40.0,30.0,130.0,DMU,86.66666666666667
stu_79c3edfe5d7d96e647dcaa5659a53bdb,Ingeniería Química,P,2024,40.0,40.0,40.0,20.0,140.0,DMU,93.33333333333333
stu_8bc155569787481f0e889dc930185f17,Ingeniería Biomédica,P,2024,40.0,40.0,30.0,30.0,140.0,DMU,93.33333333333333
stu_2405f050bc9761fc8fc1bc7c23645160,Nanotecnología e Ingeniería Molecular,P,2024,40.0,30.0,40.0,30.0,140.0,DMU,93.33333333333333
stu_726fbb4105dd1508e7dc12c324d949da,,P,2024,40.0,40.0,40.0,20.0,140.0,DMU,93.33333333333333
stu_f7b7f7f3ba29a3e64d2c45bae69daea6,,P,2024,40.0,30.0,40.0,30.0,140.0,DMU,93.33333333333333
stu_2e6ebb3e361f10bef940f56666a115b5,,P,2024,30.0,40.0,40.0,30.0,140.0,DMU,93.33333333333333
stu_4947436132c13a73c7d850c3919969f3,,P,2024,40.0,40.0,40.0,20.0,140.0,DMU,93.33333333333333
stu_5cef4e3e41ff4eb6057d21d7e8f607ee,,P,2024,40.0,40.0,40.0,20.0,140.0,DMU,93.33333333333333
stu_eb2de1fa383c9e4ffda1ed1c83a37f8b,,P,2024,40.0,30.0,40.0,30.0,140.0,DMU,93.33333333333333
stu_065e4b38c37fa4b49f4908ecfe039c2d,Actuaría,P,2024,40.0,40.0,40.0,20.0,140.0,DMU,93.33333333333333
stu_e72362cc3b908385aeedfaebfdce3064,Ingeniería Industrial,P,2024,40.0,30.0,40.0,30.0,140.0,DMU,93.33333333333333
stu_74027cfe27f6a2b26ebd794195b2b18c,,P,2024,40.0,40.0,40.0,20.0,140.0,DMU,93.33333333333333
stu_60ae9cfe15f209c9db86aeeb292a1e5c,,P,2024,40.0,30.0,40.0,30.0,140.0,DMU,93.33333333333333
stu_79eb147e4167e5d533ebf52d9198e266,Administración de Empresas,P,2024,40.0,30.0,40.0,30.0,140.0,DMU,93.33333333333333
stu_e475b886637c3b987a229daf226ad0b7,Ingeniería Mecatrónica,P,2024,40.0,40.0,40.0,20.0,140.0,DMU,93.33333333333333
stu_043bcdd350b2e9f55f844e559f42838b,Químico Farmacéutico Biólogo,P,2024,40.0,40.0,40.0,20.0,140.0,DMU,93.33333333333333
stu_5fd3bd882531ad7851316414036fbcbc,,P,2024,30.0,40.0,40.0,30.0,140.0,DMU,93.33333333333333
stu_446beb7a0ab99e5cb2a707b4392e2a35,,P,2024,40.0,30.0,40.0,30.0,140.0,DMU,93.33333333333333
stu_eef4f1493adab3f4bc98a59f4c7a74f2,Ingeniería Mecánica,P,2024,40.0,40.0,40.0,20.0,140.0,DMU,93.33333333333333
stu_7fb2e52717b98beb5ae27ec678705c7b,Ingeniería en Sistemas Computacionales,P,2024,40.0,30.0,40.0,30.0,140.0,DMU,93.33333333333333
stu_64c4dae916e15ea782287f9b44fabc5a,Actuaría,P,2024,40.0,40.0,40.0,20.0,140.0,DMU,93.33333333333333
stu_ac970384ffdae510620b361628af3250,,P,2024,40.0,30.0,40.0,30.0,140.0,DMU,93.33333333333333
stu_f3d4a9a28784df8bfd3f1adec02d0fc1,Actuaría,P,2024,40.0,30.0,40.0,30.0,140.0,DMU,93.33333333333333
stu_c24fb6aad4f0d5c59891ed4dff1444ab,,P,2024,30.0,40.0,40.0,30.0,140.0,DMU,93.33333333333333
stu_db8f3d0634d055236df9244c259dd04d,Actuaría,P,2024,40.0,30.0,40.0,30.0,140.0,DMU,93.33333333333333
stu_db90f46607b518faa2786f8d5fcaee7e,Ingeniería en Sistemas Computacionales,P,2024,40.0,30.0,40.0,30.0,140.0,DMU,93.33333333333333
stu_a2c2648ab8291cfcef24618af47d719b,,P,2024,40.0,30.0,40.0,30.0,140.0,DMU,93.33333333333333
stu_b2b33db4a6f66e4b0929ee6a6b6338c7,,P,2024,40.0,40.0,40.0,20.0,140.0,DMU,93.33333333333333
stu_37db94054d7b0bf679599da37bd17fcf,,P,2024,40.0,40.0,40.0,20.0,140.0,DMU,93.33333333333333
stu_04a1da2bd25d5fc96e7ed4f58ef96505,,P,2024,40.0,40.0,40.0,20.0,140.0,DMU,93.33333333333333
stu_804ad4b6d8c911f50f58df7cf15a16fd,,P,2024,40.0,40.0,40.0,20.0,140.0,DMU,93.33333333333333
stu_aad94cf82b42f305b2a44328c646b967,,P,2024,40.0,30.0,40.0,30.0,140.0,DMU,93.33333333333333
stu_413bfedf74ec3fd13003f58dde39f813,Ingeniería Industrial,P,2024,40.0,40.0,40.0,20.0,140.0,DMU,93.33333333333333
stu_614565243b6ef1e4a044ac0ea9517a06,,P,2024,40.0,30.0,40.0,30.0,140.0,DMU,93.33333333333333
stu_9d52ed67ad9e7335aaaf69555558fb1f,Ingeniería Mecatrónica,P,2024,40.0,30.0,40.0,30.0,140.0,DMU,93.33333333333333
stu_c04c1b328176cbb2f82ffcb324b6f6e8,,P,2024,40.0,30.0,40.0,30.0,140.0,DMU,93.33333333333333
stu_0371b0f62361d63910818ee9be5c9e4c,Ingeniería en Sistemas Computacionales,P,2024,40.0,30.0,40.0,30.0,140.0,DMU,93.33333333333333
stu_09e8e02ff49d42c225ad354a066fc06b,,P,2024,40.0,40.0,40.0,20.0,140.0,DMU,93.33333333333333
stu_4c883504852882a351c6b59f51bdcf1c,,P,2024,30.0,40.0,40.0,30.0,140.0,DMU,93.33333333333333
stu_b2716cf2bc8242688b1db0cc30e9920e,,P,2024,40.0,30.0,40.0,30.0,140.0,DMU,93.33333333333333
stu_15943ab7af2c0a0c7a9e22c921b1973b,,P,2024,40.0,40.0,30.0,30.0,140.0,DMU,93.33333333333333
stu_9fbebac5d8fca328971dd379809e34ed,,P,2024,40.0,40.0,40.0,20.0,140.0,DMU,93.33333333333333
stu_ec0e1a0e45664bbcd285db905cd1da82,,P,2024,30.0,40.0,40.0,30.0,140.0,DMU,93.33333333333333
stu_9c48c2b95cda0caf22aa9b62b6aa67e7,Ingeniería Industrial,P,2024,40.0,30.0,40.0,30.0,140.0,DMU,93.33333333333333
stu_1167ef087a274e67c3fafe66f34b820a,,P,2024,40.0,30.0,40.0,30.0,140.0,DMU,93.33333333333333
stu_3cab82731efcb0824770e42461a20789,,P,2024,40.0,30.0,40.0,30.0,140.0,DMU,93.33333333333333
stu_ed46e51ad31df69423e9e1ff1c638d16,Ingeniería Ambiental,P,2024,40.0,30.0,40.0,30.0,140.0,DMU,93.33333333333333
stu_19c0cd4888c0f4b27827d11166845861,,P,2024,40.0,30.0,40.0,30.0,140.0,DMU,93.33333333333333
stu_4bfe775af939fc4aeb178270e0ee17be,Ingeniería Mecatrónica,P,2024,40.0,40.0,40.0,30.0,150.0,DMU,100.0
stu_645d368110ba3798cadff767e563e458,Nanotecnología e Ingeniería Molecular,P,2024,40.0,40.0,40.0,30.0,150.0,DMU,100.0
stu_c72ff70f2ffcd17b321ba8f9f43ffe28,,P,2024,40.0,40.0,40.0,30.0,150.0,DMU,100.0
stu_1ed3c63c31b44f822de9981b099fc414,,P,2024,40.0,40.0,40.0,30.0,150.0,DMU,100.0
stu_d983dee792abf603024ae6df4dfb16a3,,P,2024,40.0,40.0,40.0,30.0,150.0,DMU,100.0
stu_490e2ff7ea9938d3df647e89e0d9de3f,,P,2024,40.0,40.0,40.0,30.0,150.0,DMU,100.0
stu_467536fb72ea5a32c621a76dc66bc15e,,P,2024,40.0,40.0,40.0,30.0,150.0,DMU,100.0
stu_e6a62064a169b1e36e632f33b523c479,Ciencia de datos,P,2024,40.0,40.0,40.0,30.0,150.0,DMU,100.0
stu_3e21f00b7f1315e01683297dbb5ee9f9,,P,2024,40.0,40.0,40.0,30.0,150.0,DMU,100.0
stu_e0b2fbcb17be585292a5bf7cc62a841e,,P,2024,40.0,40.0,40.0,30.0,150.0,DMU,100.0
stu_a9e085b81e69031cf3e79e2cbd53e4e1,Física,P,2024,40.0,40.0,40.0,30.0,150.0,DMU,100.0
stu_827d8a34a9ea5a79dddd26c0515e9b86,,P,2024,40.0,40.0,40.0,30.0,150.0,DMU,100.0
stu_0965b4b21860f949aea2236a444b5142,,P,2024,40.0,40.0,40.0,30.0,150.0,DMU,100.0
stu_b4e1405005f27a28fc028a004ffc313e,,P,2024,40.0,40.0,40.0,30.0,150.0,DMU,100.0
stu_460fbe6afd34b8f63fdcff97cceda528,Nanotecnología e Ingeniería Molecular,P,2024,40.0,40.0,40.0,30.0,150.0,DMU,100.0
stu_1980e2c0d91b0e5dcfed5ccaaaf3fc6f,,P,2024,40.0,40.0,40.0,30.0,150.0,DMU,100.0
stu_75518734147dacd8a94eb75c9703af44,,P,2024,40.0,40.0,40.0,30.0,150.0,DMU,100.0
stu_b52108beabe5edab8d168f782a2d0834,,P,2024,40.0,40.0,40.0,30.0,150.0,DMU,100.0
stu_acf7599847b8bc7772b2e5580eabd01b,Actuaría,P,2024,40.0,40.0,40.0,30.0,150.0,DMU,100.0
stu_19e19cd89829f08febde667eb33bf139,Actuaría,P,2024,40.0,40.0,40.0,30.0,150.0,DMU,100.0
stu_934a0632bd999da3072cee3045242bd8,,P,2024,40.0,40.0,40.0,30.0,150.0,DMU,100.0
stu_e5fe410270d5294f2487986163f61e5a,,P,2024,40.0,40.0,40.0,30.0,150.0,DMU,100.0
stu_7c1f308e93c4d8cb3ebcfd69fa3f5588,Administración de Negocios Internacionales,P,2024,40.0,40.0,20.0,10.0,110.0,DMU,73.33333333333333
stu_6ac86cc4e0577c1efff98a35314a4115,Mercadotecnia,P,2024,40.0,40.0,30.0,30.0,140.0,DMU,93.33333333333333
stu_a1462bcffd982d4cc15b57347ab58558,Física,P,2024,40.0,40.0,40.0,20.0,140.0,DMU,93.33333333333333
stu_8835ed708681313f133d6420d87214bb,Administración de Empresas,P,2024,30.0,40.0,30.0,20.0,120.0,DMU,80.0
stu_d63f04b8e2b8bd3eeb22b08c51c5bce7,Ingeniería Industrial,P,2024,40.0,40.0,40.0,20.0,140.0,DMU,93.33333333333333
stu_de33f4dcfc711d20bcfff9efd3f0aa9d,Mercadotecnia,P,2024,40.0,20.0,40.0,10.0,110.0,DMU,73.33333333333333
