group,component,x,density_component,density_total,component_share,n_group,n_component,bandwidth
0,numeric_nonpass,0.0,0.03521227712022371,0.03521227712022371,0.12997762863534676,4470,581,0.4206696382599712
0,numeric_nonpass,0.02506265664160401,0.03537168462995527,0.03537168462995527,0.12997762863534676,4470,581,0.4206696382599712
0,numeric_nonpass,0.05012531328320802,0.03542125014222384,0.03542125014222384,0.12997762863534676,4470,581,0.4206696382599712
0,numeric_nonpass,0.07518796992481203,0.03536185390778074,0.03536185390778074,0.12997762863534676,4470,581,0.4206696382599712
0,numeric_nonpass,0.10025062656641603,0.03519551520446857,0.03519551520446857,0.12997762863534676,4470,581,0.4206696382599712
0,numeric_nonpass,0.12531328320802004,0.034925352392759824,0.034925352392759824,0.12997762863534676,4470,581,0.4206696382599712
0,numeric_nonpass,0.15037593984962405,0.03455552430561719,0.03455552430561719,0.12997762863534676,4470,581,0.4206696382599712
0,numeric_nonpass,0.17543859649122806,0.03409115445953223,0.03409115445953223,0.12997762863534676,4470,581,0.4206696382599712
0,numeric_nonpass,0.20050125313283207,0.03353823996940699,0.03353823996940699,0.12997762863534676,4470,581,0.4206696382599712
0,numeric_nonpass,0.22556390977443608,0.03290354738622892,0.03290354738622892,0.12997762863534676,4470,581,0.4206696382599712
0,numeric_nonpass,0.2506265664160401,0.032194497943828754,0.032194497943828754,0.12997762863534676,4470,581,0.4206696382599712
0,numeric_nonpass,0.2756892230576441,0.031419044892582466,0.031419044892582466,0.12997762863534676,4470,581,0.4206696382599712
0,numeric_nonpass,0.3007518796992481,0.030585545709702334,0.030585545709702334,0.12997762863534676,4470,581,0.4206696382599712
0,numeric_nonpass,0.3258145363408521,0.029702632006626595,0.029702632006626595,0.12997762863534676,4470,581,0.4206696382599712
0,numeric_nonpass,0.3508771929824561,0.028779079905671863,0.028779079905671863,0.12997762863534676,4470,581,0.4206696382599712
0,numeric_nonpass,0.37593984962406013,0.02782368353495664,0.02782368353495664,0.12997762863534676,4470,581,0.4206696382599712
0,numeric_nonpass,0.40100250626566414,0.026845134099452956,0.026845134099452956,0.12997762863534676,4470,581,0.4206696382599712
0,numeric_nonpass,0.42606516290726815,0.025851906735765866,0.025851906735765866,0.12997762863534676,4470,581,0.4206696382599712
0,numeric_nonpass,0.45112781954887216,0.024852157059399905,0.024852157059399905,0.12997762863534676,4470,581,0.4206696382599712
0,numeric_nonpass,0.47619047619047616,0.02385362897754434,0.02385362897754434,0.12997762863534676,4470,581,0.4206696382599712
0,numeric_nonpass,0.5012531328320802,0.022863574980154722,0.022863574980154722,0.12997762863534676,4470,581,0.4206696382599712
0,numeric_nonpass,0.5263157894736842,0.021888689749855063,0.021888689749855063,0.12997762863534676,4470,581,0.4206696382599712
0,numeric_nonpass,0.5513784461152882,0.020935057559145737,0.020935057559145737,0.12997762863534676,4470,581,0.4206696382599712
0,numeric_nonpass,0.5764411027568922,0.02000811356303631,0.02000811356303631,0.12997762863534676,4470,581,0.4206696382599712
0,numeric_nonpass,0.6015037593984962,0.019112618756851385,0.019112618756851385,0.12997762863534676,4470,581,0.4206696382599712
0,numeric_nonpass,0.6265664160401002,0.01825264806145681,0.01825264806145681,0.12997762863534676,4470,581,0.4206696382599712
0,numeric_nonpass,0.6516290726817042,0.017431590728717968,0.017431590728717968,0.12997762863534676,4470,581,0.4206696382599712
0,numeric_nonpass,0.6766917293233082,0.016652162034001248,0.016652162034001248,0.12997762863534676,4470,581,0.4206696382599712
0,numeric_nonpass,0.7017543859649122,0.015916425043445287,0.015916425043445287,0.12997762863534676,4470,581,0.4206696382599712
0,numeric_nonpass,0.7268170426065163,0.015225821113170623,0.015225821113170623,0.12997762863534676,4470,581,0.4206696382599712
0,numeric_nonpass,0.7518796992481203,0.01458120769539847,0.01458120769539847,0.12997762863534676,4470,581,0.4206696382599712
0,numeric_nonpass,0.7769423558897243,0.013982901990822154,0.013982901990822154,0.12997762863534676,4470,581,0.4206696382599712
0,numeric_nonpass,0.8020050125313283,0.013430728994311605,0.013430728994311605,0.12997762863534676,4470,581,0.4206696382599712
0,numeric_nonpass,0.8270676691729323,0.012924072527756278,0.012924072527756278,0.12997762863534676,4470,581,0.4206696382599712
0,numeric_nonpass,0.8521303258145363,0.01246192793428415,0.01246192793428415,0.12997762863534676,4470,581,0.4206696382599712
0,numeric_nonpass,0.8771929824561403,0.012042955216328166,0.012042955216328166,0.12997762863534676,4470,581,0.4206696382599712
0,numeric_nonpass,0.9022556390977443,0.011665531529793643,0.011665531529793643,0.12997762863534676,4470,581,0.4206696382599712
0,numeric_nonpass,0.9273182957393483,0.011327802091567928,0.011327802091567928,0.12997762863534676,4470,581,0.4206696382599712
0,numeric_nonpass,0.9523809523809523,0.011027728711617734,0.011027728711617734,0.12997762863534676,4470,581,0.4206696382599712
0,numeric_nonpass,0.9774436090225563,0.01076313531810889,0.01076313531810889,0.12997762863534676,4470,581,0.4206696382599712
0,numeric_nonpass,1.0025062656641603,0.010531749999057618,0.010531749999057618,0.12997762863534676,4470,581,0.4206696382599712
0,numeric_nonpass,1.0275689223057642,0.010331243232346108,0.010331243232346108,0.12997762863534676,4470,581,0.4206696382599712
0,numeric_nonpass,1.0526315789473684,0.010159262113629415,0.010159262113629415,0.12997762863534676,4470,581,0.4206696382599712
0,numeric_nonpass,1.0776942355889725,0.01001346051565878,0.01001346051565878,0.12997762863534676,4470,581,0.4206696382599712
0,numeric_nonpass,1.1027568922305764,0.009891525220610977,0.009891525220610977,0.12997762863534676,4470,581,0.4206696382599712
0,numeric_nonpass,1.1278195488721803,0.009791198157722721,0.009791198157722721,0.12997762863534676,4470,581,0.4206696382599712
0,numeric_nonpass,1.1528822055137844,0.009710294951233912,0.009710294951233912,0.12997762863534676,4470,581,0.4206696382599712
0,numeric_nonpass,1.1779448621553885,0.00964672003840059,0.00964672003840059,0.12997762863534676,4470,581,0.4206696382599712
0,numeric_nonpass,1.2030075187969924,0.009598478654828558,0.009598478654828558,0.12997762863534676,4470,581,0.4206696382599712
0,numeric_nonpass,1.2280701754385963,0.009563686005808427,0.009563686005808427,0.12997762863534676,4470,581,0.4206696382599712
0,numeric_nonpass,1.2531328320802004,0.009540573949333095,0.009540573949333095,0.12997762863534676,4470,581,0.4206696382599712
0,numeric_nonpass,1.2781954887218046,0.009527495510996506,0.009527495510996506,0.12997762863534676,4470,581,0.4206696382599712
0,numeric_nonpass,1.3032581453634084,0.00952292753516625,0.00952292753516625,0.12997762863534676,4470,581,0.4206696382599712
0,numeric_nonpass,1.3283208020050123,0.009525471752960745,0.009525471752960745,0.12997762863534676,4470,581,0.4206696382599712
0,numeric_nonpass,1.3533834586466165,0.009533854517929154,0.009533854517929154,0.12997762863534676,4470,581,0.4206696382599712
0,numeric_nonpass,1.3784461152882206,0.009546925427146009,0.009546925427146009,0.12997762863534676,4470,581,0.4206696382599712
0,numeric_nonpass,1.4035087719298245,0.009563655010768179,0.009563655010768179,0.12997762863534676,4470,581,0.4206696382599712
0,numeric_nonpass,1.4285714285714284,0.009583131638833193,0.009583131638833193,0.12997762863534676,4470,581,0.4206696382599712
0,numeric_nonpass,1.4536340852130325,0.00960455776182796,0.00960455776182796,0.12997762863534676,4470,581,0.4206696382599712
0,numeric_nonpass,1.4786967418546366,0.009627245572662445,0.009627245572662445,0.12997762863534676,4470,581,0.4206696382599712
0,numeric_nonpass,1.5037593984962405,0.00965061215317352,0.00965061215317352,0.12997762863534676,4470,581,0.4206696382599712
0,numeric_nonpass,1.5288220551378444,0.009674174148869664,0.009674174148869664,0.12997762863534676,4470,581,0.4206696382599712
0,numeric_nonpass,1.5538847117794485,0.009697542001702565,0.009697542001702565,0.12997762863534676,4470,581,0.4206696382599712
0,numeric_nonpass,1.5789473684210527,0.009720413762306205,0.009720413762306205,0.12997762863534676,4470,581,0.4206696382599712
0,numeric_nonpass,1.6040100250626566,0.009742568500187137,0.009742568500187137,0.12997762863534676,4470,581,0.4206696382599712
0,numeric_nonpass,1.6290726817042605,0.009763859332338087,0.009763859332338087,0.12997762863534676,4470,581,0.4206696382599712
0,numeric_nonpass,1.6541353383458646,0.009784206097026127,0.009784206097026127,0.12997762863534676,4470,581,0.4206696382599712
0,numeric_nonpass,1.6791979949874687,0.009803587709249913,0.009803587709249913,0.12997762863534676,4470,581,0.4206696382599712
0,numeric_nonpass,1.7042606516290726,0.009822034246619855,0.009822034246619855,0.12997762863534676,4470,581,0.4206696382599712
0,numeric_nonpass,1.7293233082706765,0.00983961882816687,0.00983961882816687,0.12997762863534676,4470,581,0.4206696382599712
0,numeric_nonpass,1.7543859649122806,0.009856449362781492,0.009856449362781492,0.12997762863534676,4470,581,0.4206696382599712
0,numeric_nonpass,1.7794486215538847,0.009872660257599548,0.009872660257599548,0.12997762863534676,4470,581,0.4206696382599712
0,numeric_nonpass,1.8045112781954886,0.009888404188724133,0.009888404188724133,0.12997762863534676,4470,581,0.4206696382599712
0,numeric_nonpass,1.8295739348370925,0.009903844046353992,0.009903844046353992,0.12997762863534676,4470,581,0.4206696382599712
0,numeric_nonpass,1.8546365914786966,0.009919145172962858,0.009919145172962858,0.12997762863534676,4470,581,0.4206696382599712
0,numeric_nonpass,1.8796992481203008,0.009934468016098307,0.009934468016098307,0.12997762863534676,4470,581,0.4206696382599712
0,numeric_nonpass,1.9047619047619047,0.009949961316281553,0.009949961316281553,0.12997762863534676,4470,581,0.4206696382599712
0,numeric_nonpass,1.9298245614035086,0.009965755945228178,0.009965755945228178,0.12997762863534676,4470,581,0.4206696382599712
0,numeric_nonpass,1.9548872180451127,0.009981959500206344,0.009981959500206344,0.12997762863534676,4470,581,0.4206696382599712
0,numeric_nonpass,1.9799498746867168,0.009998651747027833,0.009998651747027833,0.12997762863534676,4470,581,0.4206696382599712
0,numeric_nonpass,2.0050125313283207,0.010015880987327218,0.010015880987327218,0.12997762863534676,4470,581,0.4206696382599712
0,numeric_nonpass,2.0300751879699246,0.010033661405978337,0.010033661405978337,0.12997762863534676,4470,581,0.4206696382599712
0,numeric_nonpass,2.0551378446115285,0.010051971432404784,0.010051971432404784,0.12997762863534676,4470,581,0.4206696382599712
0,numeric_nonpass,2.080200501253133,0.01007075312593477,0.01007075312593477,0.12997762863534676,4470,581,0.4206696382599712
0,numeric_nonpass,2.1052631578947367,0.01008991257106259,0.01008991257106259,0.12997762863534676,4470,581,0.4206696382599712
0,numeric_nonpass,2.1303258145363406,0.010109321244362295,0.010109321244362295,0.12997762863534676,4470,581,0.4206696382599712
0,numeric_nonpass,2.155388471177945,0.010128818291693454,0.010128818291693454,0.12997762863534676,4470,581,0.4206696382599712
0,numeric_nonpass,2.180451127819549,0.010148213633033991,0.010148213633033991,0.12997762863534676,4470,581,0.4206696382599712
0,numeric_nonpass,2.2055137844611528,0.010167291793480466,0.010167291793480466,0.12997762863534676,4470,581,0.4206696382599712
0,numeric_nonpass,2.2305764411027567,0.010185816343274246,0.010185816343274246,0.12997762863534676,4470,581,0.4206696382599712
0,numeric_nonpass,2.2556390977443606,0.010203534817616258,0.010203534817616258,0.12997762863534676,4470,581,0.4206696382599712
0,numeric_nonpass,2.280701754385965,0.0102201839788533,0.0102201839788533,0.12997762863534676,4470,581,0.4206696382599712
0,numeric_nonpass,2.305764411027569,0.010235495279533123,0.010235495279533123,0.12997762863534676,4470,581,0.4206696382599712
0,numeric_nonpass,2.3308270676691727,0.01024920038485763,0.01024920038485763,0.12997762863534676,4470,581,0.4206696382599712
0,numeric_nonpass,2.355889724310777,0.010261036617088744,0.010261036617088744,0.12997762863534676,4470,581,0.4206696382599712
0,numeric_nonpass,2.380952380952381,0.01027075219221751,0.01027075219221751,0.12997762863534676,4470,581,0.4206696382599712
0,numeric_nonpass,2.406015037593985,0.010278111130308736,0.010278111130308736,0.12997762863534676,4470,581,0.4206696382599712
0,numeric_nonpass,2.4310776942355887,0.010282897734896271,0.010282897734896271,0.12997762863534676,4470,581,0.4206696382599712
0,numeric_nonpass,2.4561403508771926,0.010284920553063886,0.010284920553063886,0.12997762863534676,4470,581,0.4206696382599712
0,numeric_nonpass,2.481203007518797,0.010284015745789186,0.010284015745789186,0.12997762863534676,4470,581,0.4206696382599712
0,numeric_nonpass,2.506265664160401,0.010280049817111893,0.010280049817111893,0.12997762863534676,4470,581,0.4206696382599712
0,numeric_nonpass,2.5313283208020048,0.010272921670072618,0.010272921670072618,0.12997762863534676,4470,581,0.4206696382599712
0,numeric_nonpass,2.556390977443609,0.010262563976537641,0.010262563976537641,0.12997762863534676,4470,581,0.4206696382599712
0,numeric_nonpass,2.581453634085213,0.010248943866408802,0.010248943866408802,0.12997762863534676,4470,581,0.4206696382599712
0,numeric_nonpass,2.606516290726817,0.010232062958808982,0.010232062958808982,0.12997762863534676,4470,581,0.4206696382599712
0,numeric_nonpass,2.631578947368421,0.010211956773205421,0.010211956773205421,0.12997762863534676,4470,581,0.4206696382599712
0,numeric_nonpass,2.6566416040100247,0.010188693571745578,0.010188693571745578,0.12997762863534676,4470,581,0.4206696382599712
0,numeric_nonpass,2.681704260651629,0.010162372695088356,0.010162372695088356,0.12997762863534676,4470,581,0.4206696382599712
0,numeric_nonpass,2.706766917293233,0.010133122462567147,0.010133122462567147,0.12997762863534676,4470,581,0.4206696382599712
0,numeric_nonpass,2.731829573934837,0.01010109771356241,0.01010109771356241,0.12997762863534676,4470,581,0.4206696382599712
0,numeric_nonpass,2.756892230576441,0.010066477070518835,0.010066477070518835,0.12997762863534676,4470,581,0.4206696382599712
0,numeric_nonpass,2.781954887218045,0.010029460005220234,0.010029460005220234,0.12997762863534676,4470,581,0.4206696382599712
0,numeric_nonpass,2.807017543859649,0.009990263788903747,0.009990263788903747,0.12997762863534676,4470,581,0.4206696382599712
0,numeric_nonpass,2.832080200501253,0.009949120403775037,0.009949120403775037,0.12997762863534676,4470,581,0.4206696382599712
0,numeric_nonpass,2.8571428571428568,0.009906273488736947,0.009906273488736947,0.12997762863534676,4470,581,0.4206696382599712
0,numeric_nonpass,2.882205513784461,0.00986197538594783,0.00986197538594783,0.12997762863534676,4470,581,0.4206696382599712
0,numeric_nonpass,2.907268170426065,0.009816484347475236,0.009816484347475236,0.12997762863534676,4470,581,0.4206696382599712
0,numeric_nonpass,2.932330827067669,0.009770061953096692,0.009770061953096692,0.12997762863534676,4470,581,0.4206696382599712
0,numeric_nonpass,2.9573934837092732,0.00972297078149959,0.00972297078149959,0.12997762863534676,4470,581,0.4206696382599712
0,numeric_nonpass,2.982456140350877,0.00967547236800444,0.00967547236800444,0.12997762863534676,4470,581,0.4206696382599712
0,numeric_nonpass,3.007518796992481,0.009627825472709078,0.009627825472709078,0.12997762863534676,4470,581,0.4206696382599712
0,numeric_nonpass,3.032581453634085,0.009580284673825153,0.009580284673825153,0.12997762863534676,4470,581,0.4206696382599712
0,numeric_nonpass,3.057644110275689,0.00953309929211768,0.00953309929211768,0.12997762863534676,4470,581,0.4206696382599712
0,numeric_nonpass,3.082706766917293,0.009486512643897127,0.009486512643897127,0.12997762863534676,4470,581,0.4206696382599712
0,numeric_nonpass,3.107769423558897,0.009440761612054992,0.009440761612054992,0.12997762863534676,4470,581,0.4206696382599712
0,numeric_nonpass,3.132832080200501,0.009396076517254496,0.009396076517254496,0.12997762863534676,4470,581,0.4206696382599712
0,numeric_nonpass,3.1578947368421053,0.009352681264644329,0.009352681264644329,0.12997762863534676,4470,581,0.4206696382599712
0,numeric_nonpass,3.182957393483709,0.009310793735394484,0.009310793735394484,0.12997762863534676,4470,581,0.4206696382599712
0,numeric_nonpass,3.208020050125313,0.009270626386989663,0.009270626386989663,0.12997762863534676,4470,581,0.4206696382599712
0,numeric_nonpass,3.233082706766917,0.009232387021583084,0.009232387021583084,0.12997762863534676,4470,581,0.4206696382599712
0,numeric_nonpass,3.258145363408521,0.009196279677838547,0.009196279677838547,0.12997762863534676,4470,581,0.4206696382599712
0,numeric_nonpass,3.2832080200501252,0.00916250559860265,0.00916250559860265,0.12997762863534676,4470,581,0.4206696382599712
0,numeric_nonpass,3.308270676691729,0.009131264224491576,0.009131264224491576,0.12997762863534676,4470,581,0.4206696382599712
0,numeric_nonpass,3.333333333333333,0.009102754162095812,0.009102754162095812,0.12997762863534676,4470,581,0.4206696382599712
0,numeric_nonpass,3.3583959899749374,0.009077174075058307,0.009077174075058307,0.12997762863534676,4470,581,0.4206696382599712
0,numeric_nonpass,3.3834586466165413,0.009054723446830048,0.009054723446830048,0.12997762863534676,4470,581,0.4206696382599712
0,numeric_nonpass,3.408521303258145,0.009035603165517537,0.009035603165517537,0.12997762863534676,4470,581,0.4206696382599712
0,numeric_nonpass,3.433583959899749,0.009020015883972426,0.009020015883972426,0.12997762863534676,4470,581,0.4206696382599712
0,numeric_nonpass,3.458646616541353,0.009008166112188194,0.009008166112188194,0.12997762863534676,4470,581,0.4206696382599712
0,numeric_nonpass,3.4837092731829573,0.009000260004199834,0.009000260004199834,0.12997762863534676,4470,581,0.4206696382599712
0,numeric_nonpass,3.508771929824561,0.008996504808042075,0.008996504808042075,0.12997762863534676,4470,581,0.4206696382599712
0,numeric_nonpass,3.533834586466165,0.008997107954889918,0.008997107954889918,0.12997762863534676,4470,581,0.4206696382599712
0,numeric_nonpass,3.5588972431077694,0.009002275772222111,0.009002275772222111,0.12997762863534676,4470,581,0.4206696382599712
0,numeric_nonpass,3.5839598997493733,0.009012211815607036,0.009012211815607036,0.12997762863534676,4470,581,0.4206696382599712
0,numeric_nonpass,3.6090225563909772,0.009027114824354747,0.009027114824354747,0.12997762863534676,4470,581,0.4206696382599712
0,numeric_nonpass,3.634085213032581,0.00904717631759824,0.00904717631759824,0.12997762863534676,4470,581,0.4206696382599712
0,numeric_nonpass,3.659147869674185,0.009072577859099047,0.009072577859099047,0.12997762863534676,4470,581,0.4206696382599712
0,numeric_nonpass,3.6842105263157894,0.009103488030904815,0.009103488030904815,0.12997762863534676,4470,581,0.4206696382599712
0,numeric_nonpass,3.7092731829573933,0.009140059167565641,0.009140059167565641,0.12997762863534676,4470,581,0.4206696382599712
0,numeric_nonpass,3.734335839598997,0.00918242391355394,0.00918242391355394,0.12997762863534676,4470,581,0.4206696382599712
0,numeric_nonpass,3.7593984962406015,0.009230691676422856,0.009230691676422856,0.12997762863534676,4470,581,0.4206696382599712
0,numeric_nonpass,3.7844611528822054,0.009284945056669238,0.009284945056669238,0.12997762863534676,4470,581,0.4206696382599712
0,numeric_nonpass,3.8095238095238093,0.009345236341841468,0.009345236341841468,0.12997762863534676,4470,581,0.4206696382599712
0,numeric_nonpass,3.834586466165413,0.009411584156784735,0.009411584156784737,0.12997762863534676,4470,581,0.4206696382599712
0,numeric_nonpass,3.859649122807017,0.009483970363734353,0.009483970363734355,0.12997762863534676,4470,581,0.4206696382599712
0,numeric_nonpass,3.8847117794486214,0.009562337305009976,0.00956233730500998,0.12997762863534676,4470,581,0.4206696382599712
0,numeric_nonpass,3.9097744360902253,0.009646585477177876,0.009646585477177883,0.12997762863534676,4470,581,0.4206696382599712
0,numeric_nonpass,3.9348370927318292,0.009736571718686552,0.009736571718686563,0.12997762863534676,4470,581,0.4206696382599712
0,numeric_nonpass,3.9598997493734336,0.009832107983208308,0.009832107983208325,0.12997762863534676,4470,581,0.4206696382599712
0,numeric_nonpass,3.9849624060150375,0.009932960758423691,0.009932960758423719,0.12997762863534676,4470,581,0.4206696382599712
0,numeric_nonpass,4.010025062656641,0.010038851175075041,0.010038851175075086,0.12997762863534676,4470,581,0.4206696382599712
0,numeric_nonpass,4.035087719298246,0.010149455834215155,0.01014945583421523,0.12997762863534676,4470,581,0.4206696382599712
0,numeric_nonpass,4.060150375939849,0.010264408362218022,0.010264408362218145,0.12997762863534676,4470,581,0.4206696382599712
0,numeric_nonpass,4.0852130325814535,0.01038330168391887,0.01038330168391907,0.12997762863534676,4470,581,0.4206696382599712
0,numeric_nonpass,4.110275689223057,0.01050569098489472,0.010505690984895042,0.12997762863534676,4470,581,0.4206696382599712
0,numeric_nonpass,4.135338345864661,0.01063109731510597,0.010631097315106492,0.12997762863534676,4470,581,0.4206696382599712
0,numeric_nonpass,4.160401002506266,0.010759011768622878,0.010759011768623717,0.12997762863534676,4470,581,0.4206696382599712
0,numeric_nonpass,4.185463659147869,0.01088890015866108,0.010888900158662427,0.12997762863534676,4470,581,0.4206696382599712
0,numeric_nonpass,4.2105263157894735,0.011020208094290232,0.011020208094292383,0.12997762863534676,4470,581,0.4206696382599712
0,numeric_nonpass,4.235588972431078,0.011152366355510214,0.01115236635551364,0.12997762863534676,4470,581,0.4206696382599712
0,numeric_nonpass,4.260651629072681,0.011284796457339572,0.011284796457345007,0.12997762863534676,4470,581,0.4206696382599712
0,numeric_nonpass,4.285714285714286,0.01141691629141325,0.011416916291421844,0.12997762863534676,4470,581,0.4206696382599712
0,numeric_nonpass,4.31077694235589,0.01154814573545933,0.011548145735472871,0.12997762863534676,4470,581,0.4206696382599712
0,numeric_nonpass,4.335839598997493,0.011677912126858966,0.011677912126880225,0.12997762863534676,4470,581,0.4206696382599712
0,numeric_nonpass,4.360902255639098,0.011805655506051565,0.011805655506084825,0.12997762863534676,4470,581,0.4206696382599712
0,numeric_nonpass,4.385964912280701,0.011930833548417872,0.011930833548469725,0.12997762863534676,4470,581,0.4206696382599712
0,numeric_nonpass,4.4110275689223055,0.012052926118886746,0.012052926118967302,0.12997762863534676,4470,581,0.4206696382599712
0,numeric_nonpass,4.43609022556391,0.012171439401160531,0.012171439401285233,0.12997762863534676,4470,581,0.4206696382599712
0,numeric_nonpass,4.461152882205513,0.012285909572328578,0.012285909572520941,0.12997762863534676,4470,581,0.4206696382599712
0,numeric_nonpass,4.486215538847118,0.01239590601285738,0.012395906013153076,0.12997762863534676,4470,581,0.4206696382599712
0,numeric_nonpass,4.511278195488721,0.01250103406060133,0.012501034061054262,0.12997762863534676,4470,581,0.4206696382599712
0,numeric_nonpass,4.5363408521303255,0.0126009373346775,0.012600937335368838,0.12997762863534676,4470,581,0.4206696382599712
0,numeric_nonpass,4.56140350877193,0.012695299669957093,0.012695299671008613,0.12997762863534676,4470,581,0.4206696382599712
0,numeric_nonpass,4.586466165413533,0.012783846714813828,0.012783846716407555,0.12997762863534676,4470,581,0.4206696382599712
0,numeric_nonpass,4.611528822055138,0.012866347253040979,0.012866347255448001,0.12997762863534676,4470,581,0.4206696382599712
0,numeric_nonpass,4.636591478696742,0.012942614315081856,0.012942614318704422,0.12997762863534676,4470,581,0.4206696382599712
0,numeric_nonpass,4.661654135338345,0.013012506143684188,0.01301250614911698,0.12997762863534676,4470,581,0.4206696382599712
0,numeric_nonpass,4.68671679197995,0.013075927074768191,0.013075927082887148,0.12997762863534676,4470,581,0.4206696382599712
0,numeric_nonpass,4.711779448621554,0.013132828385885855,0.01313282839797647,0.12997762863534676,4470,581,0.4206696382599712
0,numeric_nonpass,4.7368421052631575,0.013183209152548912,0.013183209170490779,0.12997762863534676,4470,581,0.4206696382599712
0,numeric_nonpass,4.761904761904762,0.013227117137510883,0.01322711716404217,0.12997762863534676,4470,581,0.4206696382599712
0,numeric_nonpass,4.786967418546365,0.013264649720568678,0.013264649759663636,0.12997762863534676,4470,581,0.4206696382599712
0,numeric_nonpass,4.81203007518797,0.01329595485749786,0.013295954914903593,0.12997762863534676,4470,581,0.4206696382599712
0,numeric_nonpass,4.837092731829574,0.013321232037342362,0.013321232121339047,0.12997762863534676,4470,581,0.4206696382599712
0,numeric_nonpass,4.8621553884711775,0.013340733188479928,0.013340733310953317,0.12997762863534676,4470,581,0.4206696382599712
0,numeric_nonpass,4.887218045112782,0.013354763466712249,0.01335476364466077,0.12997762863534676,4470,581,0.4206696382599712
0,numeric_nonpass,4.912280701754385,0.013363681844064924,0.013363682101709165,0.12997762863534676,4470,581,0.4206696382599712
0,numeric_nonpass,4.93734335839599,0.01336790140590923,0.013367901777632949,0.12997762863534676,4470,581,0.4206696382599712
0,numeric_nonpass,4.962406015037594,0.013367889257173736,0.013367889791607959,0.12997762863534676,4470,581,0.4206696382599712
0,numeric_nonpass,4.987468671679197,0.013364165936356946,0.013364166702028984,0.12997762863534676,4470,581,0.4206696382599712
0,numeric_nonpass,5.012531328320802,0.013357304239129663,0.013357305332245679,0.12997762863534676,4470,581,0.4206696382599712
0,numeric_nonpass,5.037593984962406,0.013347927361643868,0.013347928916768092,0.12997762863534676,4470,581,0.4206696382599712
0,numeric_nonpass,5.0626566416040095,0.013336706287118836,0.01333670849176909,0.12997762863534676,4470,581,0.4206696382599712
0,numeric_nonpass,5.087719298245614,0.013324356357489634,0.013324359472005512,0.12997762863534676,4470,581,0.4206696382599712
0,numeric_nonpass,5.112781954887218,0.013311632994284143,0.013311637378764058,0.12997762863534676,4470,581,0.4206696382599712
0,numeric_nonpass,5.137844611528822,0.01329932655864167,0.013299332709316726,0.12997762863534676,4470,581,0.4206696382599712
0,numeric_nonpass,5.162907268170426,0.01328825636852324,0.013288264966675577,0.12997762863534676,4470,581,0.4206696382599712
0,numeric_nonpass,5.1879699248120295,0.013279263920579617,0.01327927589806496,0.12997762863534676,4470,581,0.4206696382599712
0,numeric_nonpass,5.213032581453634,0.013273205393638129,0.013273222020291638,0.12997762863534676,4470,581,0.4206696382599712
0,numeric_nonpass,5.238095238095238,0.013270943539104933,0.01327096653886334,0.12997762863534676,4470,581,0.4206696382599712
0,numeric_nonpass,5.263157894736842,0.013273339089532394,0.013273370794075163,0.12997762863534676,4470,581,0.4206696382599712
0,numeric_nonpass,5.288220551378446,0.013281241839016807,0.013281285390213221,0.12997762863534676,4470,581,0.4206696382599712
0,numeric_nonpass,5.313283208020049,0.013295481566934074,0.013295541182499334,0.12997762863534676,4470,581,0.4206696382599712
0,numeric_nonpass,5.338345864661654,0.013316858988920446,0.013316940309571845,0.12997762863534676,4470,581,0.4206696382599712
0,numeric_nonpass,5.363408521303258,0.013346136925298163,0.013346247466526873,0.12997762863534676,4470,581,0.4206696382599712
0,numeric_nonpass,5.3884711779448615,0.013384031876905901,0.01338418161443299,0.12997762863534676,4470,581,0.4206696382599712
0,numeric_nonpass,5.413533834586466,0.013431206191354931,0.013431408316644203,0.12997762863534676,4470,581,0.4206696382599712
0,numeric_nonpass,5.43859649122807,0.013488260989198595,0.013488532880308175,0.12997762863534676,4470,581,0.4206696382599712
0,numeric_nonpass,5.463659147869674,0.01355572999975173,0.013556094463609305,0.12997762863534676,4470,581,0.4206696382599712
0,numeric_nonpass,5.488721804511278,0.013634074430962364,0.01363456128616817,0.12997762863534676,4470,581,0.4206696382599712
0,numeric_nonpass,5.513784461152882,0.013723678967693689,0.013724327052547104,0.12997762863534676,4470,581,0.4206696382599712
0,numeric_nonpass,5.538847117794486,0.013824848959095292,0.01382570866809321,0.12997762863534676,4470,581,0.4206696382599712
0,numeric_nonpass,5.56390977443609,0.013937808819666673,0.013938945293649578,0.12997762863534676,4470,581,0.4206696382599712
0,numeric_nonpass,5.588972431077694,0.014062701631493127,0.014064198752353332,0.12997762863534676,4470,581,0.4206696382599712
0,numeric_nonpass,5.614035087719298,0.014199589898371633,0.014201555269232924,0.12997762863534676,4470,581,0.4206696382599712
0,numeric_nonpass,5.639097744360902,0.01434845736754899,0.014351028494019957,0.12997762863534676,4470,581,0.4206696382599712
0,numeric_nonpass,5.664160401002506,0.014509211802915463,0.014512563730831013,0.12997762863534676,4470,581,0.4206696382599712
0,numeric_nonpass,5.68922305764411,0.01468168856596691,0.014686043276340996,0.12997762863534676,4470,581,0.4206696382599712
0,numeric_nonpass,5.7142857142857135,0.014865654838733615,0.0148712927517575,0.12997762863534676,4470,581,0.4206696382599712
0,numeric_nonpass,5.739348370927318,0.01506081430702844,0.015068088304065311,0.12997762863534676,4470,581,0.4206696382599712
0,numeric_nonpass,5.764411027568922,0.015266812113394247,0.015276164549103988,0.12997762863534676,4470,581,0.4206696382599712
0,numeric_nonpass,5.789473684210526,0.015483239887361496,0.015495223133215172,0.12997762863534676,4470,581,0.4206696382599712
0,numeric_nonpass,5.81453634085213,0.01570964066609954,0.01572494180125596,0.12997762863534676,4470,581,0.4206696382599712
0,numeric_nonpass,5.839598997493734,0.015945513531008912,0.015964983876185744,0.12997762863534676,4470,581,0.4206696382599712
0,numeric_nonpass,5.864661654135338,0.016190317804723558,0.016215008078325682,0.12997762863534676,4470,581,0.4206696382599712
0,numeric_nonpass,5.889724310776942,0.016443476677580376,0.016474678639578893,0.12997762863534676,4470,581,0.4206696382599712
0,numeric_nonpass,5.9147869674185465,0.016704380161855117,0.016743675697927295,0.12997762863534676,4470,581,0.4206696382599712
0,numeric_nonpass,5.93984962406015,0.016972387304764105,0.01702170598869953,0.12997762863534676,4470,581,0.4206696382599712
0,numeric_nonpass,5.964912280701754,0.01724682762606873,0.01730851387957814,0.12997762863534676,4470,581,0.4206696382599712
0,numeric_nonpass,5.989974937343358,0.0175270017817025,0.017603892824129313,0.12997762863534676,4470,581,0.4206696382599712
0,numeric_nonpass,6.015037593984962,0.017812181489766845,0.017907697331817615,0.12997762863534676,4470,581,0.4206696382599712
0,numeric_nonpass,6.040100250626566,0.018101608788159293,0.018219855569092412,0.12997762863534676,4470,581,0.4206696382599712
0,numeric_nonpass,6.06516290726817,0.018394494722764006,0.018540382714425933,0.12997762863534676,4470,581,0.4206696382599712
0,numeric_nonpass,6.090225563909774,0.018690017590464594,0.018869395188590276,0.12997762863534676,4470,581,0.4206696382599712
0,numeric_nonpass,6.115288220551378,0.018987320881354748,0.019207125868730593,0.12997762863534676,4470,581,0.4206696382599712
0,numeric_nonpass,6.140350877192982,0.01928551107878303,0.01955394037004651,0.12997762863534676,4470,581,0.4206696382599712
0,numeric_nonpass,6.165413533834586,0.019583655483894104,0.019910354441689777,0.12997762863534676,4470,581,0.4206696382599712
0,numeric_nonpass,6.19047619047619,0.019880780233014293,0.020277052473870603,0.12997762863534676,4470,581,0.4206696382599712
0,numeric_nonpass,6.215538847117794,0.02017586867173519,0.02065490705170684,0.12997762863534676,4470,581,0.4206696382599712
0,numeric_nonpass,6.2406015037593985,0.020467860239290786,0.02104499941916632,0.12997762863534676,4470,581,0.4206696382599712
0,numeric_nonpass,6.265664160401002,0.02075565000144409,0.021448640635212433,0.12997762863534676,4470,581,0.4206696382599712
0,numeric_nonpass,6.290726817042606,0.021038088950427282,0.02186739311616972,0.12997762863534676,4470,581,0.4206696382599712
0,numeric_nonpass,6.315789473684211,0.02131398516748997,0.02230309216609142,0.12997762863534676,4470,581,0.4206696382599712
0,numeric_nonpass,6.340852130325814,0.02158210591836781,0.022757867003696294,0.12997762863534676,4470,581,0.4206696382599712
0,numeric_nonpass,6.365914786967418,0.021841180725588966,0.02323416070378861,0.12997762863534676,4470,581,0.4206696382599712
0,numeric_nonpass,6.390977443609022,0.022089905435071947,0.023734748386815704,0.12997762863534676,4470,581,0.4206696382599712
0,numeric_nonpass,6.416040100250626,0.022326947268946924,0.024262752916365725,0.12997762863534676,4470,581,0.4206696382599712
0,numeric_nonpass,6.4411027568922306,0.022550950832845765,0.024821657305032187,0.12997762863534676,4470,581,0.4206696382599712
0,numeric_nonpass,6.466165413533834,0.02276054502479079,0.025415312988165007,0.12997762863534676,4470,581,0.4206696382599712
0,numeric_nonpass,6.491228070175438,0.022954350774815457,0.026047943106348774,0.12997762863534676,4470,581,0.4206696382599712
0,numeric_nonpass,6.516290726817042,0.02313098952991474,0.026724139944376626,0.12997762863534676,4470,581,0.4206696382599712
0,numeric_nonpass,6.541353383458646,0.023289092387978782,0.02744885570986139,0.12997762863534676,4470,581,0.4206696382599712
0,numeric_nonpass,6.5664160401002505,0.02342730977693158,0.02822738590058175,0.12997762863534676,4470,581,0.4206696382599712
0,numeric_nonpass,6.591478696741854,0.02354432157111145,0.02906534460750616,0.12997762863534676,4470,581,0.4206696382599712
0,numeric_nonpass,6.616541353383458,0.02363884753555948,0.029968631230493,0.12997762863534676,4470,581,0.4206696382599712
0,numeric_nonpass,6.641604010025063,0.02370965798977077,0.03094338824517991,0.12997762863534676,4470,581,0.4206696382599712
0,numeric_nonpass,6.666666666666666,0.023755584584970086,0.031995949850628445,0.12997762863534676,4470,581,0.4206696382599712
0,numeric_nonpass,6.69172932330827,0.023775531092420376,0.03313278154474603,0.12997762863534676,4470,581,0.4206696382599712
0,numeric_nonpass,6.716791979949875,0.023768484103993213,0.03436041091401603,0.12997762863534676,4470,581,0.4206696382599712
0,numeric_nonpass,6.741854636591478,0.023733523549614003,0.03568535018009258,0.12997762863534676,4470,581,0.4206696382599712
0,numeric_nonpass,6.7669172932330826,0.02366983293873105,0.03711401131172754,0.12997762863534676,4470,581,0.4206696382599712
0,numeric_nonpass,6.791979949874686,0.023576709234269,0.03865261477870531,0.12997762863534676,4470,581,0.4206696382599712
0,numeric_nonpass,6.81704260651629,0.023453572267398817,0.0403070932866145,0.12997762863534676,4470,581,0.4206696382599712
0,numeric_nonpass,6.842105263157895,0.023299973599848447,0.042082992078488216,0.12997762863534676,4470,581,0.4206696382599712
0,numeric_nonpass,6.867167919799498,0.02311560473753509,0.04398536761247343,0.12997762863534676,4470,581,0.4206696382599712
0,numeric_nonpass,6.8922305764411025,0.022900304595340253,0.04601868661466584,0.12997762863534676,4470,581,0.4206696382599712
0,numeric_nonpass,6.917293233082706,0.02265406610835032,0.04818672765442521,0.12997762863534676,4470,581,0.4206696382599712
0,numeric_nonpass,6.94235588972431,0.022377041880455348,0.05049248748798578,0.12997762863534676,4470,581,0.4206696382599712
0,numeric_nonpass,6.967418546365915,0.02206954875754018,0.052938094458237966,0.12997762863534676,4470,581,0.4206696382599712
0,numeric_nonpass,6.992481203007518,0.02173207121036535,0.05552473121891309,0.12997762863534676,4470,581,0.4206696382599712
0,numeric_nonpass,7.017543859649122,0.02136526341237886,0.058252568966537896,0.12997762863534676,4470,581,0.4206696382599712
0,numeric_nonpass,7.042606516290727,0.020969949900834152,0.06112071521198362,0.12997762863534676,4470,581,0.4206696382599712
0,numeric_nonpass,7.06766917293233,0.020547124716332386,0.06412717690598221,0.12997762863534676,4470,581,0.4206696382599712
0,numeric_nonpass,7.0927318295739346,0.020097948926743166,0.0672688404527259,0.12997762863534676,4470,581,0.4206696382599712
0,numeric_nonpass,7.117794486215539,0.01962374645669548,0.07054146980809074,0.12997762863534676,4470,581,0.4206696382599712
0,numeric_nonpass,7.142857142857142,0.01912599816357645,0.07393972347191169,0.12997762863534676,4470,581,0.4206696382599712
0,numeric_nonpass,7.167919799498747,0.01860633412511892,0.07745719075697359,0.12997762863534676,4470,581,0.4206696382599712
0,numeric_nonpass,7.19298245614035,0.01806652413185704,0.0810864472627309,0.12997762863534676,4470,581,0.4206696382599712
0,numeric_nonpass,7.2180451127819545,0.017508466409417108,0.084819129012462,0.12997762863534676,4470,581,0.4206696382599712
0,numeric_nonpass,7.243107769423559,0.016934174630019793,0.08864602424286627,0.12997762863534676,4470,581,0.4206696382599712
0,numeric_nonpass,7.268170426065162,0.016345763308743187,0.0925571813798517,0.12997762863534676,4470,581,0.4206696382599712
0,numeric_nonpass,7.293233082706767,0.015745431716941833,0.09654203130820029,0.12997762863534676,4470,581,0.4206696382599712
0,numeric_nonpass,7.31829573934837,0.015135446481537125,0.10058952166014573,0.12997762863534676,4470,581,0.4206696382599712
0,numeric_nonpass,7.343358395989974,0.014518123073444937,0.10468826052168256,0.12997762863534676,4470,581,0.4206696382599712
0,numeric_nonpass,7.368421052631579,0.013895806419948992,0.10882666669696398,0.12997762863534676,4470,581,0.4206696382599712
0,numeric_nonpass,7.393483709273182,0.013270850903177589,0.11299312348962678,0.12997762863534676,4470,581,0.4206696382599712
0,numeric_nonpass,7.4185463659147866,0.01264560002892816,0.1171761328618609,0.12997762863534676,4470,581,0.4206696382599712
0,numeric_nonpass,7.443609022556391,0.012022366065992236,0.12136446682126151,0.12997762863534676,4470,581,0.4206696382599712
0,numeric_nonpass,7.468671679197994,0.011403409965145361,0.12554731296263488,0.12997762863534676,4470,581,0.4206696382599712
0,numeric_nonpass,7.493734335839599,0.010790921868598058,0.1297144112545457,0.12997762863534676,4470,581,0.4206696382599712
0,numeric_nonpass,7.518796992481203,0.010187002514718142,0.13385617940306627,0.12997762863534676,4470,581,0.4206696382599712
0,numeric_nonpass,7.5438596491228065,0.009593645829260278,0.13796382443967511,0.12997762863534676,4470,581,0.4206696382599712
0,numeric_nonpass,7.568922305764411,0.009012722973468043,0.1420294385558103,0.12997762863534676,4470,581,0.4206696382599712
0,numeric_nonpass,7.593984962406014,0.008445968091787806,0.146046077630453,0.12997762863534676,4470,581,0.4206696382599712
0,numeric_nonpass,7.619047619047619,0.00789496596832398,0.15000782135498103,0.12997762863534676,4470,581,0.4206696382599712
0,numeric_nonpass,7.644110275689223,0.007361141762544295,0.15390981433610668,0.12997762863534676,4470,581,0.4206696382599712
0,numeric_nonpass,7.669172932330826,0.006845752952237733,0.15774828803739627,0.12997762863534676,4470,581,0.4206696382599712
0,numeric_nonpass,7.694235588972431,0.0063498835665856705,0.16152056388726763,0.12997762863534676,4470,581,0.4206696382599712
0,numeric_nonpass,7.719298245614034,0.005874440745738441,0.1652250383219691,0.12997762863534676,4470,581,0.4206696382599712
0,numeric_nonpass,7.744360902255639,0.005420153616825533,0.16886115093272427,0.12997762863534676,4470,581,0.4206696382599712
0,numeric_nonpass,7.769423558897243,0.004987574431168917,0.17242933723566772,0.12997762863534676,4470,581,0.4206696382599712
0,numeric_nonpass,7.794486215538846,0.004577081864834962,0.17593096787235815,0.12997762863534676,4470,581,0.4206696382599712
0,numeric_nonpass,7.819548872180451,0.004188886345658395,0.17936827627092025,0.12997762863534676,4470,581,0.4206696382599712
0,numeric_nonpass,7.844611528822055,0.003823037235451508,0.18274427694930825,0.12997762863534676,4470,581,0.4206696382599712
0,numeric_nonpass,7.8696741854636585,0.0034794316670440765,0.18606267672153465,0.12997762863534676,4470,581,0.4206696382599712
0,numeric_nonpass,7.894736842105263,0.0031578248126571105,0.18932778107628961,0.12997762863534676,4470,581,0.4206696382599712
0,numeric_nonpass,7.919799498746867,0.002857841343255513,0.19254439793896708,0.12997762863534676,4470,581,0.4206696382599712
0,numeric_nonpass,7.944862155388471,0.0025789878281001336,0.19571774090864233,0.12997762863534676,4470,581,0.4206696382599712
0,numeric_nonpass,7.969924812030075,0.0023206658196712024,0.19885333388874676,0.12997762863534676,4470,581,0.4206696382599712
0,numeric_nonpass,7.994987468671678,0.002082185371211467,0.20195691881326733,0.12997762863534676,4470,581,0.4206696382599712
0,numeric_nonpass,8.020050125313283,0.0018627787419156947,0.20503436791944227,0.12997762863534676,4470,581,0.4206696382599712
0,numeric_nonpass,8.045112781954886,0.0016616140577047154,0.20809160174390207,0.12997762863534676,4470,581,0.4206696382599712
0,numeric_nonpass,8.070175438596491,0.001477808712877081,0.21113451373293926,0.12997762863534676,4470,581,0.4206696382599712
0,numeric_nonpass,8.095238095238095,0.001310442318957469,0.21416890206971118,0.12997762863534676,4470,581,0.4206696382599712
0,numeric_nonpass,8.120300751879698,0.0011585690309276716,0.21720040904173707,0.12997762863534676,4470,581,0.4206696382599712
0,numeric_nonpass,8.145363408521304,0.0010212291068852593,0.22023446801007376,0.12997762863534676,4470,581,0.4206696382599712
0,numeric_nonpass,8.170426065162907,0.0008974595841824308,0.22327625780493704,0.12997762863534676,4470,581,0.4206696382599712
0,numeric_nonpass,8.19548872180451,0.0007863039824481685,0.22633066416770012,0.12997762863534676,4470,581,0.4206696382599712
0,numeric_nonpass,8.220551378446114,0.0006868209708431891,0.22940224769103637,0.12997762863534676,4470,581,0.4206696382599712
0,numeric_nonpass,8.24561403508772,0.0005980919627703519,0.2324952175807772,0.12997762863534676,4470,581,0.4206696382599712
0,numeric_nonpass,8.270676691729323,0.0005192276254900576,0.2356134104764172,0.12997762863534676,4470,581,0.4206696382599712
0,numeric_nonpass,8.295739348370926,0.00044937331419906795,0.23876027352217383,0.12997762863534676,4470,581,0.4206696382599712
0,numeric_nonpass,8.320802005012531,0.00038771345976149546,0.2419388508755603,0.12997762863534676,4470,581,0.4206696382599712
0,numeric_nonpass,8.345864661654135,0.0003334749561800331,0.24515177287269327,0.12997762863534676,4470,581,0.4206696382599712
0,numeric_nonpass,8.370927318295738,0.00028592960791938647,0.24840124713485257,0.12997762863534676,4470,581,0.4206696382599712
0,numeric_nonpass,8.395989974937343,0.0002443957082970902,0.25168905099395317,0.12997762863534676,4470,581,0.4206696382599712
0,numeric_nonpass,8.421052631578947,0.0002082388283841506,0.25501652472952513,0.12997762863534676,4470,581,0.4206696382599712
0,numeric_nonpass,8.44611528822055,0.0001768719013333913,0.2583845652398369,0.12997762863534676,4470,581,0.4206696382599712
0,numeric_nonpass,8.471177944862156,0.00014975468996571392,0.26179361990785377,0.12997762863534676,4470,581,0.4206696382599712
0,numeric_nonpass,8.496240601503759,0.0001263927260339183,0.26524368056158637,0.12997762863534676,4470,581,0.4206696382599712
0,numeric_nonpass,8.521303258145362,0.00010633580812809992,0.2687342775609008,0.12997762863534676,4470,581,0.4206696382599712
0,numeric_nonpass,8.546365914786968,8.917614198712615e-05,0.27226447416222715,0.12997762863534676,4470,581,0.4206696382599712
0,numeric_nonpass,8.571428571428571,7.454620234933473e-05,0.27583286141262664,0.12997762863534676,4470,581,0.4206696382599712
0,numeric_nonpass,8.596491228070175,6.211638972417478e-05,0.2794375538999364,0.12997762863534676,4470,581,0.4206696382599712
0,numeric_nonpass,8.62155388471178,5.15925488961399e-05,0.2830761867318301,0.12997762863534676,4470,581,0.4206696382599712
0,numeric_nonpass,8.646616541353383,4.271340886548147e-05,0.28674591413048933,0.12997762863534676,4470,581,0.4206696382599712
0,numeric_nonpass,8.671679197994987,3.524799654450584e-05,0.290443410009416,0.12997762863534676,4470,581,0.4206696382599712
0,numeric_nonpass,8.69674185463659,2.899306909165023e-05,0.29416487084449683,0.12997762863534676,4470,581,0.4206696382599712
0,numeric_nonpass,8.721804511278195,2.37706024734466e-05,0.2979060210642015,0.12997762863534676,4470,581,0.4206696382599712
0,numeric_nonpass,8.746867167919799,1.942536685868731e-05,0.30166212106677154,0.12997762863534676,4470,581,0.4206696382599712
0,numeric_nonpass,8.771929824561402,1.5822612897491777e-05,0.3054279778301884,0.12997762863534676,4470,581,0.4206696382599712
0,numeric_nonpass,8.796992481203008,1.284588691605182e-05,0.3091979579198223,0.12997762863534676,4470,581,0.4206696382599712
0,numeric_nonpass,8.822055137844611,1.0394987630667438e-05,0.31296600252668294,0.12997762863534676,4470,581,0.4206696382599712
0,numeric_nonpass,8.847117794486214,8.38407218995525e-06,0.3167256439949702,0.12997762863534676,4470,581,0.4206696382599712
0,numeric_nonpass,8.87218045112782,6.739915205321764e-06,0.32047002313095785,0.12997762863534676,4470,581,0.4206696382599712
0,numeric_nonpass,8.897243107769423,5.400320919955489e-06,0.32419190643649937,0.12997762863534676,4470,581,0.4206696382599712
0,numeric_nonpass,8.922305764411027,4.312685771971687e-06,0.32788370229013486,0.12997762863534676,4470,581,0.4206696382599712
0,numeric_nonpass,8.947368421052632,3.432706291068556e-06,0.3315374750170904,0.12997762863534676,4470,581,0.4206696382599712
0,numeric_nonpass,8.972431077694235,2.723225483601144e-06,0.3351449557558691,0.12997762863534676,4470,581,0.4206696382599712
0,numeric_nonpass,8.997493734335839,2.153209555383217e-06,0.33869754905175126,0.12997762863534676,4470,581,0.4206696382599712
0,numeric_nonpass,9.022556390977442,1.6968459381671653e-06,0.34218633419271716,0.12997762863534676,4470,581,0.4206696382599712
0,numeric_nonpass,9.047619047619047,1.3327530668080527e-06,0.3456020604552251,0.12997762863534676,4470,581,0.4206696382599712
0,numeric_nonpass,9.072681704260651,1.0432921425976376e-06,0.3489351356473347,0.12997762863534676,4470,581,0.4206696382599712
0,numeric_nonpass,9.097744360902254,8.139711595795046e-07,0.35217560762333855,0.12997762863534676,4470,581,0.4206696382599712
0,numeric_nonpass,9.12280701754386,6.329317139049837e-07,0.35531313879251597,0.12997762863534676,4470,581,0.4206696382599712
0,numeric_nonpass,9.147869674185463,4.905095150304505e-07,0.3583369740466889,0.12997762863534676,4470,581,0.4206696382599712
0,numeric_nonpass,9.172932330827066,3.788600304005522e-07,0.36123590297539543,0.12997762863534676,4470,581,0.4206696382599712
0,numeric_nonpass,9.197994987468672,2.9164128610416275e-07,0.3639982177089299,0.12997762863534676,4470,581,0.4206696382599712
0,numeric_nonpass,9.223057644110275,2.2374648404102877e-07,0.3666116682106749,0.12997762863534676,4470,581,0.4206696382599712
0,numeric_nonpass,9.248120300751879,1.7107975576279296e-07,0.3690634173110336,0.12997762863534676,4470,581,0.4206696382599712
0,numeric_nonpass,9.273182957393484,1.3036903356956233e-07,0.371339998214157,0.12997762863534676,4470,581,0.4206696382599712
0,numeric_nonpass,9.298245614035087,9.901066432242153e-08,0.3734272775928855,0.12997762863534676,4470,581,0.4206696382599712
0,numeric_nonpass,9.32330827067669,7.494100843217659e-08,0.3753104276941498,0.12997762863534676,4470,581,0.4206696382599712
0,numeric_nonpass,9.348370927318296,5.653084675407299e-08,0.37697391108473416,0.12997762863534676,4470,581,0.4206696382599712
0,numeric_nonpass,9.3734335839599,4.249895579212299e-08,0.3784014817560217,0.12997762863534676,4470,581,0.4206696382599712
0,numeric_nonpass,9.398496240601503,3.184170332380438e-08,0.3795762062593542,0.12997762863534676,4470,581,0.4206696382599712
0,numeric_nonpass,9.423558897243108,2.377596095353394e-08,0.3804805083482626,0.12997762863534676,4470,581,0.4206696382599712
0,numeric_nonpass,9.448621553884712,1.7693027451571462e-08,0.38109624025230915,0.12997762863534676,4470,581,0.4206696382599712
0,numeric_nonpass,9.473684210526315,1.312160851576472e-08,0.3814047831976371,0.12997762863534676,4470,581,0.4206696382599712
0,numeric_nonpass,9.498746867167918,9.698207177505416e-09,0.38138717912581815,0.12997762863534676,4470,581,0.4206696382599712
0,numeric_nonpass,9.523809523809524,7.143547436735304e-09,0.3810242947562177,0.12997762863534676,4470,581,0.4206696382599712
0,numeric_nonpass,9.548872180451127,5.2438852000155554e-09,0.3802970182054711,0.12997762863534676,4470,581,0.4206696382599712
0,numeric_nonpass,9.57393483709273,3.836258735557124e-09,0.37918648734499927,0.12997762863534676,4470,581,0.4206696382599712
0,numeric_nonpass,9.598997493734336,2.7968992035724457e-09,0.37767434797385196,0.12997762863534676,4470,581,0.4206696382599712
0,numeric_nonpass,9.62406015037594,2.0321638380202337e-09,0.37574303874482035,0.12997762863534676,4470,581,0.4206696382599712
0,numeric_nonpass,9.649122807017543,1.4714733477193447e-09,0.37337609864590154,0.12997762863534676,4470,581,0.4206696382599712
0,numeric_nonpass,9.674185463659148,1.0618341478342206e-09,0.37055849174868505,0.12997762863534676,4470,581,0.4206696382599712
0,numeric_nonpass,9.699248120300751,7.636079453483886e-10,0.3672769429328973,0.12997762863534676,4470,581,0.4206696382599712
0,numeric_nonpass,9.724310776942355,5.472585272513255e-10,0.3635202774243572,0.12997762863534676,4470,581,0.4206696382599712
0,numeric_nonpass,9.74937343358396,3.9086060150695073e-10,0.3592797562816422,0.12997762863534676,4470,581,0.4206696382599712
0,numeric_nonpass,9.774436090225564,2.7820020953090865e-10,0.3545493994701946,0.12997762863534676,4470,581,0.4206696382599712
0,numeric_nonpass,9.799498746867167,1.9733229700184612e-10,0.34932628790087117,0.12997762863534676,4470,581,0.4206696382599712
0,numeric_nonpass,9.82456140350877,1.394899890037883e-10,0.34361083580500834,0.12997762863534676,4470,581,0.4206696382599712
0,numeric_nonpass,9.849624060150376,9.826323821422706e-11,0.3374070250831754,0.12997762863534676,4470,581,0.4206696382599712
0,numeric_nonpass,9.87468671679198,6.898287704861672e-11,0.3307225938035684,0.12997762863534676,4470,581,0.4206696382599712
0,numeric_nonpass,9.899749373433583,4.8260608508378457e-11,0.32356917183191897,0.12997762863534676,4470,581,0.4206696382599712
0,numeric_nonpass,9.924812030075188,3.3646866417713254e-11,0.3159623576310999,0.12997762863534676,4470,581,0.4206696382599712
0,numeric_nonpass,9.949874686716791,2.3377383313748568e-11,0.30792173154859664,0.12997762863534676,4470,581,0.4206696382599712
0,numeric_nonpass,9.974937343358395,1.6186231215557183e-11,0.2994708023778894,0.12997762863534676,4470,581,0.4206696382599712
0,numeric_nonpass,10.0,1.116846004285233e-11,0.29063688559185696,0.12997762863534676,4470,581,0.4206696382599712
0,pass,0.0,3.622826966217264e-71,0.03521227712022371,0.8700223713646532,4470,3889,0.4206696382599712
0,pass,0.02506265664160401,1.0462177354135179e-70,0.03537168462995527,0.8700223713646532,4470,3889,0.4206696382599712
0,pass,0.05012531328320802,3.010617408113313e-70,0.03542125014222384,0.8700223713646532,4470,3889,0.4206696382599712
0,pass,0.07518796992481203,8.632728283400508e-70,0.03536185390778074,0.8700223713646532,4470,3889,0.4206696382599712
0,pass,0.10025062656641603,2.4666049317157335e-69,0.03519551520446857,0.8700223713646532,4470,3889,0.4206696382599712
0,pass,0.12531328320802004,7.022797540948019e-69,0.034925352392759824,0.8700223713646532,4470,3889,0.4206696382599712
0,pass,0.15037593984962405,1.992414706898766e-68,0.03455552430561719,0.8700223713646532,4470,3889,0.4206696382599712
0,pass,0.17543859649122806,5.632593053881286e-68,0.03409115445953223,0.8700223713646532,4470,3889,0.4206696382599712
0,pass,0.20050125313283207,1.5867045478331074e-67,0.03353823996940699,0.8700223713646532,4470,3889,0.4206696382599712
0,pass,0.22556390977443608,4.4539241976090604e-67,0.03290354738622892,0.8700223713646532,4470,3889,0.4206696382599712
0,pass,0.2506265664160401,1.2458009246564528e-66,0.032194497943828754,0.8700223713646532,4470,3889,0.4206696382599712
0,pass,0.2756892230576441,3.4722705595055465e-66,0.031419044892582466,0.8700223713646532,4470,3889,0.4206696382599712
0,pass,0.3007518796992481,9.643563804265548e-66,0.030585545709702334,0.8700223713646532,4470,3889,0.4206696382599712
0,pass,0.3258145363408521,2.668828450837651e-65,0.029702632006626595,0.8700223713646532,4470,3889,0.4206696382599712
0,pass,0.3508771929824561,7.359746727971948e-65,0.028779079905671863,0.8700223713646532,4470,3889,0.4206696382599712
0,pass,0.37593984962406013,2.0223866935873516e-64,0.02782368353495664,0.8700223713646532,4470,3889,0.4206696382599712
0,pass,0.40100250626566414,5.537639229173873e-64,0.026845134099452956,0.8700223713646532,4470,3889,0.4206696382599712
0,pass,0.42606516290726815,1.5109296973125897e-63,0.025851906735765866,0.8700223713646532,4470,3889,0.4206696382599712
0,pass,0.45112781954887216,4.1079297270131306e-63,0.024852157059399905,0.8700223713646532,4470,3889,0.4206696382599712
0,pass,0.47619047619047616,1.11291222696497e-62,0.02385362897754434,0.8700223713646532,4470,3889,0.4206696382599712
0,pass,0.5012531328320802,3.0044016526750885e-62,0.022863574980154722,0.8700223713646532,4470,3889,0.4206696382599712
0,pass,0.5263157894736842,8.08191449709641e-62,0.021888689749855063,0.8700223713646532,4470,3889,0.4206696382599712
0,pass,0.5513784461152882,2.166355382113992e-61,0.020935057559145737,0.8700223713646532,4470,3889,0.4206696382599712
0,pass,0.5764411027568922,5.786345425063268e-61,0.02000811356303631,0.8700223713646532,4470,3889,0.4206696382599712
0,pass,0.6015037593984962,1.5400620644107835e-60,0.019112618756851385,0.8700223713646532,4470,3889,0.4206696382599712
0,pass,0.6265664160401002,4.08442866506808e-60,0.01825264806145681,0.8700223713646532,4470,3889,0.4206696382599712
0,pass,0.6516290726817042,1.0794030581049254e-59,0.017431590728717968,0.8700223713646532,4470,3889,0.4206696382599712
0,pass,0.6766917293233082,2.842465622427127e-59,0.016652162034001248,0.8700223713646532,4470,3889,0.4206696382599712
0,pass,0.7017543859649122,7.458750115406339e-59,0.015916425043445287,0.8700223713646532,4470,3889,0.4206696382599712
0,pass,0.7268170426065163,1.9502764029971165e-58,0.015225821113170623,0.8700223713646532,4470,3889,0.4206696382599712
0,pass,0.7518796992481203,5.081425454337248e-58,0.01458120769539847,0.8700223713646532,4470,3889,0.4206696382599712
0,pass,0.7769423558897243,1.3192717044666315e-57,0.013982901990822154,0.8700223713646532,4470,3889,0.4206696382599712
0,pass,0.8020050125313283,3.4130468202482096e-57,0.013430728994311605,0.8700223713646532,4470,3889,0.4206696382599712
0,pass,0.8270676691729323,8.798518791026333e-57,0.012924072527756278,0.8700223713646532,4470,3889,0.4206696382599712
0,pass,0.8521303258145363,2.2601445747849803e-56,0.01246192793428415,0.8700223713646532,4470,3889,0.4206696382599712
0,pass,0.8771929824561403,5.785251227788702e-56,0.012042955216328166,0.8700223713646532,4470,3889,0.4206696382599712
0,pass,0.9022556390977443,1.4755964002687465e-55,0.011665531529793643,0.8700223713646532,4470,3889,0.4206696382599712
0,pass,0.9273182957393483,3.750354541459687e-55,0.011327802091567928,0.8700223713646532,4470,3889,0.4206696382599712
0,pass,0.9523809523809523,9.498093781928126e-55,0.011027728711617734,0.8700223713646532,4470,3889,0.4206696382599712
0,pass,0.9774436090225563,2.3969555676387406e-54,0.01076313531810889,0.8700223713646532,4470,3889,0.4206696382599712
0,pass,1.0025062656641603,6.027579272183029e-54,0.010531749999057618,0.8700223713646532,4470,3889,0.4206696382599712
0,pass,1.0275689223057642,1.510376811285425e-53,0.010331243232346108,0.8700223713646532,4470,3889,0.4206696382599712
0,pass,1.0526315789473684,3.7712657243385334e-53,0.010159262113629415,0.8700223713646532,4470,3889,0.4206696382599712
0,pass,1.0776942355889725,9.383144828295141e-53,0.01001346051565878,0.8700223713646532,4470,3889,0.4206696382599712
0,pass,1.1027568922305764,2.3263185384080735e-52,0.009891525220610977,0.8700223713646532,4470,3889,0.4206696382599712
0,pass,1.1278195488721803,5.747109013541827e-52,0.009791198157722721,0.8700223713646532,4470,3889,0.4206696382599712
0,pass,1.1528822055137844,1.4147809253278234e-51,0.009710294951233912,0.8700223713646532,4470,3889,0.4206696382599712
0,pass,1.1779448621553885,3.47047147984525e-51,0.00964672003840059,0.8700223713646532,4470,3889,0.4206696382599712
0,pass,1.2030075187969924,8.482957730062638e-51,0.009598478654828558,0.8700223713646532,4470,3889,0.4206696382599712
0,pass,1.2280701754385963,2.0661682416649254e-50,0.009563686005808427,0.8700223713646532,4470,3889,0.4206696382599712
0,pass,1.2531328320802004,5.014684716050486e-50,0.009540573949333095,0.8700223713646532,4470,3889,0.4206696382599712
0,pass,1.2781954887218046,1.2127776192763916e-49,0.009527495510996506,0.8700223713646532,4470,3889,0.4206696382599712
0,pass,1.3032581453634084,2.92266017006156e-49,0.00952292753516625,0.8700223713646532,4470,3889,0.4206696382599712
0,pass,1.3283208020050123,7.018351130280877e-49,0.009525471752960745,0.8700223713646532,4470,3889,0.4206696382599712
0,pass,1.3533834586466165,1.679389777875408e-48,0.009533854517929154,0.8700223713646532,4470,3889,0.4206696382599712
0,pass,1.3784461152882206,4.004308954928915e-48,0.009546925427146009,0.8700223713646532,4470,3889,0.4206696382599712
0,pass,1.4035087719298245,9.514003997749572e-48,0.009563655010768179,0.8700223713646532,4470,3889,0.4206696382599712
0,pass,1.4285714285714284,2.2524687668637917e-47,0.009583131638833193,0.8700223713646532,4470,3889,0.4206696382599712
0,pass,1.4536340852130325,5.313906904757241e-47,0.00960455776182796,0.8700223713646532,4470,3889,0.4206696382599712
0,pass,1.4786967418546366,1.2491909831407308e-46,0.009627245572662445,0.8700223713646532,4470,3889,0.4206696382599712
0,pass,1.5037593984962405,2.926196554265821e-46,0.00965061215317352,0.8700223713646532,4470,3889,0.4206696382599712
0,pass,1.5288220551378444,6.830270807606707e-46,0.009674174148869664,0.8700223713646532,4470,3889,0.4206696382599712
0,pass,1.5538847117794485,1.5886643363840594e-45,0.009697542001702565,0.8700223713646532,4470,3889,0.4206696382599712
0,pass,1.5789473684210527,3.6820203539727755e-45,0.009720413762306205,0.8700223713646532,4470,3889,0.4206696382599712
0,pass,1.6040100250626566,8.503545892774369e-45,0.009742568500187137,0.8700223713646532,4470,3889,0.4206696382599712
0,pass,1.6290726817042605,1.9569232469955422e-44,0.009763859332338087,0.8700223713646532,4470,3889,0.4206696382599712
0,pass,1.6541353383458646,4.487530404385426e-44,0.009784206097026127,0.8700223713646532,4470,3889,0.4206696382599712
0,pass,1.6791979949874687,1.0254179530948062e-43,0.009803587709249913,0.8700223713646532,4470,3889,0.4206696382599712
0,pass,1.7042606516290726,2.334825097626341e-43,0.009822034246619855,0.8700223713646532,4470,3889,0.4206696382599712
0,pass,1.7293233082706765,5.297460599564795e-43,0.00983961882816687,0.8700223713646532,4470,3889,0.4206696382599712
0,pass,1.7543859649122806,1.197680798041726e-42,0.009856449362781492,0.8700223713646532,4470,3889,0.4206696382599712
0,pass,1.7794486215538847,2.698201819489387e-42,0.009872660257599548,0.8700223713646532,4470,3889,0.4206696382599712
0,pass,1.8045112781954886,6.057142505438475e-42,0.009888404188724133,0.8700223713646532,4470,3889,0.4206696382599712
0,pass,1.8295739348370925,1.3549435210787432e-41,0.009903844046353992,0.8700223713646532,4470,3889,0.4206696382599712
0,pass,1.8546365914786966,3.0201927400738805e-41,0.009919145172962858,0.8700223713646532,4470,3889,0.4206696382599712
0,pass,1.8796992481203008,6.708234199045321e-41,0.009934468016098307,0.8700223713646532,4470,3889,0.4206696382599712
0,pass,1.9047619047619047,1.4847108742844111e-40,0.009949961316281553,0.8700223713646532,4470,3889,0.4206696382599712
0,pass,1.9298245614035086,3.2744299522621694e-40,0.009965755945228178,0.8700223713646532,4470,3889,0.4206696382599712
0,pass,1.9548872180451127,7.195975688440198e-40,0.009981959500206344,0.8700223713646532,4470,3889,0.4206696382599712
0,pass,1.9799498746867168,1.5758100487421475e-39,0.009998651747027833,0.8700223713646532,4470,3889,0.4206696382599712
0,pass,2.0050125313283207,3.438573137474743e-39,0.010015880987327218,0.8700223713646532,4470,3889,0.4206696382599712
0,pass,2.0300751879699246,7.476750986061846e-39,0.010033661405978337,0.8700223713646532,4470,3889,0.4206696382599712
0,pass,2.0551378446115285,1.6199732584217818e-38,0.010051971432404784,0.8700223713646532,4470,3889,0.4206696382599712
0,pass,2.080200501253133,3.4975431514020393e-38,0.01007075312593477,0.8700223713646532,4470,3889,0.4206696382599712
0,pass,2.1052631578947367,7.52451744468847e-38,0.01008991257106259,0.8700223713646532,4470,3889,0.4206696382599712
0,pass,2.1303258145363406,1.61307511480953e-37,0.010109321244362295,0.8700223713646532,4470,3889,0.4206696382599712
0,pass,2.155388471177945,3.4458068129753717e-37,0.010128818291693454,0.8700223713646532,4470,3889,0.4206696382599712
0,pass,2.180451127819549,7.334790034105364e-37,0.010148213633033991,0.8700223713646532,4470,3889,0.4206696382599712
0,pass,2.2055137844611528,1.5557682538149263e-36,0.010167291793480466,0.8700223713646532,4470,3889,0.4206696382599712
0,pass,2.2305764411027567,3.288233232782434e-36,0.010185816343274246,0.8700223713646532,4470,3889,0.4206696382599712
0,pass,2.2556390977443606,6.925335943882008e-36,0.010203534817616258,0.8700223713646532,4470,3889,0.4206696382599712
0,pass,2.280701754385965,1.4533815150510173e-35,0.0102201839788533,0.8700223713646532,4470,3889,0.4206696382599712
0,pass,2.305764411027569,3.039338054869278e-35,0.010235495279533123,0.8700223713646532,4470,3889,0.4206696382599712
0,pass,2.3308270676691727,6.333430458588242e-35,0.01024920038485763,0.8700223713646532,4470,3889,0.4206696382599712
0,pass,2.355889724310777,1.3151026793611265e-34,0.010261036617088744,0.8700223713646532,4470,3889,0.4206696382599712
0,pass,2.380952380952381,2.7210781308329864e-34,0.01027075219221751,0.8700223713646532,4470,3889,0.4206696382599712
0,pass,2.406015037593985,5.610261315773214e-34,0.010278111130308736,0.8700223713646532,4470,3889,0.4206696382599712
0,pass,2.4310776942355887,1.1526194252639389e-33,0.010282897734896271,0.8700223713646532,4470,3889,0.4206696382599712
0,pass,2.4561403508771926,2.3596608209997618e-33,0.010284920553063886,0.8700223713646532,4470,3889,0.4206696382599712
0,pass,2.481203007518797,4.813645126592282e-33,0.010284015745789186,0.8700223713646532,4470,3889,0.4206696382599712
0,pass,2.506265664160401,9.784968630990087e-33,0.010280049817111893,0.8700223713646532,4470,3889,0.4206696382599712
0,pass,2.5313283208020048,1.9820094670423092e-32,0.010272921670072618,0.8700223713646532,4470,3889,0.4206696382599712
0,pass,2.556390977443609,4.0004879858114116e-32,0.010262563976537641,0.8700223713646532,4470,3889,0.4206696382599712
0,pass,2.581453634085213,8.046022011022678e-32,0.010248943866408802,0.8700223713646532,4470,3889,0.4206696382599712
0,pass,2.606516290726817,1.6125400268452261e-31,0.010232062958808982,0.8700223713646532,4470,3889,0.4206696382599712
0,pass,2.631578947368421,3.220333683984463e-31,0.010211956773205421,0.8700223713646532,4470,3889,0.4206696382599712
0,pass,2.6566416040100247,6.408440739759387e-31,0.010188693571745578,0.8700223713646532,4470,3889,0.4206696382599712
0,pass,2.681704260651629,1.2707644050181129e-30,0.010162372695088356,0.8700223713646532,4470,3889,0.4206696382599712
0,pass,2.706766917293233,2.5109549778571655e-30,0.010133122462567147,0.8700223713646532,4470,3889,0.4206696382599712
0,pass,2.731829573934837,4.943950014265437e-30,0.01010109771356241,0.8700223713646532,4470,3889,0.4206696382599712
0,pass,2.756892230576441,9.69997297106759e-30,0.010066477070518835,0.8700223713646532,4470,3889,0.4206696382599712
0,pass,2.781954887218045,1.896392948808875e-29,0.010029460005220234,0.8700223713646532,4470,3889,0.4206696382599712
0,pass,2.807017543859649,3.694430853967128e-29,0.009990263788903747,0.8700223713646532,4470,3889,0.4206696382599712
0,pass,2.832080200501253,7.171800586892177e-29,0.009949120403775037,0.8700223713646532,4470,3889,0.4206696382599712
0,pass,2.8571428571428568,1.387299949290648e-28,0.009906273488736947,0.8700223713646532,4470,3889,0.4206696382599712
0,pass,2.882205513784461,2.6740781076888156e-28,0.00986197538594783,0.8700223713646532,4470,3889,0.4206696382599712
0,pass,2.907268170426065,5.136170258801088e-28,0.009816484347475236,0.8700223713646532,4470,3889,0.4206696382599712
0,pass,2.932330827067669,9.83029142647513e-28,0.009770061953096692,0.8700223713646532,4470,3889,0.4206696382599712
0,pass,2.9573934837092732,1.8748006110499104e-27,0.00972297078149959,0.8700223713646532,4470,3889,0.4206696382599712
0,pass,2.982456140350877,3.562915700243638e-27,0.00967547236800444,0.8700223713646532,4470,3889,0.4206696382599712
0,pass,3.007518796992481,6.747110622736954e-27,0.009627825472709078,0.8700223713646532,4470,3889,0.4206696382599712
0,pass,3.032581453634085,1.2731864120795489e-26,0.009580284673825153,0.8700223713646532,4470,3889,0.4206696382599712
0,pass,3.057644110275689,2.3940217856851306e-26,0.00953309929211768,0.8700223713646532,4470,3889,0.4206696382599712
0,pass,3.082706766917293,4.485658424770946e-26,0.009486512643897127,0.8700223713646532,4470,3889,0.4206696382599712
0,pass,3.107769423558897,8.375029786849177e-26,0.009440761612054992,0.8700223713646532,4470,3889,0.4206696382599712
0,pass,3.132832080200501,1.5581477680974596e-25,0.009396076517254496,0.8700223713646532,4470,3889,0.4206696382599712
0,pass,3.1578947368421053,2.8886379173028036e-25,0.009352681264644329,0.8700223713646532,4470,3889,0.4206696382599712
0,pass,3.182957393483709,5.33629489905592e-25,0.009310793735394484,0.8700223713646532,4470,3889,0.4206696382599712
0,pass,3.208020050125313,9.823106452638552e-25,0.009270626386989663,0.8700223713646532,4470,3889,0.4206696382599712
0,pass,3.233082706766917,1.801856747483801e-24,0.009232387021583084,0.8700223713646532,4470,3889,0.4206696382599712
0,pass,3.258145363408521,3.2934730962491976e-24,0.009196279677838547,0.8700223713646532,4470,3889,0.4206696382599712
0,pass,3.2832080200501252,5.9986082358738836e-24,0.00916250559860265,0.8700223713646532,4470,3889,0.4206696382599712
0,pass,3.308270676691729,1.0887031254321115e-23,0.009131264224491576,0.8700223713646532,4470,3889,0.4206696382599712
0,pass,3.333333333333333,1.96893375090792e-23,0.009102754162095812,0.8700223713646532,4470,3889,0.4206696382599712
0,pass,3.3583959899749374,3.5482603271404066e-23,0.009077174075058307,0.8700223713646532,4470,3889,0.4206696382599712
0,pass,3.3834586466165413,6.371807710023735e-23,0.009054723446830048,0.8700223713646532,4470,3889,0.4206696382599712
0,pass,3.408521303258145,1.1401782126284427e-22,0.009035603165517537,0.8700223713646532,4470,3889,0.4206696382599712
0,pass,3.433583959899749,2.0330393521034881e-22,0.009020015883972426,0.8700223713646532,4470,3889,0.4206696382599712
0,pass,3.458646616541353,3.612283964403845e-22,0.009008166112188194,0.8700223713646532,4470,3889,0.4206696382599712
0,pass,3.4837092731829573,6.395597364304958e-22,0.009000260004199834,0.8700223713646532,4470,3889,0.4206696382599712
0,pass,3.508771929824561,1.1283493012336081e-21,0.008996504808042075,0.8700223713646532,4470,3889,0.4206696382599712
0,pass,3.533834586466165,1.9836695076712963e-21,0.008997107954889918,0.8700223713646532,4470,3889,0.4206696382599712
0,pass,3.5588972431077694,3.4750292346626264e-21,0.009002275772222111,0.8700223713646532,4470,3889,0.4206696382599712
0,pass,3.5839598997493733,6.066121284407979e-21,0.009012211815607036,0.8700223713646532,4470,3889,0.4206696382599712
0,pass,3.6090225563909772,1.0551817940938754e-20,0.009027114824354747,0.8700223713646532,4470,3889,0.4206696382599712
0,pass,3.634085213032581,1.8289724211460928e-20,0.00904717631759824,0.8700223713646532,4470,3889,0.4206696382599712
0,pass,3.659147869674185,3.159008450263969e-20,0.009072577859099047,0.8700223713646532,4470,3889,0.4206696382599712
0,pass,3.6842105263157894,5.436986814944535e-20,0.009103488030904815,0.8700223713646532,4470,3889,0.4206696382599712
0,pass,3.7092731829573933,9.324589755450135e-20,0.009140059167565641,0.8700223713646532,4470,3889,0.4206696382599712
0,pass,3.734335839598997,1.5935483751405915e-19,0.00918242391355394,0.8700223713646532,4470,3889,0.4206696382599712
0,pass,3.7593984962406015,2.7137193986203187e-19,0.009230691676422856,0.8700223713646532,4470,3889,0.4206696382599712
0,pass,3.7844611528822054,4.60499224265234e-19,0.009284945056669238,0.8700223713646532,4470,3889,0.4206696382599712
0,pass,3.8095238095238093,7.786768314157293e-19,0.009345236341841468,0.8700223713646532,4470,3889,0.4206696382599712
0,pass,3.834586466165413,1.3120491420204796e-18,0.009411584156784737,0.8700223713646532,4470,3889,0.4206696382599712
0,pass,3.859649122807017,2.2029648295950346e-18,0.009483970363734355,0.8700223713646532,4470,3889,0.4206696382599712
0,pass,3.8847117794486214,3.685782951518368e-18,0.00956233730500998,0.8700223713646532,4470,3889,0.4206696382599712
0,pass,3.9097744360902253,6.1449280422196035e-18,0.009646585477177883,0.8700223713646532,4470,3889,0.4206696382599712
0,pass,3.9348370927318292,1.0208661910052929e-17,0.009736571718686563,0.8700223713646532,4470,3889,0.4206696382599712
0,pass,3.9598997493734336,1.689997030737772e-17,0.009832107983208325,0.8700223713646532,4470,3889,0.4206696382599712
0,pass,3.9849624060150375,2.787842870515705e-17,0.009932960758423719,0.8700223713646532,4470,3889,0.4206696382599712
0,pass,4.010025062656641,4.582642784681984e-17,0.010038851175075086,0.8700223713646532,4470,3889,0.4206696382599712
0,pass,4.035087719298246,7.50635702355382e-17,0.01014945583421523,0.8700223713646532,4470,3889,0.4206696382599712
0,pass,4.060150375939849,1.2252030387208575e-16,0.010264408362218145,0.8700223713646532,4470,3889,0.4206696382599712
0,pass,4.0852130325814535,1.9927494276619744e-16,0.01038330168391907,0.8700223713646532,4470,3889,0.4206696382599712
0,pass,4.110275689223057,3.229707902319599e-16,0.010505690984895042,0.8700223713646532,4470,3889,0.4206696382599712
0,pass,4.135338345864661,5.216027518332103e-16,0.010631097315106492,0.8700223713646532,4470,3889,0.4206696382599712
0,pass,4.160401002506266,8.394266051694786e-16,0.010759011768623717,0.8700223713646532,4470,3889,0.4206696382599712
0,pass,4.185463659147869,1.34614539821616e-15,0.010888900158662427,0.8700223713646532,4470,3889,0.4206696382599712
0,pass,4.2105263157894735,2.1511354550940047e-15,0.011020208094292383,0.8700223713646532,4470,3889,0.4206696382599712
0,pass,4.235588972431078,3.4253918302944935e-15,0.01115236635551364,0.8700223713646532,4470,3889,0.4206696382599712
0,pass,4.260651629072681,5.435251418945764e-15,0.011284796457345007,0.8700223713646532,4470,3889,0.4206696382599712
0,pass,4.285714285714286,8.594014338389901e-15,0.011416916291421844,0.8700223713646532,4470,3889,0.4206696382599712
0,pass,4.31077694235589,1.354065720701517e-14,0.011548145735472871,0.8700223713646532,4470,3889,0.4206696382599712
0,pass,4.335839598997493,2.125939154924087e-14,0.011677912126880225,0.8700223713646532,4470,3889,0.4206696382599712
0,pass,4.360902255639098,3.326055740430678e-14,0.011805655506084825,0.8700223713646532,4470,3889,0.4206696382599712
0,pass,4.385964912280701,5.185325387961327e-14,0.011930833548469725,0.8700223713646532,4470,3889,0.4206696382599712
0,pass,4.4110275689223055,8.055462914145941e-14,0.012052926118967302,0.8700223713646532,4470,3889,0.4206696382599712
0,pass,4.43609022556391,1.2470193483178138e-13,0.012171439401285233,0.8700223713646532,4470,3889,0.4206696382599712
0,pass,4.461152882205513,1.923642181553048e-13,0.012285909572520941,0.8700223713646532,4470,3889,0.4206696382599712
0,pass,4.486215538847118,2.9569502470923304e-13,0.012395906013153076,0.8700223713646532,4470,3889,0.4206696382599712
0,pass,4.511278195488721,4.5293156698872797e-13,0.012501034061054262,0.8700223713646532,4470,3889,0.4206696382599712
0,pass,4.5363408521303255,6.913376942469906e-13,0.012600937335368838,0.8700223713646532,4470,3889,0.4206696382599712
0,pass,4.56140350877193,1.0515191642173504e-12,0.012695299671008613,0.8700223713646532,4470,3889,0.4206696382599712
0,pass,4.586466165413533,1.5937261422489522e-12,0.012783846716407555,0.8700223713646532,4470,3889,0.4206696382599712
0,pass,4.611528822055138,2.4070216536111694e-12,0.012866347255448001,0.8700223713646532,4470,3889,0.4206696382599712
0,pass,4.636591478696742,3.622566352272977e-12,0.012942614318704422,0.8700223713646532,4470,3889,0.4206696382599712
0,pass,4.661654135338345,5.432791196250365e-12,0.01301250614911698,0.8700223713646532,4470,3889,0.4206696382599712
0,pass,4.68671679197995,8.118957374423924e-12,0.013075927082887148,0.8700223713646532,4470,3889,0.4206696382599712
0,pass,4.711779448621554,1.209061436875324e-11,0.01313282839797647,0.8700223713646532,4470,3889,0.4206696382599712
0,pass,4.7368421052631575,1.794186664495079e-11,0.013183209170490779,0.8700223713646532,4470,3889,0.4206696382599712
0,pass,4.761904761904762,2.6531287185643202e-11,0.01322711716404217,0.8700223713646532,4470,3889,0.4206696382599712
0,pass,4.786967418546365,3.909495898076813e-11,0.013264649759663636,0.8700223713646532,4470,3889,0.4206696382599712
0,pass,4.81203007518797,5.7405732223717437e-11,0.013295954914903593,0.8700223713646532,4470,3889,0.4206696382599712
0,pass,4.837092731829574,8.399668378934107e-11,0.013321232121339047,0.8700223713646532,4470,3889,0.4206696382599712
0,pass,4.8621553884711775,1.2247338826428515e-10,0.013340733310953317,0.8700223713646532,4470,3889,0.4206696382599712
0,pass,4.887218045112782,1.779485205088298e-10,0.01335476364466077,0.8700223713646532,4470,3889,0.4206696382599712
0,pass,4.912280701754385,2.576442415372359e-10,0.013363682101709165,0.8700223713646532,4470,3889,0.4206696382599712
0,pass,4.93734335839599,3.717237195015112e-10,0.013367901777632949,0.8700223713646532,4470,3889,0.4206696382599712
0,pass,4.962406015037594,5.344342220856404e-10,0.013367889791607959,0.8700223713646532,4470,3889,0.4206696382599712
0,pass,4.987468671679197,7.65672038342886e-10,0.013364166702028984,0.8700223713646532,4470,3889,0.4206696382599712
0,pass,5.012531328320802,1.0931160167020653e-09,0.013357305332245679,0.8700223713646532,4470,3889,0.4206696382599712
0,pass,5.037593984962406,1.5551242245607793e-09,0.013347928916768092,0.8700223713646532,4470,3889,0.4206696382599712
0,pass,5.0626566416040095,2.2046502531944354e-09,0.01333670849176909,0.8700223713646532,4470,3889,0.4206696382599712
0,pass,5.087719298245614,3.114515877792566e-09,0.013324359472005512,0.8700223713646532,4470,3889,0.4206696382599712
0,pass,5.112781954887218,4.384479914596298e-09,0.013311637378764058,0.8700223713646532,4470,3889,0.4206696382599712
0,pass,5.137844611528822,6.150675055504581e-09,0.013299332709316726,0.8700223713646532,4470,3889,0.4206696382599712
0,pass,5.162907268170426,8.598152338310176e-09,0.013288264966675577,0.8700223713646532,4470,3889,0.4206696382599712
0,pass,5.1879699248120295,1.197748534285226e-08,0.01327927589806496,0.8700223713646532,4470,3889,0.4206696382599712
0,pass,5.213032581453634,1.6626653509148116e-08,0.013273222020291638,0.8700223713646532,4470,3889,0.4206696382599712
0,pass,5.238095238095238,2.299975840718776e-08,0.01327096653886334,0.8700223713646532,4470,3889,0.4206696382599712
0,pass,5.263157894736842,3.1704542768268364e-08,0.013273370794075163,0.8700223713646532,4470,3889,0.4206696382599712
0,pass,5.288220551378446,4.35511964141591e-08,0.013281285390213221,0.8700223713646532,4470,3889,0.4206696382599712
0,pass,5.313283208020049,5.96155652607205e-08,0.013295541182499334,0.8700223713646532,4470,3889,0.4206696382599712
0,pass,5.338345864661654,8.132065139930522e-08,0.013316940309571845,0.8700223713646532,4470,3889,0.4206696382599712
0,pass,5.363408521303258,1.1054122870990307e-07,0.013346247466526873,0.8700223713646532,4470,3889,0.4206696382599712
0,pass,5.3884711779448615,1.497375270899243e-07,0.01338418161443299,0.8700223713646532,4470,3889,0.4206696382599712
0,pass,5.413533834586466,2.0212528927207843e-07,0.013431408316644203,0.8700223713646532,4470,3889,0.4206696382599712
0,pass,5.43859649122807,2.7189110957906797e-07,0.013488532880308175,0.8700223713646532,4470,3889,0.4206696382599712
0,pass,5.463659147869674,3.644638575753814e-07,0.013556094463609305,0.8700223713646532,4470,3889,0.4206696382599712
0,pass,5.488721804511278,4.868552058057666e-07,0.01363456128616817,0.8700223713646532,4470,3889,0.4206696382599712
0,pass,5.513784461152882,6.48084853414479e-07,0.013724327052547104,0.8700223713646532,4470,3889,0.4206696382599712
0,pass,5.538847117794486,8.597089979176578e-07,0.01382570866809321,0.8700223713646532,4470,3889,0.4206696382599712
0,pass,5.56390977443609,1.1364739829047476e-06,0.013938945293649578,0.8700223713646532,4470,3889,0.4206696382599712
0,pass,5.588972431077694,1.4971208602051993e-06,0.014064198752353332,0.8700223713646532,4470,3889,0.4206696382599712
0,pass,5.614035087719298,1.9653708612907232e-06,0.014201555269232924,0.8700223713646532,4470,3889,0.4206696382599712
0,pass,5.639097744360902,2.57112647096782e-06,0.014351028494019957,0.8700223713646532,4470,3889,0.4206696382599712
0,pass,5.664160401002506,3.351927915549887e-06,0.014512563730831013,0.8700223713646532,4470,3889,0.4206696382599712
0,pass,5.68922305764411,4.354710374086245e-06,0.014686043276340996,0.8700223713646532,4470,3889,0.4206696382599712
0,pass,5.7142857142857135,5.637913023884243e-06,0.0148712927517575,0.8700223713646532,4470,3889,0.4206696382599712
0,pass,5.739348370927318,7.2739970368717434e-06,0.015068088304065311,0.8700223713646532,4470,3889,0.4206696382599712
0,pass,5.764411027568922,9.352435709742021e-06,0.015276164549103988,0.8700223713646532,4470,3889,0.4206696382599712
0,pass,5.789473684210526,1.1983245853675875e-05,0.015495223133215172,0.8700223713646532,4470,3889,0.4206696382599712
0,pass,5.81453634085213,1.53011351564182e-05,0.01572494180125596,0.8700223713646532,4470,3889,0.4206696382599712
0,pass,5.839598997493734,1.947034517683257e-05,0.015964983876185744,0.8700223713646532,4470,3889,0.4206696382599712
0,pass,5.864661654135338,2.4690273602125513e-05,0.016215008078325682,0.8700223713646532,4470,3889,0.4206696382599712
0,pass,5.889724310776942,3.12019619985157e-05,0.016474678639578893,0.8700223713646532,4470,3889,0.4206696382599712
0,pass,5.9147869674185465,3.9295536072178885e-05,0.016743675697927295,0.8700223713646532,4470,3889,0.4206696382599712
0,pass,5.93984962406015,4.931868393542469e-05,0.01702170598869953,0.8700223713646532,4470,3889,0.4206696382599712
0,pass,5.964912280701754,6.168625350940947e-05,0.01730851387957814,0.8700223713646532,4470,3889,0.4206696382599712
0,pass,5.989974937343358,7.689104242681035e-05,0.017603892824129313,0.8700223713646532,4470,3889,0.4206696382599712
0,pass,6.015037593984962,9.551584205077084e-05,0.017907697331817615,0.8700223713646532,4470,3889,0.4206696382599712
0,pass,6.040100250626566,0.00011824678093311816,0.018219855569092412,0.8700223713646532,4470,3889,0.4206696382599712
0,pass,6.06516290726817,0.00014588799166192554,0.018540382714425933,0.8700223713646532,4470,3889,0.4206696382599712
0,pass,6.090225563909774,0.0001793775981256817,0.018869395188590276,0.8700223713646532,4470,3889,0.4206696382599712
0,pass,6.115288220551378,0.00021980498737584505,0.019207125868730593,0.8700223713646532,4470,3889,0.4206696382599712
0,pass,6.140350877192982,0.00026842929126347866,0.01955394037004651,0.8700223713646532,4470,3889,0.4206696382599712
0,pass,6.165413533834586,0.00032669895779567165,0.019910354441689777,0.8700223713646532,4470,3889,0.4206696382599712
0,pass,6.19047619047619,0.00039627224085630975,0.020277052473870603,0.8700223713646532,4470,3889,0.4206696382599712
0,pass,6.215538847117794,0.00047903837997165027,0.02065490705170684,0.8700223713646532,4470,3889,0.4206696382599712
0,pass,6.2406015037593985,0.0005771391798755349,0.02104499941916632,0.8700223713646532,4470,3889,0.4206696382599712
0,pass,6.265664160401002,0.0006929906337683429,0.021448640635212433,0.8700223713646532,4470,3889,0.4206696382599712
0,pass,6.290726817042606,0.0008293041657424353,0.02186739311616972,0.8700223713646532,4470,3889,0.4206696382599712
0,pass,6.315789473684211,0.0009891069986014476,0.02230309216609142,0.8700223713646532,4470,3889,0.4206696382599712
0,pass,6.340852130325814,0.0011757610853284862,0.022757867003696294,0.8700223713646532,4470,3889,0.4206696382599712
0,pass,6.365914786967418,0.0013929799781996447,0.02323416070378861,0.8700223713646532,4470,3889,0.4206696382599712
0,pass,6.390977443609022,0.0016448429517437557,0.023734748386815704,0.8700223713646532,4470,3889,0.4206696382599712
0,pass,6.416040100250626,0.001935805647418802,0.024262752916365725,0.8700223713646532,4470,3889,0.4206696382599712
0,pass,6.4411027568922306,0.002270706472186422,0.024821657305032187,0.8700223713646532,4470,3889,0.4206696382599712
0,pass,6.466165413533834,0.0026547679633742165,0.025415312988165007,0.8700223713646532,4470,3889,0.4206696382599712
0,pass,6.491228070175438,0.0030935923315333178,0.026047943106348774,0.8700223713646532,4470,3889,0.4206696382599712
0,pass,6.516290726817042,0.0035931504144618865,0.026724139944376626,0.8700223713646532,4470,3889,0.4206696382599712
0,pass,6.541353383458646,0.004159763321882607,0.02744885570986139,0.8700223713646532,4470,3889,0.4206696382599712
0,pass,6.5664160401002505,0.004800076123650171,0.02822738590058175,0.8700223713646532,4470,3889,0.4206696382599712
0,pass,6.591478696741854,0.005521023036394709,0.02906534460750616,0.8700223713646532,4470,3889,0.4206696382599712
0,pass,6.616541353383458,0.006329783694933519,0.029968631230493,0.8700223713646532,4470,3889,0.4206696382599712
0,pass,6.641604010025063,0.007233730255409139,0.03094338824517991,0.8700223713646532,4470,3889,0.4206696382599712
0,pass,6.666666666666666,0.008240365265658358,0.031995949850628445,0.8700223713646532,4470,3889,0.4206696382599712
0,pass,6.69172932330827,0.009357250452325659,0.03313278154474603,0.8700223713646532,4470,3889,0.4206696382599712
0,pass,6.716791979949875,0.01059192681002282,0.03436041091401603,0.8700223713646532,4470,3889,0.4206696382599712
0,pass,6.741854636591478,0.011951826630478576,0.03568535018009258,0.8700223713646532,4470,3889,0.4206696382599712
0,pass,6.7669172932330826,0.01344417837299649,0.03711401131172754,0.8700223713646532,4470,3889,0.4206696382599712
0,pass,6.791979949874686,0.015075905544436313,0.03865261477870531,0.8700223713646532,4470,3889,0.4206696382599712
0,pass,6.81704260651629,0.01685352101921568,0.0403070932866145,0.8700223713646532,4470,3889,0.4206696382599712
0,pass,6.842105263157895,0.01878301847863977,0.042082992078488216,0.8700223713646532,4470,3889,0.4206696382599712
0,pass,6.867167919799498,0.020869762874938337,0.04398536761247343,0.8700223713646532,4470,3889,0.4206696382599712
0,pass,6.8922305764411025,0.02311838201932559,0.04601868661466584,0.8700223713646532,4470,3889,0.4206696382599712
0,pass,6.917293233082706,0.02553266154607489,0.04818672765442521,0.8700223713646532,4470,3889,0.4206696382599712
0,pass,6.94235588972431,0.02811544560753043,0.05049248748798578,0.8700223713646532,4470,3889,0.4206696382599712
0,pass,6.967418546365915,0.030868545700697782,0.052938094458237966,0.8700223713646532,4470,3889,0.4206696382599712
0,pass,6.992481203007518,0.03379266000854774,0.05552473121891309,0.8700223713646532,4470,3889,0.4206696382599712
0,pass,7.017543859649122,0.03688730555415904,0.058252568966537896,0.8700223713646532,4470,3889,0.4206696382599712
0,pass,7.042606516290727,0.040150765311149465,0.06112071521198362,0.8700223713646532,4470,3889,0.4206696382599712
0,pass,7.06766917293233,0.043580052189649825,0.06412717690598221,0.8700223713646532,4470,3889,0.4206696382599712
0,pass,7.0927318295739346,0.04717089152598273,0.0672688404527259,0.8700223713646532,4470,3889,0.4206696382599712
0,pass,7.117794486215539,0.050917723351395265,0.07054146980809074,0.8700223713646532,4470,3889,0.4206696382599712
0,pass,7.142857142857142,0.05481372530833525,0.07393972347191169,0.8700223713646532,4470,3889,0.4206696382599712
0,pass,7.167919799498747,0.05885085663185467,0.07745719075697359,0.8700223713646532,4470,3889,0.4206696382599712
0,pass,7.19298245614035,0.06301992313087386,0.0810864472627309,0.8700223713646532,4470,3889,0.4206696382599712
0,pass,7.2180451127819545,0.06731066260304489,0.084819129012462,0.8700223713646532,4470,3889,0.4206696382599712
0,pass,7.243107769423559,0.07171184961284648,0.08864602424286627,0.8700223713646532,4470,3889,0.4206696382599712
0,pass,7.268170426065162,0.07621141807110851,0.0925571813798517,0.8700223713646532,4470,3889,0.4206696382599712
0,pass,7.293233082706767,0.08079659959125846,0.09654203130820029,0.8700223713646532,4470,3889,0.4206696382599712
0,pass,7.31829573934837,0.0854540751786086,0.10058952166014573,0.8700223713646532,4470,3889,0.4206696382599712
0,pass,7.343358395989974,0.09017013744823762,0.10468826052168256,0.8700223713646532,4470,3889,0.4206696382599712
0,pass,7.368421052631579,0.09493086027701499,0.10882666669696398,0.8700223713646532,4470,3889,0.4206696382599712
0,pass,7.393483709273182,0.0997222725864492,0.11299312348962678,0.8700223713646532,4470,3889,0.4206696382599712
0,pass,7.4185463659147866,0.10453053283293275,0.1171761328618609,0.8700223713646532,4470,3889,0.4206696382599712
0,pass,7.443609022556391,0.10934210075526928,0.12136446682126151,0.8700223713646532,4470,3889,0.4206696382599712
0,pass,7.468671679197994,0.11414390299748951,0.12554731296263488,0.8700223713646532,4470,3889,0.4206696382599712
0,pass,7.493734335839599,0.11892348938594763,0.1297144112545457,0.8700223713646532,4470,3889,0.4206696382599712
0,pass,7.518796992481203,0.12366917688834814,0.13385617940306627,0.8700223713646532,4470,3889,0.4206696382599712
0,pass,7.5438596491228065,0.12837017861041483,0.13796382443967511,0.8700223713646532,4470,3889,0.4206696382599712
0,pass,7.568922305764411,0.13301671558234224,0.1420294385558103,0.8700223713646532,4470,3889,0.4206696382599712
0,pass,7.593984962406014,0.1376001095386652,0.146046077630453,0.8700223713646532,4470,3889,0.4206696382599712
0,pass,7.619047619047619,0.14211285538665705,0.15000782135498103,0.8700223713646532,4470,3889,0.4206696382599712
0,pass,7.644110275689223,0.14654867257356238,0.15390981433610668,0.8700223713646532,4470,3889,0.4206696382599712
0,pass,7.669172932330826,0.15090253508515852,0.15774828803739627,0.8700223713646532,4470,3889,0.4206696382599712
0,pass,7.694235588972431,0.15517068032068196,0.16152056388726763,0.8700223713646532,4470,3889,0.4206696382599712
0,pass,7.719298245614034,0.15935059757623066,0.1652250383219691,0.8700223713646532,4470,3889,0.4206696382599712
0,pass,7.744360902255639,0.16344099731589873,0.16886115093272427,0.8700223713646532,4470,3889,0.4206696382599712
0,pass,7.769423558897243,0.1674417628044988,0.17242933723566772,0.8700223713646532,4470,3889,0.4206696382599712
0,pass,7.794486215538846,0.1713538860075232,0.17593096787235815,0.8700223713646532,4470,3889,0.4206696382599712
0,pass,7.819548872180451,0.17517938992526186,0.17936827627092025,0.8700223713646532,4470,3889,0.4206696382599712
0,pass,7.844611528822055,0.17892123971385673,0.18274427694930825,0.8700223713646532,4470,3889,0.4206696382599712
0,pass,7.8696741854636585,0.18258324505449058,0.18606267672153465,0.8700223713646532,4470,3889,0.4206696382599712
0,pass,7.894736842105263,0.1861699562636325,0.18932778107628961,0.8700223713646532,4470,3889,0.4206696382599712
0,pass,7.919799498746867,0.18968655659571157,0.19254439793896708,0.8700223713646532,4470,3889,0.4206696382599712
0,pass,7.944862155388471,0.1931387530805422,0.19571774090864233,0.8700223713646532,4470,3889,0.4206696382599712
0,pass,7.969924812030075,0.19653266806907557,0.19885333388874676,0.8700223713646532,4470,3889,0.4206696382599712
0,pass,7.994987468671678,0.19987473344205586,0.20195691881326733,0.8700223713646532,4470,3889,0.4206696382599712
0,pass,8.020050125313283,0.20317158917752656,0.20503436791944227,0.8700223713646532,4470,3889,0.4206696382599712
0,pass,8.045112781954886,0.20642998768619736,0.20809160174390207,0.8700223713646532,4470,3889,0.4206696382599712
0,pass,8.070175438596491,0.20965670502006217,0.21113451373293926,0.8700223713646532,4470,3889,0.4206696382599712
0,pass,8.095238095238095,0.2128584597507537,0.21416890206971118,0.8700223713646532,4470,3889,0.4206696382599712
0,pass,8.120300751879698,0.2160418400108094,0.21720040904173707,0.8700223713646532,4470,3889,0.4206696382599712
0,pass,8.145363408521304,0.2192132389031885,0.22023446801007376,0.8700223713646532,4470,3889,0.4206696382599712
0,pass,8.170426065162907,0.2223787982207546,0.22327625780493704,0.8700223713646532,4470,3889,0.4206696382599712
0,pass,8.19548872180451,0.22554436018525195,0.22633066416770012,0.8700223713646532,4470,3889,0.4206696382599712
0,pass,8.220551378446114,0.22871542672019318,0.22940224769103637,0.8700223713646532,4470,3889,0.4206696382599712
0,pass,8.24561403508772,0.23189712561800685,0.2324952175807772,0.8700223713646532,4470,3889,0.4206696382599712
0,pass,8.270676691729323,0.23509418285092715,0.2356134104764172,0.8700223713646532,4470,3889,0.4206696382599712
0,pass,8.295739348370926,0.23831090020797477,0.23876027352217383,0.8700223713646532,4470,3889,0.4206696382599712
0,pass,8.320802005012531,0.2415511374157988,0.2419388508755603,0.8700223713646532,4470,3889,0.4206696382599712
0,pass,8.345864661654135,0.24481829791651324,0.24515177287269327,0.8700223713646532,4470,3889,0.4206696382599712
0,pass,8.370927318295738,0.24811531752693317,0.24840124713485257,0.8700223713646532,4470,3889,0.4206696382599712
0,pass,8.395989974937343,0.25144465528565607,0.25168905099395317,0.8700223713646532,4470,3889,0.4206696382599712
0,pass,8.421052631578947,0.25480828590114096,0.25501652472952513,0.8700223713646532,4470,3889,0.4206696382599712
0,pass,8.44611528822055,0.2582076933385035,0.2583845652398369,0.8700223713646532,4470,3889,0.4206696382599712
0,pass,8.471177944862156,0.26164386521788807,0.26179361990785377,0.8700223713646532,4470,3889,0.4206696382599712
0,pass,8.496240601503759,0.26511728783555244,0.26524368056158637,0.8700223713646532,4470,3889,0.4206696382599712
0,pass,8.521303258145362,0.2686279417527727,0.2687342775609008,0.8700223713646532,4470,3889,0.4206696382599712
0,pass,8.546365914786968,0.27217529802024004,0.27226447416222715,0.8700223713646532,4470,3889,0.4206696382599712
0,pass,8.571428571428571,0.2757583152102773,0.27583286141262664,0.8700223713646532,4470,3889,0.4206696382599712
0,pass,8.596491228070175,0.2793754375102122,0.2794375538999364,0.8700223713646532,4470,3889,0.4206696382599712
0,pass,8.62155388471178,0.28302459418293396,0.2830761867318301,0.8700223713646532,4470,3889,0.4206696382599712
0,pass,8.646616541353383,0.28670320072162386,0.28674591413048933,0.8700223713646532,4470,3889,0.4206696382599712
0,pass,8.671679197994987,0.29040816201287145,0.290443410009416,0.8700223713646532,4470,3889,0.4206696382599712
0,pass,8.69674185463659,0.2941358777754052,0.29416487084449683,0.8700223713646532,4470,3889,0.4206696382599712
0,pass,8.721804511278195,0.29788225046172806,0.2979060210642015,0.8700223713646532,4470,3889,0.4206696382599712
0,pass,8.746867167919799,0.30164269569991287,0.30166212106677154,0.8700223713646532,4470,3889,0.4206696382599712
0,pass,8.771929824561402,0.30541215521729087,0.3054279778301884,0.8700223713646532,4470,3889,0.4206696382599712
0,pass,8.796992481203008,0.3091851120329063,0.3091979579198223,0.8700223713646532,4470,3889,0.4206696382599712
0,pass,8.822055137844611,0.31295560753905227,0.31296600252668294,0.8700223713646532,4470,3889,0.4206696382599712
0,pass,8.847117794486214,0.31671725992278027,0.3167256439949702,0.8700223713646532,4470,3889,0.4206696382599712
0,pass,8.87218045112782,0.3204632832157525,0.32047002313095785,0.8700223713646532,4470,3889,0.4206696382599712
0,pass,8.897243107769423,0.3241865061155794,0.32419190643649937,0.8700223713646532,4470,3889,0.4206696382599712
0,pass,8.922305764411027,0.3278793896043629,0.32788370229013486,0.8700223713646532,4470,3889,0.4206696382599712
0,pass,8.947368421052632,0.33153404231079936,0.3315374750170904,0.8700223713646532,4470,3889,0.4206696382599712
0,pass,8.972431077694235,0.3351422325303855,0.3351449557558691,0.8700223713646532,4470,3889,0.4206696382599712
0,pass,8.997493734335839,0.3386953958421959,0.33869754905175126,0.8700223713646532,4470,3889,0.4206696382599712
0,pass,9.022556390977442,0.342184637346779,0.34218633419271716,0.8700223713646532,4470,3889,0.4206696382599712
0,pass,9.047619047619047,0.34560072770215833,0.3456020604552251,0.8700223713646532,4470,3889,0.4206696382599712
0,pass,9.072681704260651,0.34893409235519207,0.3489351356473347,0.8700223713646532,4470,3889,0.4206696382599712
0,pass,9.097744360902254,0.35217479365217896,0.35217560762333855,0.8700223713646532,4470,3889,0.4206696382599712
0,pass,9.12280701754386,0.35531250586080204,0.35531313879251597,0.8700223713646532,4470,3889,0.4206696382599712
0,pass,9.147869674185463,0.3583364835371739,0.3583369740466889,0.8700223713646532,4470,3889,0.4206696382599712
0,pass,9.172932330827066,0.361235524115365,0.36123590297539543,0.8700223713646532,4470,3889,0.4206696382599712
0,pass,9.197994987468672,0.3639979260676438,0.3639982177089299,0.8700223713646532,4470,3889,0.4206696382599712
0,pass,9.223057644110275,0.36661144446419086,0.3666116682106749,0.8700223713646532,4470,3889,0.4206696382599712
0,pass,9.248120300751879,0.36906324623127784,0.3690634173110336,0.8700223713646532,4470,3889,0.4206696382599712
0,pass,9.273182957393484,0.3713398678451234,0.371339998214157,0.8700223713646532,4470,3889,0.4206696382599712
0,pass,9.298245614035087,0.3734271785822212,0.3734272775928855,0.8700223713646532,4470,3889,0.4206696382599712
0,pass,9.32330827067669,0.37531035275314134,0.3753104276941498,0.8700223713646532,4470,3889,0.4206696382599712
0,pass,9.348370927318296,0.3769738545538874,0.37697391108473416,0.8700223713646532,4470,3889,0.4206696382599712
0,pass,9.3734335839599,0.3784014392570659,0.3784014817560217,0.8700223713646532,4470,3889,0.4206696382599712
0,pass,9.398496240601503,0.37957617441765085,0.3795762062593542,0.8700223713646532,4470,3889,0.4206696382599712
0,pass,9.423558897243108,0.3804804845723016,0.3804805083482626,0.8700223713646532,4470,3889,0.4206696382599712
0,pass,9.448621553884712,0.3810962225592817,0.38109624025230915,0.8700223713646532,4470,3889,0.4206696382599712
0,pass,9.473684210526315,0.3814047700760286,0.3814047831976371,0.8700223713646532,4470,3889,0.4206696382599712
0,pass,9.498746867167918,0.381387169427611,0.38138717912581815,0.8700223713646532,4470,3889,0.4206696382599712
0,pass,9.523809523809524,0.38102428761267026,0.3810242947562177,0.8700223713646532,4470,3889,0.4206696382599712
0,pass,9.548872180451127,0.3802970129615859,0.3802970182054711,0.8700223713646532,4470,3889,0.4206696382599712
0,pass,9.57393483709273,0.3791864835087405,0.37918648734499927,0.8700223713646532,4470,3889,0.4206696382599712
0,pass,9.598997493734336,0.37767434517695275,0.37767434797385196,0.8700223713646532,4470,3889,0.4206696382599712
0,pass,9.62406015037594,0.3757430367126565,0.37574303874482035,0.8700223713646532,4470,3889,0.4206696382599712
0,pass,9.649122807017543,0.3733760971744282,0.37337609864590154,0.8700223713646532,4470,3889,0.4206696382599712
0,pass,9.674185463659148,0.3705584906868509,0.37055849174868505,0.8700223713646532,4470,3889,0.4206696382599712
0,pass,9.699248120300751,0.36727694216928936,0.3672769429328973,0.8700223713646532,4470,3889,0.4206696382599712
0,pass,9.724310776942355,0.3635202768770987,0.3635202774243572,0.8700223713646532,4470,3889,0.4206696382599712
0,pass,9.74937343358396,0.3592797558907816,0.3592797562816422,0.8700223713646532,4470,3889,0.4206696382599712
0,pass,9.774436090225564,0.3545493991919944,0.3545493994701946,0.8700223713646532,4470,3889,0.4206696382599712
0,pass,9.799498746867167,0.34932628770353885,0.34932628790087117,0.8700223713646532,4470,3889,0.4206696382599712
0,pass,9.82456140350877,0.34361083566551837,0.34361083580500834,0.8700223713646532,4470,3889,0.4206696382599712
0,pass,9.849624060150376,0.33740702498491215,0.3374070250831754,0.8700223713646532,4470,3889,0.4206696382599712
0,pass,9.87468671679198,0.3307225937345855,0.3307225938035684,0.8700223713646532,4470,3889,0.4206696382599712
0,pass,9.899749373433583,0.32356917178365835,0.32356917183191897,0.8700223713646532,4470,3889,0.4206696382599712
0,pass,9.924812030075188,0.31596235759745306,0.3159623576310999,0.8700223713646532,4470,3889,0.4206696382599712
0,pass,9.949874686716791,0.3079217315252193,0.30792173154859664,0.8700223713646532,4470,3889,0.4206696382599712
0,pass,9.974937343358395,0.2994708023617032,0.2994708023778894,0.8700223713646532,4470,3889,0.4206696382599712
0,pass,10.0,0.2906368855806885,0.29063688559185696,0.8700223713646532,4470,3889,0.4206696382599712
1,numeric_nonpass,0.0,0.0038804388303759515,0.0038804388303759515,0.03456221198156682,434,15,0.37988396601186003
1,numeric_nonpass,0.02506265664160401,0.004021267523308146,0.004021267523308146,0.03456221198156682,434,15,0.37988396601186003
1,numeric_nonpass,0.05012531328320802,0.004159033050534012,0.004159033050534012,0.03456221198156682,434,15,0.37988396601186003
1,numeric_nonpass,0.07518796992481203,0.004293337623636684,0.004293337623636684,0.03456221198156682,434,15,0.37988396601186003
1,numeric_nonpass,0.10025062656641603,0.004423773038748476,0.004423773038748476,0.03456221198156682,434,15,0.37988396601186003
1,numeric_nonpass,0.12531328320802004,0.004549913322477515,0.004549913322477515,0.03456221198156682,434,15,0.37988396601186003
1,numeric_nonpass,0.15037593984962405,0.004671307761566449,0.004671307761566449,0.03456221198156682,434,15,0.37988396601186003
1,numeric_nonpass,0.17543859649122806,0.0047874747863380215,0.0047874747863380215,0.03456221198156682,434,15,0.37988396601186003
1,numeric_nonpass,0.20050125313283207,0.004897897164774331,0.004897897164774331,0.03456221198156682,434,15,0.37988396601186003
1,numeric_nonpass,0.22556390977443608,0.005002018928033917,0.005002018928033917,0.03456221198156682,434,15,0.37988396601186003
1,numeric_nonpass,0.2506265664160401,0.005099244390171448,0.005099244390171448,0.03456221198156682,434,15,0.37988396601186003
1,numeric_nonpass,0.2756892230576441,0.005188939546776069,0.005188939546776069,0.03456221198156682,434,15,0.37988396601186003
1,numeric_nonpass,0.3007518796992481,0.005270436042250695,0.005270436042250695,0.03456221198156682,434,15,0.37988396601186003
1,numeric_nonpass,0.3258145363408521,0.005343037787524431,0.005343037787524431,0.03456221198156682,434,15,0.37988396601186003
1,numeric_nonpass,0.3508771929824561,0.00540603019388685,0.00540603019388685,0.03456221198156682,434,15,0.37988396601186003
1,numeric_nonpass,0.37593984962406013,0.005458691869641283,0.005458691869641283,0.03456221198156682,434,15,0.37988396601186003
1,numeric_nonpass,0.40100250626566414,0.005500308509934615,0.005500308509934615,0.03456221198156682,434,15,0.37988396601186003
1,numeric_nonpass,0.42606516290726815,0.00553018860194524,0.00553018860194524,0.03456221198156682,434,15,0.37988396601186003
1,numeric_nonpass,0.45112781954887216,0.005547680472798286,0.005547680472798286,0.03456221198156682,434,15,0.37988396601186003
1,numeric_nonpass,0.47619047619047616,0.005552190130744824,0.005552190130744824,0.03456221198156682,434,15,0.37988396601186003
1,numeric_nonpass,0.5012531328320802,0.005543199295084679,0.005543199295084679,0.03456221198156682,434,15,0.37988396601186003
1,numeric_nonpass,0.5263157894736842,0.005520282979808831,0.005520282979808831,0.03456221198156682,434,15,0.37988396601186003
1,numeric_nonpass,0.5513784461152882,0.005483125991606997,0.005483125991606997,0.03456221198156682,434,15,0.37988396601186003
1,numeric_nonpass,0.5764411027568922,0.0054315377251125015,0.0054315377251125015,0.03456221198156682,434,15,0.37988396601186003
1,numeric_nonpass,0.6015037593984962,0.005365464686173702,0.005365464686173702,0.03456221198156682,434,15,0.37988396601186003
1,numeric_nonpass,0.6265664160401002,0.005285000245487284,0.005285000245487284,0.03456221198156682,434,15,0.37988396601186003
1,numeric_nonpass,0.6516290726817042,0.00519039121696064,0.00519039121696064,0.03456221198156682,434,15,0.37988396601186003
1,numeric_nonpass,0.6766917293233082,0.005082040963634024,0.005082040963634024,0.03456221198156682,434,15,0.37988396601186003
1,numeric_nonpass,0.7017543859649122,0.0049605088541362875,0.0049605088541362875,0.03456221198156682,434,15,0.37988396601186003
1,numeric_nonpass,0.7268170426065163,0.004826506019265695,0.004826506019265695,0.03456221198156682,434,15,0.37988396601186003
1,numeric_nonpass,0.7518796992481203,0.004680887485983861,0.004680887485983861,0.03456221198156682,434,15,0.37988396601186003
1,numeric_nonpass,0.7769423558897243,0.004524640889563829,0.004524640889563829,0.03456221198156682,434,15,0.37988396601186003
1,numeric_nonpass,0.8020050125313283,0.0043588720788461065,0.0043588720788461065,0.03456221198156682,434,15,0.37988396601186003
1,numeric_nonpass,0.8270676691729323,0.004184788030085842,0.004184788030085842,0.03456221198156682,434,15,0.37988396601186003
1,numeric_nonpass,0.8521303258145363,0.004003677568020678,0.004003677568020678,0.03456221198156682,434,15,0.37988396601186003
1,numeric_nonpass,0.8771929824561403,0.003816890455742676,0.003816890455742676,0.03456221198156682,434,15,0.37988396601186003
1,numeric_nonpass,0.9022556390977443,0.003625815455893791,0.003625815455893791,0.03456221198156682,434,15,0.37988396601186003
1,numeric_nonpass,0.9273182957393483,0.0034318579838234042,0.0034318579838234042,0.03456221198156682,434,15,0.37988396601186003
1,numeric_nonpass,0.9523809523809523,0.0032364179688625905,0.0032364179688625905,0.03456221198156682,434,15,0.37988396601186003
1,numeric_nonpass,0.9774436090225563,0.0030408685139491783,0.0030408685139491783,0.03456221198156682,434,15,0.37988396601186003
1,numeric_nonpass,1.0025062656641603,0.0028465358984925203,0.0028465358984925203,0.03456221198156682,434,15,0.37988396601186003
1,numeric_nonpass,1.0275689223057642,0.0026546814073140474,0.0026546814073140474,0.03456221198156682,434,15,0.37988396601186003
1,numeric_nonpass,1.0526315789473684,0.0024664853929932647,0.0024664853929932647,0.03456221198156682,434,15,0.37988396601186003
1,numeric_nonpass,1.0776942355889725,0.0022830338935966982,0.0022830338935966982,0.03456221198156682,434,15,0.37988396601186003
1,numeric_nonpass,1.1027568922305764,0.0021053080363427758,0.0021053080363427758,0.03456221198156682,434,15,0.37988396601186003
1,numeric_nonpass,1.1278195488721803,0.0019341763640147534,0.0019341763640147534,0.03456221198156682,434,15,0.37988396601186003
1,numeric_nonpass,1.1528822055137844,0.0017703901284461194,0.0017703901284461194,0.03456221198156682,434,15,0.37988396601186003
1,numeric_nonpass,1.1779448621553885,0.0016145815074056313,0.0016145815074056313,0.03456221198156682,434,15,0.37988396601186003
1,numeric_nonpass,1.2030075187969924,0.0014672646204889038,0.0014672646204889038,0.03456221198156682,434,15,0.37988396601186003
1,numeric_nonpass,1.2280701754385963,0.0013288391484302996,0.0013288391484302996,0.03456221198156682,434,15,0.37988396601186003
1,numeric_nonpass,1.2531328320802004,0.0011995963002449672,0.0011995963002449672,0.03456221198156682,434,15,0.37988396601186003
1,numeric_nonpass,1.2781954887218046,0.0010797268248525,0.0010797268248525,0.03456221198156682,434,15,0.37988396601186003
1,numeric_nonpass,1.3032581453634084,0.0009693307287859545,0.0009693307287859545,0.03456221198156682,434,15,0.37988396601186003
1,numeric_nonpass,1.3283208020050123,0.0008684283391691696,0.0008684283391691696,0.03456221198156682,434,15,0.37988396601186003
1,numeric_nonpass,1.3533834586466165,0.0007769723407851574,0.0007769723407851574,0.03456221198156682,434,15,0.37988396601186003
1,numeric_nonpass,1.3784461152882206,0.0006948604167936008,0.0006948604167936008,0.03456221198156682,434,15,0.37988396601186003
1,numeric_nonpass,1.4035087719298245,0.0006219481332169439,0.0006219481332169439,0.03456221198156682,434,15,0.37988396601186003
1,numeric_nonpass,1.4285714285714284,0.0005580617262288098,0.0005580617262288098,0.03456221198156682,434,15,0.37988396601186003
1,numeric_nonpass,1.4536340852130325,0.0005030104769665139,0.0005030104769665139,0.03456221198156682,434,15,0.37988396601186003
1,numeric_nonpass,1.4786967418546366,0.00045659838945853287,0.00045659838945853287,0.03456221198156682,434,15,0.37988396601186003
1,numeric_nonpass,1.5037593984962405,0.0004186349217821333,0.0004186349217821333,0.03456221198156682,434,15,0.37988396601186003
1,numeric_nonpass,1.5288220551378444,0.0003889445573525456,0.0003889445573525456,0.03456221198156682,434,15,0.37988396601186003
1,numeric_nonpass,1.5538847117794485,0.000367375041080804,0.000367375041080804,0.03456221198156682,434,15,0.37988396601186003
1,numeric_nonpass,1.5789473684210527,0.00035380414302146873,0.00035380414302146873,0.03456221198156682,434,15,0.37988396601186003
1,numeric_nonpass,1.6040100250626566,0.00034814484928605066,0.00034814484928605066,0.03456221198156682,434,15,0.37988396601186003
1,numeric_nonpass,1.6290726817042605,0.0003503489158633646,0.0003503489158633646,0.03456221198156682,434,15,0.37988396601186003
1,numeric_nonpass,1.6541353383458646,0.0003604087552032444,0.0003604087552032444,0.03456221198156682,434,15,0.37988396601186003
1,numeric_nonpass,1.6791979949874687,0.000378357657791083,0.000378357657791083,0.03456221198156682,434,15,0.37988396601186003
1,numeric_nonpass,1.7042606516290726,0.0004042683814009,0.0004042683814009,0.03456221198156682,434,15,0.37988396601186003
1,numeric_nonpass,1.7293233082706765,0.00043825016928049647,0.00043825016928049647,0.03456221198156682,434,15,0.37988396601186003
1,numeric_nonpass,1.7543859649122806,0.0004804442852481843,0.0004804442852481843,0.03456221198156682,434,15,0.37988396601186003
1,numeric_nonpass,1.7794486215538847,0.000531018178617184,0.000531018178617184,0.03456221198156682,434,15,0.37988396601186003
1,numeric_nonpass,1.8045112781954886,0.0005901584150218785,0.0005901584150218785,0.03456221198156682,434,15,0.37988396601186003
1,numeric_nonpass,1.8295739348370925,0.0006580625305437431,0.0006580625305437431,0.03456221198156682,434,15,0.37988396601186003
1,numeric_nonpass,1.8546365914786966,0.0007349299858847263,0.0007349299858847263,0.03456221198156682,434,15,0.37988396601186003
1,numeric_nonpass,1.8796992481203008,0.0008209524144846993,0.0008209524144846993,0.03456221198156682,434,15,0.37988396601186003
1,numeric_nonpass,1.9047619047619047,0.000916303373118341,0.000916303373118341,0.03456221198156682,434,15,0.37988396601186003
1,numeric_nonpass,1.9298245614035086,0.0010211278152622023,0.0010211278152622023,0.03456221198156682,434,15,0.37988396601186003
1,numeric_nonpass,1.9548872180451127,0.0011355315159836542,0.0011355315159836542,0.03456221198156682,434,15,0.37988396601186003
1,numeric_nonpass,1.9799498746867168,0.0012595706818540062,0.0012595706818540062,0.03456221198156682,434,15,0.37988396601186003
1,numeric_nonpass,2.0050125313283207,0.001393241980044209,0.001393241980044209,0.03456221198156682,434,15,0.37988396601186003
1,numeric_nonpass,2.0300751879699246,0.0015364732170083271,0.0015364732170083271,0.03456221198156682,434,15,0.37988396601186003
1,numeric_nonpass,2.0551378446115285,0.0016891148887861359,0.0016891148887861359,0.03456221198156682,434,15,0.37988396601186003
1,numeric_nonpass,2.080200501253133,0.001850932811883056,0.001850932811883056,0.03456221198156682,434,15,0.37988396601186003
1,numeric_nonpass,2.1052631578947367,0.0020216020259871295,0.0020216020259871295,0.03456221198156682,434,15,0.37988396601186003
1,numeric_nonpass,2.1303258145363406,0.002200702137696039,0.002200702137696039,0.03456221198156682,434,15,0.37988396601186003
1,numeric_nonpass,2.155388471177945,0.002387714248350534,0.002387714248350534,0.03456221198156682,434,15,0.37988396601186003
1,numeric_nonpass,2.180451127819549,0.0025820195795517387,0.0025820195795517387,0.03456221198156682,434,15,0.37988396601186003
1,numeric_nonpass,2.2055137844611528,0.002782899877650958,0.002782899877650958,0.03456221198156682,434,15,0.37988396601186003
1,numeric_nonpass,2.2305764411027567,0.0029895396442071896,0.0029895396442071896,0.03456221198156682,434,15,0.37988396601186003
1,numeric_nonpass,2.2556390977443606,0.0032010302039295908,0.0032010302039295908,0.03456221198156682,434,15,0.37988396601186003
1,numeric_nonpass,2.280701754385965,0.0034163755857917802,0.0034163755857917802,0.03456221198156682,434,15,0.37988396601186003
1,numeric_nonpass,2.305764411027569,0.0036345001576264294,0.0036345001576264294,0.03456221198156682,434,15,0.37988396601186003
1,numeric_nonpass,2.3308270676691727,0.0038542579203212483,0.0038542579203212483,0.03456221198156682,434,15,0.37988396601186003
1,numeric_nonpass,2.355889724310777,0.004074443335385663,0.004074443335385663,0.03456221198156682,434,15,0.37988396601186003
1,numeric_nonpass,2.380952380952381,0.0042938035296724904,0.0042938035296724904,0.03456221198156682,434,15,0.37988396601186003
1,numeric_nonpass,2.406015037593985,0.004511051693830617,0.004511051693830617,0.03456221198156682,434,15,0.37988396601186003
1,numeric_nonpass,2.4310776942355887,0.004724881466926944,0.004724881466926944,0.03456221198156682,434,15,0.37988396601186003
1,numeric_nonpass,2.4561403508771926,0.00493398207880437,0.00493398207880437,0.03456221198156682,434,15,0.37988396601186003
1,numeric_nonpass,2.481203007518797,0.005137054004260053,0.005137054004260053,0.03456221198156682,434,15,0.37988396601186003
1,numeric_nonpass,2.506265664160401,0.005332824869120169,0.005332824869120169,0.03456221198156682,434,15,0.37988396601186003
1,numeric_nonpass,2.5313283208020048,0.005520065337838121,0.005520065337838121,0.03456221198156682,434,15,0.37988396601186003
1,numeric_nonpass,2.556390977443609,0.005697604705471028,0.005697604705471028,0.03456221198156682,434,15,0.37988396601186003
1,numeric_nonpass,2.581453634085213,0.005864345913977791,0.005864345913977791,0.03456221198156682,434,15,0.37988396601186003
1,numeric_nonpass,2.606516290726817,0.00601927971399588,0.00601927971399588,0.03456221198156682,434,15,0.37988396601186003
1,numeric_nonpass,2.631578947368421,0.006161497698946928,0.006161497698946928,0.03456221198156682,434,15,0.37988396601186003
1,numeric_nonpass,2.6566416040100247,0.006290203948921877,0.006290203948921877,0.03456221198156682,434,15,0.37988396601186003
1,numeric_nonpass,2.681704260651629,0.006404725037779727,0.006404725037779727,0.03456221198156682,434,15,0.37988396601186003
1,numeric_nonpass,2.706766917293233,0.006504518178734304,0.006504518178734304,0.03456221198156682,434,15,0.37988396601186003
1,numeric_nonpass,2.731829573934837,0.006589177311814173,0.006589177311814173,0.03456221198156682,434,15,0.37988396601186003
1,numeric_nonpass,2.756892230576441,0.006658436971242562,0.006658436971242562,0.03456221198156682,434,15,0.37988396601186003
1,numeric_nonpass,2.781954887218045,0.006712173812070129,0.006712173812070129,0.03456221198156682,434,15,0.37988396601186003
1,numeric_nonpass,2.807017543859649,0.006750405723096026,0.006750405723096026,0.03456221198156682,434,15,0.37988396601186003
1,numeric_nonpass,2.832080200501253,0.006773288506679908,0.006773288506679908,0.03456221198156682,434,15,0.37988396601186003
1,numeric_nonpass,2.8571428571428568,0.006781110164537507,0.006781110164537507,0.03456221198156682,434,15,0.37988396601186003
1,numeric_nonpass,2.882205513784461,0.006774282890669016,0.006774282890669016,0.03456221198156682,434,15,0.37988396601186003
1,numeric_nonpass,2.907268170426065,0.006753332936429653,0.006753332936429653,0.03456221198156682,434,15,0.37988396601186003
1,numeric_nonpass,2.932330827067669,0.006718888576281698,0.006718888576281698,0.03456221198156682,434,15,0.37988396601186003
1,numeric_nonpass,2.9573934837092732,0.006671666463533444,0.006671666463533444,0.03456221198156682,434,15,0.37988396601186003
1,numeric_nonpass,2.982456140350877,0.006612456720741313,0.006612456720741313,0.03456221198156682,434,15,0.37988396601186003
1,numeric_nonpass,3.007518796992481,0.006542107156724216,0.006542107156724216,0.03456221198156682,434,15,0.37988396601186003
1,numeric_nonpass,3.032581453634085,0.006461507038691229,0.006461507038691229,0.03456221198156682,434,15,0.37988396601186003
1,numeric_nonpass,3.057644110275689,0.006371570871427864,0.006371570871427864,0.03456221198156682,434,15,0.37988396601186003
1,numeric_nonpass,3.082706766917293,0.006273222643836031,0.006273222643836031,0.03456221198156682,434,15,0.37988396601186003
1,numeric_nonpass,3.107769423558897,0.006167380994938772,0.006167380994938772,0.03456221198156682,434,15,0.37988396601186003
1,numeric_nonpass,3.132832080200501,0.006054945725982567,0.006054945725982567,0.03456221198156682,434,15,0.37988396601186003
1,numeric_nonpass,3.1578947368421053,0.005936786042512196,0.005936786042512196,0.03456221198156682,434,15,0.37988396601186003
1,numeric_nonpass,3.182957393483709,0.0058137308511036195,0.0058137308511036195,0.03456221198156682,434,15,0.37988396601186003
1,numeric_nonpass,3.208020050125313,0.005686561361512625,0.005686561361512625,0.03456221198156682,434,15,0.37988396601186003
1,numeric_nonpass,3.233082706766917,0.00555600615883114,0.00555600615883114,0.03456221198156682,434,15,0.37988396601186003
1,numeric_nonpass,3.258145363408521,0.005422738815059984,0.005422738815059984,0.03456221198156682,434,15,0.37988396601186003
1,numeric_nonpass,3.2832080200501252,0.005287378009114772,0.005287378009114772,0.03456221198156682,434,15,0.37988396601186003
1,numeric_nonpass,3.308270676691729,0.005150490022904114,0.005150490022904114,0.03456221198156682,434,15,0.37988396601186003
1,numeric_nonpass,3.333333333333333,0.005012593383192792,0.005012593383192792,0.03456221198156682,434,15,0.37988396601186003
1,numeric_nonpass,3.3583959899749374,0.004874165328916087,0.004874165328916087,0.03456221198156682,434,15,0.37988396601186003
1,numeric_nonpass,3.3834586466165413,0.004735649705638971,0.004735649705638971,0.03456221198156682,434,15,0.37988396601186003
1,numeric_nonpass,3.408521303258145,0.004597465826696479,0.004597465826696479,0.03456221198156682,434,15,0.37988396601186003
1,numeric_nonpass,3.433583959899749,0.0044600177972985424,0.0044600177972985424,0.03456221198156682,434,15,0.37988396601186003
1,numeric_nonpass,3.458646616541353,0.004323703775804881,0.004323703775804881,0.03456221198156682,434,15,0.37988396601186003
1,numeric_nonpass,3.4837092731829573,0.00418892464680267,0.00418892464680267,0.03456221198156682,434,15,0.37988396601186003
1,numeric_nonpass,3.508771929824561,0.004056091603863796,0.004056091603863796,0.03456221198156682,434,15,0.37988396601186003
1,numeric_nonpass,3.533834586466165,0.003925632185191345,0.003925632185191345,0.03456221198156682,434,15,0.37988396601186003
1,numeric_nonpass,3.5588972431077694,0.003797994371050802,0.003797994371050802,0.03456221198156682,434,15,0.37988396601186003
1,numeric_nonpass,3.5839598997493733,0.0036736484352567337,0.0036736484352567337,0.03456221198156682,434,15,0.37988396601186003
1,numeric_nonpass,3.6090225563909772,0.0035530863405887187,0.0035530863405887187,0.03456221198156682,434,15,0.37988396601186003
1,numeric_nonpass,3.634085213032581,0.0034368185757454556,0.0034368185757454556,0.03456221198156682,434,15,0.37988396601186003
1,numeric_nonpass,3.659147869674185,0.003325368444776534,0.003325368444776534,0.03456221198156682,434,15,0.37988396601186003
1,numeric_nonpass,3.6842105263157894,0.003219263934091494,0.003219263934091494,0.03456221198156682,434,15,0.37988396601186003
1,numeric_nonpass,3.7092731829573933,0.003119027392354241,0.003119027392354241,0.03456221198156682,434,15,0.37988396601186003
1,numeric_nonpass,3.734335839598997,0.0030251633602441626,0.0030251633602441626,0.03456221198156682,434,15,0.37988396601186003
1,numeric_nonpass,3.7593984962406015,0.0029381449760115734,0.0029381449760115734,0.03456221198156682,434,15,0.37988396601186003
1,numeric_nonpass,3.7844611528822054,0.0028583994553471313,0.0028583994553471313,0.03456221198156682,434,15,0.37988396601186003
1,numeric_nonpass,3.8095238095238093,0.0027862931974010135,0.0027862931974010135,0.03456221198156682,434,15,0.37988396601186003
1,numeric_nonpass,3.834586466165413,0.002722117100717767,0.002722117100717767,0.03456221198156682,434,15,0.37988396601186003
1,numeric_nonpass,3.859649122807017,0.0026660726821663926,0.0026660726821663926,0.03456221198156682,434,15,0.37988396601186003
1,numeric_nonpass,3.8847117794486214,0.0026182595783216293,0.0026182595783216293,0.03456221198156682,434,15,0.37988396601186003
1,numeric_nonpass,3.9097744360902253,0.002578664972771707,0.002578664972771707,0.03456221198156682,434,15,0.37988396601186003
1,numeric_nonpass,3.9348370927318292,0.0025471554359290842,0.0025471554359290842,0.03456221198156682,434,15,0.37988396601186003
1,numeric_nonpass,3.9598997493734336,0.0025234715883279213,0.0025234715883279213,0.03456221198156682,434,15,0.37988396601186003
1,numeric_nonpass,3.9849624060150375,0.002507225907013264,0.002507225907013264,0.03456221198156682,434,15,0.37988396601186003
1,numeric_nonpass,4.010025062656641,0.0024979038909334074,0.0024979038909334074,0.03456221198156682,434,15,0.37988396601186003
1,numeric_nonpass,4.035087719298246,0.002494868689134206,0.002494868689134206,0.03456221198156682,434,15,0.37988396601186003
1,numeric_nonpass,4.060150375939849,0.002497369179193359,0.002497369179193359,0.03456221198156682,434,15,0.37988396601186003
1,numeric_nonpass,4.0852130325814535,0.0025045513670162306,0.0025045513670162306,0.03456221198156682,434,15,0.37988396601186003
1,numeric_nonpass,4.110275689223057,0.002515472867099209,0.002515472867099209,0.03456221198156682,434,15,0.37988396601186003
1,numeric_nonpass,4.135338345864661,0.002529120118721885,0.0025291201187218853,0.03456221198156682,434,15,0.37988396601186003
1,numeric_nonpass,4.160401002506266,0.0025444279019931756,0.0025444279019931765,0.03456221198156682,434,15,0.37988396601186003
1,numeric_nonpass,4.185463659147869,0.0025603006415236646,0.002560300641523666,0.03456221198156682,434,15,0.37988396601186003
1,numeric_nonpass,4.2105263157894735,0.0025756349274211115,0.0025756349274211137,0.03456221198156682,434,15,0.37988396601186003
1,numeric_nonpass,4.235588972431078,0.0025893426453268854,0.0025893426453268893,0.03456221198156682,434,15,0.37988396601186003
1,numeric_nonpass,4.260651629072681,0.002600374090596495,0.002600374090596502,0.03456221198156682,434,15,0.37988396601186003
1,numeric_nonpass,4.285714285714286,0.002607740446948206,0.002607740446948218,0.03456221198156682,434,15,0.37988396601186003
1,numeric_nonpass,4.31077694235589,0.0026105350366137556,0.0026105350366137764,0.03456221198156682,434,15,0.37988396601186003
1,numeric_nonpass,4.335839598997493,0.0026079527960701223,0.0026079527960701583,0.03456221198156682,434,15,0.37988396601186003
1,numeric_nonpass,4.360902255639098,0.0025993074968894067,0.002599307496889469,0.03456221198156682,434,15,0.37988396601186003
1,numeric_nonpass,4.385964912280701,0.0025840463124946708,0.0025840463124947783,0.03456221198156682,434,15,0.37988396601186003
1,numeric_nonpass,4.4110275689223055,0.0025617614254315117,0.0025617614254316965,0.03456221198156682,434,15,0.37988396601186003
1,numeric_nonpass,4.43609022556391,0.002532198472457184,0.002532198472457499,0.03456221198156682,434,15,0.37988396601186003
1,numeric_nonpass,4.461152882205513,0.002495261732273553,0.0024952617322740894,0.03456221198156682,434,15,0.37988396601186003
1,numeric_nonpass,4.486215538847118,0.0024510160688706265,0.0024510160688715355,0.03456221198156682,434,15,0.37988396601186003
1,numeric_nonpass,4.511278195488721,0.0023996857479750377,0.002399685747976571,0.03456221198156682,434,15,0.37988396601186003
1,numeric_nonpass,4.5363408521303255,0.0023416503409407945,0.0023416503409433697,0.03456221198156682,434,15,0.37988396601186003
1,numeric_nonpass,4.56140350877193,0.0022774380158266327,0.002277438015830939,0.03456221198156682,434,15,0.37988396601186003
1,numeric_nonpass,4.586466165413533,0.0022077165860957685,0.002207716586102939,0.03456221198156682,434,15,0.37988396601186003
1,numeric_nonpass,4.611528822055138,0.0021332827406757467,0.002133282740687635,0.03456221198156682,434,15,0.37988396601186003
1,numeric_nonpass,4.636591478696742,0.002055049913067091,0.002055049913086716,0.03456221198156682,434,15,0.37988396601186003
1,numeric_nonpass,4.661654135338345,0.0019740352606209487,0.001974035260653206,0.03456221198156682,434,15,0.37988396601186003
1,numeric_nonpass,4.68671679197995,0.0018913462176892906,0.001891346217742082,0.03456221198156682,434,15,0.37988396601186003
1,numeric_nonpass,4.711779448621554,0.0018081670586106624,0.0018081670586966886,0.03456221198156682,434,15,0.37988396601186003
1,numeric_nonpass,4.7368421052631575,0.0017257458597872415,0.0017257458599268217,0.03456221198156682,434,15,0.37988396601186003
1,numeric_nonpass,4.761904761904762,0.0016453821865730256,0.0016453821867985238,0.03456221198156682,434,15,0.37988396601186003
1,numeric_nonpass,4.786967418546365,0.0015684157531645842,0.0015684157535273192,0.03456221198156682,434,15,0.37988396601186003
1,numeric_nonpass,4.81203007518797,0.0014962162155926048,0.0014962162161735878,0.03456221198156682,434,15,0.37988396601186003
1,numeric_nonpass,4.837092731829574,0.0014301741631458312,0.0014301741640723735,0.03456221198156682,434,15,0.37988396601186003
1,numeric_nonpass,4.8621553884711775,0.0013716932763287325,0.0013716932778000126,0.03456221198156682,434,15,0.37988396601186003
1,numeric_nonpass,4.887218045112782,0.0013221835241367754,0.0013221835264630142,0.03456221198156682,434,15,0.37988396601186003
1,numeric_nonpass,4.912280701754385,0.0012830551844097943,0.0012830551880719978,0.03456221198156682,434,15,0.37988396601186003
1,numeric_nonpass,4.93734335839599,0.0012557133925227765,0.0012557133982634174,0.03456221198156682,434,15,0.37988396601186003
1,numeric_nonpass,4.962406015037594,0.0012415528596130842,0.001241552868573093,0.03456221198156682,434,15,0.37988396601186003
1,numeric_nonpass,4.987468671679197,0.001241952355384599,0.0012419523693093415,0.03456221198156682,434,15,0.37988396601186003
1,numeric_nonpass,5.012531328320802,0.0012582685251404917,0.0012582685466880018,0.03456221198156682,434,15,0.37988396601186003
1,numeric_nonpass,5.037593984962406,0.001291828608229125,0.0012918286414291748,0.03456221198156682,434,15,0.37988396601186003
1,numeric_nonpass,5.0626566416040095,0.0013439216468746006,0.0013439216978091697,0.03456221198156682,434,15,0.37988396601186003
1,numeric_nonpass,5.087719298245614,0.0014157878208331503,0.0014157878986402728,0.03456221198156682,434,15,0.37988396601186003
1,numeric_nonpass,5.112781954887218,0.0015086056139331984,0.001508605732280802,0.03456221198156682,434,15,0.37988396601186003
1,numeric_nonpass,5.137844611528822,0.0016234766117859318,0.00162347679102537,0.03456221198156682,434,15,0.37988396601186003
1,numeric_nonpass,5.162907268170426,0.0017614078432563402,0.0017614081135539988,0.03456221198156682,434,15,0.37988396601186003
1,numeric_nonpass,5.1879699248120295,0.001923291708147811,0.001923292114017138,0.03456221198156682,434,15,0.37988396601186003
1,numeric_nonpass,5.213032581453634,0.002109883675550292,0.0021098842823789325,0.03456221198156682,434,15,0.37988396601186003
1,numeric_nonpass,5.238095238095238,0.002321778086193965,0.0023217789895989332,0.03456221198156682,434,15,0.37988396601186003
1,numeric_nonpass,5.263157894736842,0.002559382542029249,0.0025593838812005723,0.03456221198156682,434,15,0.37988396601186003
1,numeric_nonpass,5.288220551378446,0.0028228915107180296,0.0028228934873589778,0.03456221198156682,434,15,0.37988396601186003
1,numeric_nonpass,5.313283208020049,0.003112259905095066,0.0031122628101754816,0.03456221198156682,434,15,0.37988396601186003
1,numeric_nonpass,5.338345864661654,0.0034271775112423514,0.0034271817626037007,0.03456221198156682,434,15,0.37988396601186003
1,numeric_nonpass,5.363408521303258,0.003767045227162083,0.0037670514221172092,0.03456221198156682,434,15,0.37988396601186003
1,numeric_nonpass,5.3884711779448615,0.004130954131234297,0.004130963119779628,0.03456221198156682,434,15,0.37988396601186003
1,numeric_nonpass,5.413533834586466,0.004517668420642657,0.00451768140685834,0.03456221198156682,434,15,0.37988396601186003
1,numeric_nonpass,5.43859649122807,0.004925613240826262,0.00492563192262277,0.03456221198156682,434,15,0.37988396601186003
1,numeric_nonpass,5.463659147869674,0.005352868365251305,0.005352895126008414,0.03456221198156682,434,15,0.37988396601186003
1,numeric_nonpass,5.488721804511278,0.0057971685795112785,0.005797206749569883,0.03456221198156682,434,15,0.37988396601186003
1,numeric_nonpass,5.513784461152882,0.006255911475885093,0.006255965687569283,0.03456221198156682,434,15,0.37988396601186003
1,numeric_nonpass,5.538847117794486,0.006726173176844153,0.00672624984404728,0.03456221198156682,434,15,0.37988396601186003
1,numeric_nonpass,5.56390977443609,0.007204732283363286,0.007204840246135878,0.03456221198156682,434,15,0.37988396601186003
1,numeric_nonpass,5.588972431077694,0.007688102092874749,0.007688253479394424,0.03456221198156682,434,15,0.37988396601186003
1,numeric_nonpass,5.614035087719298,0.008172570860608405,0.008172782233974898,0.03456221198156682,434,15,0.37988396601186003
1,numeric_nonpass,5.639097744360902,0.00865424959659793,0.008654543472764214,0.03456221198156682,434,15,0.37988396601186003
1,numeric_nonpass,5.664160401002506,0.00912912660957812,0.009129533456195167,0.03456221198156682,434,15,0.37988396601186003
1,numeric_nonpass,5.68922305764411,0.009593127739744571,0.009593688594671797,0.03456221198156682,434,15,0.37988396601186003
1,numeric_nonpass,5.7142857142857135,0.010042180976419528,0.01004295086016096,0.03456221198156682,434,15,0.37988396601186003
1,numeric_nonpass,5.739348370927318,0.010472283945186504,0.010473336284692866,0.03456221198156682,434,15,0.37988396601186003
1,numeric_nonpass,5.764411027568922,0.010879572582192864,0.010881004915561815,0.03456221198156682,434,15,0.37988396601186003
1,numeric_nonpass,5.789473684210526,0.011260389199782676,0.011262330493713795,0.03456221198156682,434,15,0.37988396601186003
1,numeric_nonpass,5.81453634085213,0.01161134809416897,0.01161396807995501,0.03456221198156682,434,15,0.37988396601186003
1,numeric_nonpass,5.839598997493734,0.011929396856906176,0.011932917877637153,0.03456221198156682,434,15,0.37988396601186003
1,numeric_nonpass,5.864661654135338,0.012211871629259942,0.012216583592089034,0.03456221198156682,434,15,0.37988396601186003
1,numeric_nonpass,5.889724310776942,0.012456544681159051,0.012462823825092211,0.03456221198156682,434,15,0.37988396601186003
1,numeric_nonpass,5.9147869674185465,0.012661662900372317,0.012669995223013382,0.03456221198156682,434,15,0.37988396601186003
1,numeric_nonpass,5.93984962406015,0.012825976036254022,0.012836986372809148,0.03456221198156682,434,15,0.37988396601186003
1,numeric_nonpass,5.964912280701754,0.012948753846719964,0.01296324176136775,0.03456221198156682,434,15,0.37988396601186003
1,numeric_nonpass,5.989974937343358,0.013029791635807052,0.01304877546861777,0.03456221198156682,434,15,0.37988396601186003
1,numeric_nonpass,6.015037593984962,0.01306940402935833,0.013094174639772343,0.03456221198156682,434,15,0.37988396601186003
1,numeric_nonpass,6.040100250626566,0.013068407204137798,0.013100593161997073,0.03456221198156682,434,15,0.37988396601186003
1,numeric_nonpass,6.06516290726817,0.013028090146680093,0.01306973634008273,0.03456221198156682,434,15,0.37988396601186003
1,numeric_nonpass,6.090225563909774,0.012950175858333478,0.013003837708810258,0.03456221198156682,434,15,0.37988396601186003
1,numeric_nonpass,6.115288220551378,0.012836773729076488,0.012905629421769886,0.03456221198156682,434,15,0.37988396601186003
1,numeric_nonpass,6.140350877192982,0.012690324563100116,0.012778307903941372,0.03456221198156682,434,15,0.37988396601186003
1,numeric_nonpass,6.165413533834586,0.012513539944202037,0.012625496636783447,0.03456221198156682,434,15,0.37988396601186003
1,numeric_nonpass,6.19047619047619,0.012309337771540885,0.012451208050749802,0.03456221198156682,434,15,0.37988396601186003
1,numeric_nonpass,6.215538847117794,0.012080775871797842,0.01225980652466833,0.03456221198156682,434,15,0.37988396601186003
1,numeric_nonpass,6.2406015037593985,0.011830985600737426,0.012055974430961043,0.03456221198156682,434,15,0.37988396601186003
1,numeric_nonpass,6.265664160401002,0.01156310728690388,0.01184468302010104,0.03456221198156682,434,15,0.37988396601186003
1,numeric_nonpass,6.290726817042606,0.011280229246860552,0.011631169710055416,0.03456221198156682,434,15,0.37988396601186003
1,numeric_nonpass,6.315789473684211,0.01098533192160941,0.011420923042895605,0.03456221198156682,434,15,0.37988396601186003
1,numeric_nonpass,6.340852130325814,0.010681238456376387,0.011219676200296068,0.03456221198156682,434,15,0.37988396601186003
1,numeric_nonpass,6.365914786967418,0.010370572781237505,0.011033409543897156,0.03456221198156682,434,15,0.37988396601186003
1,numeric_nonpass,6.390977443609022,0.01005572595964288,0.010868362179292988,0.03456221198156682,434,15,0.37988396601186003
1,numeric_nonpass,6.416040100250626,0.00973883126789481,0.010731052049317147,0.03456221198156682,434,15,0.37988396601186003
1,numeric_nonpass,6.4411027568922306,0.009421748163189324,0.010628303560256456,0.03456221198156682,434,15,0.37988396601186003
1,numeric_nonpass,6.466165413533834,0.009106055002547556,0.01056728125137758,0.03456221198156682,434,15,0.37988396601186003
1,numeric_nonpass,6.491228070175438,0.008793050100455578,0.010555527551801882,0.03456221198156682,434,15,0.37988396601186003
1,numeric_nonpass,6.516290726817042,0.008483760468497125,0.010601002247258311,0.03456221198156682,434,15,0.37988396601186003
1,numeric_nonpass,6.541353383458646,0.008178957373175484,0.01071212091989169,0.03456221198156682,434,15,0.37988396601186003
1,numeric_nonpass,6.5664160401002505,0.007879177684011491,0.010897789343296407,0.03456221198156682,434,15,0.37988396601186003
1,numeric_nonpass,6.591478696741854,0.007584749866344517,0.011167430626879358,0.03456221198156682,434,15,0.37988396601186003
1,numeric_nonpass,6.616541353383458,0.007295823403461051,0.011531001821072012,0.03456221198156682,434,15,0.37988396601186003
1,numeric_nonpass,6.641604010025063,0.007012400410147863,0.011998996727838399,0.03456221198156682,434,15,0.37988396601186003
1,numeric_nonpass,6.666666666666666,0.006734368222112028,0.012582431816443264,0.03456221198156682,434,15,0.37988396601186003
1,numeric_nonpass,6.69172932330827,0.006461531808938073,0.013292812426266579,0.03456221198156682,434,15,0.37988396601186003
1,numeric_nonpass,6.716791979949875,0.006193644957068575,0.01414207684654809,0.03456221198156682,434,15,0.37988396601186003
1,numeric_nonpass,6.741854636591478,0.005930439297418652,0.01514251639322186,0.03456221198156682,434,15,0.37988396601186003
1,numeric_nonpass,6.7669172932330826,0.0056716504027367375,0.01630667024703935,0.03456221198156682,434,15,0.37988396601186003
1,numeric_nonpass,6.791979949874686,0.00541704034545355,0.017647194562103796,0.03456221198156682,434,15,0.37988396601186003
1,numeric_nonpass,6.81704260651629,0.005166416280268312,0.019176706182394185,0.03456221198156682,434,15,0.37988396601186003
1,numeric_nonpass,6.842105263157895,0.004919644790146345,0.02090760219414499,0.03456221198156682,434,15,0.37988396601186003
1,numeric_nonpass,6.867167919799498,0.004676661903322277,0.02285185746837081,0.03456221198156682,434,15,0.37988396601186003
1,numeric_nonpass,6.8922305764411025,0.004437478846645918,0.02502080328118052,0.03456221198156682,434,15,0.37988396601186003
1,numeric_nonpass,6.917293233082706,0.004202183742401027,0.027424891007873296,0.03456221198156682,434,15,0.37988396601186003
1,numeric_nonpass,6.94235588972431,0.003970939577808689,0.030073445736395425,0.03456221198156682,434,15,0.37988396601186003
1,numeric_nonpass,6.967418546365915,0.003743978876100787,0.03297441540212819,0.03456221198156682,434,15,0.37988396601186003
1,numeric_nonpass,6.992481203007518,0.0035215955736896095,0.03613412167539386,0.03456221198156682,434,15,0.37988396601186003
1,numeric_nonpass,7.017543859649122,0.003304134658983348,0.03955701930375033,0.03456221198156682,434,15,0.37988396601186003
1,numeric_nonpass,7.042606516290727,0.0030919801551852542,0.04324547089489594,0.03456221198156682,434,15,0.37988396601186003
1,numeric_nonpass,7.06766917293233,0.0028855420332128366,0.04719954419962058,0.03456221198156682,434,15,0.37988396601186003
1,numeric_nonpass,7.0927318295739346,0.00268524262366816,0.051416838800897216,0.03456221198156682,434,15,0.37988396601186003
1,numeric_nonpass,7.117794486215539,0.002491503061160247,0.05589234872571045,0.03456221198156682,434,15,0.37988396601186003
1,numeric_nonpass,7.142857142857142,0.0023047302432487784,0.06061836686993753,0.03456221198156682,434,15,0.37988396601186003
1,numeric_nonpass,7.167919799498747,0.002125304723155266,0.0655844362721006,0.03456221198156682,434,15,0.37988396601186003
1,numeric_nonpass,7.19298245614035,0.0019535698836185326,0.07077735220715892,0.03456221198156682,434,15,0.37988396601186003
1,numeric_nonpass,7.2180451127819545,0.0017898226622925228,0.0761812178240531,0.03456221198156682,434,15,0.37988396601186003
1,numeric_nonpass,7.243107769423559,0.0016343060201958067,0.08177755465643026,0.03456221198156682,434,15,0.37988396601186003
1,numeric_nonpass,7.268170426065162,0.0014872032669697992,0.08754546783849088,0.03456221198156682,434,15,0.37988396601186003
1,numeric_nonpass,7.293233082706767,0.001348634282791703,0.09346186430682185,0.03456221198156682,434,15,0.37988396601186003
1,numeric_nonpass,7.31829573934837,0.0012186536090065944,0.0995017207182927,0.03456221198156682,434,15,0.37988396601186003
1,numeric_nonpass,7.343358395989974,0.001097250319717404,0.10563839631947806,0.03456221198156682,434,15,0.37988396601186003
1,numeric_nonpass,7.368421052631579,0.000984349536041018,0.11184398462015753,0.03456221198156682,434,15,0.37988396601186003
1,numeric_nonpass,7.393483709273182,0.0008798154043497829,0.11808969650507904,0.03456221198156682,434,15,0.37988396601186003
1,numeric_nonpass,7.4185463659147866,0.0007834553299446565,0.12434626641196188,0.03456221198156682,434,15,0.37988396601186003
1,numeric_nonpass,7.443609022556391,0.0006950252381815641,0.1305843724499915,0.03456221198156682,434,15,0.37988396601186003
1,numeric_nonpass,7.468671679197994,0.0006142356256386288,0.13677506086284125,0.03456221198156682,434,15,0.37988396601186003
1,numeric_nonpass,7.493734335839599,0.0005407581636803876,0.1428901650737587,0.03456221198156682,434,15,0.37988396601186003
1,numeric_nonpass,7.518796992481203,0.0004742326246937157,0.14890270969588526,0.03456221198156682,434,15,0.37988396601186003
1,numeric_nonpass,7.5438596491228065,0.0004142739160956245,0.15478729034479774,0.03456221198156682,434,15,0.37988396601186003
1,numeric_nonpass,7.568922305764411,0.0003604790275826562,0.16052042083605467,0.03456221198156682,434,15,0.37988396601186003
1,numeric_nonpass,7.593984962406014,0.0003124337215917409,0.16608084036050855,0.03456221198156682,434,15,0.37988396601186003
1,numeric_nonpass,7.619047619047619,0.0002697188241732126,0.17144977446608156,0.03456221198156682,434,15,0.37988396601186003
1,numeric_nonpass,7.644110275689223,0.00023191600210733314,0.17661114508958387,0.03456221198156682,434,15,0.37988396601186003
1,numeric_nonpass,7.669172932330826,0.00019861294090994257,0.18155172642234352,0.03456221198156682,434,15,0.37988396601186003
1,numeric_nonpass,7.694235588972431,0.00016940786630581097,0.18626124500082736,0.03456221198156682,434,15,0.37988396601186003
1,numeric_nonpass,7.719298245614034,0.00014391337790979405,0.19073242402822677,0.03456221198156682,434,15,0.37988396601186003
1,numeric_nonpass,7.744360902255639,0.00012175958754505416,0.19496097349598943,0.03456221198156682,434,15,0.37988396601186003
1,numeric_nonpass,7.769423558897243,0.00010259657533628471,0.19894552912951927,0.03456221198156682,434,15,0.37988396601186003
1,numeric_nonpass,7.794486215538846,8.609619412280451e-05,0.20268754447930568,0.03456221198156682,434,15,0.37988396601186003
1,numeric_nonpass,7.819548872180451,7.19532666950712e-05,0.20619114157452068,0.03456221198156682,434,15,0.37988396601186003
1,numeric_nonpass,7.844611528822055,5.98862308770362e-05,0.20946292641676556,0.03456221198156682,434,15,0.37988396601186003
1,numeric_nonpass,7.8696741854636585,4.96372946966376e-05,0.21251177619347703,0.03456221198156682,434,15,0.37988396601186003
1,numeric_nonpass,7.894736842105263,4.09721680548365e-05,0.21534860542084436,0.03456221198156682,434,15,0.37988396601186003
1,numeric_nonpass,7.919799498746867,3.3679438746868474e-05,0.21798611828344963,0.03456221198156682,434,15,0.37988396601186003
1,numeric_nonpass,7.944862155388471,2.7569659788438846e-05,0.2204385542316839,0.03456221198156682,434,15,0.37988396601186003
1,numeric_nonpass,7.969924812030075,2.2474212164179724e-05,0.22272143344798892,0.03456221198156682,434,15,0.37988396601186003
1,numeric_nonpass,7.994987468671678,1.8244002762723356e-05,0.2248513081279826,0.03456221198156682,434,15,0.37988396601186003
1,numeric_nonpass,8.020050125313283,1.4748051797752377e-05,0.22684552467911578,0.03456221198156682,434,15,0.37988396601186003
1,numeric_nonpass,8.045112781954886,1.1872017816417225e-05,0.2287220009602625,0.03456221198156682,434,15,0.37988396601186003
1,numeric_nonpass,8.070175438596491,9.51670180679881e-06,0.23049902161734281,0.03456221198156682,434,15,0.37988396601186003
1,numeric_nonpass,8.095238095238095,7.596565230567158e-06,0.23219505346161726,0.03456221198156682,434,15,0.37988396601186003
1,numeric_nonpass,8.120300751879698,6.03829027186407e-06,0.23382858173776577,0.03456221198156682,434,15,0.37988396601186003
1,numeric_nonpass,8.145363408521304,4.779404404176811e-06,0.23541796708549204,0.03456221198156682,434,15,0.37988396601186003
1,numeric_nonpass,8.170426065162907,3.766985679395762e-06,0.23698132205473957,0.03456221198156682,434,15,0.37988396601186003
1,numeric_nonpass,8.19548872180451,2.956460036986084e-06,0.2385364052288147,0.03456221198156682,434,15,0.37988396601186003
1,numeric_nonpass,8.220551378446114,2.310497474321746e-06,0.24010053037308648,0.03456221198156682,434,15,0.37988396601186003
1,numeric_nonpass,8.24561403508772,1.7980101339938695e-06,0.24169048758275713,0.03456221198156682,434,15,0.37988396601186003
1,numeric_nonpass,8.270676691729323,1.3932522429621778e-06,0.24332247316580236,0.03456221198156682,434,15,0.37988396601186003
1,numeric_nonpass,8.295739348370926,1.0750193510578063e-06,0.24501202497151472,0.03456221198156682,434,15,0.37988396601186003
1,numeric_nonpass,8.320802005012531,8.259424145763743e-07,0.2467739600564418,0.03456221198156682,434,15,0.37988396601186003
1,numeric_nonpass,8.345864661654135,6.318708948011688e-07,0.24862231195385906,0.03456221198156682,434,15,0.37988396601186003
1,numeric_nonpass,8.370927318295738,4.81338124761653e-07,0.25057026535737353,0.03456221198156682,434,15,0.37988396601186003
1,numeric_nonpass,8.395989974937343,3.6510167123538154e-07,0.25263008671311327,0.03456221198156682,434,15,0.37988396601186003
1,numeric_nonpass,8.421052631578947,2.757512145876186e-07,0.25481305000092636,0.03456221198156682,434,15,0.37988396601186003
1,numeric_nonpass,8.44611528822055,2.0737652154056303e-07,0.25712935783078,0.03456221198156682,434,15,0.37988396601186003
1,numeric_nonpass,8.471177944862156,1.5528833565383967e-07,0.2595880588405879,0.03456221198156682,434,15,0.37988396601186003
1,numeric_nonpass,8.496240601503759,1.1578540393241538e-07,0.2621969632092529,0.03456221198156682,434,15,0.37988396601186003
1,numeric_nonpass,8.521303258145362,8.596134943391209e-08,0.2649625588478403,0.03456221198156682,434,15,0.37988396601186003
1,numeric_nonpass,8.546365914786968,6.354565020713155e-08,0.2678899314594559,0.03456221198156682,434,15,0.37988396601186003
1,numeric_nonpass,8.571428571428571,4.6773562667909797e-08,0.27098269212644316,0.03456221198156682,434,15,0.37988396601186003
1,numeric_nonpass,8.596491228070175,3.428040759500958e-08,0.27424291636050757,0.03456221198156682,434,15,0.37988396601186003
1,numeric_nonpass,8.62155388471178,2.5016200339344108e-08,0.2776710986141343,0.03456221198156682,434,15,0.37988396601186003
1,numeric_nonpass,8.646616541353383,1.8177139919317345e-08,0.2812661260865935,0.03456221198156682,434,15,0.37988396601186003
1,numeric_nonpass,8.671679197994987,1.3150965274532454e-08,0.2850252752615992,0.03456221198156682,434,15,0.37988396601186003
1,numeric_nonpass,8.69674185463659,9.473635651817031e-09,0.2889442339937698,0.03456221198156682,434,15,0.37988396601186003
1,numeric_nonpass,8.721804511278195,6.795193469728577e-09,0.2930171511355925,0.03456221198156682,434,15,0.37988396601186003
1,numeric_nonpass,8.746867167919799,4.8530219234273e-09,0.29723671469385754,0.03456221198156682,434,15,0.37988396601186003
1,numeric_nonpass,8.771929824561402,3.4510176264882017e-09,0.30159425836196024,0.03456221198156682,434,15,0.37988396601186003
1,numeric_nonpass,8.796992481203008,2.4434635026492714e-09,0.306079895037204,0.03456221198156682,434,15,0.37988396601186003
1,numeric_nonpass,8.822055137844611,1.7226124607455545e-09,0.3106826746514941,0.03456221198156682,434,15,0.37988396601186003
1,numeric_nonpass,8.847117794486214,1.2091820476566325e-09,0.31539076237474517,0.03456221198156682,434,15,0.37988396601186003
1,numeric_nonpass,8.87218045112782,8.45118362666948e-10,0.3201916320499406,0.03456221198156682,434,15,0.37988396601186003
1,numeric_nonpass,8.897243107769423,5.881180669334174e-10,0.3250722686436453,0.03456221198156682,434,15,0.37988396601186003
1,numeric_nonpass,8.922305764411027,4.0750417656917375e-10,0.3300193725997295,0.03456221198156682,434,15,0.37988396601186003
1,numeric_nonpass,8.947368421052632,2.811380452539331e-10,0.33501955831607916,0.03456221198156682,434,15,0.37988396601186003
1,numeric_nonpass,8.972431077694235,1.931197415331077e-10,0.340059538566363,0.03456221198156682,434,15,0.37988396601186003
1,numeric_nonpass,8.997493734335839,1.3208476340546516e-10,0.3451262865950508,0.03456221198156682,434,15,0.37988396601186003
1,numeric_nonpass,9.022556390977442,8.994920002807538e-11,0.3502071678474504,0.03456221198156682,434,15,0.37988396601186003
1,numeric_nonpass,9.047619047619047,6.099018826726289e-11,0.3552900338700508,0.03456221198156682,434,15,0.37988396601186003
1,numeric_nonpass,9.072681704260651,4.11756349994416e-11,0.36036327183050426,0.03456221198156682,434,15,0.37988396601186003
1,numeric_nonpass,9.097744360902254,2.7678203474234408e-11,0.36541580434946397,0.03456221198156682,434,15,0.37988396601186003
1,numeric_nonpass,9.12280701754386,1.8524750552834333e-11,0.3704370358840918,0.03456221198156682,434,15,0.37988396601186003
1,numeric_nonpass,9.147869674185463,1.234478002387036e-11,0.3754167437191704,0.03456221198156682,434,15,0.37988396601186003
1,numeric_nonpass,9.172932330827066,8.190879059403803e-12,0.38034491365857853,0.03456221198156682,434,15,0.37988396601186003
1,numeric_nonpass,9.197994987468672,5.411199119710301e-12,0.3852115227089803,0.03456221198156682,434,15,0.37988396601186003
1,numeric_nonpass,9.223057644110275,3.5593611000204696e-12,0.3900062733410677,0.03456221198156682,434,15,0.37988396601186003
1,numeric_nonpass,9.248120300751879,2.3311263934031937e-12,0.3947182862257303,0.03456221198156682,434,15,0.37988396601186003
1,numeric_nonpass,9.273182957393484,1.5201083690306036e-12,0.39933576059119624,0.03456221198156682,434,15,0.37988396601186003
1,numeric_nonpass,9.298245614035087,9.8695640250691e-13,0.4038456134466423,0.03456221198156682,434,15,0.37988396601186003
1,numeric_nonpass,9.32330827067669,6.380222501412209e-13,0.4082331107806748,0.03456221198156682,434,15,0.37988396601186003
1,numeric_nonpass,9.348370927318296,4.106651760272377e-13,0.4124815053833901,0.03456221198156682,434,15,0.37988396601186003
1,numeric_nonpass,9.3734335839599,2.631806148883516e-13,0.41657169707679986,0.03456221198156682,434,15,0.37988396601186003
1,numeric_nonpass,9.398496240601503,1.6793208079382992e-13,0.4204819317961519,0.03456221198156682,434,15,0.37988396601186003
1,numeric_nonpass,9.423558897243108,1.0669080368751559e-13,0.4241875560810664,0.03456221198156682,434,15,0.37988396601186003
1,numeric_nonpass,9.448621553884712,6.748910267595364e-14,0.4276608430618427,0.03456221198156682,434,15,0.37988396601186003
1,numeric_nonpass,9.473684210526315,4.2506317829597834e-14,0.4308709049318826,0.03456221198156682,434,15,0.37988396601186003
1,numeric_nonpass,9.498746867167918,2.665546752534363e-14,0.43378370517177134,0.03456221198156682,434,15,0.37988396601186003
1,numeric_nonpass,9.523809523809524,1.6643012658465794e-14,0.4363621814472558,0.03456221198156682,434,15,0.37988396601186003
1,numeric_nonpass,9.548872180451127,1.034642333004585e-14,0.4385664871802248,0.03456221198156682,434,15,0.37988396601186003
1,numeric_nonpass,9.57393483709273,6.404143492843851e-15,0.44035435635289083,0.03456221198156682,434,15,0.37988396601186003
1,numeric_nonpass,9.598997493734336,3.9467919279542865e-15,0.4416815922404382,0.03456221198156682,434,15,0.37988396601186003
1,numeric_nonpass,9.62406015037594,2.4218076056739056e-15,0.4425026765905974,0.03456221198156682,434,15,0.37988396601186003
1,numeric_nonpass,9.649122807017543,1.479609623368593e-15,0.4427714914156891,0.03456221198156682,434,15,0.37988396601186003
1,numeric_nonpass,9.674185463659148,9.000499955987917e-16,0.44244214118704295,0.03456221198156682,434,15,0.37988396601186003
1,numeric_nonpass,9.699248120300751,5.451273634392382e-16,0.4414698589890958,0.03456221198156682,434,15,0.37988396601186003
1,numeric_nonpass,9.724310776942355,3.2873131879501357e-16,0.43981197627254215,0.03456221198156682,434,15,0.37988396601186003
1,numeric_nonpass,9.74937343358396,1.973766744028751e-16,0.4374289324129985,0.03456221198156682,434,15,0.37988396601186003
1,numeric_nonpass,9.774436090225564,1.1799459623966341e-16,0.43428529749492667,0.03456221198156682,434,15,0.37988396601186003
1,numeric_nonpass,9.799498746867167,7.023278027360683e-17,0.43035077974404223,0.03456221198156682,434,15,0.37988396601186003
1,numeric_nonpass,9.82456140350877,4.1622576929414895e-17,0.4256011879443069,0.03456221198156682,434,15,0.37988396601186003
1,numeric_nonpass,9.849624060150376,2.456005551572708e-17,0.4200193190850864,0.03456221198156682,434,15,0.37988396601186003
1,numeric_nonpass,9.87468671679198,1.4429155651826927e-17,0.4135957424397218,0.03456221198156682,434,15,0.37988396601186003
1,numeric_nonpass,9.899749373433583,8.440411297522272e-18,0.4063294532861033,0.03456221198156682,434,15,0.37988396601186003
1,numeric_nonpass,9.924812030075188,4.9158355557459776e-18,0.3982283725060315,0.03456221198156682,434,15,0.37988396601186003
1,numeric_nonpass,9.949874686716791,2.8506379197567625e-18,0.38930967226167124,0.03456221198156682,434,15,0.37988396601186003
1,numeric_nonpass,9.974937343358395,1.6458781454613967e-18,0.3795999127202567,0.03456221198156682,434,15,0.37988396601186003
1,numeric_nonpass,10.0,9.461590458162914e-19,0.3691349802200709,0.03456221198156682,434,15,0.37988396601186003
1,pass,0.0,8.90497457542229e-87,0.0038804388303759515,0.9654377880184332,434,419,0.37988396601186003
1,pass,0.02506265664160401,3.2688538903398084e-86,0.004021267523308146,0.9654377880184332,434,419,0.37988396601186003
1,pass,0.05012531328320802,1.1947265174887507e-85,0.004159033050534012,0.9654377880184332,434,419,0.37988396601186003
1,pass,0.07518796992481203,4.34762096851532e-85,0.004293337623636684,0.9654377880184332,434,419,0.37988396601186003
1,pass,0.10025062656641603,1.5752338386320295e-84,0.004423773038748476,0.9654377880184332,434,419,0.37988396601186003
1,pass,0.12531328320802004,5.682619613362268e-84,0.004549913322477515,0.9654377880184332,434,419,0.37988396601186003
1,pass,0.15037593984962405,2.041090888302736e-83,0.004671307761566449,0.9654377880184332,434,419,0.37988396601186003
1,pass,0.17543859649122806,7.2993857608448e-83,0.0047874747863380215,0.9654377880184332,434,419,0.37988396601186003
1,pass,0.20050125313283207,2.5990851726857354e-82,0.004897897164774331,0.9654377880184332,434,419,0.37988396601186003
1,pass,0.22556390977443608,9.214355008590863e-82,0.005002018928033917,0.9654377880184332,434,419,0.37988396601186003
1,pass,0.2506265664160401,3.252517281843617e-81,0.005099244390171448,0.9654377880184332,434,419,0.37988396601186003
1,pass,0.2756892230576441,1.1431008251773931e-80,0.005188939546776069,0.9654377880184332,434,419,0.37988396601186003
1,pass,0.3007518796992481,3.9999975676313606e-80,0.005270436042250695,0.9654377880184332,434,419,0.37988396601186003
1,pass,0.3258145363408521,1.3936226308846948e-79,0.005343037787524431,0.9654377880184332,434,419,0.37988396601186003
1,pass,0.3508771929824561,4.8343817049221733e-79,0.00540603019388685,0.9654377880184332,434,419,0.37988396601186003
1,pass,0.37593984962406013,1.6697328083641938e-78,0.005458691869641283,0.9654377880184332,434,419,0.37988396601186003
1,pass,0.40100250626566414,5.742001875147801e-78,0.005500308509934615,0.9654377880184332,434,419,0.37988396601186003
1,pass,0.42606516290726815,1.9660293499998207e-77,0.00553018860194524,0.9654377880184332,434,419,0.37988396601186003
1,pass,0.45112781954887216,6.702348298465605e-77,0.005547680472798286,0.9654377880184332,434,419,0.37988396601186003
1,pass,0.47619047619047616,2.2749629571384947e-76,0.005552190130744824,0.9654377880184332,434,419,0.37988396601186003
1,pass,0.5012531328320802,7.688330046208126e-76,0.005543199295084679,0.9654377880184332,434,419,0.37988396601186003
1,pass,0.5263157894736842,2.5870217027166914e-75,0.005520282979808831,0.9654377880184332,434,419,0.37988396601186003
1,pass,0.5513784461152882,8.667193694763264e-75,0.005483125991606997,0.9654377880184332,434,419,0.37988396601186003
1,pass,0.5764411027568922,2.8911280130081718e-74,0.0054315377251125015,0.9654377880184332,434,419,0.37988396601186003
1,pass,0.6015037593984962,9.602107041512542e-74,0.005365464686173702,0.9654377880184332,434,419,0.37988396601186003
1,pass,0.6265664160401002,3.175237237972073e-73,0.005285000245487284,0.9654377880184332,434,419,0.37988396601186003
1,pass,0.6516290726817042,1.0454330924019775e-72,0.00519039121696064,0.9654377880184332,434,419,0.37988396601186003
1,pass,0.6766917293233082,3.4270997766388615e-72,0.005082040963634024,0.9654377880184332,434,419,0.37988396601186003
1,pass,0.7017543859649122,1.118581697638601e-71,0.0049605088541362875,0.9654377880184332,434,419,0.37988396601186003
1,pass,0.7268170426065163,3.635123233255755e-71,0.004826506019265695,0.9654377880184332,434,419,0.37988396601186003
1,pass,0.7518796992481203,1.1761996628600828e-70,0.004680887485983861,0.9654377880184332,434,419,0.37988396601186003
1,pass,0.7769423558897243,3.7892517529869544e-70,0.004524640889563829,0.9654377880184332,434,419,0.37988396601186003
1,pass,0.8020050125313283,1.2154479957629535e-69,0.0043588720788461065,0.9654377880184332,434,419,0.37988396601186003
1,pass,0.8270676691729323,3.8817702777937135e-69,0.004184788030085842,0.9654377880184332,434,419,0.37988396601186003
1,pass,0.8521303258145363,1.234337209157291e-68,0.004003677568020678,0.9654377880184332,434,419,0.37988396601186003
1,pass,0.8771929824561403,3.9079443371714435e-68,0.003816890455742676,0.9654377880184332,434,419,0.37988396601186003
1,pass,0.9022556390977443,1.2318944275209363e-67,0.003625815455893791,0.9654377880184332,434,419,0.37988396601186003
1,pass,0.9273182957393483,3.8664215387786634e-67,0.0034318579838234042,0.9654377880184332,434,419,0.37988396601186003
1,pass,0.9523809523809523,1.2082464223672448e-66,0.0032364179688625905,0.9654377880184332,434,419,0.37988396601186003
1,pass,0.9774436090225563,3.7593473644187114e-66,0.0030408685139491783,0.9654377880184332,434,419,0.37988396601186003
1,pass,1.0025062656641603,1.1646087109297317e-65,0.0028465358984925203,0.9654377880184332,434,419,0.37988396601186003
1,pass,1.0275689223057642,3.592181469722669e-65,0.0026546814073140474,0.9654377880184332,434,419,0.37988396601186003
1,pass,1.0526315789473684,1.1031820229659568e-64,0.0024664853929932647,0.9654377880184332,434,419,0.37988396601186003
1,pass,1.0776942355889725,3.3732363817745785e-64,0.0022830338935966982,0.9654377880184332,434,419,0.37988396601186003
1,pass,1.1027568922305764,1.026968411146379e-63,0.0021053080363427758,0.9654377880184332,434,419,0.37988396601186003
1,pass,1.1278195488721803,3.1129928489241054e-63,0.0019341763640147534,0.9654377880184332,434,419,0.37988396601186003
1,pass,1.1528822055137844,9.395283905202637e-63,0.0017703901284461194,0.9654377880184332,434,419,0.37988396601186003
1,pass,1.1779448621553885,2.823270299981361e-62,0.0016145815074056313,0.9654377880184332,434,419,0.37988396601186003
1,pass,1.2030075187969924,8.447064236859997e-62,0.0014672646204889038,0.9654377880184332,434,419,0.37988396601186003
1,pass,1.2280701754385963,2.516343585051322e-61,0.0013288391484302996,0.9654377880184332,434,419,0.37988396601186003
1,pass,1.2531328320802004,7.46354076447442e-61,0.0011995963002449672,0.9654377880184332,434,419,0.37988396601186003
1,pass,1.2781954887218046,2.204097109771058e-60,0.0010797268248525,0.9654377880184332,434,419,0.37988396601186003
1,pass,1.3032581453634084,6.480781935702272e-60,0.0009693307287859545,0.9654377880184332,434,419,0.37988396601186003
1,pass,1.3283208020050123,1.8972955200270009e-59,0.0008684283391691696,0.9654377880184332,434,419,0.37988396601186003
1,pass,1.3533834586466165,5.530360789161618e-59,0.0007769723407851574,0.9654377880184332,434,419,0.37988396601186003
1,pass,1.3784461152882206,1.6050289904544873e-58,0.0006948604167936008,0.9654377880184332,434,419,0.37988396601186003
1,pass,1.4035087719298245,4.6379200003762236e-58,0.0006219481332169439,0.9654377880184332,434,419,0.37988396601186003
1,pass,1.4285714285714284,1.3343648827191533e-57,0.0005580617262288098,0.9654377880184332,434,419,0.37988396601186003
1,pass,1.4536340852130325,3.8224072533473984e-57,0.0005030104769665139,0.9654377880184332,434,419,0.37988396601186003
1,pass,1.4786967418546366,1.0902104361681758e-56,0.00045659838945853287,0.9654377880184332,434,419,0.37988396601186003
1,pass,1.5037593984962405,3.095955885312489e-56,0.0004186349217821333,0.9654377880184332,434,419,0.37988396601186003
1,pass,1.5288220551378444,8.75367195466875e-56,0.0003889445573525456,0.9654377880184332,434,419,0.37988396601186003
1,pass,1.5538847117794485,2.4643186909241682e-55,0.000367375041080804,0.9654377880184332,434,419,0.37988396601186003
1,pass,1.5789473684210527,6.907399907758015e-55,0.00035380414302146873,0.9654377880184332,434,419,0.37988396601186003
1,pass,1.6040100250626566,1.927717907691053e-54,0.00034814484928605066,0.9654377880184332,434,419,0.37988396601186003
1,pass,1.6290726817042605,5.356530001000994e-54,0.0003503489158633646,0.9654377880184332,434,419,0.37988396601186003
1,pass,1.6541353383458646,1.4819542861451102e-53,0.0003604087552032444,0.9654377880184332,434,419,0.37988396601186003
1,pass,1.6791979949874687,4.0822284578719505e-53,0.000378357657791083,0.9654377880184332,434,419,0.37988396601186003
1,pass,1.7042606516290726,1.1196210784094976e-52,0.0004042683814009,0.9654377880184332,434,419,0.37988396601186003
1,pass,1.7293233082706765,3.057427139068195e-52,0.00043825016928049647,0.9654377880184332,434,419,0.37988396601186003
1,pass,1.7543859649122806,8.312898650002472e-52,0.0004804442852481843,0.9654377880184332,434,419,0.37988396601186003
1,pass,1.7794486215538847,2.2504025125205988e-51,0.000531018178617184,0.9654377880184332,434,419,0.37988396601186003
1,pass,1.8045112781954886,6.065677299528465e-51,0.0005901584150218785,0.9654377880184332,434,419,0.37988396601186003
1,pass,1.8295739348370925,1.6278328537599215e-50,0.0006580625305437431,0.9654377880184332,434,419,0.37988396601186003
1,pass,1.8546365914786966,4.349624423961917e-50,0.0007349299858847263,0.9654377880184332,434,419,0.37988396601186003
1,pass,1.8796992481203008,1.1571913574975122e-49,0.0008209524144846993,0.9654377880184332,434,419,0.37988396601186003
1,pass,1.9047619047619047,3.065279709541512e-49,0.000916303373118341,0.9654377880184332,434,419,0.37988396601186003
1,pass,1.9298245614035086,8.084377390168013e-49,0.0010211278152622023,0.9654377880184332,434,419,0.37988396601186003
1,pass,1.9548872180451127,2.1229248484880287e-48,0.0011355315159836542,0.9654377880184332,434,419,0.37988396601186003
1,pass,1.9799498746867168,5.55052764166157e-48,0.0012595706818540062,0.9654377880184332,434,419,0.37988396601186003
1,pass,2.0050125313283207,1.4449258542597995e-47,0.001393241980044209,0.9654377880184332,434,419,0.37988396601186003
1,pass,2.0300751879699246,3.745144104172303e-47,0.0015364732170083271,0.9654377880184332,434,419,0.37988396601186003
1,pass,2.0551378446115285,9.66503028187212e-47,0.0016891148887861359,0.9654377880184332,434,419,0.37988396601186003
1,pass,2.080200501253133,2.4834170445692937e-46,0.001850932811883056,0.9654377880184332,434,419,0.37988396601186003
1,pass,2.1052631578947367,6.353424686505815e-46,0.0020216020259871295,0.9654377880184332,434,419,0.37988396601186003
1,pass,2.1303258145363406,1.618370463450726e-45,0.002200702137696039,0.9654377880184332,434,419,0.37988396601186003
1,pass,2.155388471177945,4.1044963065045185e-45,0.002387714248350534,0.9654377880184332,434,419,0.37988396601186003
1,pass,2.180451127819549,1.0364627610054274e-44,0.0025820195795517387,0.9654377880184332,434,419,0.37988396601186003
1,pass,2.2055137844611528,2.605910440016208e-44,0.002782899877650958,0.9654377880184332,434,419,0.37988396601186003
1,pass,2.2305764411027567,6.523448816983054e-44,0.0029895396442071896,0.9654377880184332,434,419,0.37988396601186003
1,pass,2.2556390977443606,1.6259495485605188e-43,0.0032010302039295908,0.9654377880184332,434,419,0.37988396601186003
1,pass,2.280701754385965,4.035050259906108e-43,0.0034163755857917802,0.9654377880184332,434,419,0.37988396601186003
1,pass,2.305764411027569,9.970178913307903e-43,0.0036345001576264294,0.9654377880184332,434,419,0.37988396601186003
1,pass,2.3308270676691727,2.452839436405199e-42,0.0038542579203212483,0.9654377880184332,434,419,0.37988396601186003
1,pass,2.355889724310777,6.00824314237893e-42,0.004074443335385663,0.9654377880184332,434,419,0.37988396601186003
1,pass,2.380952380952381,1.4653390941245047e-41,0.0042938035296724904,0.9654377880184332,434,419,0.37988396601186003
1,pass,2.406015037593985,3.558287856853041e-41,0.004511051693830617,0.9654377880184332,434,419,0.37988396601186003
1,pass,2.4310776942355887,8.603127797401954e-41,0.004724881466926944,0.9654377880184332,434,419,0.37988396601186003
1,pass,2.4561403508771926,2.0710189514833333e-40,0.00493398207880437,0.9654377880184332,434,419,0.37988396601186003
1,pass,2.481203007518797,4.963913730991464e-40,0.005137054004260053,0.9654377880184332,434,419,0.37988396601186003
1,pass,2.506265664160401,1.1846140575781869e-39,0.005332824869120169,0.9654377880184332,434,419,0.37988396601186003
1,pass,2.5313283208020048,2.814764699928997e-39,0.005520065337838121,0.9654377880184332,434,419,0.37988396601186003
1,pass,2.556390977443609,6.659167211213691e-39,0.005697604705471028,0.9654377880184332,434,419,0.37988396601186003
1,pass,2.581453634085213,1.5685934932278362e-38,0.005864345913977791,0.9654377880184332,434,419,0.37988396601186003
1,pass,2.606516290726817,3.6788630280131367e-38,0.00601927971399588,0.9654377880184332,434,419,0.37988396601186003
1,pass,2.631578947368421,8.590720796806125e-38,0.006161497698946928,0.9654377880184332,434,419,0.37988396601186003
1,pass,2.6566416040100247,1.997369550837002e-37,0.006290203948921877,0.9654377880184332,434,419,0.37988396601186003
1,pass,2.681704260651629,4.6238116900763066e-37,0.006404725037779727,0.9654377880184332,434,419,0.37988396601186003
1,pass,2.706766917293233,1.0657486852075759e-36,0.006504518178734304,0.9654377880184332,434,419,0.37988396601186003
1,pass,2.731829573934837,2.445808707136234e-36,0.006589177311814173,0.9654377880184332,434,419,0.37988396601186003
1,pass,2.756892230576441,5.5886028084683936e-36,0.006658436971242562,0.9654377880184332,434,419,0.37988396601186003
1,pass,2.781954887218045,1.2714437252236624e-35,0.006712173812070129,0.9654377880184332,434,419,0.37988396601186003
1,pass,2.807017543859649,2.880077976012925e-35,0.006750405723096026,0.9654377880184332,434,419,0.37988396601186003
1,pass,2.832080200501253,6.495679982107118e-35,0.006773288506679908,0.9654377880184332,434,419,0.37988396601186003
1,pass,2.8571428571428568,1.4586743090952336e-34,0.006781110164537507,0.9654377880184332,434,419,0.37988396601186003
1,pass,2.882205513784461,3.261410423689666e-34,0.006774282890669016,0.9654377880184332,434,419,0.37988396601186003
1,pass,2.907268170426065,7.260492039269842e-34,0.006753332936429653,0.9654377880184332,434,419,0.37988396601186003
1,pass,2.932330827067669,1.609311822164021e-33,0.006718888576281698,0.9654377880184332,434,419,0.37988396601186003
1,pass,2.9573934837092732,3.5516320975695955e-33,0.006671666463533444,0.9654377880184332,434,419,0.37988396601186003
1,pass,2.982456140350877,7.804218854044555e-33,0.006612456720741313,0.9654377880184332,434,419,0.37988396601186003
1,pass,3.007518796992481,1.707436969405652e-32,0.006542107156724216,0.9654377880184332,434,419,0.37988396601186003
1,pass,3.032581453634085,3.7194075810155916e-32,0.006461507038691229,0.9654377880184332,434,419,0.37988396601186003
1,pass,3.057644110275689,8.067087976898837e-32,0.006371570871427864,0.9654377880184332,434,419,0.37988396601186003
1,pass,3.082706766917293,1.7421029864826886e-31,0.006273222643836031,0.9654377880184332,434,419,0.37988396601186003
1,pass,3.107769423558897,3.7458031496274624e-31,0.006167380994938772,0.9654377880184332,434,419,0.37988396601186003
1,pass,3.132832080200501,8.019185377732481e-31,0.006054945725982567,0.9654377880184332,434,419,0.37988396601186003
1,pass,3.1578947368421053,1.7093453660186106e-30,0.005936786042512196,0.9654377880184332,434,419,0.37988396601186003
1,pass,3.182957393483709,3.627803335699385e-30,0.0058137308511036195,0.9654377880184332,434,419,0.37988396601186003
1,pass,3.208020050125313,7.666057865531551e-30,0.005686561361512625,0.9654377880184332,434,419,0.37988396601186003
1,pass,3.233082706766917,1.612928003903563e-29,0.00555600615883114,0.9654377880184332,434,419,0.37988396601186003
1,pass,3.258145363408521,3.3788778865216495e-29,0.005422738815059984,0.9654377880184332,434,419,0.37988396601186003
1,pass,3.2832080200501252,7.047656542425059e-29,0.005287378009114772,0.9654377880184332,434,419,0.37988396601186003
1,pass,3.308270676691729,1.4636316203499064e-28,0.005150490022904114,0.9654377880184332,434,419,0.37988396601186003
1,pass,3.333333333333333,3.026451736726214e-28,0.005012593383192792,0.9654377880184332,434,419,0.37988396601186003
1,pass,3.3583959899749374,6.230899406403795e-28,0.004874165328916087,0.9654377880184332,434,419,0.37988396601186003
1,pass,3.3834586466165413,1.2772704039242333e-27,0.004735649705638971,0.9654377880184332,434,419,0.37988396601186003
1,pass,3.408521303258145,2.6069348979516452e-27,0.004597465826696479,0.9654377880184332,434,419,0.37988396601186003
1,pass,3.433583959899749,5.2977670526800656e-27,0.0044600177972985424,0.9654377880184332,434,419,0.37988396601186003
1,pass,3.458646616541353,1.0719412317707365e-26,0.004323703775804881,0.9654377880184332,434,419,0.37988396601186003
1,pass,3.4837092731829573,2.159556907627541e-26,0.00418892464680267,0.9654377880184332,434,419,0.37988396601186003
1,pass,3.508771929824561,4.3318559187244395e-26,0.004056091603863796,0.9654377880184332,434,419,0.37988396601186003
1,pass,3.533834586466165,8.65165404252504e-26,0.003925632185191345,0.9654377880184332,434,419,0.37988396601186003
1,pass,3.5588972431077694,1.7204426405819175e-25,0.003797994371050802,0.9654377880184332,434,419,0.37988396601186003
1,pass,3.5839598997493733,3.4064128718903946e-25,0.0036736484352567337,0.9654377880184332,434,419,0.37988396601186003
1,pass,3.6090225563909772,6.715379061832857e-25,0.0035530863405887187,0.9654377880184332,434,419,0.37988396601186003
1,pass,3.634085213032581,1.3181355324893778e-24,0.0034368185757454556,0.9654377880184332,434,419,0.37988396601186003
1,pass,3.659147869674185,2.5761195973480547e-24,0.003325368444776534,0.9654377880184332,434,419,0.37988396601186003
1,pass,3.6842105263157894,5.012894084343358e-24,0.003219263934091494,0.9654377880184332,434,419,0.37988396601186003
1,pass,3.7092731829573933,9.712426067654573e-24,0.003119027392354241,0.9654377880184332,434,419,0.37988396601186003
1,pass,3.734335839598997,1.8736296620665864e-23,0.0030251633602441626,0.9654377880184332,434,419,0.37988396601186003
1,pass,3.7593984962406015,3.598792061777985e-23,0.0029381449760115734,0.9654377880184332,434,419,0.37988396601186003
1,pass,3.7844611528822054,6.882510364909135e-23,0.0028583994553471313,0.9654377880184332,434,419,0.37988396601186003
1,pass,3.8095238095238093,1.3105520187859013e-22,0.0027862931974010135,0.9654377880184332,434,419,0.37988396601186003
1,pass,3.834586466165413,2.4847292697048835e-22,0.002722117100717767,0.9654377880184332,434,419,0.37988396601186003
1,pass,3.859649122807017,4.690525131881402e-22,0.0026660726821663926,0.9654377880184332,434,419,0.37988396601186003
1,pass,3.8847117794486214,8.816203332054133e-22,0.0026182595783216293,0.9654377880184332,434,419,0.37988396601186003
1,pass,3.9097744360902253,1.6499076337563787e-21,0.002578664972771707,0.9654377880184332,434,419,0.37988396601186003
1,pass,3.9348370927318292,3.0743671918107965e-21,0.0025471554359290842,0.9654377880184332,434,419,0.37988396601186003
1,pass,3.9598997493734336,5.703876117069441e-21,0.0025234715883279213,0.9654377880184332,434,419,0.37988396601186003
1,pass,3.9849624060150375,1.0536657184147059e-20,0.002507225907013264,0.9654377880184332,434,419,0.37988396601186003
1,pass,4.010025062656641,1.9380019694555945e-20,0.0024979038909334074,0.9654377880184332,434,419,0.37988396601186003
1,pass,4.035087719298246,3.549150042598054e-20,0.002494868689134206,0.9654377880184332,434,419,0.37988396601186003
1,pass,4.060150375939849,6.471626965112542e-20,0.002497369179193359,0.9654377880184332,434,419,0.37988396601186003
1,pass,4.0852130325814535,1.1749564106952036e-19,0.0025045513670162306,0.9654377880184332,434,419,0.37988396601186003
1,pass,4.110275689223057,2.1239749728618737e-19,0.002515472867099209,0.9654377880184332,434,419,0.37988396601186003
1,pass,4.135338345864661,3.8229322178304246e-19,0.0025291201187218853,0.9654377880184332,434,419,0.37988396601186003
1,pass,4.160401002506266,6.85115149121228e-19,0.0025444279019931765,0.9654377880184332,434,419,0.37988396601186003
1,pass,4.185463659147869,1.2225046665882081e-18,0.002560300641523666,0.9654377880184332,434,419,0.37988396601186003
1,pass,4.2105263157894735,2.1719892932075514e-18,0.0025756349274211137,0.9654377880184332,434,419,0.37988396601186003
1,pass,4.235588972431078,3.842246792929877e-18,0.0025893426453268893,0.9654377880184332,434,419,0.37988396601186003
1,pass,4.260651629072681,6.7675813340315995e-18,0.002600374090596502,0.9654377880184332,434,419,0.37988396601186003
1,pass,4.285714285714286,1.1868684774314214e-17,0.002607740446948218,0.9654377880184332,434,419,0.37988396601186003
1,pass,4.31077694235589,2.0724918478170386e-17,0.0026105350366137764,0.9654377880184332,434,419,0.37988396601186003
1,pass,4.335839598997493,3.6033333091791866e-17,0.0026079527960701583,0.9654377880184332,434,419,0.37988396601186003
1,pass,4.360902255639098,6.237889303508214e-17,0.002599307496889469,0.9654377880184332,434,419,0.37988396601186003
1,pass,4.385964912280701,1.0752087032046624e-16,0.0025840463124947783,0.9654377880184332,434,419,0.37988396601186003
1,pass,4.4110275689223055,1.8453129260388196e-16,0.0025617614254316965,0.9654377880184332,434,419,0.37988396601186003
1,pass,4.43609022556391,3.153331969512971e-16,0.002532198472457499,0.9654377880184332,434,419,0.37988396601186003
1,pass,4.461152882205513,5.365275901587371e-16,0.0024952617322740894,0.9654377880184332,434,419,0.37988396601186003
1,pass,4.486215538847118,9.089445878435924e-16,0.0024510160688715355,0.9654377880184332,434,419,0.37988396601186003
1,pass,4.511278195488721,1.5332254947038905e-15,0.002399685747976571,0.9654377880184332,434,419,0.37988396601186003
1,pass,4.5363408521303255,2.575124516498516e-15,0.0023416503409433697,0.9654377880184332,434,419,0.37988396601186003
1,pass,4.56140350877193,4.306399553315799e-15,0.002277438015830939,0.9654377880184332,434,419,0.37988396601186003
1,pass,4.586466165413533,7.17058543118415e-15,0.002207716586102939,0.9654377880184332,434,419,0.37988396601186003
1,pass,4.611528822055138,1.1888291290807354e-14,0.002133282740687635,0.9654377880184332,434,419,0.37988396601186003
1,pass,4.636591478696742,1.9624975667579596e-14,0.002055049913086716,0.9654377880184332,434,419,0.37988396601186003
1,pass,4.661654135338345,3.225700385828321e-14,0.001974035260653206,0.9654377880184332,434,419,0.37988396601186003
1,pass,4.68671679197995,5.279155919714841e-14,0.001891346217742082,0.9654377880184332,434,419,0.37988396601186003
1,pass,4.711779448621554,8.602622767075427e-14,0.0018081670586966886,0.9654377880184332,434,419,0.37988396601186003
1,pass,4.7368421052631575,1.3958012078934258e-13,0.0017257458599268217,0.9654377880184332,434,419,0.37988396601186003
1,pass,4.761904761904762,2.2549813024223166e-13,0.0016453821867985238,0.9654377880184332,434,419,0.37988396601186003
1,pass,4.786967418546365,3.6273494800681647e-13,0.0015684157535273192,0.9654377880184332,434,419,0.37988396601186003
1,pass,4.81203007518797,5.809828871643564e-13,0.0014962162161735878,0.9654377880184332,434,419,0.37988396601186003
1,pass,4.837092731829574,9.26542156515652e-13,0.0014301741640723735,0.9654377880184332,434,419,0.37988396601186003
1,pass,4.8621553884711775,1.4712800978378818e-12,0.0013716932778000126,0.9654377880184332,434,419,0.37988396601186003
1,pass,4.887218045112782,2.3262388871566265e-12,0.0013221835264630142,0.9654377880184332,434,419,0.37988396601186003
1,pass,4.912280701754385,3.662203661495963e-12,0.0012830551880719978,0.9654377880184332,434,419,0.37988396601186003
1,pass,4.93734335839599,5.740640780540115e-12,0.0012557133982634174,0.9654377880184332,434,419,0.37988396601186003
1,pass,4.962406015037594,8.960008706101314e-12,0.001241552868573093,0.9654377880184332,434,419,0.37988396601186003
1,pass,4.987468671679197,1.3924742364424629e-11,0.0012419523693093415,0.9654377880184332,434,419,0.37988396601186003
1,pass,5.012531328320802,2.1547510163774594e-11,0.0012582685466880018,0.9654377880184332,434,419,0.37988396601186003
1,pass,5.037593984962406,3.320004983306632e-11,0.0012918286414291748,0.9654377880184332,434,419,0.37988396601186003
1,pass,5.0626566416040095,5.0934569016902395e-11,0.0013439216978091697,0.9654377880184332,434,419,0.37988396601186003
1,pass,5.087719298245614,7.780712252337904e-11,0.0014157878986402728,0.9654377880184332,434,419,0.37988396601186003
1,pass,5.112781954887218,1.1834760372994142e-10,0.001508605732280802,0.9654377880184332,434,419,0.37988396601186003
1,pass,5.137844611528822,1.7923943822881306e-10,0.00162347679102537,0.9654377880184332,434,419,0.37988396601186003
1,pass,5.162907268170426,2.7029765868035917e-10,0.0017614081135539988,0.9654377880184332,434,419,0.37988396601186003
1,pass,5.1879699248120295,4.0586932704819826e-10,0.001923292114017138,0.9654377880184332,434,419,0.37988396601186003
1,pass,5.213032581453634,6.068286407589307e-10,0.0021098842823789325,0.9654377880184332,434,419,0.37988396601186003
1,pass,5.238095238095238,9.034049681505245e-10,0.0023217789895989332,0.9654377880184332,434,419,0.37988396601186003
1,pass,5.263157894736842,1.339171323206662e-09,0.0025593838812005723,0.9654377880184332,434,419,0.37988396601186003
1,pass,5.288220551378446,1.9766409480657604e-09,0.0028228934873589778,0.9654377880184332,434,419,0.37988396601186003
1,pass,5.313283208020049,2.905080415333067e-09,0.0031122628101754816,0.9654377880184332,434,419,0.37988396601186003
1,pass,5.338345864661654,4.251361349472099e-09,0.0034271817626037007,0.9654377880184332,434,419,0.37988396601186003
1,pass,5.363408521303258,6.194955125984863e-09,0.0037670514221172092,0.9654377880184332,434,419,0.37988396601186003
1,pass,5.3884711779448615,8.988545330368992e-09,0.004130963119779628,0.9654377880184332,434,419,0.37988396601186003
1,pass,5.413533834586466,1.2986215683142756e-08,0.00451768140685834,0.9654377880184332,434,419,0.37988396601186003
1,pass,5.43859649122807,1.8681796507496756e-08,0.00492563192262277,0.9654377880184332,434,419,0.37988396601186003
1,pass,5.463659147869674,2.6760757108290663e-08,0.005352895126008414,0.9654377880184332,434,419,0.37988396601186003
1,pass,5.488721804511278,3.817005860461263e-08,0.005797206749569883,0.9654377880184332,434,419,0.37988396601186003
1,pass,5.513784461152882,5.4211684189955286e-08,0.006255965687569283,0.9654377880184332,434,419,0.37988396601186003
1,pass,5.538847117794486,7.66672031266015e-08,0.00672624984404728,0.9654377880184332,434,419,0.37988396601186003
1,pass,5.56390977443609,1.0796277259211587e-07,0.007204840246135878,0.9654377880184332,434,419,0.37988396601186003
1,pass,5.588972431077694,1.5138651967485575e-07,0.007688253479394424,0.9654377880184332,434,419,0.37988396601186003
1,pass,5.614035087719298,2.1137336649403382e-07,0.008172782233974898,0.9654377880184332,434,419,0.37988396601186003
1,pass,5.639097744360902,2.9387616628354475e-07,0.008654543472764214,0.9654377880184332,434,419,0.37988396601186003
1,pass,5.664160401002506,4.0684661704669897e-07,0.009129533456195167,0.9654377880184332,434,419,0.37988396601186003
1,pass,5.68922305764411,5.608549272257986e-07,0.009593688594671797,0.9654377880184332,434,419,0.37988396601186003
1,pass,5.7142857142857135,7.698837414318102e-07,0.01004295086016096,0.9654377880184332,434,419,0.37988396601186003
1,pass,5.739348370927318,1.0523395063612545e-06,0.010473336284692866,0.9654377880184332,434,419,0.37988396601186003
1,pass,5.764411027568922,1.4323333689509266e-06,0.010881004915561815,0.9654377880184332,434,419,0.37988396601186003
1,pass,5.789473684210526,1.941293931118606e-06,0.011262330493713795,0.9654377880184332,434,419,0.37988396601186003
1,pass,5.81453634085213,2.619985786039321e-06,0.01161396807995501,0.9654377880184332,434,419,0.37988396601186003
1,pass,5.839598997493734,3.521020730977516e-06,0.011932917877637153,0.9654377880184332,434,419,0.37988396601186003
1,pass,5.864661654135338,4.711962829091966e-06,0.012216583592089034,0.9654377880184332,434,419,0.37988396601186003
1,pass,5.889724310776942,6.279143933160297e-06,0.012462823825092211,0.9654377880184332,434,419,0.37988396601186003
1,pass,5.9147869674185465,8.332322641065534e-06,0.012669995223013382,0.9654377880184332,434,419,0.37988396601186003
1,pass,5.93984962406015,1.1010336555126898e-05,0.012836986372809148,0.9654377880184332,434,419,0.37988396601186003
1,pass,5.964912280701754,1.4487914647786863e-05,0.01296324176136775,0.9654377880184332,434,419,0.37988396601186003
1,pass,5.989974937343358,1.8983832810717338e-05,0.01304877546861777,0.9654377880184332,434,419,0.37988396601186003
1,pass,6.015037593984962,2.4770610414013594e-05,0.013094174639772343,0.9654377880184332,434,419,0.37988396601186003
1,pass,6.040100250626566,3.218595785927573e-05,0.013100593161997073,0.9654377880184332,434,419,0.37988396601186003
1,pass,6.06516290726817,4.164619340263769e-05,0.01306973634008273,0.9654377880184332,434,419,0.37988396601186003
1,pass,6.090225563909774,5.3661850476779185e-05,0.013003837708810258,0.9654377880184332,434,419,0.37988396601186003
1,pass,6.115288220551378,6.885569269339852e-05,0.012905629421769886,0.9654377880184332,434,419,0.37988396601186003
1,pass,6.140350877192982,8.798334084125609e-05,0.012778307903941372,0.9654377880184332,434,419,0.37988396601186003
1,pass,6.165413533834586,0.00011195669258141127,0.012625496636783447,0.9654377880184332,434,419,0.37988396601186003
1,pass,6.19047619047619,0.00014187027920891697,0.012451208050749802,0.9654377880184332,434,419,0.37988396601186003
1,pass,6.215538847117794,0.00017903065287048616,0.01225980652466833,0.9654377880184332,434,419,0.37988396601186003
1,pass,6.2406015037593985,0.0002249888302236171,0.012055974430961043,0.9654377880184332,434,419,0.37988396601186003
1,pass,6.265664160401002,0.0002815757331971595,0.01184468302010104,0.9654377880184332,434,419,0.37988396601186003
1,pass,6.290726817042606,0.0003509404631948644,0.011631169710055416,0.9654377880184332,434,419,0.37988396601186003
1,pass,6.315789473684211,0.0004355911212861961,0.011420923042895605,0.9654377880184332,434,419,0.37988396601186003
1,pass,6.340852130325814,0.0005384377439196806,0.011219676200296068,0.9654377880184332,434,419,0.37988396601186003
1,pass,6.365914786967418,0.0006628367626596503,0.011033409543897156,0.9654377880184332,434,419,0.37988396601186003
1,pass,6.390977443609022,0.0008126362196501077,0.010868362179292988,0.9654377880184332,434,419,0.37988396601186003
1,pass,6.416040100250626,0.0009922207814223366,0.010731052049317147,0.9654377880184332,434,419,0.37988396601186003
1,pass,6.4411027568922306,0.0012065553970671329,0.010628303560256456,0.9654377880184332,434,419,0.37988396601186003
1,pass,6.466165413533834,0.0014612262488300231,0.01056728125137758,0.9654377880184332,434,419,0.37988396601186003
1,pass,6.491228070175438,0.0017624774513463049,0.010555527551801882,0.9654377880184332,434,419,0.37988396601186003
1,pass,6.516290726817042,0.002117241778761187,0.010601002247258311,0.9654377880184332,434,419,0.37988396601186003
1,pass,6.541353383458646,0.0025331635467162046,0.01071212091989169,0.9654377880184332,434,419,0.37988396601186003
1,pass,6.5664160401002505,0.0030186116592849166,0.010897789343296407,0.9654377880184332,434,419,0.37988396601186003
1,pass,6.591478696741854,0.0035826807605348412,0.011167430626879358,0.9654377880184332,434,419,0.37988396601186003
1,pass,6.616541353383458,0.004235178417610961,0.011531001821072012,0.9654377880184332,434,419,0.37988396601186003
1,pass,6.641604010025063,0.0049865963176905365,0.011998996727838399,0.9654377880184332,434,419,0.37988396601186003
1,pass,6.666666666666666,0.005848063594331236,0.012582431816443264,0.9654377880184332,434,419,0.37988396601186003
1,pass,6.69172932330827,0.0068312806173285055,0.013292812426266579,0.9654377880184332,434,419,0.37988396601186003
1,pass,6.716791979949875,0.007948431889479515,0.01414207684654809,0.9654377880184332,434,419,0.37988396601186003
1,pass,6.741854636591478,0.009212077095803206,0.01514251639322186,0.9654377880184332,434,419,0.37988396601186003
1,pass,6.7669172932330826,0.010635019844302611,0.01630667024703935,0.9654377880184332,434,419,0.37988396601186003
1,pass,6.791979949874686,0.012230154216650245,0.017647194562103796,0.9654377880184332,434,419,0.37988396601186003
1,pass,6.81704260651629,0.014010289902125873,0.019176706182394185,0.9654377880184332,434,419,0.37988396601186003
1,pass,6.842105263157895,0.015987957403998644,0.02090760219414499,0.9654377880184332,434,419,0.37988396601186003
1,pass,6.867167919799498,0.018175195565048534,0.02285185746837081,0.9654377880184332,434,419,0.37988396601186003
1,pass,6.8922305764411025,0.020583324434534603,0.02502080328118052,0.9654377880184332,434,419,0.37988396601186003
1,pass,6.917293233082706,0.023222707265472268,0.027424891007873296,0.9654377880184332,434,419,0.37988396601186003
1,pass,6.94235588972431,0.026102506158586735,0.030073445736395425,0.9654377880184332,434,419,0.37988396601186003
1,pass,6.967418546365915,0.029230436526027404,0.03297441540212819,0.9654377880184332,434,419,0.37988396601186003
1,pass,6.992481203007518,0.032612526101704245,0.03613412167539386,0.9654377880184332,434,419,0.37988396601186003
1,pass,7.017543859649122,0.03625288464476698,0.03955701930375033,0.9654377880184332,434,419,0.37988396601186003
1,pass,7.042606516290727,0.04015349073971069,0.04324547089489594,0.9654377880184332,434,419,0.37988396601186003
1,pass,7.06766917293233,0.04431400216640774,0.04719954419962058,0.9654377880184332,434,419,0.37988396601186003
1,pass,7.0927318295739346,0.04873159617722905,0.051416838800897216,0.9654377880184332,434,419,0.37988396601186003
1,pass,7.117794486215539,0.0534008456645502,0.05589234872571045,0.9654377880184332,434,419,0.37988396601186003
1,pass,7.142857142857142,0.05831363662668875,0.06061836686993753,0.9654377880184332,434,419,0.37988396601186003
1,pass,7.167919799498747,0.06345913154894534,0.0655844362721006,0.9654377880184332,434,419,0.37988396601186003
1,pass,7.19298245614035,0.06882378232354039,0.07077735220715892,0.9654377880184332,434,419,0.37988396601186003
1,pass,7.2180451127819545,0.07439139516176058,0.0761812178240531,0.9654377880184332,434,419,0.37988396601186003
1,pass,7.243107769423559,0.08014324863623445,0.08177755465643026,0.9654377880184332,434,419,0.37988396601186003
1,pass,7.268170426065162,0.08605826457152108,0.08754546783849088,0.9654377880184332,434,419,0.37988396601186003
1,pass,7.293233082706767,0.09211323002403014,0.09346186430682185,0.9654377880184332,434,419,0.37988396601186003
1,pass,7.31829573934837,0.09828306710928611,0.0995017207182927,0.9654377880184332,434,419,0.37988396601186003
1,pass,7.343358395989974,0.10454114599976067,0.10563839631947806,0.9654377880184332,434,419,0.37988396601186003
1,pass,7.368421052631579,0.11085963508411652,0.11184398462015753,0.9654377880184332,434,419,0.37988396601186003
1,pass,7.393483709273182,0.11720988110072926,0.11808969650507904,0.9654377880184332,434,419,0.37988396601186003
1,pass,7.4185463659147866,0.12356281108201722,0.12434626641196188,0.9654377880184332,434,419,0.37988396601186003
1,pass,7.443609022556391,0.12988934721180992,0.1305843724499915,0.9654377880184332,434,419,0.37988396601186003
1,pass,7.468671679197994,0.13616082523720263,0.13677506086284125,0.9654377880184332,434,419,0.37988396601186003
1,pass,7.493734335839599,0.14234940691007833,0.1428901650737587,0.9654377880184332,434,419,0.37988396601186003
1,pass,7.518796992481203,0.14842847707119156,0.14890270969588526,0.9654377880184332,434,419,0.37988396601186003
1,pass,7.5438596491228065,0.1543730164287021,0.15478729034479774,0.9654377880184332,434,419,0.37988396601186003
1,pass,7.568922305764411,0.160159941808472,0.16052042083605467,0.9654377880184332,434,419,0.37988396601186003
1,pass,7.593984962406014,0.16576840663891682,0.16608084036050855,0.9654377880184332,434,419,0.37988396601186003
1,pass,7.619047619047619,0.17118005564190836,0.17144977446608156,0.9654377880184332,434,419,0.37988396601186003
1,pass,7.644110275689223,0.17637922908747652,0.17661114508958387,0.9654377880184332,434,419,0.37988396601186003
1,pass,7.669172932330826,0.18135311348143357,0.18155172642234352,0.9654377880184332,434,419,0.37988396601186003
1,pass,7.694235588972431,0.18609183713452154,0.18626124500082736,0.9654377880184332,434,419,0.37988396601186003
1,pass,7.719298245614034,0.19058851065031698,0.19073242402822677,0.9654377880184332,434,419,0.37988396601186003
1,pass,7.744360902255639,0.19483921390844436,0.19496097349598943,0.9654377880184332,434,419,0.37988396601186003
1,pass,7.769423558897243,0.19884293255418298,0.19894552912951927,0.9654377880184332,434,419,0.37988396601186003
1,pass,7.794486215538846,0.20260144828518287,0.20268754447930568,0.9654377880184332,434,419,0.37988396601186003
1,pass,7.819548872180451,0.2061191883078256,0.20619114157452068,0.9654377880184332,434,419,0.37988396601186003
1,pass,7.844611528822055,0.2094030401858885,0.20946292641676556,0.9654377880184332,434,419,0.37988396601186003
1,pass,7.8696741854636585,0.21246213889878038,0.21251177619347703,0.9654377880184332,434,419,0.37988396601186003
1,pass,7.894736842105263,0.2153076332527895,0.21534860542084436,0.9654377880184332,434,419,0.37988396601186003
1,pass,7.919799498746867,0.21795243884470275,0.21798611828344963,0.9654377880184332,434,419,0.37988396601186003
1,pass,7.944862155388471,0.22041098457189545,0.2204385542316839,0.9654377880184332,434,419,0.37988396601186003
1,pass,7.969924812030075,0.22269895923582475,0.22272143344798892,0.9654377880184332,434,419,0.37988396601186003
1,pass,7.994987468671678,0.22483306412521986,0.2248513081279826,0.9654377880184332,434,419,0.37988396601186003
1,pass,8.020050125313283,0.22683077662731804,0.22684552467911578,0.9654377880184332,434,419,0.37988396601186003
1,pass,8.045112781954886,0.22871012894244608,0.2287220009602625,0.9654377880184332,434,419,0.37988396601186003
1,pass,8.070175438596491,0.23048950491553602,0.23049902161734281,0.9654377880184332,434,419,0.37988396601186003
1,pass,8.095238095238095,0.2321874568963867,0.23219505346161726,0.9654377880184332,434,419,0.37988396601186003
1,pass,8.120300751879698,0.2338225434474939,0.23382858173776577,0.9654377880184332,434,419,0.37988396601186003
1,pass,8.145363408521304,0.23541318768108785,0.23541796708549204,0.9654377880184332,434,419,0.37988396601186003
1,pass,8.170426065162907,0.23697755506906018,0.23698132205473957,0.9654377880184332,434,419,0.37988396601186003
1,pass,8.19548872180451,0.23853344876877772,0.2385364052288147,0.9654377880184332,434,419,0.37988396601186003
1,pass,8.220551378446114,0.24009821987561217,0.24010053037308648,0.9654377880184332,434,419,0.37988396601186003
1,pass,8.24561403508772,0.24168868957262313,0.24169048758275713,0.9654377880184332,434,419,0.37988396601186003
1,pass,8.270676691729323,0.2433210799135594,0.24332247316580236,0.9654377880184332,434,419,0.37988396601186003
1,pass,8.295739348370926,0.24501094995216366,0.24501202497151472,0.9654377880184332,434,419,0.37988396601186003
1,pass,8.320802005012531,0.24677313411402724,0.2467739600564418,0.9654377880184332,434,419,0.37988396601186003
1,pass,8.345864661654135,0.24862168008296426,0.24862231195385906,0.9654377880184332,434,419,0.37988396601186003
1,pass,8.370927318295738,0.2505697840192488,0.25057026535737353,0.9654377880184332,434,419,0.37988396601186003
1,pass,8.395989974937343,0.25262972161144204,0.25263008671311327,0.9654377880184332,434,419,0.37988396601186003
1,pass,8.421052631578947,0.25481277424971177,0.25481305000092636,0.9654377880184332,434,419,0.37988396601186003
1,pass,8.44611528822055,0.25712915045425844,0.25712935783078,0.9654377880184332,434,419,0.37988396601186003
1,pass,8.471177944862156,0.25958790355225225,0.2595880588405879,0.9654377880184332,434,419,0.37988396601186003
1,pass,8.496240601503759,0.26219684742384897,0.2621969632092529,0.9654377880184332,434,419,0.37988396601186003
1,pass,8.521303258145362,0.2649624728864909,0.2649625588478403,0.9654377880184332,434,419,0.37988396601186003
1,pass,8.546365914786968,0.2678898679138057,0.2678899314594559,0.9654377880184332,434,419,0.37988396601186003
1,pass,8.571428571428571,0.27098264535288047,0.27098269212644316,0.9654377880184332,434,419,0.37988396601186003
1,pass,8.596491228070175,0.2742428820801,0.27424291636050757,0.9654377880184332,434,419,0.37988396601186003
1,pass,8.62155388471178,0.27767107359793397,0.2776710986141343,0.9654377880184332,434,419,0.37988396601186003
1,pass,8.646616541353383,0.2812661079094536,0.2812661260865935,0.9654377880184332,434,419,0.37988396601186003
1,pass,8.671679197994987,0.28502526211063395,0.2850252752615992,0.9654377880184332,434,419,0.37988396601186003
1,pass,8.69674185463659,0.28894422452013413,0.2889442339937698,0.9654377880184332,434,419,0.37988396601186003
1,pass,8.721804511278195,0.29301714434039905,0.2930171511355925,0.9654377880184332,434,419,0.37988396601186003
1,pass,8.746867167919799,0.2972367098408356,0.29723671469385754,0.9654377880184332,434,419,0.37988396601186003
1,pass,8.771929824561402,0.3015942549109426,0.30159425836196024,0.9654377880184332,434,419,0.37988396601186003
1,pass,8.796992481203008,0.3060798925937405,0.306079895037204,0.9654377880184332,434,419,0.37988396601186003
1,pass,8.822055137844611,0.31068267292888163,0.3106826746514941,0.9654377880184332,434,419,0.37988396601186003
1,pass,8.847117794486214,0.31539076116556314,0.31539076237474517,0.9654377880184332,434,419,0.37988396601186003
1,pass,8.87218045112782,0.32019163120482225,0.3201916320499406,0.9654377880184332,434,419,0.37988396601186003
1,pass,8.897243107769423,0.32507226805552725,0.3250722686436453,0.9654377880184332,434,419,0.37988396601186003
1,pass,8.922305764411027,0.3300193721922253,0.3300193725997295,0.9654377880184332,434,419,0.37988396601186003
1,pass,8.947368421052632,0.3350195580349411,0.33501955831607916,0.9654377880184332,434,419,0.37988396601186003
1,pass,8.972431077694235,0.34005953837324326,0.340059538566363,0.9654377880184332,434,419,0.37988396601186003
1,pass,8.997493734335839,0.345126286462966,0.3451262865950508,0.9654377880184332,434,419,0.37988396601186003
1,pass,9.022556390977442,0.35020716775750116,0.3502071678474504,0.9654377880184332,434,419,0.37988396601186003
1,pass,9.047619047619047,0.3552900338090606,0.3552900338700508,0.9654377880184332,434,419,0.37988396601186003
1,pass,9.072681704260651,0.36036327178932864,0.36036327183050426,0.9654377880184332,434,419,0.37988396601186003
1,pass,9.097744360902254,0.3654158043217858,0.36541580434946397,0.9654377880184332,434,419,0.37988396601186003
1,pass,9.12280701754386,0.3704370358655671,0.3704370358840918,0.9654377880184332,434,419,0.37988396601186003
1,pass,9.147869674185463,0.3754167437068256,0.3754167437191704,0.9654377880184332,434,419,0.37988396601186003
1,pass,9.172932330827066,0.38034491365038764,0.38034491365857853,0.9654377880184332,434,419,0.37988396601186003
1,pass,9.197994987468672,0.3852115227035691,0.3852115227089803,0.9654377880184332,434,419,0.37988396601186003
1,pass,9.223057644110275,0.3900062733375083,0.3900062733410677,0.9654377880184332,434,419,0.37988396601186003
1,pass,9.248120300751879,0.39471828622339916,0.3947182862257303,0.9654377880184332,434,419,0.37988396601186003
1,pass,9.273182957393484,0.3993357605896761,0.39933576059119624,0.9654377880184332,434,419,0.37988396601186003
1,pass,9.298245614035087,0.4038456134456554,0.4038456134466423,0.9654377880184332,434,419,0.37988396601186003
1,pass,9.32330827067669,0.40823311078003677,0.4082331107806748,0.9654377880184332,434,419,0.37988396601186003
1,pass,9.348370927318296,0.41248150538297945,0.4124815053833901,0.9654377880184332,434,419,0.37988396601186003
1,pass,9.3734335839599,0.4165716970765367,0.41657169707679986,0.9654377880184332,434,419,0.37988396601186003
1,pass,9.398496240601503,0.420481931795984,0.4204819317961519,0.9654377880184332,434,419,0.37988396601186003
1,pass,9.423558897243108,0.4241875560809597,0.4241875560810664,0.9654377880184332,434,419,0.37988396601186003
1,pass,9.448621553884712,0.4276608430617752,0.4276608430618427,0.9654377880184332,434,419,0.37988396601186003
1,pass,9.473684210526315,0.4308709049318401,0.4308709049318826,0.9654377880184332,434,419,0.37988396601186003
1,pass,9.498746867167918,0.4337837051717447,0.43378370517177134,0.9654377880184332,434,419,0.37988396601186003
1,pass,9.523809523809524,0.43636218144723915,0.4363621814472558,0.9654377880184332,434,419,0.37988396601186003
1,pass,9.548872180451127,0.43856648718021446,0.4385664871802248,0.9654377880184332,434,419,0.37988396601186003
1,pass,9.57393483709273,0.44035435635288445,0.44035435635289083,0.9654377880184332,434,419,0.37988396601186003
1,pass,9.598997493734336,0.44168159224043424,0.4416815922404382,0.9654377880184332,434,419,0.37988396601186003
1,pass,9.62406015037594,0.44250267659059495,0.4425026765905974,0.9654377880184332,434,419,0.37988396601186003
1,pass,9.649122807017543,0.4427714914156876,0.4427714914156891,0.9654377880184332,434,419,0.37988396601186003
1,pass,9.674185463659148,0.44244214118704206,0.44244214118704295,0.9654377880184332,434,419,0.37988396601186003
1,pass,9.699248120300751,0.44146985898909524,0.4414698589890958,0.9654377880184332,434,419,0.37988396601186003
1,pass,9.724310776942355,0.4398119762725418,0.43981197627254215,0.9654377880184332,434,419,0.37988396601186003
1,pass,9.74937343358396,0.4374289324129983,0.4374289324129985,0.9654377880184332,434,419,0.37988396601186003
1,pass,9.774436090225564,0.43428529749492656,0.43428529749492667,0.9654377880184332,434,419,0.37988396601186003
1,pass,9.799498746867167,0.4303507797440422,0.43035077974404223,0.9654377880184332,434,419,0.37988396601186003
1,pass,9.82456140350877,0.42560118794430685,0.4256011879443069,0.9654377880184332,434,419,0.37988396601186003
1,pass,9.849624060150376,0.4200193190850864,0.4200193190850864,0.9654377880184332,434,419,0.37988396601186003
1,pass,9.87468671679198,0.4135957424397218,0.4135957424397218,0.9654377880184332,434,419,0.37988396601186003
1,pass,9.899749373433583,0.4063294532861033,0.4063294532861033,0.9654377880184332,434,419,0.37988396601186003
1,pass,9.924812030075188,0.3982283725060315,0.3982283725060315,0.9654377880184332,434,419,0.37988396601186003
1,pass,9.949874686716791,0.38930967226167124,0.38930967226167124,0.9654377880184332,434,419,0.37988396601186003
1,pass,9.974937343358395,0.3795999127202567,0.3795999127202567,0.9654377880184332,434,419,0.37988396601186003
1,pass,10.0,0.3691349802200709,0.3691349802200709,0.9654377880184332,434,419,0.37988396601186003
2,numeric_nonpass,0.0,1.504176371486347e-09,1.504176371486347e-09,0.05263157894736842,209,11,0.4013613340216998
2,numeric_nonpass,0.02506265664160401,2.1176169521620097e-09,2.1176169521620097e-09,0.05263157894736842,209,11,0.4013613340216998
2,numeric_nonpass,0.05012531328320802,2.9697839379789432e-09,2.9697839379789432e-09,0.05263157894736842,209,11,0.4013613340216998
2,numeric_nonpass,0.07518796992481203,4.1488881922948444e-09,4.1488881922948444e-09,0.05263157894736842,209,11,0.4013613340216998
2,numeric_nonpass,0.10025062656641603,5.773892227329386e-09,5.773892227329386e-09,0.05263157894736842,209,11,0.4013613340216998
2,numeric_nonpass,0.12531328320802004,8.004539129283936e-09,8.004539129283936e-09,0.05263157894736842,209,11,0.4013613340216998
2,numeric_nonpass,0.15037593984962405,1.1054405066981117e-08,1.1054405066981117e-08,0.05263157894736842,209,11,0.4013613340216998
2,numeric_nonpass,0.17543859649122806,1.5207803181420418e-08,1.5207803181420418e-08,0.05263157894736842,209,11,0.4013613340216998
2,numeric_nonpass,0.20050125313283207,2.0841566428362772e-08,2.0841566428362772e-08,0.05263157894736842,209,11,0.4013613340216998
2,numeric_nonpass,0.22556390977443608,2.8452976790410015e-08,2.8452976790410015e-08,0.05263157894736842,209,11,0.4013613340216998
2,numeric_nonpass,0.2506265664160401,3.869539387024119e-08,3.869539387024119e-08,0.05263157894736842,209,11,0.4013613340216998
2,numeric_nonpass,0.2756892230576441,5.242347302983036e-08,5.242347302983036e-08,0.05263157894736842,209,11,0.4013613340216998
2,numeric_nonpass,0.3007518796992481,7.075025765216644e-08,7.075025765216644e-08,0.05263157894736842,209,11,0.4013613340216998
2,numeric_nonpass,0.3258145363408521,9.511888705378913e-08,9.511888705378913e-08,0.05263157894736842,209,11,0.4013613340216998
2,numeric_nonpass,0.3508771929824561,1.2739218552697828e-07,1.2739218552697828e-07,0.05263157894736842,209,11,0.4013613340216998
2,numeric_nonpass,0.37593984962406013,1.699639920697869e-07,1.699639920697869e-07,0.05263157894736842,209,11,0.4013613340216998
2,numeric_nonpass,0.40100250626566414,2.258967557572805e-07,2.258967557572805e-07,0.05263157894736842,209,11,0.4013613340216998
2,numeric_nonpass,0.42606516290726815,2.990906569348302e-07,2.990906569348302e-07,0.05263157894736842,209,11,0.4013613340216998
2,numeric_nonpass,0.45112781954887216,3.944903144821989e-07,3.944903144821989e-07,0.05263157894736842,209,11,0.4013613340216998
2,numeric_nonpass,0.47619047619047616,5.183359948660915e-07,5.183359948660915e-07,0.05263157894736842,209,11,0.4013613340216998
2,numeric_nonpass,0.5012531328320802,6.784671346598532e-07,6.784671346598532e-07,0.05263157894736842,209,11,0.4013613340216998
2,numeric_nonpass,0.5263157894736842,8.846869032093997e-07,8.846869032093997e-07,0.05263157894736842,209,11,0.4013613340216998
2,numeric_nonpass,0.5513784461152882,1.1491974370818925e-06,1.1491974370818925e-06,0.05263157894736842,209,11,0.4013613340216998
2,numeric_nonpass,0.5764411027568922,1.4871162350985974e-06,1.4871162350985974e-06,0.05263157894736842,209,11,0.4013613340216998
2,numeric_nonpass,0.6015037593984962,1.9170849647868935e-06,1.9170849647868935e-06,0.05263157894736842,209,11,0.4013613340216998
2,numeric_nonpass,0.6265664160401002,2.461982540347229e-06,2.461982540347229e-06,0.05263157894736842,209,11,0.4013613340216998
2,numeric_nonpass,0.6516290726817042,3.1497547203646667e-06,3.1497547203646667e-06,0.05263157894736842,209,11,0.4013613340216998
2,numeric_nonpass,0.6766917293233082,4.014372561448843e-06,4.014372561448843e-06,0.05263157894736842,209,11,0.4013613340216998
2,numeric_nonpass,0.7017543859649122,5.096931762562779e-06,5.096931762562779e-06,0.05263157894736842,209,11,0.4013613340216998
2,numeric_nonpass,0.7268170426065163,6.446904145883836e-06,6.446904145883836e-06,0.05263157894736842,209,11,0.4013613340216998
2,numeric_nonpass,0.7518796992481203,8.123551138609585e-06,8.123551138609585e-06,0.05263157894736842,209,11,0.4013613340216998
2,numeric_nonpass,0.7769423558897243,1.0197507037176731e-05,1.0197507037176731e-05,0.05263157894736842,209,11,0.4013613340216998
2,numeric_nonpass,0.8020050125313283,1.27525369418298e-05,1.27525369418298e-05,0.05263157894736842,209,11,0.4013613340216998
2,numeric_nonpass,0.8270676691729323,1.588747044117459e-05,1.588747044117459e-05,0.05263157894736842,209,11,0.4013613340216998
2,numeric_nonpass,0.8521303258145363,1.971830730999951e-05,1.971830730999951e-05,0.05263157894736842,209,11,0.4013613340216998
2,numeric_nonpass,0.8771929824561403,2.4380485583888752e-05,2.4380485583888752e-05,0.05263157894736842,209,11,0.4013613340216998
2,numeric_nonpass,0.9022556390977443,3.0031295341462767e-05,3.0031295341462767e-05,0.05263157894736842,209,11,0.4013613340216998
2,numeric_nonpass,0.9273182957393483,3.685241334435987e-05,3.685241334435987e-05,0.05263157894736842,209,11,0.4013613340216998
2,numeric_nonpass,0.9523809523809523,4.50525243846269e-05,4.50525243846269e-05,0.05263157894736842,209,11,0.4013613340216998
2,numeric_nonpass,0.9774436090225563,5.486998484973113e-05,5.486998484973113e-05,0.05263157894736842,209,11,0.4013613340216998
2,numeric_nonpass,1.0025062656641603,6.657547277858786e-05,6.657547277858786e-05,0.05263157894736842,209,11,0.4013613340216998
2,numeric_nonpass,1.0275689223057642,8.04745567579254e-05,8.04745567579254e-05,0.05263157894736842,209,11,0.4013613340216998
2,numeric_nonpass,1.0526315789473684,9.691010368139746e-05,9.691010368139746e-05,0.05263157894736842,209,11,0.4013613340216998
2,numeric_nonpass,1.0776942355889725,0.0001162644330263902,0.0001162644330263902,0.05263157894736842,209,11,0.4013613340216998
2,numeric_nonpass,1.1027568922305764,0.00013896111333614833,0.00013896111333614833,0.05263157894736842,209,11,0.4013613340216998
2,numeric_nonpass,1.1278195488721803,0.00016546628554361107,0.00016546628554361107,0.05263157894736842,209,11,0.4013613340216998
2,numeric_nonpass,1.1528822055137844,0.00019628938822204933,0.00019628938822204933,0.05263157894736842,209,11,0.4013613340216998
2,numeric_nonpass,1.1779448621553885,0.00023198315243577354,0.00023198315243577354,0.05263157894736842,209,11,0.4013613340216998
2,numeric_nonpass,1.2030075187969924,0.00027314272926990145,0.00027314272926990145,0.05263157894736842,209,11,0.4013613340216998
2,numeric_nonpass,1.2280701754385963,0.00032040381203564676,0.00032040381203564676,0.05263157894736842,209,11,0.4013613340216998
2,numeric_nonpass,1.2531328320802004,0.00037443961825984356,0.00037443961825984356,0.05263157894736842,209,11,0.4013613340216998
2,numeric_nonpass,1.2781954887218046,0.0004359566045145175,0.0004359566045145175,0.05263157894736842,209,11,0.4013613340216998
2,numeric_nonpass,1.3032581453634084,0.000505688800485843,0.000505688800485843,0.05263157894736842,209,11,0.4013613340216998
2,numeric_nonpass,1.3283208020050123,0.0005843906678669736,0.0005843906678669736,0.05263157894736842,209,11,0.4013613340216998
2,numeric_nonpass,1.3533834586466165,0.0006728284149759292,0.0006728284149759292,0.05263157894736842,209,11,0.4013613340216998
2,numeric_nonpass,1.3784461152882206,0.0007717697295444532,0.0007717697295444532,0.05263157894736842,209,11,0.4013613340216998
2,numeric_nonpass,1.4035087719298245,0.0008819719297645547,0.0008819719297645547,0.05263157894736842,209,11,0.4013613340216998
2,numeric_nonpass,1.4285714285714284,0.0010041685770258131,0.0010041685770258131,0.05263157894736842,209,11,0.4013613340216998
2,numeric_nonpass,1.4536340852130325,0.0011390546421569982,0.0011390546421569982,0.05263157894736842,209,11,0.4013613340216998
2,numeric_nonpass,1.4786967418546366,0.0012872703694349643,0.0012872703694349643,0.05263157894736842,209,11,0.4013613340216998
2,numeric_nonpass,1.5037593984962405,0.0014493840378822082,0.0014493840378822082,0.05263157894736842,209,11,0.4013613340216998
2,numeric_nonpass,1.5288220551378444,0.0016258738758998521,0.0016258738758998521,0.05263157894736842,209,11,0.4013613340216998
2,numeric_nonpass,1.5538847117794485,0.0018171094412783501,0.0018171094412783501,0.05263157894736842,209,11,0.4013613340216998
2,numeric_nonpass,1.5789473684210527,0.0020233328320847996,0.0020233328320847996,0.05263157894736842,209,11,0.4013613340216998
2,numeric_nonpass,1.6040100250626566,0.002244640142680091,0.002244640142680091,0.05263157894736842,209,11,0.4013613340216998
2,numeric_nonpass,1.6290726817042605,0.0024809636209256435,0.0024809636209256435,0.05263157894736842,209,11,0.4013613340216998
2,numeric_nonpass,1.6541353383458646,0.002732055015255093,0.002732055015255093,0.05263157894736842,209,11,0.4013613340216998
2,numeric_nonpass,1.6791979949874687,0.002997470621564311,0.002997470621564311,0.05263157894736842,209,11,0.4013613340216998
2,numeric_nonpass,1.7042606516290726,0.00327655854786388,0.00327655854786388,0.05263157894736842,209,11,0.4013613340216998
2,numeric_nonpass,1.7293233082706765,0.0035684487076909008,0.0035684487076909008,0.05263157894736842,209,11,0.4013613340216998
2,numeric_nonpass,1.7543859649122806,0.0038720460301396157,0.0038720460301396157,0.05263157894736842,209,11,0.4013613340216998
2,numeric_nonpass,1.7794486215538847,0.004186027334280049,0.004186027334280049,0.05263157894736842,209,11,0.4013613340216998
2,numeric_nonpass,1.8045112781954886,0.004508842258495508,0.004508842258495508,0.05263157894736842,209,11,0.4013613340216998
2,numeric_nonpass,1.8295739348370925,0.004838718561315002,0.004838718561315002,0.05263157894736842,209,11,0.4013613340216998
2,numeric_nonpass,1.8546365914786966,0.005173672020740811,0.005173672020740811,0.05263157894736842,209,11,0.4013613340216998
2,numeric_nonpass,1.8796992481203008,0.005511521055643692,0.005511521055643692,0.05263157894736842,209,11,0.4013613340216998
2,numeric_nonpass,1.9047619047619047,0.005849906077941828,0.005849906077941828,0.05263157894736842,209,11,0.4013613340216998
2,numeric_nonpass,1.9298245614035086,0.006186313461022675,0.006186313461022675,0.05263157894736842,209,11,0.4013613340216998
2,numeric_nonpass,1.9548872180451127,0.006518103881761819,0.006518103881761819,0.05263157894736842,209,11,0.4013613340216998
2,numeric_nonpass,1.9799498746867168,0.006842544664506946,0.006842544664506946,0.05263157894736842,209,11,0.4013613340216998
2,numeric_nonpass,2.0050125313283207,0.007156845629776239,0.007156845629776239,0.05263157894736842,209,11,0.4013613340216998
2,numeric_nonpass,2.0300751879699246,0.007458197832541735,0.007458197832541735,0.05263157894736842,209,11,0.4013613340216998
2,numeric_nonpass,2.0551378446115285,0.007743814469158084,0.007743814469158084,0.05263157894736842,209,11,0.4013613340216998
2,numeric_nonpass,2.080200501253133,0.00801097314236254,0.00801097314236254,0.05263157894736842,209,11,0.4013613340216998
2,numeric_nonpass,2.1052631578947367,0.008257058604021579,0.008257058604021579,0.05263157894736842,209,11,0.4013613340216998
2,numeric_nonpass,2.1303258145363406,0.008479605048577425,0.008479605048577425,0.05263157894736842,209,11,0.4013613340216998
2,numeric_nonpass,2.155388471177945,0.008676337008882562,0.008676337008882562,0.05263157894736842,209,11,0.4013613340216998
2,numeric_nonpass,2.180451127819549,0.008845207911892609,0.008845207911892609,0.05263157894736842,209,11,0.4013613340216998
2,numeric_nonpass,2.2055137844611528,0.008984435385175236,0.008984435385175236,0.05263157894736842,209,11,0.4013613340216998
2,numeric_nonpass,2.2305764411027567,0.009092532466056914,0.009092532466056914,0.05263157894736842,209,11,0.4013613340216998
2,numeric_nonpass,2.2556390977443606,0.009168333952141249,0.009168333952141249,0.05263157894736842,209,11,0.4013613340216998
2,numeric_nonpass,2.280701754385965,0.009211017242591237,0.009211017242591237,0.05263157894736842,209,11,0.4013613340216998
2,numeric_nonpass,2.305764411027569,0.009220117150772499,0.009220117150772499,0.05263157894736842,209,11,0.4013613340216998
2,numeric_nonpass,2.3308270676691727,0.009195534316615872,0.009195534316615872,0.05263157894736842,209,11,0.4013613340216998
2,numeric_nonpass,2.355889724310777,0.009137537006744927,0.009137537006744927,0.05263157894736842,209,11,0.4013613340216998
2,numeric_nonpass,2.380952380952381,0.009046756256931378,0.009046756256931378,0.05263157894736842,209,11,0.4013613340216998
2,numeric_nonpass,2.406015037593985,0.008924174479425616,0.008924174479425616,0.05263157894736842,209,11,0.4013613340216998
2,numeric_nonpass,2.4310776942355887,0.008771107821740157,0.008771107821740157,0.05263157894736842,209,11,0.4013613340216998
2,numeric_nonpass,2.4561403508771926,0.008589182718274758,0.008589182718274758,0.05263157894736842,209,11,0.4013613340216998
2,numeric_nonpass,2.481203007518797,0.008380307216858344,0.008380307216858344,0.05263157894736842,209,11,0.4013613340216998
2,numeric_nonpass,2.506265664160401,0.008146637784488438,0.008146637784488438,0.05263157894736842,209,11,0.4013613340216998
2,numeric_nonpass,2.5313283208020048,0.007890542396630956,0.007890542396630956,0.05263157894736842,209,11,0.4013613340216998
2,numeric_nonpass,2.556390977443609,0.007614560789603825,0.007614560789603825,0.05263157894736842,209,11,0.4013613340216998
2,numeric_nonpass,2.581453634085213,0.007321362803946645,0.007321362803946645,0.05263157894736842,209,11,0.4013613340216998
2,numeric_nonpass,2.606516290726817,0.007013705767406191,0.007013705767406191,0.05263157894736842,209,11,0.4013613340216998
2,numeric_nonpass,2.631578947368421,0.006694391859374118,0.006694391859374118,0.05263157894736842,209,11,0.4013613340216998
2,numeric_nonpass,2.6566416040100247,0.006366226365394462,0.006366226365394462,0.05263157894736842,209,11,0.4013613340216998
2,numeric_nonpass,2.681704260651629,0.006031977672705379,0.006031977672705379,0.05263157894736842,209,11,0.4013613340216998
2,numeric_nonpass,2.706766917293233,0.00569433977846693,0.00569433977846693,0.05263157894736842,209,11,0.4013613340216998
2,numeric_nonpass,2.731829573934837,0.005355897984779336,0.005355897984779336,0.05263157894736842,209,11,0.4013613340216998
2,numeric_nonpass,2.756892230576441,0.005019098342728609,0.005019098342728609,0.05263157894736842,209,11,0.4013613340216998
2,numeric_nonpass,2.781954887218045,0.004686221285740461,0.004686221285740461,0.05263157894736842,209,11,0.4013613340216998
2,numeric_nonpass,2.807017543859649,0.004359359764851339,0.004359359764851339,0.05263157894736842,209,11,0.4013613340216998
2,numeric_nonpass,2.832080200501253,0.004040402069455415,0.004040402069455415,0.05263157894736842,209,11,0.4013613340216998
2,numeric_nonpass,2.8571428571428568,0.0037310193907963887,0.0037310193907963887,0.05263157894736842,209,11,0.4013613340216998
2,numeric_nonpass,2.882205513784461,0.003432658065738496,0.003432658065738496,0.05263157894736842,209,11,0.4013613340216998
2,numeric_nonpass,2.907268170426065,0.003146536328497029,0.003146536328497029,0.05263157894736842,209,11,0.4013613340216998
2,numeric_nonpass,2.932330827067669,0.0028736453007967015,0.0028736453007967015,0.05263157894736842,209,11,0.4013613340216998
2,numeric_nonpass,2.9573934837092732,0.0026147538684868467,0.0026147538684868467,0.05263157894736842,209,11,0.4013613340216998
2,numeric_nonpass,2.982456140350877,0.0023704170264389,0.0023704170264389,0.05263157894736842,209,11,0.4013613340216998
2,numeric_nonpass,3.007518796992481,0.0021409872243759133,0.0021409872243759133,0.05263157894736842,209,11,0.4013613340216998
2,numeric_nonpass,3.032581453634085,0.0019266282142777985,0.0019266282142777985,0.05263157894736842,209,11,0.4013613340216998
2,numeric_nonpass,3.057644110275689,0.0017273308847091126,0.0017273308847091126,0.05263157894736842,209,11,0.4013613340216998
2,numeric_nonpass,3.082706766917293,0.0015429305678351945,0.0015429305678351945,0.05263157894736842,209,11,0.4013613340216998
2,numeric_nonpass,3.107769423558897,0.001373125319584095,0.001373125319584095,0.05263157894736842,209,11,0.4013613340216998
2,numeric_nonpass,3.132832080200501,0.0012174947005788956,0.0012174947005788956,0.05263157894736842,209,11,0.4013613340216998
2,numeric_nonpass,3.1578947368421053,0.001075518623058008,0.001075518623058008,0.05263157894736842,209,11,0.4013613340216998
2,numeric_nonpass,3.182957393483709,0.0009465958748175085,0.0009465958748175085,0.05263157894736842,209,11,0.4013613340216998
2,numeric_nonpass,3.208020050125313,0.0008300619829939716,0.0008300619829939716,0.05263157894736842,209,11,0.4013613340216998
2,numeric_nonpass,3.233082706766917,0.0007252061360376644,0.0007252061360376644,0.05263157894736842,209,11,0.4013613340216998
2,numeric_nonpass,3.258145363408521,0.0006312869393971012,0.0006312869393971012,0.05263157894736842,209,11,0.4013613340216998
2,numeric_nonpass,3.2832080200501252,0.0005475468373186136,0.0005475468373186136,0.05263157894736842,209,11,0.4013613340216998
2,numeric_nonpass,3.308270676691729,0.00047322508805866146,0.00047322508805866146,0.05263157894736842,209,11,0.4013613340216998
2,numeric_nonpass,3.333333333333333,0.00040756923127589014,0.00040756923127589014,0.05263157894736842,209,11,0.4013613340216998
2,numeric_nonpass,3.3583959899749374,0.0003498450332610717,0.0003498450332610717,0.05263157894736842,209,11,0.4013613340216998
2,numeric_nonpass,3.3834586466165413,0.00029934493711110643,0.00029934493711110643,0.05263157894736842,209,11,0.4013613340216998
2,numeric_nonpass,3.408521303258145,0.00025539508037482225,0.00025539508037482225,0.05263157894736842,209,11,0.4013613340216998
2,numeric_nonpass,3.433583959899749,0.00021736097177332863,0.00021736097177332863,0.05263157894736842,209,11,0.4013613340216998
2,numeric_nonpass,3.458646616541353,0.00018465194124339546,0.00018465194124339546,0.05263157894736842,209,11,0.4013613340216998
2,numeric_nonpass,3.4837092731829573,0.00015672449389125915,0.00015672449389125915,0.05263157894736842,209,11,0.4013613340216998
2,numeric_nonpass,3.508771929824561,0.00013308470876801862,0.00013308470876801862,0.05263157894736842,209,11,0.4013613340216998
2,numeric_nonpass,3.533834586466165,0.00011328982811031905,0.00011328982811031905,0.05263157894736842,209,11,0.4013613340216998
2,numeric_nonpass,3.5588972431077694,9.694918235093087e-05,9.694918235093087e-05,0.05263157894736842,209,11,0.4013613340216998
2,numeric_nonpass,3.5839598997493733,8.372459137447074e-05,8.372459137447074e-05,0.05263157894736842,209,11,0.4013613340216998
2,numeric_nonpass,3.6090225563909772,7.333037378690967e-05,7.333037378690967e-05,0.05263157894736842,209,11,0.4013613340216998
2,numeric_nonpass,3.634085213032581,6.553308400299987e-05,6.553308400299987e-05,0.05263157894736842,209,11,0.4013613340216998
2,numeric_nonpass,3.659147869674185,6.01510823392221e-05,6.01510823392221e-05,0.05263157894736842,209,11,0.4013613340216998
2,numeric_nonpass,3.6842105263157894,5.7054026609695505e-05,5.7054026609695505e-05,0.05263157894736842,209,11,0.4013613340216998
2,numeric_nonpass,3.7092731829573933,5.616235550106914e-05,5.616235550106914e-05,0.05263157894736842,209,11,0.4013613340216998
2,numeric_nonpass,3.734335839598997,5.7446814752807917e-05,5.7446814752807917e-05,0.05263157894736842,209,11,0.4013613340216998
2,numeric_nonpass,3.7593984962406015,6.092805735647297e-05,6.0928057356472975e-05,0.05263157894736842,209,11,0.4013613340216998
2,numeric_nonpass,3.7844611528822054,6.66763290432147e-05,6.667632904321471e-05,0.05263157894736842,209,11,0.4013613340216998
2,numeric_nonpass,3.8095238095238093,7.481123065836797e-05,7.481123065836799e-05,0.05263157894736842,209,11,0.4013613340216998
2,numeric_nonpass,3.834586466165413,8.550153001402276e-05,8.550153001402279e-05,0.05263157894736842,209,11,0.4013613340216998
2,numeric_nonpass,3.859649122807017,9.896497784459406e-05,9.896497784459411e-05,0.05263157894736842,209,11,0.4013613340216998
2,numeric_nonpass,3.8847117794486214,0.00011546806594608461,0.00011546806594608469,0.05263157894736842,209,11,0.4013613340216998
2,numeric_nonpass,3.9097744360902253,0.00013532565084183179,0.00013532565084183195,0.05263157894736842,209,11,0.4013613340216998
2,numeric_nonpass,3.9348370927318292,0.0001589003537795304,0.00015890035377953067,0.05263157894736842,209,11,0.4013613340216998
2,numeric_nonpass,3.9598997493734336,0.00018660163792774172,0.00018660163792774218,0.05263157894736842,209,11,0.4013613340216998
2,numeric_nonpass,3.9849624060150375,0.0002188844567097672,0.000218884456709768,0.05263157894736842,209,11,0.4013613340216998
2,numeric_nonpass,4.010025062656641,0.00025624736368771463,0.00025624736368771604,0.05263157894736842,209,11,0.4013613340216998
2,numeric_nonpass,4.035087719298246,0.00029922997466950773,0.00029922997466951017,0.05263157894736842,209,11,0.4013613340216998
2,numeric_nonpass,4.060150375939849,0.0003484096770995068,0.000348409677099511,0.05263157894736842,209,11,0.4013613340216998
2,numeric_nonpass,4.0852130325814535,0.00040439749059451697,0.00040439749059452407,0.05263157894736842,209,11,0.4013613340216998
2,numeric_nonpass,4.110275689223057,0.0004678329959054038,0.0004678329959054158,0.05263157894736842,209,11,0.4013613340216998
2,numeric_nonpass,4.135338345864661,0.000539378267718926,0.0005393782677189464,0.05263157894736842,209,11,0.4013613340216998
2,numeric_nonpass,4.160401002506266,0.0006197107695325333,0.0006197107695325678,0.05263157894736842,209,11,0.4013613340216998
2,numeric_nonpass,4.185463659147869,0.0007095151961520835,0.0007095151961521415,0.05263157894736842,209,11,0.4013613340216998
2,numeric_nonpass,4.2105263157894735,0.0008094742808204427,0.0008094742808205397,0.05263157894736842,209,11,0.4013613340216998
2,numeric_nonpass,4.235588972431078,0.0009202586190386398,0.0009202586190388016,0.05263157894736842,209,11,0.4013613340216998
2,numeric_nonpass,4.260651629072681,0.0010425155990500172,0.0010425155990502863,0.05263157894736842,209,11,0.4013613340216998
2,numeric_nonpass,4.285714285714286,0.0011768575687849377,0.001176857568785383,0.05263157894736842,209,11,0.4013613340216998
2,numeric_nonpass,4.31077694235589,0.0013238494096864527,0.0013238494096871874,0.05263157894736842,209,11,0.4013613340216998
2,numeric_nonpass,4.335839598997493,0.0014839957279650427,0.0014839957279662495,0.05263157894736842,209,11,0.4013613340216998
2,numeric_nonpass,4.360902255639098,0.001657727912033179,0.0016577279120351537,0.05263157894736842,209,11,0.4013613340216998
2,numeric_nonpass,4.385964912280701,0.0018453913396184825,0.0018453913396217012,0.05263157894736842,209,11,0.4013613340216998
2,numeric_nonpass,4.4110275689223055,0.00204723304776653,0.002047233047771757,0.05263157894736842,209,11,0.4013613340216998
2,numeric_nonpass,4.43609022556391,0.0022633902020429775,0.002263390202051432,0.05263157894736842,209,11,0.4013613340216998
2,numeric_nonpass,4.461152882205513,0.002493879716220784,0.0024938797162344073,0.05263157894736842,209,11,0.4013613340216998
2,numeric_nonpass,4.486215538847118,0.0027385893792141224,0.002738589379235989,0.05263157894736842,209,11,0.4013613340216998
2,numeric_nonpass,4.511278195488721,0.002997270840821236,0.0029972708408561996,0.05263157894736842,209,11,0.4013613340216998
2,numeric_nonpass,4.5363408521303255,0.0032695347910564796,0.0032695347911121686,0.05263157894736842,209,11,0.4013613340216998
2,numeric_nonpass,4.56140350877193,0.0035548486389071284,0.003554848638995488,0.05263157894736842,209,11,0.4013613340216998
2,numeric_nonpass,4.586466165413533,0.0038525369550491497,0.0038525369551888067,0.05263157894736842,209,11,0.4013613340216998
2,numeric_nonpass,4.611528822055138,0.004161784889626395,0.004161784889846282,0.05263157894736842,209,11,0.4013613340216998
2,numeric_nonpass,4.636591478696742,0.004481644711325976,0.004481644711670852,0.05263157894736842,209,11,0.4013613340216998
2,numeric_nonpass,4.661654135338345,0.004811045538823498,0.004811045539362332,0.05263157894736842,209,11,0.4013613340216998
2,numeric_nonpass,4.68671679197995,0.005148806251843811,0.005148806252682449,0.05263157894736842,209,11,0.4013613340216998
2,numeric_nonpass,4.711779448621554,0.005493651478648756,0.005493651479948994,0.05263157894736842,209,11,0.4013613340216998
2,numeric_nonpass,4.7368421052631575,0.005844230462185663,0.005844230464193833,0.05263157894736842,209,11,0.4013613340216998
2,numeric_nonpass,4.761904761904762,0.006199138511211133,0.006199138514300772,0.05263157894736842,209,11,0.4013613340216998
2,numeric_nonpass,4.786967418546365,0.006556940648510426,0.006556940653245699,0.05263157894736842,209,11,0.4013613340216998
2,numeric_nonpass,4.81203007518797,0.006916196979098733,0.00691619698632831,0.05263157894736842,209,11,0.4013613340216998
2,numeric_nonpass,4.837092731829574,0.007275489220313648,0.007275489231309069,0.05263157894736842,209,11,0.4013613340216998
2,numeric_nonpass,4.8621553884711775,0.007633447766237018,0.007633447782895767,0.05263157894736842,209,11,0.4013613340216998
2,numeric_nonpass,4.887218045112782,0.007988778603990216,0.007988778629132522,0.05263157894736842,209,11,0.4013613340216998
2,numeric_nonpass,4.912280701754385,0.008340289361909505,0.008340289399710264,0.05263157894736842,209,11,0.4013613340216998
2,numeric_nonpass,4.93734335839599,0.008686913751792074,0.008686913808406777,0.05263157894736842,209,11,0.4013613340216998
2,numeric_nonpass,4.962406015037594,0.009027733671146463,0.00902773375561438,0.05263157894736842,209,11,0.4013613340216998
2,numeric_nonpass,4.987468671679197,0.009361998257902996,0.009361998383444927,0.05263157894736842,209,11,0.4013613340216998
2,numeric_nonpass,5.012531328320802,0.009689139239850096,0.009689139425725059,0.05263157894736842,209,11,0.4013613340216998
2,numeric_nonpass,5.037593984962406,0.010008781993911897,0.010008782268062177,0.05263157894736842,209,11,0.4013613340216998
2,numeric_nonpass,5.0626566416040095,0.010320751825219321,0.010320752228022461,0.05263157894736842,209,11,0.4013613340216998
2,numeric_nonpass,5.087719298245614,0.01062507509089253,0.010625075680460692,0.05263157894736842,209,11,0.4013613340216998
2,numeric_nonpass,5.112781954887218,0.010921974925901783,0.010921975785534433,0.05263157894736842,209,11,0.4013613340216998
2,numeric_nonpass,5.137844611528822,0.011211861474927183,0.01121186272354691,0.05263157894736842,209,11,0.4013613340216998
2,numeric_nonpass,5.162907268170426,0.011495316690759417,0.011495318497461791,0.05263157894736842,209,11,0.4013613340216998
2,numeric_nonpass,5.1879699248120295,0.011773073921895976,0.011773076526147437,0.05263157894736842,209,11,0.4013613340216998
2,numeric_nonpass,5.213032581453634,0.012045992674603366,0.012045996414157805,0.05263157894736842,209,11,0.4013613340216998
2,numeric_nonpass,5.238095238095238,0.012315029092596587,0.012315034441912339,0.05263157894736842,209,11,0.4013613340216998
2,numeric_nonpass,5.263157894736842,0.012581202845322118,0.012581210468197978,0.05263157894736842,209,11,0.4013613340216998
2,numeric_nonpass,5.288220551378446,0.012845561248416248,0.012845572069793428,0.05263157894736842,209,11,0.4013613340216998
2,numeric_nonpass,5.313283208020049,0.013109141552349133,0.0131091568558275,0.05263157894736842,209,11,0.4013613340216998
2,numeric_nonpass,5.338345864661654,0.013372932423148649,0.013372953982842464,0.05263157894736842,209,11,0.4013613340216998
2,numeric_nonpass,5.363408521303258,0.01363783569868425,0.013637865956721243,0.05263157894736842,209,11,0.4013613340216998
2,numeric_nonpass,5.3884711779448615,0.013904629532369286,0.013904671836772568,0.05263157894736842,209,11,0.4013613340216998
2,numeric_nonpass,5.413533834586466,0.014173934031354531,0.014173992953428806,0.05263157894736842,209,11,0.4013613340216998
2,numeric_nonpass,5.43859649122807,0.014446180457445772,0.014446262213346254,0.05263157894736842,209,11,0.4013613340216998
2,numeric_nonpass,5.463659147869674,0.014721584986316373,0.014721697994485194,0.05263157894736842,209,11,0.4013613340216998
2,numeric_nonpass,5.488721804511278,0.015000127915481097,0.0150002835304177,0.05263157894736842,209,11,0.4013613340216998
2,numeric_nonpass,5.513784461152882,0.015281539076453483,0.015281752550226464,0.05263157894736842,209,11,0.4013613340216998
2,numeric_nonpass,5.538847117794486,0.015565290045090585,0.01556558178154616,0.05263157894736842,209,11,0.4013613340216998
2,numeric_nonpass,5.56390977443609,0.015850593560848038,0.015850990744141046,0.05263157894736842,209,11,0.4013613340216998
2,numeric_nonpass,5.588972431077694,0.01613641036584698,0.01613694906530275,0.05263157894736842,209,11,0.4013613340216998
2,numeric_nonpass,5.614035087719298,0.016421463464239654,0.01642219134231206,0.05263157894736842,209,11,0.4013613340216998
2,numeric_nonpass,5.639097744360902,0.016704259587722137,0.01670523936768108,0.05263157894736842,209,11,0.4013613340216998
2,numeric_nonpass,5.664160401002506,0.016983117440758564,0.01698443132652341,0.05263157894736842,209,11,0.4013613340216998
2,numeric_nonpass,5.68922305764411,0.017256202095700387,0.01725795737879881,0.05263157894736842,209,11,0.4013613340216998
2,numeric_nonpass,5.7142857142857135,0.017521564719812987,0.017523900858694562,0.05263157894736842,209,11,0.4013613340216998
2,numeric_nonpass,5.739348370927318,0.017777186649102203,0.017780284164902176,0.05263157894736842,209,11,0.4013613340216998
2,numeric_nonpass,5.764411027568922,0.018021026682953835,0.01802511828420401,0.05263157894736842,209,11,0.4013613340216998
2,numeric_nonpass,5.789473684210526,0.01825107036333179,0.018256454790921594,0.05263157894736842,209,11,0.4013613340216998
2,numeric_nonpass,5.81453634085213,0.018465379926044308,0.0184724390997137,0.05263157894736842,209,11,0.4013613340216998
2,numeric_nonpass,5.839598997493734,0.018662143571760093,0.01867136372116035,0.05263157894736842,209,11,0.4013613340216998
2,numeric_nonpass,5.864661654135338,0.01883972270231448,0.01885172027956724,0.05263157894736842,209,11,0.4013613340216998
2,numeric_nonpass,5.889724310776942,0.018996695803553062,0.01901224910030983,0.05263157894736842,209,11,0.4013613340216998
2,numeric_nonpass,5.9147869674185465,0.0191318977285879,0.019151985258454043,0.05263157894736842,209,11,0.4013613340216998
2,numeric_nonpass,5.93984962406015,0.019244453242922913,0.019270300098840475,0.05263157894736842,209,11,0.4013613340216998
2,numeric_nonpass,5.964912280701754,0.019333803832521552,0.019366937386732046,0.05263157894736842,209,11,0.4013613340216998
2,numeric_nonpass,5.989974937343358,0.019399726943777326,0.019442043422966047,0.05263157894736842,209,11,0.4013613340216998
2,numeric_nonpass,6.015037593984962,0.019442347016022137,0.019496190652945215,0.05263157894736842,209,11,0.4013613340216998
2,numeric_nonpass,6.040100250626566,0.019462137877600857,0.019530394508675924,0.05263157894736842,209,11,0.4013613340216998
2,numeric_nonpass,6.06516290726817,0.019459916300144316,0.019546123440801182,0.05263157894736842,209,11,0.4013613340216998
2,numeric_nonpass,6.090225563909774,0.01943682673668073,0.019545302316193787,0.05263157894736842,209,11,0.4013613340216998
2,numeric_nonpass,6.115288220551378,0.01939431750167619,0.01953030956898072,0.05263157894736842,209,11,0.4013613340216998
2,numeric_nonpass,6.140350877192982,0.019334108879008657,0.019503968691654494,0.05263157894736842,209,11,0.4013613340216998
2,numeric_nonpass,6.165413533834586,0.019258153861390376,0.019469534831142027,0.05263157894736842,209,11,0.4013613340216998
2,numeric_nonpass,6.19047619047619,0.01916859242623142,0.019430677405652304,0.05263157894736842,209,11,0.4013613340216998
2,numeric_nonpass,6.215538847117794,0.019067700433107914,0.01939145977565692,0.05263157894736842,209,11,0.4013613340216998
2,numeric_nonpass,6.2406015037593985,0.01895783438205482,0.01935631708105826,0.05263157894736842,209,11,0.4013613340216998
2,numeric_nonpass,6.265664160401002,0.018841373395608367,0.019330033391983647,0.05263157894736842,209,11,0.4013613340216998
2,numeric_nonpass,6.290726817042606,0.018720659877314368,0.01931771930935111,0.05263157894736842,209,11,0.4013613340216998
2,numeric_nonpass,6.315789473684211,0.018597940352495176,0.01932479109132727,0.05263157894736842,209,11,0.4013613340216998
2,numeric_nonpass,6.340852130325814,0.018475308011481773,0.01935695227246525,0.05263157894736842,209,11,0.4013613340216998
2,numeric_nonpass,6.365914786967418,0.018354648450244895,0.01942017858471642,0.05263157894736842,209,11,0.4013613340216998
2,numeric_nonpass,6.390977443609022,0.018237590038363793,0.019520706786443184,0.05263157894736842,209,11,0.4013613340216998
2,numeric_nonpass,6.416040100250626,0.018125460240549184,0.019665027761625802,0.05263157894736842,209,11,0.4013613340216998
2,numeric_nonpass,6.4411027568922306,0.018019249077538768,0.019859883973095214,0.05263157894736842,209,11,0.4013613340216998
2,numeric_nonpass,6.466165413533834,0.017919580738210324,0.02011227104907389,0.05263157894736842,209,11,0.4013613340216998
2,numeric_nonpass,6.491228070175438,0.017826694151329085,0.020429442961486063,0.05263157894736842,209,11,0.4013613340216998
2,numeric_nonpass,6.516290726817042,0.017740433097531004,0.020818919928812168,0.05263157894736842,209,11,0.4013613340216998
2,numeric_nonpass,6.541353383458646,0.017660246195858542,0.021288497858324863,0.05263157894736842,209,11,0.4013613340216998
2,numeric_nonpass,6.5664160401002505,0.01758519684103511,0.02184625784581537,0.05263157894736842,209,11,0.4013613340216998
2,numeric_nonpass,6.591478696741854,0.017513982904845498,0.022500573989268323,0.05263157894736842,209,11,0.4013613340216998
2,numeric_nonpass,6.616541353383458,0.017444965754971162,0.023260117560132715,0.05263157894736842,209,11,0.4013613340216998
2,numeric_nonpass,6.641604010025063,0.017376207894997366,0.024133855424963116,0.05263157894736842,209,11,0.4013613340216998
2,numeric_nonpass,6.666666666666666,0.017305518297502657,0.025131040533098975,0.05263157894736842,209,11,0.4013613340216998
2,numeric_nonpass,6.69172932330827,0.01723050429519638,0.026261192292666047,0.05263157894736842,209,11,0.4013613340216998
2,numeric_nonpass,6.716791979949875,0.017148628719365323,0.02753406475501812,0.05263157894736842,209,11,0.4013613340216998
2,numeric_nonpass,6.741854636591478,0.01705727083591089,0.02895960072128466,0.05263157894736842,209,11,0.4013613340216998
2,numeric_nonpass,6.7669172932330826,0.01695378953137842,0.030547870174985135,0.05263157894736842,209,11,0.4013613340216998
2,numeric_nonpass,6.791979949874686,0.016835587147688427,0.03230899182894779,0.05263157894736842,209,11,0.4013613340216998
2,numeric_nonpass,6.81704260651629,0.016700172356443947,0.03425303704625772,0.05263157894736842,209,11,0.4013613340216998
2,numeric_nonpass,6.842105263157895,0.01654522050187853,0.03638991594282225,0.05263157894736842,209,11,0.4013613340216998
2,numeric_nonpass,6.867167919799498,0.016368629924370753,0.0387292460886514,0.05263157894736842,209,11,0.4013613340216998
2,numeric_nonpass,6.8922305764411025,0.016168572901148467,0.041280204877769566,0.05263157894736842,209,11,0.4013613340216998
2,numeric_nonpass,6.917293233082706,0.015943540003114525,0.044051367311404924,0.05263157894736842,209,11,0.4013613340216998
2,numeric_nonpass,6.94235588972431,0.015692376861189614,0.04705053161196448,0.05263157894736842,209,11,0.4013613340216998
2,numeric_nonpass,6.967418546365915,0.015414312555702903,0.05028453573096582,0.05263157894736842,209,11,0.4013613340216998
2,numeric_nonpass,6.992481203007518,0.015108979080895753,0.05375906840670534,0.05263157894736842,209,11,0.4013613340216998
2,numeric_nonpass,7.017543859649122,0.014776421585759108,0.05747847894161308,0.05263157894736842,209,11,0.4013613340216998
2,numeric_nonpass,7.042606516290727,0.01441709934420256,0.06144559028123105,0.05263157894736842,209,11,0.4013613340216998
2,numeric_nonpass,7.06766917293233,0.01403187765403397,0.06566152026551382,0.05263157894736842,209,11,0.4013613340216998
2,numeric_nonpass,7.0927318295739346,0.013622011097864772,0.07012551607136924,0.05263157894736842,209,11,0.4013613340216998
2,numeric_nonpass,7.117794486215539,0.013189118812935646,0.0748348068603965,0.05263157894736842,209,11,0.4013613340216998
2,numeric_nonpass,7.142857142857142,0.012735152604943572,0.0797844794803896,0.05263157894736842,209,11,0.4013613340216998
2,numeric_nonpass,7.167919799498747,0.012262358898279297,0.08496738174203251,0.05263157894736842,209,11,0.4013613340216998
2,numeric_nonpass,7.19298245614035,0.011773235637905121,0.0903740573082361,0.05263157894736842,209,11,0.4013613340216998
2,numeric_nonpass,7.2180451127819545,0.011270485343978388,0.09599271560389937,0.05263157894736842,209,11,0.4013613340216998
2,numeric_nonpass,7.243107769423559,0.010756965568171658,0.10180923939560164,0.05263157894736842,209,11,0.4013613340216998
2,numeric_nonpass,7.268170426065162,0.010235638010697068,0.10780723182640412,0.05263157894736842,209,11,0.4013613340216998
2,numeric_nonpass,7.293233082706767,0.009709517530823226,0.1139681037476453,0.05263157894736842,209,11,0.4013613340216998
2,numeric_nonpass,7.31829573934837,0.009181622223833345,0.12027120119806838,0.05263157894736842,209,11,0.4013613340216998
2,numeric_nonpass,7.343358395989974,0.00865492564756456,0.12669397187385195,0.05263157894736842,209,11,0.4013613340216998
2,numeric_nonpass,7.368421052631579,0.008132312166352247,0.13321216844511694,0.05263157894736842,209,11,0.4013613340216998
2,numeric_nonpass,7.393483709273182,0.007616536244434547,0.13980008563888743,0.05263157894736842,209,11,0.4013613340216998
2,numeric_nonpass,7.4185463659147866,0.007110186370095949,0.14643082715698608,0.05263157894736842,209,11,0.4013613340216998
2,numeric_nonpass,7.443609022556391,0.006615654131642712,0.15307659775853097,0.05263157894736842,209,11,0.4013613340216998
2,numeric_nonpass,7.468671679197994,0.006135108802255943,0.15970901523472805,0.05263157894736842,209,11,0.4013613340216998
2,numeric_nonpass,7.493734335839599,0.005670477628160352,0.1662994365572541,0.05263157894736842,209,11,0.4013613340216998
2,numeric_nonpass,7.518796992481203,0.005223431858252099,0.17281929220331638,0.05263157894736842,209,11,0.4013613340216998
2,numeric_nonpass,7.5438596491228065,0.004795378407654839,0.1792404225563947,0.05263157894736842,209,11,0.4013613340216998
2,numeric_nonpass,7.568922305764411,0.004387456916246426,0.18553541035083437,0.05263157894736842,209,11,0.4013613340216998
2,numeric_nonpass,7.593984962406014,0.004000541848886354,0.19167790336333618,0.05263157894736842,209,11,0.4013613340216998
2,numeric_nonpass,7.619047619047619,0.0036352491889428754,0.19764292194119937,0.05263157894736842,209,11,0.4013613340216998
2,numeric_nonpass,7.644110275689223,0.0032919472020294573,0.20340714647661243,0.05263157894736842,209,11,0.4013613340216998
2,numeric_nonpass,7.669172932330826,0.00297077069308395,0.20894918056454762,0.05263157894736842,209,11,0.4013613340216998
2,numeric_nonpass,7.694235588972431,0.0026716381468045087,0.21424978629164682,0.05263157894736842,209,11,0.4013613340216998
2,numeric_nonpass,7.719298245614034,0.0023942711280762756,0.21929208886557428,0.05263157894736842,209,11,0.4013613340216998
2,numeric_nonpass,7.744360902255639,0.0021382153239022745,0.22406174857856623,0.05263157894736842,209,11,0.4013613340216998
2,numeric_nonpass,7.769423558897243,0.0019028626295556678,0.22854709887582325,0.05263157894736842,209,11,0.4013613340216998
2,numeric_nonpass,7.794486215538846,0.0016874737169159735,0.23273925004138712,0.05263157894736842,209,11,0.4013613340216998
2,numeric_nonpass,7.819548872180451,0.0014912005697332456,0.2366321586966419,0.05263157894736842,209,11,0.4013613340216998
2,numeric_nonpass,7.844611528822055,0.0013131085262571664,0.24022266390906885,0.05263157894736842,209,11,0.4013613340216998
2,numeric_nonpass,7.8696741854636585,0.0011521974316397378,0.24351049121566695,0.05263157894736842,209,11,0.4013613340216998
2,numeric_nonpass,7.894736842105263,0.0010074215682229998,0.24649822626611878,0.05263157894736842,209,11,0.4013613340216998
2,numeric_nonpass,7.919799498746867,0.0008777080988733826,0.24919126008056516,0.05263157894736842,209,11,0.4013613340216998
2,numeric_nonpass,7.944862155388471,0.0007619738247703122,0.2515977080965127,0.05263157894736842,209,11,0.4013613340216998
2,numeric_nonpass,7.969924812030075,0.0006591401226275154,0.25372830525501233,0.05263157894736842,209,11,0.4013613340216998
2,numeric_nonpass,7.994987468671678,0.0005681459856624946,0.25559627935867457,0.05263157894736842,209,11,0.4013613340216998
2,numeric_nonpass,8.020050125313283,0.0004879591465049634,0.257217204838236,0.05263157894736842,209,11,0.4013613340216998
2,numeric_nonpass,8.045112781954886,0.0004175853077536989,0.25860883890834435,0.05263157894736842,209,11,0.4013613340216998
2,numeric_nonpass,8.070175438596491,0.0003560755464790856,0.2597909418972048,0.05263157894736842,209,11,0.4013613340216998
2,numeric_nonpass,8.095238095238095,0.0003025319923533128,0.26078508332000266,0.05263157894736842,209,11,0.4013613340216998
2,numeric_nonpass,8.120300751879698,0.0002561119052681818,0.2616144350537982,0.05263157894736842,209,11,0.4013613340216998
2,numeric_nonpass,8.145363408521304,0.00021603029750352196,0.262303552781932,0.05263157894736842,209,11,0.4013613340216998
2,numeric_nonpass,8.170426065162907,0.00018156125816093236,0.2628781467267833,0.05263157894736842,209,11,0.4013613340216998
2,numeric_nonpass,8.19548872180451,0.0001520381442540773,0.2633648425958194,0.05263157894736842,209,11,0.4013613340216998
2,numeric_nonpass,8.220551378446114,0.00012685280423268376,0.26379093363832146,0.05263157894736842,209,11,0.4013613340216998
2,numeric_nonpass,8.24561403508772,0.00010545399656644371,0.2641841247556672,0.05263157894736842,209,11,0.4013613340216998
2,numeric_nonpass,8.270676691729323,8.734515911369864e-05,0.26457226972864484,0.05263157894736842,209,11,0.4013613340216998
2,numeric_nonpass,8.295739348370926,7.208167513364839e-05,0.2649831028181946,0.05263157894736842,209,11,0.4013613340216998
2,numeric_nonpass,8.320802005012531,5.926776972805574e-05,0.26544396625378697,0.05263157894736842,209,11,0.4013613340216998
2,numeric_nonpass,8.345864661654135,4.8553156926599225e-05,0.26598153543453223,0.05263157894736842,209,11,0.4013613340216998
2,numeric_nonpass,8.370927318295738,3.962954320014305e-05,0.26662154401643157,0.05263157894736842,209,11,0.4013613340216998
2,numeric_nonpass,8.395989974937343,3.222707846046216e-05,0.2673885114261375,0.05263157894736842,209,11,0.4013613340216998
2,numeric_nonpass,8.421052631578947,2.6110831060373146e-05,0.2683054757061213,0.05263157894736842,209,11,0.4013613340216998
2,numeric_nonpass,8.44611528822055,2.10773493343781e-05,0.2693937349358634,0.05263157894736842,209,11,0.4013613340216998
2,numeric_nonpass,8.471177944862156,1.695135912014648e-05,0.2706726007658983,0.05263157894736842,209,11,0.4013613340216998
2,numeric_nonpass,8.496240601503759,1.3582634697081443e-05,0.27215916782436267,0.05263157894736842,209,11,0.4013613340216998
2,numeric_nonpass,8.521303258145362,1.0843069816610322e-05,0.27386810288899316,0.05263157894736842,209,11,0.4013613340216998
2,numeric_nonpass,8.546365914786968,8.623966059898036e-06,0.2758114577439849,0.05263157894736842,209,11,0.4013613340216998
2,numeric_nonpass,8.571428571428571,6.833547665488704e-06,0.2779985095470855,0.05263157894736842,209,11,0.4013613340216998
2,numeric_nonpass,8.596491228070175,5.394705197813097e-06,0.2804356323084796,0.05263157894736842,209,11,0.4013613340216998
2,numeric_nonpass,8.62155388471178,4.24296491594173e-06,0.28312620272508254,0.05263157894736842,209,11,0.4013613340216998
2,numeric_nonpass,8.646616541353383,3.324676360717039e-06,0.28607054312280084,0.05263157894736842,209,11,0.4013613340216998
2,numeric_nonpass,8.671679197994987,2.5954073983165575e-06,0.28926590364160126,0.05263157894736842,209,11,0.4013613340216998
2,numeric_nonpass,8.69674185463659,2.018533618414196e-06,0.29270648506573377,0.05263157894736842,209,11,0.4013613340216998
2,numeric_nonpass,8.721804511278195,1.5640074592437818e-06,0.296383502871261,0.05263157894736842,209,11,0.4013613340216998
2,numeric_nonpass,8.746867167919799,1.2072915941120397e-06,0.30028529215687094,0.05263157894736842,209,11,0.4013613340216998
2,numeric_nonpass,8.771929824561402,9.284408429011356e-07,0.3043974521676208,0.05263157894736842,209,11,0.4013613340216998
2,numeric_nonpass,8.796992481203008,7.113170543325121e-07,0.3087030281437659,0.05263157894736842,209,11,0.4013613340216998
2,numeric_nonpass,8.822055137844611,5.429219368178861e-07,0.3131827272595489,0.05263157894736842,209,11,0.4013613340216998
2,numeric_nonpass,8.847117794486214,4.1283360570207636e-07,0.3178151644923106,0.05263157894736842,209,11,0.4013613340216998
2,numeric_nonpass,8.87218045112782,3.12733582878758e-07,0.3225771334133209,0.05263157894736842,209,11,0.4013613340216998
2,numeric_nonpass,8.897243107769423,2.3601206364289957e-07,0.3274438961501161,0.05263157894736842,209,11,0.4013613340216998
2,numeric_nonpass,8.922305764411027,1.7744039956407738e-07,0.33238948616560465,0.05263157894736842,209,11,0.4013613340216998
2,numeric_nonpass,8.947368421052632,1.3290089050456896e-07,0.33738701705831275,0.05263157894736842,209,11,0.4013613340216998
2,numeric_nonpass,8.972431077694235,9.916509909202705e-08,0.342408990333338,0.05263157894736842,209,11,0.4013613340216998
2,numeric_nonpass,8.997493734335839,7.371297130779926e-08,0.34742759504218546,0.05263157894736842,209,11,0.4013613340216998
2,numeric_nonpass,9.022556390977442,5.458604936125666e-08,0.35241499235313195,0.05263157894736842,209,11,0.4013613340216998
2,numeric_nonpass,9.047619047619047,4.026898613839225e-08,0.35734357849712123,0.05263157894736842,209,11,0.4013613340216998
2,numeric_nonpass,9.072681704260651,2.9594407981412422e-08,0.36218622013539153,0.05263157894736842,209,11,0.4013613340216998
2,numeric_nonpass,9.097744360902254,2.1666922325637237e-08,0.36691645700481174,0.05263157894736842,209,11,0.4013613340216998
2,numeric_nonpass,9.12280701754386,1.580272997796076e-08,0.3715086676985789,0.05263157894736842,209,11,0.4013613340216998
2,numeric_nonpass,9.147869674185463,1.1481882138153245e-08,0.37593819560965236,0.05263157894736842,209,11,0.4013613340216998
2,numeric_nonpass,9.172932330827066,8.31072486873156e-09,0.3801814333712266,0.05263157894736842,209,11,0.4013613340216998
2,numeric_nonpass,9.197994987468672,5.992504892778249e-09,0.3842158655355773,0.05263157894736842,209,11,0.4013613340216998
2,numeric_nonpass,9.223057644110275,4.3044771900293294e-09,0.3880200706971939,0.05263157894736842,209,11,0.4013613340216998
2,numeric_nonpass,9.248120300751879,3.0801639024590895e-09,0.39157368574117984,0.05263157894736842,209,11,0.4013613340216998
2,numeric_nonpass,9.273182957393484,2.1956724805732726e-09,0.39485733633335013,0.05263157894736842,209,11,0.4013613340216998
2,numeric_nonpass,9.298245614035087,1.5591954186757684e-09,0.3978525391125634,0.05263157894736842,209,11,0.4013613340216998
2,numeric_nonpass,9.32330827067669,1.1029905081379984e-09,0.400541582246928,0.05263157894736842,209,11,0.4013613340216998
2,numeric_nonpass,9.348370927318296,7.772849119851899e-10,0.40290739202391984,0.05263157894736842,209,11,0.4013613340216998
2,numeric_nonpass,9.3734335839599,5.456635828284745e-10,0.4049333939143201,0.05263157894736842,209,11,0.4013613340216998
2,numeric_nonpass,9.398496240601503,3.815970722804195e-10,0.406603377041204,0.05263157894736842,209,11,0.4013613340216998
2,numeric_nonpass,9.423558897243108,2.6583950369550107e-10,0.4079013711657185,0.05263157894736842,209,11,0.4013613340216998
2,numeric_nonpass,9.448621553884712,1.8448775083580274e-10,0.40881154514834495,0.05263157894736842,209,11,0.4013613340216998
2,numeric_nonpass,9.473684210526315,1.2754053436344847e-10,0.4093181353460263,0.05263157894736842,209,11,0.4013613340216998
2,numeric_nonpass,9.498746867167918,8.783361815502823e-11,0.4094054115625625,0.05263157894736842,209,11,0.4013613340216998
2,numeric_nonpass,9.523809523809524,6.025656237395181e-11,0.40905768699572226,0.05263157894736842,209,11,0.4013613340216998
2,numeric_nonpass,9.548872180451127,4.1179226514881396e-11,0.40825937714674393,0.05263157894736842,209,11,0.4013613340216998
2,numeric_nonpass,9.57393483709273,2.8033770506013094e-11,0.40699511091664897,0.05263157894736842,209,11,0.4013613340216998
2,numeric_nonpass,9.598997493734336,1.9011378241606585e-11,0.40524989516193305,0.05263157894736842,209,11,0.4013613340216998
2,numeric_nonpass,9.62406015037594,1.2843214551999362e-11,0.40300933188356913,0.05263157894736842,209,11,0.4013613340216998
2,numeric_nonpass,9.649122807017543,8.642934628833062e-12,0.40025988505081095,0.05263157894736842,209,11,0.4013613340216998
2,numeric_nonpass,9.674185463659148,5.7939588182602844e-12,0.39698919189455767,0.05263157894736842,209,11,0.4013613340216998
2,numeric_nonpass,9.699248120300751,3.869150438684853e-12,0.39318641142711486,0.05263157894736842,209,11,0.4013613340216998
2,numeric_nonpass,9.724310776942355,2.573838160245127e-12,0.3888426010395029,0.05263157894736842,209,11,0.4013613340216998
2,numeric_nonpass,9.74937343358396,1.7055782655854942e-12,0.38395111037421137,0.05263157894736842,209,11,0.4013613340216998
2,numeric_nonpass,9.774436090225564,1.1258648974005433e-12,0.3785079803439206,0.05263157894736842,209,11,0.4013613340216998
2,numeric_nonpass,9.799498746867167,7.403286235734308e-13,0.3725123342284562,0.05263157894736842,209,11,0.4013613340216998
2,numeric_nonpass,9.82456140350877,4.849376307335762e-13,0.36596674728307726,0.05263157894736842,209,11,0.4013613340216998
2,numeric_nonpass,9.849624060150376,3.1642426410723174e-13,0.3588775812650881,0.05263157894736842,209,11,0.4013613340216998
2,numeric_nonpass,9.87468671679198,2.0567225013322614e-13,0.35125527074878704,0.05263157894736842,209,11,0.4013613340216998
2,numeric_nonpass,9.899749373433583,1.3316900226659204e-13,0.34311454904767397,0.05263157894736842,209,11,0.4013613340216998
2,numeric_nonpass,9.924812030075188,8.589178568902747e-14,0.33447460297485965,0.05263157894736842,209,11,0.4013613340216998
2,numeric_nonpass,9.949874686716791,5.5184954176962e-14,0.32535914750568434,0.05263157894736842,209,11,0.4013613340216998
2,numeric_nonpass,9.974937343358395,3.531911831181296e-14,0.31579641360092126,0.05263157894736842,209,11,0.4013613340216998
2,numeric_nonpass,10.0,2.251742332039977e-14,0.3058190449292967,0.05263157894736842,209,11,0.4013613340216998
2,pass,0.0,5.034279563833277e-78,1.504176371486347e-09,0.9473684210526315,209,198,0.4013613340216998
2,pass,0.02506265664160401,1.6140026455848023e-77,2.1176169521620097e-09,0.9473684210526315,209,198,0.4013613340216998
2,pass,0.05012531328320802,5.154405586403718e-77,2.9697839379789432e-09,0.9473684210526315,209,198,0.4013613340216998
2,pass,0.07518796992481203,1.639684847593849e-76,4.1488881922948444e-09,0.9473684210526315,209,198,0.4013613340216998
2,pass,0.10025062656641603,5.195766665971028e-76,5.773892227329386e-09,0.9473684210526315,209,198,0.4013613340216998
2,pass,0.12531328320802004,1.6400095285037117e-75,8.004539129283936e-09,0.9473684210526315,209,198,0.4013613340216998
2,pass,0.15037593984962405,5.156447423189296e-75,1.1054405066981117e-08,0.9473684210526315,209,198,0.4013613340216998
2,pass,0.17543859649122806,1.6149620522369463e-74,1.5207803181420418e-08,0.9473684210526315,209,198,0.4013613340216998
2,pass,0.20050125313283207,5.038271541045336e-74,2.0841566428362772e-08,0.9473684210526315,209,198,0.4013613340216998
2,pass,0.22556390977443608,1.5656992901523165e-73,2.8452976790410015e-08,0.9473684210526315,209,198,0.4013613340216998
2,pass,0.2506265664160401,4.846661516814977e-73,3.869539387024119e-08,0.9473684210526315,209,198,0.4013613340216998
2,pass,0.2756892230576441,1.4944610247427188e-72,5.242347302983036e-08,0.9473684210526315,209,198,0.4013613340216998
2,pass,0.3007518796992481,4.590226114013987e-72,7.075025765216644e-08,0.9473684210526315,209,198,0.4013613340216998
2,pass,0.3258145363408521,1.4044011135967073e-71,9.511888705378913e-08,0.9473684210526315,209,198,0.4013613340216998
2,pass,0.3508771929824561,4.280119230361751e-71,1.2739218552697828e-07,0.9473684210526315,209,198,0.4013613340216998
2,pass,0.37593984962406013,1.2993561384508784e-70,1.699639920697869e-07,0.9473684210526315,209,198,0.4013613340216998
2,pass,0.40100250626566414,3.92923666613973e-70,2.258967557572805e-07,0.9473684210526315,209,198,0.4013613340216998
2,pass,0.42606516290726815,1.1835751587571752e-69,2.990906569348302e-07,0.9473684210526315,209,198,0.4013613340216998
2,pass,0.45112781954887216,3.5513312296182855e-69,3.944903144821989e-07,0.9473684210526315,209,198,0.4013613340216998
2,pass,0.47619047619047616,1.0614370017335387e-68,5.183359948660915e-07,0.9473684210526315,209,198,0.4013613340216998
2,pass,0.5012531328320802,3.1601302828798065e-68,6.784671346598532e-07,0.9473684210526315,209,198,0.4013613340216998
2,pass,0.5263157894736842,9.371810379447053e-68,8.846869032093997e-07,0.9473684210526315,209,198,0.4013613340216998
2,pass,0.5513784461152882,2.76853333918177e-67,1.1491974370818925e-06,0.9473684210526315,209,198,0.4013613340216998
2,pass,0.5764411027568922,8.146738973119676e-67,1.4871162350985974e-06,0.9473684210526315,209,198,0.4013613340216998
2,pass,0.6015037593984962,2.387952279508891e-66,1.9170849647868935e-06,0.9473684210526315,209,198,0.4013613340216998
2,pass,0.6265664160401002,6.972287781098563e-66,2.461982540347229e-06,0.9473684210526315,209,198,0.4013613340216998
2,pass,0.6516290726817042,2.027835882630381e-65,3.1497547203646667e-06,0.9473684210526315,209,198,0.4013613340216998
2,pass,0.6766917293233082,5.874868665694981e-65,4.014372561448843e-06,0.9473684210526315,209,198,0.4013613340216998
2,pass,0.7017543859649122,1.6953969641951833e-64,5.096931762562779e-06,0.9473684210526315,209,198,0.4013613340216998
2,pass,0.7268170426065163,4.873629849759781e-64,6.446904145883836e-06,0.9473684210526315,209,198,0.4013613340216998
2,pass,0.7518796992481203,1.3955378026843302e-63,8.123551138609585e-06,0.9473684210526315,209,198,0.4013613340216998
2,pass,0.7769423558897243,3.980509036224038e-63,1.0197507037176731e-05,0.9473684210526315,209,198,0.4013613340216998
2,pass,0.8020050125313283,1.1309504837312198e-62,1.27525369418298e-05,0.9473684210526315,209,198,0.4013613340216998
2,pass,0.8270676691729323,3.2007854015467295e-62,1.588747044117459e-05,0.9473684210526315,209,198,0.4013613340216998
2,pass,0.8521303258145363,9.023552263824513e-62,1.971830730999951e-05,0.9473684210526315,209,198,0.4013613340216998
2,pass,0.8771929824561403,2.5339996797598115e-61,2.4380485583888752e-05,0.9473684210526315,209,198,0.4013613340216998
2,pass,0.9022556390977443,7.088325204478826e-61,3.0031295341462767e-05,0.9473684210526315,209,198,0.4013613340216998
2,pass,0.9273182957393483,1.9750986779170207e-60,3.685241334435987e-05,0.9473684210526315,209,198,0.4013613340216998
2,pass,0.9523809523809523,5.482038389090675e-60,4.50525243846269e-05,0.9473684210526315,209,198,0.4013613340216998
2,pass,0.9774436090225563,1.5156659074055765e-59,5.486998484973113e-05,0.9473684210526315,209,198,0.4013613340216998
2,pass,1.0025062656641603,4.1741980641999605e-59,6.657547277858786e-05,0.9473684210526315,209,198,0.4013613340216998
2,pass,1.0275689223057642,1.1451194985924166e-58,8.04745567579254e-05,0.9473684210526315,209,198,0.4013613340216998
2,pass,1.0526315789473684,3.1292249227060416e-58,9.691010368139746e-05,0.9473684210526315,209,198,0.4013613340216998
2,pass,1.0776942355889725,8.51786968907698e-58,0.0001162644330263902,0.9473684210526315,209,198,0.4013613340216998
2,pass,1.1027568922305764,2.3095824494691215e-57,0.00013896111333614833,0.9473684210526315,209,198,0.4013613340216998
2,pass,1.1278195488721803,6.237983838725777e-57,0.00016546628554361107,0.9473684210526315,209,198,0.4013613340216998
2,pass,1.1528822055137844,1.6782758444713096e-56,0.00019628938822204933,0.9473684210526315,209,198,0.4013613340216998
2,pass,1.1779448621553885,4.497703218689249e-56,0.00023198315243577354,0.9473684210526315,209,198,0.4013613340216998
2,pass,1.2030075187969924,1.2006782082407453e-55,0.00027314272926990145,0.9473684210526315,209,198,0.4013613340216998
2,pass,1.2280701754385963,3.192793816763618e-55,0.00032040381203564676,0.9473684210526315,209,198,0.4013613340216998
2,pass,1.2531328320802004,8.45714080189324e-55,0.00037443961825984356,0.9473684210526315,209,198,0.4013613340216998
2,pass,1.2781954887218046,2.2314374712509857e-54,0.0004359566045145175,0.9473684210526315,209,198,0.4013613340216998
2,pass,1.3032581453634084,5.864815935931206e-54,0.000505688800485843,0.9473684210526315,209,198,0.4013613340216998
2,pass,1.3283208020050123,1.5354390719340004e-53,0.0005843906678669736,0.9473684210526315,209,198,0.4013613340216998
2,pass,1.3533834586466165,4.0042331599252637e-53,0.0006728284149759292,0.9473684210526315,209,198,0.4013613340216998
2,pass,1.3784461152882206,1.0401949226789752e-52,0.0007717697295444532,0.9473684210526315,209,198,0.4013613340216998
2,pass,1.4035087719298245,2.691650927415175e-52,0.0008819719297645547,0.9473684210526315,209,198,0.4013613340216998
2,pass,1.4285714285714284,6.937953959442712e-52,0.0010041685770258131,0.9473684210526315,209,198,0.4013613340216998
2,pass,1.4536340852130325,1.7813645055708546e-51,0.0011390546421569982,0.9473684210526315,209,198,0.4013613340216998
2,pass,1.4786967418546366,4.555991606323234e-51,0.0012872703694349643,0.9473684210526315,209,198,0.4013613340216998
2,pass,1.5037593984962405,1.160704883464449e-50,0.0014493840378822082,0.9473684210526315,209,198,0.4013613340216998
2,pass,1.5288220551378444,2.9455711686178917e-50,0.0016258738758998521,0.9473684210526315,209,198,0.4013613340216998
2,pass,1.5538847117794485,7.44605223285118e-50,0.0018171094412783501,0.9473684210526315,209,198,0.4013613340216998
2,pass,1.5789473684210527,1.8749579141986978e-49,0.0020233328320847996,0.9473684210526315,209,198,0.4013613340216998
2,pass,1.6040100250626566,4.702901635772322e-49,0.002244640142680091,0.9473684210526315,209,198,0.4013613340216998
2,pass,1.6290726817042605,1.1750307494634783e-48,0.0024809636209256435,0.9473684210526315,209,198,0.4013613340216998
2,pass,1.6541353383458646,2.924432309746912e-48,0.002732055015255093,0.9473684210526315,209,198,0.4013613340216998
2,pass,1.6791979949874687,7.250082703189533e-48,0.002997470621564311,0.9473684210526315,209,198,0.4013613340216998
2,pass,1.7042606516290726,1.7904138754086444e-47,0.00327655854786388,0.9473684210526315,209,198,0.4013613340216998
2,pass,1.7293233082706765,4.404260903101782e-47,0.0035684487076909008,0.9473684210526315,209,198,0.4013613340216998
2,pass,1.7543859649122806,1.0791996931407285e-46,0.0038720460301396157,0.9473684210526315,209,198,0.4013613340216998
2,pass,1.7794486215538847,2.6341457639117378e-46,0.004186027334280049,0.9473684210526315,209,198,0.4013613340216998
2,pass,1.8045112781954886,6.404526892034116e-46,0.004508842258495508,0.9473684210526315,209,198,0.4013613340216998
2,pass,1.8295739348370925,1.551113609225882e-45,0.004838718561315002,0.9473684210526315,209,198,0.4013613340216998
2,pass,1.8546365914786966,3.742049375715781e-45,0.005173672020740811,0.9473684210526315,209,198,0.4013613340216998
2,pass,1.8796992481203008,8.992590481944457e-45,0.005511521055643692,0.9473684210526315,209,198,0.4013613340216998
2,pass,1.9047619047619047,2.1526308689876514e-44,0.005849906077941828,0.9473684210526315,209,198,0.4013613340216998
2,pass,1.9298245614035086,5.132911833104959e-44,0.006186313461022675,0.9473684210526315,209,198,0.4013613340216998
2,pass,1.9548872180451127,1.21917932074208e-43,0.006518103881761819,0.9473684210526315,209,198,0.4013613340216998
2,pass,1.9799498746867168,2.8845692095471494e-43,0.006842544664506946,0.9473684210526315,209,198,0.4013613340216998
2,pass,2.0050125313283207,6.798357249722735e-43,0.007156845629776239,0.9473684210526315,209,198,0.4013613340216998
2,pass,2.0300751879699246,1.5960140035811132e-42,0.007458197832541735,0.9473684210526315,209,198,0.4013613340216998
2,pass,2.0551378446115285,3.732322481106668e-42,0.007743814469158084,0.9473684210526315,209,198,0.4013613340216998
2,pass,2.080200501253133,8.694236026575226e-42,0.00801097314236254,0.9473684210526315,209,198,0.4013613340216998
2,pass,2.1052631578947367,2.0174071152476876e-41,0.008257058604021579,0.9473684210526315,209,198,0.4013613340216998
2,pass,2.1303258145363406,4.66300179991637e-41,0.008479605048577425,0.9473684210526315,209,198,0.4013613340216998
2,pass,2.155388471177945,1.0736125694021444e-40,0.008676337008882562,0.9473684210526315,209,198,0.4013613340216998
2,pass,2.180451127819549,2.462292367599942e-40,0.008845207911892609,0.9473684210526315,209,198,0.4013613340216998
2,pass,2.2055137844611528,5.6252488100185905e-40,0.008984435385175236,0.9473684210526315,209,198,0.4013613340216998
2,pass,2.2305764411027567,1.28012977751254e-39,0.009092532466056914,0.9473684210526315,209,198,0.4013613340216998
2,pass,2.2556390977443606,2.901860095474559e-39,0.009168333952141249,0.9473684210526315,209,198,0.4013613340216998
2,pass,2.280701754385965,6.552532894832647e-39,0.009211017242591237,0.9473684210526315,209,198,0.4013613340216998
2,pass,2.305764411027569,1.4738465921118013e-38,0.009220117150772499,0.9473684210526315,209,198,0.4013613340216998
2,pass,2.3308270676691727,3.302218072875712e-38,0.009195534316615872,0.9473684210526315,209,198,0.4013613340216998
2,pass,2.355889724310777,7.370037209614281e-38,0.009137537006744927,0.9473684210526315,209,198,0.4013613340216998
2,pass,2.380952380952381,1.638491301275802e-37,0.009046756256931378,0.9473684210526315,209,198,0.4013613340216998
2,pass,2.406015037593985,3.628517287668933e-37,0.008924174479425616,0.9473684210526315,209,198,0.4013613340216998
2,pass,2.4310776942355887,8.00432878349089e-37,0.008771107821740157,0.9473684210526315,209,198,0.4013613340216998
2,pass,2.4561403508771926,1.758860431051288e-36,0.008589182718274758,0.9473684210526315,209,198,0.4013613340216998
2,pass,2.481203007518797,3.8498928880655684e-36,0.008380307216858344,0.9473684210526315,209,198,0.4013613340216998
2,pass,2.506265664160401,8.394151368209539e-36,0.008146637784488438,0.9473684210526315,209,198,0.4013613340216998
2,pass,2.5313283208020048,1.823122715593428e-35,0.007890542396630956,0.9473684210526315,209,198,0.4013613340216998
2,pass,2.556390977443609,3.944264586316022e-35,0.007614560789603825,0.9473684210526315,209,198,0.4013613340216998
2,pass,2.581453634085213,8.500163661507411e-35,0.007321362803946645,0.9473684210526315,209,198,0.4013613340216998
2,pass,2.606516290726817,1.8247346677990622e-34,0.007013705767406191,0.9473684210526315,209,198,0.4013613340216998
2,pass,2.631578947368421,3.901965517487236e-34,0.006694391859374118,0.9473684210526315,209,198,0.4013613340216998
2,pass,2.6566416040100247,8.311482238252626e-34,0.006366226365394462,0.9473684210526315,209,198,0.4013613340216998
2,pass,2.681704260651629,1.7635385943522097e-33,0.006031977672705379,0.9473684210526315,209,198,0.4013613340216998
2,pass,2.706766917293233,3.727374021362122e-33,0.00569433977846693,0.9473684210526315,209,198,0.4013613340216998
2,pass,2.731829573934837,7.847522762620349e-33,0.005355897984779336,0.9473684210526315,209,198,0.4013613340216998
2,pass,2.756892230576441,1.6457879826738296e-32,0.005019098342728609,0.9473684210526315,209,198,0.4013613340216998
2,pass,2.781954887218045,3.438167034497437e-32,0.004686221285740461,0.9473684210526315,209,198,0.4013613340216998
2,pass,2.807017543859649,7.154708278773975e-32,0.004359359764851339,0.9473684210526315,209,198,0.4013613340216998
2,pass,2.832080200501253,1.4830946103421167e-31,0.004040402069455415,0.9473684210526315,209,198,0.4013613340216998
2,pass,2.8571428571428568,3.0623712884505644e-31,0.0037310193907963887,0.9473684210526315,209,198,0.4013613340216998
2,pass,2.882205513784461,6.298816995912626e-31,0.003432658065738496,0.9473684210526315,209,198,0.4013613340216998
2,pass,2.907268170426065,1.2905427464607235e-30,0.003146536328497029,0.9473684210526315,209,198,0.4013613340216998
2,pass,2.932330827067669,2.6338931658182444e-30,0.0028736453007967015,0.9473684210526315,209,198,0.4013613340216998
2,pass,2.9573934837092732,5.3547151965827154e-30,0.0026147538684868467,0.9473684210526315,209,198,0.4013613340216998
2,pass,2.982456140350877,1.0843941416171892e-29,0.0023704170264389,0.9473684210526315,209,198,0.4013613340216998
2,pass,3.007518796992481,2.1875128832887404e-29,0.0021409872243759133,0.9473684210526315,209,198,0.4013613340216998
2,pass,3.032581453634085,4.395687964140265e-29,0.0019266282142777985,0.9473684210526315,209,198,0.4013613340216998
2,pass,3.057644110275689,8.798648774695796e-29,0.0017273308847091126,0.9473684210526315,209,198,0.4013613340216998
2,pass,3.082706766917293,1.7543575519522683e-28,0.0015429305678351945,0.9473684210526315,209,198,0.4013613340216998
2,pass,3.107769423558897,3.4844429409915764e-28,0.001373125319584095,0.9473684210526315,209,198,0.4013613340216998
2,pass,3.132832080200501,6.893850141026704e-28,0.0012174947005788956,0.9473684210526315,209,198,0.4013613340216998
2,pass,3.1578947368421053,1.3586377393381826e-27,0.001075518623058008,0.9473684210526315,209,198,0.4013613340216998
2,pass,3.182957393483709,2.667220899782332e-27,0.0009465958748175085,0.9473684210526315,209,198,0.4013613340216998
2,pass,3.208020050125313,5.215883677487132e-27,0.0008300619829939716,0.9473684210526315,209,198,0.4013613340216998
2,pass,3.233082706766917,1.016039369063711e-26,0.0007252061360376644,0.9473684210526315,209,198,0.4013613340216998
2,pass,3.258145363408521,1.9715465289608403e-26,0.0006312869393971012,0.9473684210526315,209,198,0.4013613340216998
2,pass,3.2832080200501252,3.81081190818025e-26,0.0005475468373186136,0.9473684210526315,209,198,0.4013613340216998
2,pass,3.308270676691729,7.337398700793379e-26,0.00047322508805866146,0.9473684210526315,209,198,0.4013613340216998
2,pass,3.333333333333333,1.4072815129689482e-25,0.00040756923127589014,0.9473684210526315,209,198,0.4013613340216998
2,pass,3.3583959899749374,2.688649843282235e-25,0.0003498450332610717,0.9473684210526315,209,198,0.4013613340216998
2,pass,3.3834586466165413,5.116842508620371e-25,0.00029934493711110643,0.9473684210526315,209,198,0.4013613340216998
2,pass,3.408521303258145,9.700286055024654e-25,0.00025539508037482225,0.9473684210526315,209,198,0.4013613340216998
2,pass,3.433583959899749,1.8318160856118518e-24,0.00021736097177332863,0.9473684210526315,209,198,0.4013613340216998
2,pass,3.458646616541353,3.445832651275771e-24,0.00018465194124339546,0.9473684210526315,209,198,0.4013613340216998
2,pass,3.4837092731829573,6.456863963389866e-24,0.00015672449389125915,0.9473684210526315,209,198,0.4013613340216998
2,pass,3.508771929824561,1.2052146162876952e-23,0.00013308470876801862,0.9473684210526315,209,198,0.4013613340216998
2,pass,3.533834586466165,2.240900651472409e-23,0.00011328982811031905,0.9473684210526315,209,198,0.4013613340216998
2,pass,3.5588972431077694,4.150461974919796e-23,9.694918235093087e-05,0.9473684210526315,209,198,0.4013613340216998
2,pass,3.5839598997493733,7.657483450694517e-23,8.372459137447074e-05,0.9473684210526315,209,198,0.4013613340216998
2,pass,3.6090225563909772,1.4073161006700718e-22,7.333037378690967e-05,0.9473684210526315,209,198,0.4013613340216998
2,pass,3.634085213032581,2.576400543450556e-22,6.553308400299987e-05,0.9473684210526315,209,198,0.4013613340216998
2,pass,3.659147869674185,4.698415517725153e-22,6.01510823392221e-05,0.9473684210526315,209,198,0.4013613340216998
2,pass,3.6842105263157894,8.53504781355709e-22,5.7054026609695505e-05,0.9473684210526315,209,198,0.4013613340216998
2,pass,3.7092731829573933,1.5444618177779294e-21,5.616235550106914e-05,0.9473684210526315,209,198,0.4013613340216998
2,pass,3.734335839598997,2.7839745757041467e-21,5.7446814752807917e-05,0.9473684210526315,209,198,0.4013613340216998
2,pass,3.7593984962406015,4.9988535989253465e-21,6.0928057356472975e-05,0.9473684210526315,209,198,0.4013613340216998
2,pass,3.7844611528822054,8.94113871018593e-21,6.667632904321471e-05,0.9473684210526315,209,198,0.4013613340216998
2,pass,3.8095238095238093,1.5930621175366258e-20,7.481123065836799e-05,0.9473684210526315,209,198,0.4013613340216998
2,pass,3.834586466165413,2.827419555424191e-20,8.550153001402279e-05,0.9473684210526315,209,198,0.4013613340216998
2,pass,3.859649122807017,4.998799109079496e-20,9.896497784459411e-05,0.9473684210526315,209,198,0.4013613340216998
2,pass,3.8847117794486214,8.803577749450378e-20,0.00011546806594608469,0.9473684210526315,209,198,0.4013613340216998
2,pass,3.9097744360902253,1.5444399881466712e-19,0.00013532565084183195,0.9473684210526315,209,198,0.4013613340216998
2,pass,3.9348370927318292,2.698990827394961e-19,0.00015890035377953067,0.9473684210526315,209,198,0.4013613340216998
2,pass,3.9598997493734336,4.698406033617889e-19,0.00018660163792774218,0.9473684210526315,209,198,0.4013613340216998
2,pass,3.9849624060150375,8.147393314318929e-19,0.000218884456709768,0.9473684210526315,209,198,0.4013613340216998
2,pass,4.010025062656641,1.4073627687398498e-18,0.00025624736368771604,0.9473684210526315,209,198,0.4013613340216998
2,pass,4.035087719298246,2.4216585920240468e-18,0.00029922997466951017,0.9473684210526315,209,198,0.4013613340216998
2,pass,4.060150375939849,4.150873573637252e-18,0.000348409677099511,0.9473684210526315,209,198,0.4013613340216998
2,pass,4.0852130325814535,7.0873859433154e-18,0.00040439749059452407,0.9473684210526315,209,198,0.4013613340216998
2,pass,4.110275689223057,1.2054602861691274e-17,0.0004678329959054158,0.9473684210526315,209,198,0.4013613340216998
2,pass,4.135338345864661,2.042397380887756e-17,0.0005393782677189464,0.9473684210526315,209,198,0.4013613340216998
2,pass,4.160401002506266,3.447056232504766e-17,0.0006197107695325678,0.9473684210526315,209,198,0.4013613340216998
2,pass,4.185463659147869,5.795321786916595e-17,0.0007095151961521415,0.9473684210526315,209,198,0.4013613340216998
2,pass,4.2105263157894735,9.705727427601774e-17,0.0008094742808205397,0.9473684210526315,209,198,0.4013613340216998
2,pass,4.235588972431078,1.619199141201968e-16,0.0009202586190388016,0.9473684210526315,209,198,0.4013613340216998
2,pass,4.260651629072681,2.690880276345023e-16,0.0010425155990502863,0.9473684210526315,209,198,0.4013613340216998
2,pass,4.285714285714286,4.454620654759356e-16,0.001176857568785383,0.9473684210526315,209,198,0.4013613340216998
2,pass,4.31077694235589,7.345978094178273e-16,0.0013238494096871874,0.9473684210526315,209,198,0.4013613340216998
2,pass,4.335839598997493,1.2067335882991056e-15,0.0014839957279662495,0.9473684210526315,209,198,0.4013613340216998
2,pass,4.360902255639098,1.9746783666090245e-15,0.0016577279120351537,0.9473684210526315,209,198,0.4013613340216998
2,pass,4.385964912280701,3.218880572108856e-15,0.0018453913396217012,0.9473684210526315,209,198,0.4013613340216998
2,pass,4.4110275689223055,5.226816191662771e-15,0.002047233047771757,0.9473684210526315,209,198,0.4013613340216998
2,pass,4.43609022556391,8.45461448566865e-15,0.002263390202051432,0.9473684210526315,209,198,0.4013613340216998
2,pass,4.461152882205513,1.3623069281272946e-14,0.0024938797162344073,0.9473684210526315,209,198,0.4013613340216998
2,pass,4.486215538847118,2.186658993481541e-14,0.002738589379235989,0.9473684210526315,209,198,0.4013613340216998
2,pass,4.511278195488721,3.496330425553913e-14,0.0029972708408561996,0.9473684210526315,209,198,0.4013613340216998
2,pass,4.5363408521303255,5.5689019892279056e-14,0.0032695347911121686,0.9473684210526315,209,198,0.4013613340216998
2,pass,4.56140350877193,8.835940193724641e-14,0.003554848638995488,0.9473684210526315,209,198,0.4013613340216998
2,pass,4.586466165413533,1.3965691693719292e-13,0.0038525369551888067,0.9473684210526315,209,198,0.4013613340216998
2,pass,4.611528822055138,2.1988673646837236e-13,0.004161784889846282,0.9473684210526315,209,198,0.4013613340216998
2,pass,4.636591478696742,3.448759727766004e-13,0.004481644711670852,0.9473684210526315,209,198,0.4013613340216998
2,pass,4.661654135338345,5.388335097648001e-13,0.004811045539362332,0.9473684210526315,209,198,0.4013613340216998
2,pass,4.68671679197995,8.386378307122015e-13,0.005148806252682449,0.9473684210526315,209,198,0.4013613340216998
2,pass,4.711779448621554,1.300238287497978e-12,0.005493651479948994,0.9473684210526315,209,198,0.4013613340216998
2,pass,4.7368421052631575,2.008170409693862e-12,0.005844230464193833,0.9473684210526315,209,198,0.4013613340216998
2,pass,4.761904761904762,3.089639185834939e-12,0.006199138514300772,0.9473684210526315,209,198,0.4013613340216998
2,pass,4.786967418546365,4.735273211746427e-12,0.006556940653245699,0.9473684210526315,209,198,0.4013613340216998
2,pass,4.81203007518797,7.229577117419406e-12,0.00691619698632831,0.9473684210526315,209,198,0.4013613340216998
2,pass,4.837092731829574,1.0995420347097955e-11,0.007275489231309069,0.9473684210526315,209,198,0.4013613340216998
2,pass,4.8621553884711775,1.6658749362413083e-11,0.007633447782895767,0.9473684210526315,209,198,0.4013613340216998
2,pass,4.887218045112782,2.5142305922325336e-11,0.007988778629132522,0.9473684210526315,209,198,0.4013613340216998
2,pass,4.912280701754385,3.78007596492146e-11,0.008340289399710264,0.9473684210526315,209,198,0.4013613340216998
2,pass,4.93734335839599,5.6614702028568394e-11,0.008686913808406777,0.9473684210526315,209,198,0.4013613340216998
2,pass,4.962406015037594,8.446791705726998e-11,0.00902773375561438,0.9473684210526315,209,198,0.4013613340216998
2,pass,4.987468671679197,1.255419306406887e-10,0.009361998383444927,0.9473684210526315,209,198,0.4013613340216998
2,pass,5.012531328320802,1.8587496333612746e-10,0.009689139425725059,0.9473684210526315,209,198,0.4013613340216998
2,pass,5.037593984962406,2.741502804454753e-10,0.010008782268062177,0.9473684210526315,209,198,0.4013613340216998
2,pass,5.0626566416040095,4.02803140293064e-10,0.010320752228022461,0.9473684210526315,209,198,0.4013613340216998
2,pass,5.087719298245614,5.895681611099163e-10,0.010625075680460692,0.9473684210526315,209,198,0.4013613340216998
2,pass,5.112781954887218,8.596326497824266e-10,0.010921975785534433,0.9473684210526315,209,198,0.4013613340216998
2,pass,5.137844611528822,1.2486197269163168e-09,0.01121186272354691,0.9473684210526315,209,198,0.4013613340216998
2,pass,5.162907268170426,1.8067023748838718e-09,0.011495318497461791,0.9473684210526315,209,198,0.4013613340216998
2,pass,5.1879699248120295,2.604251459972094e-09,0.011773076526147437,0.9473684210526315,209,198,0.4013613340216998
2,pass,5.213032581453634,3.739554439358198e-09,0.012045996414157805,0.9473684210526315,209,198,0.4013613340216998
2,pass,5.238095238095238,5.349315751926095e-09,0.012315034441912339,0.9473684210526315,209,198,0.4013613340216998
2,pass,5.263157894736842,7.622875859854551e-09,0.012581210468197978,0.9473684210526315,209,198,0.4013613340216998
2,pass,5.288220551378446,1.0821377178907324e-08,0.012845572069793428,0.9473684210526315,209,198,0.4013613340216998
2,pass,5.313283208020049,1.5303478366237513e-08,0.0131091568558275,0.9473684210526315,209,198,0.4013613340216998
2,pass,5.338345864661654,2.1559693815606768e-08,0.013372953982842464,0.9473684210526315,209,198,0.4013613340216998
2,pass,5.363408521303258,3.025803699309214e-08,0.013637865956721243,0.9473684210526315,209,198,0.4013613340216998
2,pass,5.3884711779448615,4.2304403282955676e-08,0.013904671836772568,0.9473684210526315,209,198,0.4013613340216998
2,pass,5.413533834586466,5.892207427576431e-08,0.014173992953428806,0.9473684210526315,209,198,0.4013613340216998
2,pass,5.43859649122807,8.175590048219487e-08,0.014446262213346254,0.9473684210526315,209,198,0.4013613340216998
2,pass,5.463659147869674,1.1300816882073252e-07,0.014721697994485194,0.9473684210526315,209,198,0.4013613340216998
2,pass,5.488721804511278,1.5561493660340892e-07,0.0150002835304177,0.9473684210526315,209,198,0.4013613340216998
2,pass,5.513784461152882,2.1347377298143364e-07,0.015281752550226464,0.9473684210526315,209,198,0.4013613340216998
2,pass,5.538847117794486,2.917364555748943e-07,0.01556558178154616,0.9473684210526315,209,198,0.4013613340216998
2,pass,5.56390977443609,3.9718329300862464e-07,0.015850990744141046,0.9473684210526315,209,198,0.4013613340216998
2,pass,5.588972431077694,5.386994557674229e-07,0.01613694906530275,0.9473684210526315,209,198,0.4013613340216998
2,pass,5.614035087719298,7.27878072404918e-07,0.01642219134231206,0.9473684210526315,209,198,0.4013613340216998
2,pass,5.639097744360902,9.797799589423024e-07,0.01670523936768108,0.9473684210526315,209,198,0.4013613340216998
2,pass,5.664160401002506,1.31388576484702e-06,0.01698443132652341,0.9473684210526315,209,198,0.4013613340216998
2,pass,5.68922305764411,1.755283098423947e-06,0.01725795737879881,0.9473684210526315,209,198,0.4013613340216998
2,pass,5.7142857142857135,2.336138881574105e-06,0.017523900858694562,0.9473684210526315,209,198,0.4013613340216998
2,pass,5.739348370927318,3.097515799973145e-06,0.017780284164902176,0.9473684210526315,209,198,0.4013613340216998
2,pass,5.764411027568922,4.091601250175856e-06,0.01802511828420401,0.9473684210526315,209,198,0.4013613340216998
2,pass,5.789473684210526,5.384427589805577e-06,0.018256454790921594,0.9473684210526315,209,198,0.4013613340216998
2,pass,5.81453634085213,7.059173669392458e-06,0.0184724390997137,0.9473684210526315,209,198,0.4013613340216998
2,pass,5.839598997493734,9.22014940025696e-06,0.01867136372116035,0.9473684210526315,209,198,0.4013613340216998
2,pass,5.864661654135338,1.1997577252759552e-05,0.01885172027956724,0.9473684210526315,209,198,0.4013613340216998
2,pass,5.889724310776942,1.5553296756765857e-05,0.01901224910030983,0.9473684210526315,209,198,0.4013613340216998
2,pass,5.9147869674185465,2.0087529866141106e-05,0.019151985258454043,0.9473684210526315,209,198,0.4013613340216998
2,pass,5.93984962406015,2.5846855917562523e-05,0.019270300098840475,0.9473684210526315,209,198,0.4013613340216998
2,pass,5.964912280701754,3.313355421049453e-05,0.019366937386732046,0.9473684210526315,209,198,0.4013613340216998
2,pass,5.989974937343358,4.231647918871972e-05,0.019442043422966047,0.9473684210526315,209,198,0.4013613340216998
2,pass,6.015037593984962,5.3843636923079185e-05,0.019496190652945215,0.9473684210526315,209,198,0.4013613340216998
2,pass,6.040100250626566,6.82566310750651e-05,0.019530394508675924,0.9473684210526315,209,198,0.4013613340216998
2,pass,6.06516290726817,8.620714065686655e-05,0.019546123440801182,0.9473684210526315,209,198,0.4013613340216998
2,pass,6.090225563909774,0.00010847557951305418,0.019545302316193787,0.9473684210526315,209,198,0.4013613340216998
2,pass,6.115288220551378,0.00013599206730452947,0.01953030956898072,0.9473684210526315,209,198,0.4013613340216998
2,pass,6.140350877192982,0.00016985981264583681,0.019503968691654494,0.9473684210526315,209,198,0.4013613340216998
2,pass,6.165413533834586,0.00021138096975165037,0.019469534831142027,0.9473684210526315,209,198,0.4013613340216998
2,pass,6.19047619047619,0.0002620849794208831,0.019430677405652304,0.9473684210526315,209,198,0.4013613340216998
2,pass,6.215538847117794,0.00032375934254900757,0.01939145977565692,0.9473684210526315,209,198,0.4013613340216998
2,pass,6.2406015037593985,0.0003984826990034354,0.01935631708105826,0.9473684210526315,209,198,0.4013613340216998
2,pass,6.265664160401002,0.0004886599963752797,0.019330033391983647,0.9473684210526315,209,198,0.4013613340216998
2,pass,6.290726817042606,0.0005970594320367454,0.01931771930935111,0.9473684210526315,209,198,0.4013613340216998
2,pass,6.315789473684211,0.0007268507388320951,0.01932479109132727,0.9473684210526315,209,198,0.4013613340216998
2,pass,6.340852130325814,0.0008816442609834768,0.01935695227246525,0.9473684210526315,209,198,0.4013613340216998
2,pass,6.365914786967418,0.0010655301344715254,0.01942017858471642,0.9473684210526315,209,198,0.4013613340216998
2,pass,6.390977443609022,0.0012831167480793905,0.019520706786443184,0.9473684210526315,209,198,0.4013613340216998
2,pass,6.416040100250626,0.0015395675210766167,0.019665027761625802,0.9473684210526315,209,198,0.4013613340216998
2,pass,6.4411027568922306,0.0018406348955564457,0.019859883973095214,0.9473684210526315,209,198,0.4013613340216998
2,pass,6.466165413533834,0.002192690310863566,0.02011227104907389,0.9473684210526315,209,198,0.4013613340216998
2,pass,6.491228070175438,0.002602748810156977,0.020429442961486063,0.9473684210526315,209,198,0.4013613340216998
2,pass,6.516290726817042,0.0030784868312811638,0.020818919928812168,0.9473684210526315,209,198,0.4013613340216998
2,pass,6.541353383458646,0.0036282516624663204,0.021288497858324863,0.9473684210526315,209,198,0.4013613340216998
2,pass,6.5664160401002505,0.004261061004780261,0.02184625784581537,0.9473684210526315,209,198,0.4013613340216998
2,pass,6.591478696741854,0.004986591084422824,0.022500573989268323,0.9473684210526315,209,198,0.4013613340216998
2,pass,6.616541353383458,0.005815151805161555,0.023260117560132715,0.9473684210526315,209,198,0.4013613340216998
2,pass,6.641604010025063,0.006757647529965752,0.024133855424963116,0.9473684210526315,209,198,0.4013613340216998
2,pass,6.666666666666666,0.007825522235596316,0.025131040533098975,0.9473684210526315,209,198,0.4013613340216998
2,pass,6.69172932330827,0.00903068799746967,0.026261192292666047,0.9473684210526315,209,198,0.4013613340216998
2,pass,6.716791979949875,0.010385436035652798,0.02753406475501812,0.9473684210526315,209,198,0.4013613340216998
2,pass,6.741854636591478,0.011902329885373772,0.02895960072128466,0.9473684210526315,209,198,0.4013613340216998
2,pass,6.7669172932330826,0.013594080643606716,0.030547870174985135,0.9473684210526315,209,198,0.4013613340216998
2,pass,6.791979949874686,0.015473404681259363,0.03230899182894779,0.9473684210526315,209,198,0.4013613340216998
2,pass,6.81704260651629,0.01755286468981377,0.03425303704625772,0.9473684210526315,209,198,0.4013613340216998
2,pass,6.842105263157895,0.01984469544094372,0.03638991594282225,0.9473684210526315,209,198,0.4013613340216998
2,pass,6.867167919799498,0.022360616164280648,0.0387292460886514,0.9473684210526315,209,198,0.4013613340216998
2,pass,6.8922305764411025,0.0251116319766211,0.041280204877769566,0.9473684210526315,209,198,0.4013613340216998
2,pass,6.917293233082706,0.0281078273082904,0.044051367311404924,0.9473684210526315,209,198,0.4013613340216998
2,pass,6.94235588972431,0.031358154750774865,0.04705053161196448,0.9473684210526315,209,198,0.4013613340216998
2,pass,6.967418546365915,0.034870223175262914,0.05028453573096582,0.9473684210526315,209,198,0.4013613340216998
2,pass,6.992481203007518,0.038650089325809586,0.05375906840670534,0.9473684210526315,209,198,0.4013613340216998
2,pass,7.017543859649122,0.04270205735585397,0.05747847894161308,0.9473684210526315,209,198,0.4013613340216998
2,pass,7.042606516290727,0.04702849093702849,0.06144559028123105,0.9473684210526315,209,198,0.4013613340216998
2,pass,7.06766917293233,0.051629642611479856,0.06566152026551382,0.9473684210526315,209,198,0.4013613340216998
2,pass,7.0927318295739346,0.05650350497350447,0.07012551607136924,0.9473684210526315,209,198,0.4013613340216998
2,pass,7.117794486215539,0.06164568804746085,0.0748348068603965,0.9473684210526315,209,198,0.4013613340216998
2,pass,7.142857142857142,0.06704932687544603,0.0797844794803896,0.9473684210526315,209,198,0.4013613340216998
2,pass,7.167919799498747,0.07270502284375321,0.08496738174203251,0.9473684210526315,209,198,0.4013613340216998
2,pass,7.19298245614035,0.07860082167033097,0.0903740573082361,0.9473684210526315,209,198,0.4013613340216998
2,pass,7.2180451127819545,0.08472223025992098,0.09599271560389937,0.9473684210526315,209,198,0.4013613340216998
2,pass,7.243107769423559,0.09105227382742999,0.10180923939560164,0.9473684210526315,209,198,0.4013613340216998
2,pass,7.268170426065162,0.09757159381570704,0.10780723182640412,0.9473684210526315,209,198,0.4013613340216998
2,pass,7.293233082706767,0.10425858621682206,0.1139681037476453,0.9473684210526315,209,198,0.4013613340216998
2,pass,7.31829573934837,0.11108957897423503,0.12027120119806838,0.9473684210526315,209,198,0.4013613340216998
2,pass,7.343358395989974,0.11803904622628739,0.12669397187385195,0.9473684210526315,209,198,0.4013613340216998
2,pass,7.368421052631579,0.1250798562787647,0.13321216844511694,0.9473684210526315,209,198,0.4013613340216998
2,pass,7.393483709273182,0.1321835493944529,0.13980008563888743,0.9473684210526315,209,198,0.4013613340216998
2,pass,7.4185463659147866,0.13932064078689013,0.14643082715698608,0.9473684210526315,209,198,0.4013613340216998
2,pass,7.443609022556391,0.14646094362688825,0.15307659775853097,0.9473684210526315,209,198,0.4013613340216998
2,pass,7.468671679197994,0.1535739064324721,0.15970901523472805,0.9473684210526315,209,198,0.4013613340216998
2,pass,7.493734335839599,0.16062895892909373,0.1662994365572541,0.9473684210526315,209,198,0.4013613340216998
2,pass,7.518796992481203,0.16759586034506427,0.17281929220331638,0.9473684210526315,209,198,0.4013613340216998
2,pass,7.5438596491228065,0.17444504414873985,0.1792404225563947,0.9473684210526315,209,198,0.4013613340216998
2,pass,7.568922305764411,0.18114795343458795,0.18553541035083437,0.9473684210526315,209,198,0.4013613340216998
2,pass,7.593984962406014,0.18767736151444983,0.19167790336333618,0.9473684210526315,209,198,0.4013613340216998
2,pass,7.619047619047619,0.1940076727522565,0.19764292194119937,0.9473684210526315,209,198,0.4013613340216998
2,pass,7.644110275689223,0.20011519927458296,0.20340714647661243,0.9473684210526315,209,198,0.4013613340216998
2,pass,7.669172932330826,0.20597840987146365,0.20894918056454762,0.9473684210526315,209,198,0.4013613340216998
2,pass,7.694235588972431,0.2115781481448423,0.21424978629164682,0.9473684210526315,209,198,0.4013613340216998
2,pass,7.719298245614034,0.216897817737498,0.21929208886557428,0.9473684210526315,209,198,0.4013613340216998
2,pass,7.744360902255639,0.22192353325466396,0.22406174857856623,0.9473684210526315,209,198,0.4013613340216998
2,pass,7.769423558897243,0.2266442362462676,0.22854709887582325,0.9473684210526315,209,198,0.4013613340216998
2,pass,7.794486215538846,0.23105177632447116,0.23273925004138712,0.9473684210526315,209,198,0.4013613340216998
2,pass,7.819548872180451,0.23514095812690863,0.2366321586966419,0.9473684210526315,209,198,0.4013613340216998
2,pass,7.844611528822055,0.2389095553828117,0.24022266390906885,0.9473684210526315,209,198,0.4013613340216998
2,pass,7.8696741854636585,0.2423582937840272,0.24351049121566695,0.9473684210526315,209,198,0.4013613340216998
2,pass,7.894736842105263,0.24549080469789578,0.24649822626611878,0.9473684210526315,209,198,0.4013613340216998
2,pass,7.919799498746867,0.24831355198169178,0.24919126008056516,0.9473684210526315,209,198,0.4013613340216998
2,pass,7.944862155388471,0.2508357342717424,0.2515977080965127,0.9473684210526315,209,198,0.4013613340216998
2,pass,7.969924812030075,0.2530691651323848,0.25372830525501233,0.9473684210526315,209,198,0.4013613340216998
2,pass,7.994987468671678,0.25502813337301206,0.25559627935867457,0.9473684210526315,209,198,0.4013613340216998
2,pass,8.020050125313283,0.25672924569173106,0.257217204838236,0.9473684210526315,209,198,0.4013613340216998
2,pass,8.045112781954886,0.25819125360059064,0.25860883890834435,0.9473684210526315,209,198,0.4013613340216998
2,pass,8.070175438596491,0.2594348663507257,0.2597909418972048,0.9473684210526315,209,198,0.4013613340216998
2,pass,8.095238095238095,0.26048255132764936,0.26078508332000266,0.9473684210526315,209,198,0.4013613340216998
2,pass,8.120300751879698,0.26135832314853,0.2616144350537982,0.9473684210526315,209,198,0.4013613340216998
2,pass,8.145363408521304,0.2620875224844285,0.262303552781932,0.9473684210526315,209,198,0.4013613340216998
2,pass,8.170426065162907,0.26269658546862235,0.2628781467267833,0.9473684210526315,209,198,0.4013613340216998
2,pass,8.19548872180451,0.2632128044515653,0.2633648425958194,0.9473684210526315,209,198,0.4013613340216998
2,pass,8.220551378446114,0.26366408083408877,0.26379093363832146,0.9473684210526315,209,198,0.4013613340216998
2,pass,8.24561403508772,0.2640786707591008,0.2641841247556672,0.9473684210526315,209,198,0.4013613340216998
2,pass,8.270676691729323,0.26448492456953115,0.26457226972864484,0.9473684210526315,209,198,0.4013613340216998
2,pass,8.295739348370926,0.2649110211430609,0.2649831028181946,0.9473684210526315,209,198,0.4013613340216998
2,pass,8.320802005012531,0.26538469848405893,0.26544396625378697,0.9473684210526315,209,198,0.4013613340216998
2,pass,8.345864661654135,0.26593298227760565,0.26598153543453223,0.9473684210526315,209,198,0.4013613340216998
2,pass,8.370927318295738,0.26658191447323143,0.26662154401643157,0.9473684210526315,209,198,0.4013613340216998
2,pass,8.395989974937343,0.26735628434767705,0.2673885114261375,0.9473684210526315,209,198,0.4013613340216998
2,pass,8.421052631578947,0.26827936487506093,0.2683054757061213,0.9473684210526315,209,198,0.4013613340216998
2,pass,8.44611528822055,0.269372657586529,0.2693937349358634,0.9473684210526315,209,198,0.4013613340216998
2,pass,8.471177944862156,0.2706556494067781,0.2706726007658983,0.9473684210526315,209,198,0.4013613340216998
2,pass,8.496240601503759,0.2721455851896656,0.27215916782436267,0.9473684210526315,209,198,0.4013613340216998
2,pass,8.521303258145362,0.2738572598191765,0.27386810288899316,0.9473684210526315,209,198,0.4013613340216998
2,pass,8.546365914786968,0.275802833777925,0.2758114577439849,0.9473684210526315,209,198,0.4013613340216998
2,pass,8.571428571428571,0.27799167599942,0.2779985095470855,0.9473684210526315,209,198,0.4013613340216998
2,pass,8.596491228070175,0.2804302376032818,0.2804356323084796,0.9473684210526315,209,198,0.4013613340216998
2,pass,8.62155388471178,0.2831219597601666,0.28312620272508254,0.9473684210526315,209,198,0.4013613340216998
2,pass,8.646616541353383,0.2860672184464401,0.28607054312280084,0.9473684210526315,209,198,0.4013613340216998
2,pass,8.671679197994987,0.28926330823420293,0.28926590364160126,0.9473684210526315,209,198,0.4013613340216998
2,pass,8.69674185463659,0.29270446653211535,0.29270648506573377,0.9473684210526315,209,198,0.4013613340216998
2,pass,8.721804511278195,0.2963819388638017,0.296383502871261,0.9473684210526315,209,198,0.4013613340216998
2,pass,8.746867167919799,0.30028408486527686,0.30028529215687094,0.9473684210526315,209,198,0.4013613340216998
2,pass,8.771929824561402,0.3043965237267779,0.3043974521676208,0.9473684210526315,209,198,0.4013613340216998
2,pass,8.796992481203008,0.30870231682671156,0.3087030281437659,0.9473684210526315,209,198,0.4013613340216998
2,pass,8.822055137844611,0.3131821843376121,0.3131827272595489,0.9473684210526315,209,198,0.4013613340216998
2,pass,8.847117794486214,0.31781475165870493,0.3178151644923106,0.9473684210526315,209,198,0.4013613340216998
2,pass,8.87218045112782,0.32257682067973803,0.3225771334133209,0.9473684210526315,209,198,0.4013613340216998
2,pass,8.897243107769423,0.32744366013805243,0.3274438961501161,0.9473684210526315,209,198,0.4013613340216998
2,pass,8.922305764411027,0.3323893087252051,0.33238948616560465,0.9473684210526315,209,198,0.4013613340216998
2,pass,8.947368421052632,0.33738688415742224,0.33738701705831275,0.9473684210526315,209,198,0.4013613340216998
2,pass,8.972431077694235,0.3424088911682389,0.342408990333338,0.9473684210526315,209,198,0.4013613340216998
2,pass,8.997493734335839,0.3474275213292142,0.34742759504218546,0.9473684210526315,209,198,0.4013613340216998
2,pass,9.022556390977442,0.3524149377670826,0.35241499235313195,0.9473684210526315,209,198,0.4013613340216998
2,pass,9.047619047619047,0.3573435382281351,0.35734357849712123,0.9473684210526315,209,198,0.4013613340216998
2,pass,9.072681704260651,0.36218619054098355,0.36218622013539153,0.9473684210526315,209,198,0.4013613340216998
2,pass,9.097744360902254,0.3669164353378894,0.36691645700481174,0.9473684210526315,209,198,0.4013613340216998
2,pass,9.12280701754386,0.3715086518958489,0.3715086676985789,0.9473684210526315,209,198,0.4013613340216998
2,pass,9.147869674185463,0.37593818412777025,0.37593819560965236,0.9473684210526315,209,198,0.4013613340216998
2,pass,9.172932330827066,0.38018142506050173,0.3801814333712266,0.9473684210526315,209,198,0.4013613340216998
2,pass,9.197994987468672,0.3842158595430724,0.3842158655355773,0.9473684210526315,209,198,0.4013613340216998
2,pass,9.223057644110275,0.38802006639271674,0.3880200706971939,0.9473684210526315,209,198,0.4013613340216998
2,pass,9.248120300751879,0.39157368266101594,0.39157368574117984,0.9473684210526315,209,198,0.4013613340216998
2,pass,9.273182957393484,0.39485733413767765,0.39485733633335013,0.9473684210526315,209,198,0.4013613340216998
2,pass,9.298245614035087,0.39785253755336797,0.3978525391125634,0.9473684210526315,209,198,0.4013613340216998
2,pass,9.32330827067669,0.40054158114393745,0.400541582246928,0.9473684210526315,209,198,0.4013613340216998
2,pass,9.348370927318296,0.40290739124663494,0.40290739202391984,0.9473684210526315,209,198,0.4013613340216998
2,pass,9.3734335839599,0.4049333933686565,0.4049333939143201,0.9473684210526315,209,198,0.4013613340216998
2,pass,9.398496240601503,0.4066033766596069,0.406603377041204,0.9473684210526315,209,198,0.4013613340216998
2,pass,9.423558897243108,0.407901370899879,0.4079013711657185,0.9473684210526315,209,198,0.4013613340216998
2,pass,9.448621553884712,0.4088115449638572,0.40881154514834495,0.9473684210526315,209,198,0.4013613340216998
2,pass,9.473684210526315,0.40931813521848576,0.4093181353460263,0.9473684210526315,209,198,0.4013613340216998
2,pass,9.498746867167918,0.40940541147472886,0.4094054115625625,0.9473684210526315,209,198,0.4013613340216998
2,pass,9.523809523809524,0.4090576869354657,0.40905768699572226,0.9473684210526315,209,198,0.4013613340216998
2,pass,9.548872180451127,0.4082593771055647,0.40825937714674393,0.9473684210526315,209,198,0.4013613340216998
2,pass,9.57393483709273,0.4069951108886152,0.40699511091664897,0.9473684210526315,209,198,0.4013613340216998
2,pass,9.598997493734336,0.40524989514292165,0.40524989516193305,0.9473684210526315,209,198,0.4013613340216998
2,pass,9.62406015037594,0.4030093318707259,0.40300933188356913,0.9473684210526315,209,198,0.4013613340216998
2,pass,9.649122807017543,0.40025988504216803,0.40025988505081095,0.9473684210526315,209,198,0.4013613340216998
2,pass,9.674185463659148,0.3969891918887637,0.39698919189455767,0.9473684210526315,209,198,0.4013613340216998
2,pass,9.699248120300751,0.39318641142324573,0.39318641142711486,0.9473684210526315,209,198,0.4013613340216998
2,pass,9.724310776942355,0.3888426010369291,0.3888426010395029,0.9473684210526315,209,198,0.4013613340216998
2,pass,9.74937343358396,0.3839511103725058,0.38395111037421137,0.9473684210526315,209,198,0.4013613340216998
2,pass,9.774436090225564,0.3785079803427947,0.3785079803439206,0.9473684210526315,209,198,0.4013613340216998
2,pass,9.799498746867167,0.37251233422771585,0.3725123342284562,0.9473684210526315,209,198,0.4013613340216998
2,pass,9.82456140350877,0.3659667472825923,0.36596674728307726,0.9473684210526315,209,198,0.4013613340216998
2,pass,9.849624060150376,0.3588775812647717,0.3588775812650881,0.9473684210526315,209,198,0.4013613340216998
2,pass,9.87468671679198,0.35125527074858137,0.35125527074878704,0.9473684210526315,209,198,0.4013613340216998
2,pass,9.899749373433583,0.3431145490475408,0.34311454904767397,0.9473684210526315,209,198,0.4013613340216998
2,pass,9.924812030075188,0.33447460297477377,0.33447460297485965,0.9473684210526315,209,198,0.4013613340216998
2,pass,9.949874686716791,0.32535914750562916,0.32535914750568434,0.9473684210526315,209,198,0.4013613340216998
2,pass,9.974937343358395,0.31579641360088595,0.31579641360092126,0.9473684210526315,209,198,0.4013613340216998
2,pass,10.0,0.30581904492927414,0.3058190449292967,0.9473684210526315,209,198,0.4013613340216998
3,numeric_nonpass,0.0,7.014622797145957e-18,7.014622797145957e-18,0.034722222222222224,144,5,0.3726734962754488
3,numeric_nonpass,0.02506265664160401,1.2245366247174762e-17,1.2245366247174762e-17,0.034722222222222224,144,5,0.3726734962754488
3,numeric_nonpass,0.05012531328320802,2.128016811748965e-17,2.128016811748965e-17,0.034722222222222224,144,5,0.3726734962754488
3,numeric_nonpass,0.07518796992481203,3.681409674803841e-17,3.681409674803841e-17,0.034722222222222224,144,5,0.3726734962754488
3,numeric_nonpass,0.10025062656641603,6.339997154861857e-17,6.339997154861857e-17,0.034722222222222224,144,5,0.3726734962754488
3,numeric_nonpass,0.12531328320802004,1.0869255449329669e-16,1.0869255449329669e-16,0.034722222222222224,144,5,0.3726734962754488
3,numeric_nonpass,0.15037593984962405,1.8550103938006487e-16,1.8550103938006487e-16,0.034722222222222224,144,5,0.3726734962754488
3,numeric_nonpass,0.17543859649122806,3.151582774044386e-16,3.151582774044386e-16,0.034722222222222224,144,5,0.3726734962754488
3,numeric_nonpass,0.20050125313283207,5.330241763417582e-16,5.330241763417582e-16,0.034722222222222224,144,5,0.3726734962754488
3,numeric_nonpass,0.22556390977443608,8.97430688243474e-16,8.97430688243474e-16,0.034722222222222224,144,5,0.3726734962754488
3,numeric_nonpass,0.2506265664160401,1.5041486011552494e-15,1.5041486011552494e-15,0.034722222222222224,144,5,0.3726734962754488
3,numeric_nonpass,0.2756892230576441,2.5096686802283037e-15,2.5096686802283037e-15,0.034722222222222224,144,5,0.3726734962754488
3,numeric_nonpass,0.3007518796992481,4.168481290530031e-15,4.168481290530031e-15,0.034722222222222224,144,5,0.3726734962754488
3,numeric_nonpass,0.3258145363408521,6.892474076022713e-15,6.892474076022713e-15,0.034722222222222224,144,5,0.3726734962754488
3,numeric_nonpass,0.3508771929824561,1.1345097825810365e-14,1.1345097825810365e-14,0.034722222222222224,144,5,0.3726734962754488
3,numeric_nonpass,0.37593984962406013,1.858990488789591e-14,1.858990488789591e-14,0.034722222222222224,144,5,0.3726734962754488
3,numeric_nonpass,0.40100250626566414,3.0323680318585e-14,3.0323680318585e-14,0.034722222222222224,144,5,0.3726734962754488
3,numeric_nonpass,0.42606516290726815,4.9240501821447214e-14,4.9240501821447214e-14,0.034722222222222224,144,5,0.3726734962754488
3,numeric_nonpass,0.45112781954887216,7.959739413996886e-14,7.959739413996886e-14,0.034722222222222224,144,5,0.3726734962754488
3,numeric_nonpass,0.47619047619047616,1.2808876809232538e-13,1.2808876809232538e-13,0.034722222222222224,144,5,0.3726734962754488
3,numeric_nonpass,0.5012531328320802,2.0519135839080548e-13,2.0519135839080548e-13,0.034722222222222224,144,5,0.3726734962754488
3,numeric_nonpass,0.5263157894736842,3.2722230785711344e-13,3.2722230785711344e-13,0.034722222222222224,144,5,0.3726734962754488
3,numeric_nonpass,0.5513784461152882,5.194724969347713e-13,5.194724969347713e-13,0.034722222222222224,144,5,0.3726734962754488
3,numeric_nonpass,0.5764411027568922,8.209525078897761e-13,8.209525078897761e-13,0.034722222222222224,144,5,0.3726734962754488
3,numeric_nonpass,0.6015037593984962,1.2915443613297136e-12,1.2915443613297136e-12,0.034722222222222224,144,5,0.3726734962754488
3,numeric_nonpass,0.6265664160401002,2.022723129129195e-12,2.022723129129195e-12,0.034722222222222224,144,5,0.3726734962754488
3,numeric_nonpass,0.6516290726817042,3.1535474666285644e-12,3.1535474666285644e-12,0.034722222222222224,144,5,0.3726734962754488
3,numeric_nonpass,0.6766917293233082,4.894384937638476e-12,4.894384937638476e-12,0.034722222222222224,144,5,0.3726734962754488
3,numeric_nonpass,0.7017543859649122,7.561930698235085e-12,7.561930698235085e-12,0.034722222222222224,144,5,0.3726734962754488
3,numeric_nonpass,0.7268170426065163,1.1630625763791277e-11,1.1630625763791277e-11,0.034722222222222224,144,5,0.3726734962754488
3,numeric_nonpass,0.7518796992481203,1.780775982168701e-11,1.780775982168701e-11,0.034722222222222224,144,5,0.3726734962754488
3,numeric_nonpass,0.7769423558897243,2.714259186654419e-11,2.714259186654419e-11,0.034722222222222224,144,5,0.3726734962754488
3,numeric_nonpass,0.8020050125313283,4.118406040908142e-11,4.118406040908142e-11,0.034722222222222224,144,5,0.3726734962754488
3,numeric_nonpass,0.8270676691729323,6.220751129648652e-11,6.220751129648652e-11,0.034722222222222224,144,5,0.3726734962754488
3,numeric_nonpass,0.8521303258145363,9.353891132225016e-11,9.353891132225016e-11,0.034722222222222224,144,5,0.3726734962754488
3,numeric_nonpass,0.8771929824561403,1.4001598301262555e-10,1.4001598301262555e-10,0.034722222222222224,144,5,0.3726734962754488
3,numeric_nonpass,0.9022556390977443,2.0864055805557598e-10,2.0864055805557598e-10,0.034722222222222224,144,5,0.3726734962754488
3,numeric_nonpass,0.9273182957393483,3.0949645329211967e-10,3.0949645329211967e-10,0.034722222222222224,144,5,0.3726734962754488
3,numeric_nonpass,0.9523809523809523,4.570339229661398e-10,4.570339229661398e-10,0.034722222222222224,144,5,0.3726734962754488
3,numeric_nonpass,0.9774436090225563,6.718572613053798e-10,6.718572613053798e-10,0.034722222222222224,144,5,0.3726734962754488
3,numeric_nonpass,1.0025062656641603,9.83198966092739e-10,9.83198966092739e-10,0.034722222222222224,144,5,0.3726734962754488
3,numeric_nonpass,1.0275689223057642,1.4323251908021636e-09,1.4323251908021636e-09,0.034722222222222224,144,5,0.3726734962754488
3,numeric_nonpass,1.0526315789473684,2.0771969009305017e-09,2.0771969009305017e-09,0.034722222222222224,144,5,0.3726734962754488
3,numeric_nonpass,1.0776942355889725,2.9988139392110964e-09,2.9988139392110964e-09,0.034722222222222224,144,5,0.3726734962754488
3,numeric_nonpass,1.1027568922305764,4.309800773838443e-09,4.309800773838443e-09,0.034722222222222224,144,5,0.3726734962754488
3,numeric_nonpass,1.1278195488721803,6.165959782519543e-09,6.165959782519543e-09,0.034722222222222224,144,5,0.3726734962754488
3,numeric_nonpass,1.1528822055137844,8.78172836878895e-09,8.78172836878895e-09,0.034722222222222224,144,5,0.3726734962754488
3,numeric_nonpass,1.1779448621553885,1.2450739037139407e-08,1.2450739037139407e-08,0.034722222222222224,144,5,0.3726734962754488
3,numeric_nonpass,1.2030075187969924,1.7573006938221318e-08,1.7573006938221318e-08,0.034722222222222224,144,5,0.3726734962754488
3,numeric_nonpass,1.2280701754385963,2.4690668546976835e-08,2.4690668546976835e-08,0.034722222222222224,144,5,0.3726734962754488
3,numeric_nonpass,1.2531328320802004,3.4534680097265913e-08,3.4534680097265913e-08,0.034722222222222224,144,5,0.3726734962754488
3,numeric_nonpass,1.2781954887218046,4.8085467678486636e-08,4.8085467678486636e-08,0.034722222222222224,144,5,0.3726734962754488
3,numeric_nonpass,1.3032581453634084,6.665121494309367e-08,6.665121494309367e-08,0.034722222222222224,144,5,0.3726734962754488
3,numeric_nonpass,1.3283208020050123,9.196829078444665e-08,9.196829078444665e-08,0.034722222222222224,144,5,0.3726734962754488
3,numeric_nonpass,1.3533834586466165,1.2632926787211283e-07,1.2632926787211283e-07,0.034722222222222224,144,5,0.3726734962754488
3,numeric_nonpass,1.3784461152882206,1.727450701572703e-07,1.727450701572703e-07,0.034722222222222224,144,5,0.3726734962754488
3,numeric_nonpass,1.4035087719298245,2.3514901516304642e-07,2.3514901516304642e-07,0.034722222222222224,144,5,0.3726734962754488
3,numeric_nonpass,1.4285714285714284,3.186518800667254e-07,3.186518800667254e-07,0.034722222222222224,144,5,0.3726734962754488
3,numeric_nonpass,1.4536340852130325,4.29858605222187e-07,4.29858605222187e-07,0.034722222222222224,144,5,0.3726734962754488
3,numeric_nonpass,1.4786967418546366,5.772588291884447e-07,5.772588291884447e-07,0.034722222222222224,144,5,0.3726734962754488
3,numeric_nonpass,1.5037593984962405,7.717050854159149e-07,7.717050854159149e-07,0.034722222222222224,144,5,0.3726734962754488
3,numeric_nonpass,1.5288220551378444,1.0269941250383236e-06,1.0269941250383236e-06,0.034722222222222224,144,5,0.3726734962754488
3,numeric_nonpass,1.5538847117794485,1.3605683850462456e-06,1.3605683850462456e-06,0.034722222222222224,144,5,0.3726734962754488
3,numeric_nonpass,1.5789473684210527,1.7943559959628796e-06,1.7943559959628796e-06,0.034722222222222224,144,5,0.3726734962754488
3,numeric_nonpass,1.6040100250626566,2.3557687925576342e-06,2.3557687925576342e-06,0.034722222222222224,144,5,0.3726734962754488
3,numeric_nonpass,1.6290726817042605,3.078878403493049e-06,3.078878403493049e-06,0.034722222222222224,144,5,0.3726734962754488
3,numeric_nonpass,1.6541353383458646,4.005790473262469e-06,4.005790473262469e-06,0.034722222222222224,144,5,0.3726734962754488
3,numeric_nonpass,1.6791979949874687,5.188236209862596e-06,5.188236209862596e-06,0.034722222222222224,144,5,0.3726734962754488
3,numeric_nonpass,1.7042606516290726,6.68939853086615e-06,6.68939853086615e-06,0.034722222222222224,144,5,0.3726734962754488
3,numeric_nonpass,1.7293233082706765,8.585986860482362e-06,8.585986860482362e-06,0.034722222222222224,144,5,0.3726734962754488
3,numeric_nonpass,1.7543859649122806,1.0970569866325559e-05,1.0970569866325559e-05,0.034722222222222224,144,5,0.3726734962754488
3,numeric_nonpass,1.7794486215538847,1.3954168878374984e-05,1.3954168878374984e-05,0.034722222222222224,144,5,0.3726734962754488
3,numeric_nonpass,1.8045112781954886,1.76691061865236e-05,1.76691061865236e-05,0.034722222222222224,144,5,0.3726734962754488
3,numeric_nonpass,1.8295739348370925,2.2272091689162603e-05,2.2272091689162603e-05,0.034722222222222224,144,5,0.3726734962754488
3,numeric_nonpass,1.8546365914786966,2.7947518346105664e-05,2.7947518346105664e-05,0.034722222222222224,144,5,0.3726734962754488
3,numeric_nonpass,1.8796992481203008,3.491092154169901e-05,3.491092154169901e-05,0.034722222222222224,144,5,0.3726734962754488
3,numeric_nonpass,1.9047619047619047,4.341253986415415e-05,4.341253986415415e-05,0.034722222222222224,144,5,0.3726734962754488
3,numeric_nonpass,1.9298245614035086,5.374089516501908e-05,5.374089516501908e-05,0.034722222222222224,144,5,0.3726734962754488
3,numeric_nonpass,1.9548872180451127,6.622628844586909e-05,6.622628844586909e-05,0.034722222222222224,144,5,0.3726734962754488
3,numeric_nonpass,1.9799498746867168,8.124408567295355e-05,8.124408567295355e-05,0.034722222222222224,144,5,0.3726734962754488
3,numeric_nonpass,2.0050125313283207,9.92176447818893e-05,9.92176447818893e-05,0.034722222222222224,144,5,0.3726734962754488
3,numeric_nonpass,2.0300751879699246,0.00012062071283918943,0.00012062071283918943,0.034722222222222224,144,5,0.3726734962754488
3,numeric_nonpass,2.0551378446115285,0.0001459791017056221,0.0001459791017056221,0.034722222222222224,144,5,0.3726734962754488
3,numeric_nonpass,2.080200501253133,0.00017587143290625156,0.00017587143290625156,0.034722222222222224,144,5,0.3726734962754488
3,numeric_nonpass,2.1052631578947367,0.00021092872920869038,0.00021092872920869038,0.034722222222222224,144,5,0.3726734962754488
3,numeric_nonpass,2.1303258145363406,0.0002518326232000809,0.0002518326232000809,0.034722222222222224,144,5,0.3726734962754488
3,numeric_nonpass,2.155388471177945,0.00029931195352739265,0.00029931195352739265,0.034722222222222224,144,5,0.3726734962754488
3,numeric_nonpass,2.180451127819549,0.0003541375289762437,0.0003541375289762437,0.034722222222222224,144,5,0.3726734962754488
3,numeric_nonpass,2.2055137844611528,0.0004171148606279207,0.0004171148606279207,0.034722222222222224,144,5,0.3726734962754488
3,numeric_nonpass,2.2305764411027567,0.0004890746941320984,0.0004890746941320984,0.034722222222222224,144,5,0.3726734962754488
3,numeric_nonpass,2.2556390977443606,0.0005708612184955104,0.0005708612184955104,0.034722222222222224,144,5,0.3726734962754488
3,numeric_nonpass,2.280701754385965,0.0006633178850868325,0.0006633178850868325,0.034722222222222224,144,5,0.3726734962754488
3,numeric_nonpass,2.305764411027569,0.000767270840603667,0.000767270840603667,0.034722222222222224,144,5,0.3726734962754488
3,numeric_nonpass,2.3308270676691727,0.0008835100596920872,0.0008835100596920872,0.034722222222222224,144,5,0.3726734962754488
3,numeric_nonpass,2.355889724310777,0.0010127683551816832,0.0010127683551816832,0.034722222222222224,144,5,0.3726734962754488
3,numeric_nonpass,2.380952380952381,0.001155698544166202,0.001155698544166202,0.034722222222222224,144,5,0.3726734962754488
3,numeric_nonpass,2.406015037593985,0.0013128491533246696,0.0013128491533246696,0.034722222222222224,144,5,0.3726734962754488
3,numeric_nonpass,2.4310776942355887,0.0014846391531236809,0.0014846391531236809,0.034722222222222224,144,5,0.3726734962754488
3,numeric_nonpass,2.4561403508771926,0.0016713323134237784,0.0016713323134237784,0.034722222222222224,144,5,0.3726734962754488
3,numeric_nonpass,2.481203007518797,0.0018730118676007353,0.0018730118676007353,0.034722222222222224,144,5,0.3726734962754488
3,numeric_nonpass,2.506265664160401,0.002089556253360263,0.002089556253360263,0.034722222222222224,144,5,0.3726734962754488
3,numeric_nonpass,2.5313283208020048,0.0023206167606854523,0.0023206167606854523,0.034722222222222224,144,5,0.3726734962754488
3,numeric_nonpass,2.556390977443609,0.0025655979557317626,0.0025655979557317626,0.034722222222222224,144,5,0.3726734962754488
3,numeric_nonpass,2.581453634085213,0.002823641759398418,0.002823641759398418,0.034722222222222224,144,5,0.3726734962754488
3,numeric_nonpass,2.606516290726817,0.0030936160369832407,0.0030936160369832407,0.034722222222222224,144,5,0.3726734962754488
3,numeric_nonpass,2.631578947368421,0.0033741084980894874,0.0033741084980894874,0.034722222222222224,144,5,0.3726734962754488
3,numeric_nonpass,2.6566416040100247,0.0036634266124743907,0.0036634266124743907,0.034722222222222224,144,5,0.3726734962754488
3,numeric_nonpass,2.681704260651629,0.003959604118055918,0.003959604118055918,0.034722222222222224,144,5,0.3726734962754488
3,numeric_nonpass,2.706766917293233,0.004260414533793254,0.004260414533793254,0.034722222222222224,144,5,0.3726734962754488
3,numeric_nonpass,2.731829573934837,0.0045633918963794715,0.0045633918963794715,0.034722222222222224,144,5,0.3726734962754488
3,numeric_nonpass,2.756892230576441,0.004865858721141147,0.004865858721141147,0.034722222222222224,144,5,0.3726734962754488
3,numeric_nonpass,2.781954887218045,0.005164960951368166,0.005164960951368166,0.034722222222222224,144,5,0.3726734962754488
3,numeric_nonpass,2.807017543859649,0.005457709415032897,0.005457709415032897,0.034722222222222224,144,5,0.3726734962754488
3,numeric_nonpass,2.832080200501253,0.005741027063106022,0.005741027063106022,0.034722222222222224,144,5,0.3726734962754488
3,numeric_nonpass,2.8571428571428568,0.006011801029698666,0.006011801029698666,0.034722222222222224,144,5,0.3726734962754488
3,numeric_nonpass,2.882205513784461,0.006266938341495789,0.006266938341495789,0.034722222222222224,144,5,0.3726734962754488
3,numeric_nonpass,2.907268170426065,0.006503423922493164,0.006503423922493164,0.034722222222222224,144,5,0.3726734962754488
3,numeric_nonpass,2.932330827067669,0.00671837939913324,0.00671837939913324,0.034722222222222224,144,5,0.3726734962754488
3,numeric_nonpass,2.9573934837092732,0.006909121118389378,0.006909121118389378,0.034722222222222224,144,5,0.3726734962754488
3,numeric_nonpass,2.982456140350877,0.007073215753156345,0.007073215753156345,0.034722222222222224,144,5,0.3726734962754488
3,numeric_nonpass,3.007518796992481,0.007208531889212679,0.007208531889212679,0.034722222222222224,144,5,0.3726734962754488
3,numeric_nonpass,3.032581453634085,0.007313286067258239,0.007313286067258239,0.034722222222222224,144,5,0.3726734962754488
3,numeric_nonpass,3.057644110275689,0.007386081890663825,0.007386081890663825,0.034722222222222224,144,5,0.3726734962754488
3,numeric_nonpass,3.082706766917293,0.0074259410004890855,0.0074259410004890855,0.034722222222222224,144,5,0.3726734962754488
3,numeric_nonpass,3.107769423558897,0.007432324957382107,0.007432324957382107,0.034722222222222224,144,5,0.3726734962754488
3,numeric_nonpass,3.132832080200501,0.007405147346258576,0.007405147346258576,0.034722222222222224,144,5,0.3726734962754488
3,numeric_nonpass,3.1578947368421053,0.007344775723403729,0.007344775723403729,0.034722222222222224,144,5,0.3726734962754488
3,numeric_nonpass,3.182957393483709,0.007252023344734944,0.007252023344734944,0.034722222222222224,144,5,0.3726734962754488
3,numeric_nonpass,3.208020050125313,0.007128130935539906,0.007128130935539906,0.034722222222222224,144,5,0.3726734962754488
3,numeric_nonpass,3.233082706766917,0.006974739073076326,0.006974739073076326,0.034722222222222224,144,5,0.3726734962754488
3,numeric_nonpass,3.258145363408521,0.0067938520415135595,0.0067938520415135595,0.034722222222222224,144,5,0.3726734962754488
3,numeric_nonpass,3.2832080200501252,0.006587794272473083,0.006587794272473083,0.034722222222222224,144,5,0.3726734962754488
3,numeric_nonpass,3.308270676691729,0.006359160694215994,0.006359160694215994,0.034722222222222224,144,5,0.3726734962754488
3,numeric_nonpass,3.333333333333333,0.006110762470786312,0.006110762470786312,0.034722222222222224,144,5,0.3726734962754488
3,numeric_nonpass,3.3583959899749374,0.005845569714055116,0.005845569714055116,0.034722222222222224,144,5,0.3726734962754488
3,numeric_nonpass,3.3834586466165413,0.0055666527941686155,0.0055666527941686155,0.034722222222222224,144,5,0.3726734962754488
3,numeric_nonpass,3.408521303258145,0.005277123857617767,0.005277123857617767,0.034722222222222224,144,5,0.3726734962754488
3,numeric_nonpass,3.433583959899749,0.004980080089840613,0.004980080089840613,0.034722222222222224,144,5,0.3726734962754488
3,numeric_nonpass,3.458646616541353,0.004678550136121534,0.004678550136121534,0.034722222222222224,144,5,0.3726734962754488
3,numeric_nonpass,3.4837092731829573,0.004375444927756226,0.004375444927756226,0.034722222222222224,144,5,0.3726734962754488
3,numeric_nonpass,3.508771929824561,0.004073513958772422,0.004073513958772422,0.034722222222222224,144,5,0.3726734962754488
3,numeric_nonpass,3.533834586466165,0.003775307831774229,0.003775307831774229,0.034722222222222224,144,5,0.3726734962754488
3,numeric_nonpass,3.5588972431077694,0.003483147650097183,0.003483147650097183,0.034722222222222224,144,5,0.3726734962754488
3,numeric_nonpass,3.5839598997493733,0.0031991015878225114,0.0031991015878225114,0.034722222222222224,144,5,0.3726734962754488
3,numeric_nonpass,3.6090225563909772,0.00292496872922173,0.00292496872922173,0.034722222222222224,144,5,0.3726734962754488
3,numeric_nonpass,3.634085213032581,0.002662270043883988,0.002662270043883988,0.034722222222222224,144,5,0.3726734962754488
3,numeric_nonpass,3.659147869674185,0.0024122461608287377,0.0024122461608287377,0.034722222222222224,144,5,0.3726734962754488
3,numeric_nonpass,3.6842105263157894,0.0021758614304812,0.0021758614304812,0.034722222222222224,144,5,0.3726734962754488
3,numeric_nonpass,3.7092731829573933,0.001953813621916103,0.001953813621916103,0.034722222222222224,144,5,0.3726734962754488
3,numeric_nonpass,3.734335839598997,0.0017465484968913123,0.0017465484968913123,0.034722222222222224,144,5,0.3726734962754488
3,numeric_nonpass,3.7593984962406015,0.0015542784327677037,0.0015542784327677037,0.034722222222222224,144,5,0.3726734962754488
3,numeric_nonpass,3.7844611528822054,0.0013770042326663701,0.0013770042326663701,0.034722222222222224,144,5,0.3726734962754488
3,numeric_nonpass,3.8095238095238093,0.0012145392609116009,0.0012145392609116009,0.034722222222222224,144,5,0.3726734962754488
3,numeric_nonpass,3.834586466165413,0.0010665350714942603,0.0010665350714942603,0.034722222222222224,144,5,0.3726734962754488
3,numeric_nonpass,3.859649122807017,0.0009325077525752808,0.0009325077525752808,0.034722222222222224,144,5,0.3726734962754488
3,numeric_nonpass,3.8847117794486214,0.0008118642859044265,0.0008118642859044265,0.034722222222222224,144,5,0.3726734962754488
3,numeric_nonpass,3.9097744360902253,0.0007039283110829216,0.0007039283110829216,0.034722222222222224,144,5,0.3726734962754488
3,numeric_nonpass,3.9348370927318292,0.000607964785413333,0.000607964785413333,0.034722222222222224,144,5,0.3726734962754488
3,numeric_nonpass,3.9598997493734336,0.0005232031354050358,0.0005232031354050358,0.034722222222222224,144,5,0.3726734962754488
3,numeric_nonpass,3.9849624060150375,0.0004488586009818396,0.0004488586009818396,0.034722222222222224,144,5,0.3726734962754488
3,numeric_nonpass,4.010025062656641,0.00038415157377373583,0.00038415157377373583,0.034722222222222224,144,5,0.3726734962754488
3,numeric_nonpass,4.035087719298246,0.0003283248229484358,0.0003283248229484358,0.034722222222222224,144,5,0.3726734962754488
3,numeric_nonpass,4.060150375939849,0.0002806585829802248,0.0002806585829802248,0.034722222222222224,144,5,0.3726734962754488
3,numeric_nonpass,4.0852130325814535,0.0002404835454706291,0.0002404835454706291,0.034722222222222224,144,5,0.3726734962754488
3,numeric_nonpass,4.110275689223057,0.00020719185030203854,0.00020719185030203857,0.034722222222222224,144,5,0.3726734962754488
3,numeric_nonpass,4.135338345864661,0.00018024620942472713,0.00018024620942472716,0.034722222222222224,144,5,0.3726734962754488
3,numeric_nonpass,4.160401002506266,0.0001591873195196835,0.00015918731951968356,0.034722222222222224,144,5,0.3726734962754488
3,numeric_nonpass,4.185463659147869,0.00014363972830369544,0.00014363972830369555,0.034722222222222224,144,5,0.3726734962754488
3,numeric_nonpass,4.2105263157894735,0.000133316314514612,0.00013331631451461218,0.034722222222222224,144,5,0.3726734962754488
3,numeric_nonpass,4.235588972431078,0.00012802152521740803,0.00012802152521740838,0.034722222222222224,144,5,0.3726734962754488
3,numeric_nonpass,4.260651629072681,0.00012765348792464804,0.0001276534879246487,0.034722222222222224,144,5,0.3726734962754488
3,numeric_nonpass,4.285714285714286,0.0001322050813037724,0.00013220508130377357,0.034722222222222224,144,5,0.3726734962754488
3,numeric_nonpass,4.31077694235589,0.00014176400930894422,0.00014176400930894628,0.034722222222222224,144,5,0.3726734962754488
3,numeric_nonpass,4.335839598997493,0.0001565118819080233,0.00015651188190802696,0.034722222222222224,144,5,0.3726734962754488
3,numeric_nonpass,4.360902255639098,0.0001767222637173019,0.0001767222637173084,0.034722222222222224,144,5,0.3726734962754488
3,numeric_nonpass,4.385964912280701,0.00020275761235396855,0.00020275761235397997,0.034722222222222224,144,5,0.3726734962754488
3,numeric_nonpass,4.4110275689223055,0.00023506499366289757,0.00023506499366291757,0.034722222222222224,144,5,0.3726734962754488
3,numeric_nonpass,4.43609022556391,0.0002741704335532905,0.00027417043355332547,0.034722222222222224,144,5,0.3726734962754488
3,numeric_nonpass,4.461152882205513,0.00032067174820035575,0.00032067174820041647,0.034722222222222224,144,5,0.3726734962754488
3,numeric_nonpass,4.486215538847118,0.0003752296877905598,0.0003752296877906649,0.034722222222222224,144,5,0.3726734962754488
3,numeric_nonpass,4.511278195488721,0.000438557235456614,0.0004385572354567951,0.034722222222222224,144,5,0.3726734962754488
3,numeric_nonpass,4.5363408521303255,0.0005114069237952051,0.0005114069237955156,0.034722222222222224,144,5,0.3726734962754488
3,numeric_nonpass,4.56140350877193,0.0005945560671291052,0.0005945560671296353,0.034722222222222224,144,5,0.3726734962754488
3,numeric_nonpass,4.586466165413533,0.0006887898586318871,0.0006887898586327881,0.034722222222222224,144,5,0.3726734962754488
3,numeric_nonpass,4.611528822055138,0.00079488234708803,0.0007948823470895544,0.034722222222222224,144,5,0.3726734962754488
3,numeric_nonpass,4.636591478696742,0.0009135753872046975,0.0009135753872072653,0.034722222222222224,144,5,0.3726734962754488
3,numeric_nonpass,4.661654135338345,0.0010455557480519467,0.0010455557480562529,0.034722222222222224,144,5,0.3726734962754488
3,numeric_nonpass,4.68671679197995,0.0011914306636365026,0.001191430663643692,0.034722222222222224,144,5,0.3726734962754488
3,numeric_nonpass,4.711779448621554,0.0013517022143076647,0.0013517022143196137,0.034722222222222224,144,5,0.3726734962754488
3,numeric_nonpass,4.7368421052631575,0.0015267410334594284,0.0015267410334791997,0.034722222222222224,144,5,0.3726734962754488
3,numeric_nonpass,4.761904761904762,0.001716759936057825,0.0017167599360903936,0.034722222222222224,144,5,0.3726734962754488
3,numeric_nonpass,4.786967418546365,0.0019217881586936045,0.001921788158747015,0.034722222222222224,144,5,0.3726734962754488
3,numeric_nonpass,4.81203007518797,0.0021416469797268106,0.00214164697981401,0.034722222222222224,144,5,0.3726734962754488
3,numeric_nonpass,4.837092731829574,0.002375927547265894,0.0023759275474076243,0.034722222222222224,144,5,0.3726734962754488
3,numeric_nonpass,4.8621553884711775,0.0026239717771279264,0.002623971777357265,0.034722222222222224,144,5,0.3726734962754488
3,numeric_nonpass,4.887218045112782,0.0028848571880691616,0.00288485718843861,0.034722222222222224,144,5,0.3726734962754488
3,numeric_nonpass,4.912280701754385,0.003157386513862693,0.0031573865144552027,0.034722222222222224,144,5,0.3726734962754488
3,numeric_nonpass,4.93734335839599,0.003440082868813588,0.003440082869759611,0.034722222222222224,144,5,0.3726734962754488
3,numeric_nonpass,4.962406015037594,0.0037311911440469432,0.0037311911455506865,0.034722222222222224,144,5,0.3726734962754488
3,numeric_nonpass,4.987468671679197,0.004028686177011434,0.004028686179391079,0.034722222222222224,144,5,0.3726734962754488
3,numeric_nonpass,5.012531328320802,0.0043302880684862105,0.004330288072235232,0.034722222222222224,144,5,0.3726734962754488
3,numeric_nonpass,5.037593984962406,0.004633484824131454,0.004633484830011652,0.034722222222222224,144,5,0.3726734962754488
3,numeric_nonpass,5.0626566416040095,0.0049355622771857415,0.004935562286367685,0.034722222222222224,144,5,0.3726734962754488
3,numeric_nonpass,5.087719298245614,0.00523364101276666,0.0052336410270407046,0.034722222222222224,144,5,0.3726734962754488
3,numeric_nonpass,5.112781954887218,0.005524719771175784,0.0055247197932675315,0.034722222222222224,144,5,0.3726734962754488
3,numeric_nonpass,5.137844611528822,0.005805724567411361,0.0058057246014509714,0.034722222222222224,144,5,0.3726734962754488
3,numeric_nonpass,5.162907268170426,0.006073562537048988,0.006073562589265939,0.034722222222222224,144,5,0.3726734962754488
3,numeric_nonpass,5.1879699248120295,0.006325179315099388,0.006325179394845921,0.034722222222222224,144,5,0.3726734962754488
3,numeric_nonpass,5.213032581453634,0.006557618584238513,0.006557618705489831,0.034722222222222224,144,5,0.3726734962754488
3,numeric_nonpass,5.238095238095238,0.006768082300747721,0.006768082484290161,0.034722222222222224,144,5,0.3726734962754488
3,numeric_nonpass,5.263157894736842,0.006953990027890575,0.006953990304497446,0.034722222222222224,144,5,0.3726734962754488
3,numeric_nonpass,5.288220551378446,0.007113035782592085,0.007113036197610095,0.034722222222222224,144,5,0.3726734962754488
3,numeric_nonpass,5.313283208020049,0.007243240835140618,0.007243241455080478,0.034722222222222224,144,5,0.3726734962754488
3,numeric_nonpass,5.338345864661654,0.007343000993575706,0.007343001915535488,0.034722222222222224,144,5,0.3726734962754488
3,numeric_nonpass,5.363408521303258,0.007411127052126218,0.007411128417197681,0.034722222222222224,144,5,0.3726734962754488
3,numeric_nonpass,5.3884711779448615,0.007446877281522189,0.007446879293768002,0.034722222222222224,144,5,0.3726734962754488
3,numeric_nonpass,5.413533834586466,0.007449981080725403,0.007449984033907244,0.034722222222222224,144,5,0.3726734962754488
3,numeric_nonpass,5.43859649122807,0.0074206531849455104,0.007420657499979101,0.034722222222222224,144,5,0.3726734962754488
3,numeric_nonpass,5.463659147869674,0.007359598122344091,0.007359604399521083,0.034722222222222224,144,5,0.3726734962754488
3,numeric_nonpass,5.488721804511278,0.007268004919023453,0.007268014010453116,0.034722222222222224,144,5,0.3726734962754488
3,numeric_nonpass,5.513784461152882,0.007147532355648882,0.007147545465237682,0.034722222222222224,144,5,0.3726734962754488
3,numeric_nonpass,5.538847117794486,0.007000285366376515,0.007000304187110068,0.034722222222222224,144,5,0.3726734962754488
3,numeric_nonpass,5.56390977443609,0.006828783429444661,0.0068288103309249466,0.034722222222222224,144,5,0.3726734962754488
3,numeric_nonpass,5.588972431077694,0.006635922018021183,0.006635960301340403,0.034722222222222224,144,5,0.3726734962754488
3,numeric_nonpass,5.614035087719298,0.006424928350814076,0.006424982593157242,0.034722222222222224,144,5,0.3726734962754488
3,numeric_nonpass,5.639097744360902,0.006199312798061182,0.006199389316215358,0.034722222222222224,144,5,0.3726734962754488
3,numeric_nonpass,5.664160401002506,0.005962817356023876,0.005962924826583594,0.034722222222222224,144,5,0.3726734962754488
3,numeric_nonpass,5.68922305764411,0.005719362601081608,0.005719512885992835,0.034722222222222224,144,5,0.3726734962754488
3,numeric_nonpass,5.7142857142857135,0.005472994474884591,0.005473203714550117,0.034722222222222224,144,5,0.3726734962754488
3,numeric_nonpass,5.739348370927318,0.005227832139416356,0.005228122192455772,0.034722222222222224,144,5,0.3726734962754488
3,numeric_nonpass,5.764411027568922,0.00498801798232997,0.004988418311888739,0.034722222222222224,144,5,0.3726734962754488
3,numeric_nonpass,5.789473684210526,0.004757670657662295,0.0047582207896165706,0.034722222222222224,144,5,0.3726734962754488
3,numeric_nonpass,5.81453634085213,0.004540841825644416,0.004541594534945746,0.034722222222222224,144,5,0.3726734962754488
3,numeric_nonpass,5.839598997493734,0.004341477019417405,0.004342502438023774,0.034722222222222224,144,5,0.3726734962754488
3,numeric_nonpass,5.864661654135338,0.004163380828002149,0.004164771712256964,0.034722222222222224,144,5,0.3726734962754488
3,numeric_nonpass,5.889724310776942,0.004010186355598692,0.00401206480347905,0.034722222222222224,144,5,0.3726734962754488
3,numeric_nonpass,5.9147869674185465,0.003885328708145979,0.0038878546784265108,0.034722222222222224,144,5,0.3726734962754488
3,numeric_nonpass,5.93984962406015,0.0037920220787008557,0.00379540413563284,0.034722222222222224,144,5,0.3726734962754488
3,numeric_nonpass,5.964912280701754,0.003733239861522888,0.0037377486508571953,0.034722222222222224,144,5,0.3726734962754488
3,numeric_nonpass,5.989974937343358,0.003711697126672977,0.0037176821823175,0.034722222222222224,144,5,0.3726734962754488
3,numeric_nonpass,6.015037593984962,0.003729834736106678,0.0037377453216863657,0.034722222222222224,144,5,0.3726734962754488
3,numeric_nonpass,6.040100250626566,0.00378980438000074,0.003800215185986694,0.034722222222222224,144,5,0.3726734962754488
3,numeric_nonpass,6.06516290726817,0.0038934538574252483,0.003907096501734464,0.034722222222222224,144,5,0.3726734962754488
3,numeric_nonpass,6.090225563909774,0.00404231201532372,0.004060113432165912,0.034722222222222224,144,5,0.3726734962754488
3,numeric_nonpass,6.115288220551378,0.004237572888994315,0.004260701835317003,0.034722222222222224,144,5,0.3726734962754488
3,numeric_nonpass,6.140350877192982,0.004480078749118842,0.004510001807463296,0.034722222222222224,144,5,0.3726734962754488
3,numeric_nonpass,6.165413533834586,0.004770301946785713,0.004808850553902814,0.034722222222222224,144,5,0.3726734962754488
3,numeric_nonpass,6.19047619047619,0.005108325649883625,0.005157775827149822,0.034722222222222224,144,5,0.3726734962754488
3,numeric_nonpass,6.215538847117794,0.0054938237721424985,0.005556990370547189,0.034722222222222224,144,5,0.3726734962754488
3,numeric_nonpass,6.2406015037593985,0.0059260406002513985,0.006006387992139578,0.034722222222222224,144,5,0.3726734962754488
3,numeric_nonpass,6.265664160401002,0.00640377081539006,0.00650554205863522,0.034722222222222224,144,5,0.3726734962754488
3,numeric_nonpass,6.290726817042606,0.006925340774228334,0.0070537073322942045,0.034722222222222224,144,5,0.3726734962754488
3,numeric_nonpass,6.315789473684211,0.0074885920528943595,0.007649826165486779,0.034722222222222224,144,5,0.3726734962754488
3,numeric_nonpass,6.340852130325814,0.008090868358621767,0.008292540110674608,0.034722222222222224,144,5,0.3726734962754488
3,numeric_nonpass,6.365914786967418,0.008729006972116924,0.008980207991530653,0.034722222222222224,144,5,0.3726734962754488
3,numeric_nonpass,6.390977443609022,0.0093993358949878,0.009710931409587509,0.034722222222222224,144,5,0.3726734962754488
3,numeric_nonpass,6.416040100250626,0.010097677838299244,0.010482588528072535,0.034722222222222224,144,5,0.3726734962754488
3,numeric_nonpass,6.4411027568922306,0.010819362099592188,0.011292876780626468,0.034722222222222224,144,5,0.3726734962754488
3,numeric_nonpass,6.466165413533834,0.01155924523737236,0.012139364900010819,0.034722222222222224,144,5,0.3726734962754488
3,numeric_nonpass,6.491228070175438,0.012311741266682288,0.013019554355760929,0.034722222222222224,144,5,0.3726734962754488
3,numeric_nonpass,6.516290726817042,0.013070861871137545,0.013930949937597758,0.034722222222222224,144,5,0.3726734962754488
3,numeric_nonpass,6.541353383458646,0.01383026686154393,0.014871138833246273,0.034722222222222224,144,5,0.3726734962754488
3,numeric_nonpass,6.5664160401002505,0.014583324816200758,0.015837877137353962,0.034722222222222224,144,5,0.3726734962754488
3,numeric_nonpass,6.591478696741854,0.015323183521858273,0.016829182306729983,0.034722222222222224,144,5,0.3726734962754488
3,numeric_nonpass,6.616541353383458,0.016042849506779595,0.01784342966208691,0.034722222222222224,144,5,0.3726734962754488
3,numeric_nonpass,6.641604010025063,0.016735275629109925,0.018879450645086844,0.034722222222222224,144,5,0.3726734962754488
3,numeric_nonpass,6.666666666666666,0.017393455366037845,0.019936630189721787,0.034722222222222224,144,5,0.3726734962754488
3,numeric_nonpass,6.69172932330827,0.018010522153587477,0.02101500027693876,0.034722222222222224,144,5,0.3726734962754488
3,numeric_nonpass,6.716791979949875,0.01857985186476441,0.02211532652838766,0.034722222222222224,144,5,0.3726734962754488
3,numeric_nonpass,6.741854636591478,0.019095166296155947,0.023239184575262216,0.034722222222222224,144,5,0.3726734962754488
3,numeric_nonpass,6.7669172932330826,0.01955063536999484,0.024389022925243545,0.034722222222222224,144,5,0.3726734962754488
3,numeric_nonpass,6.791979949874686,0.019940975658814208,0.02556820915534043,0.034722222222222224,144,5,0.3726734962754488
3,numeric_nonpass,6.81704260651629,0.02026154281003742,0.026781056487936834,0.034722222222222224,144,5,0.3726734962754488
3,numeric_nonpass,6.842105263157895,0.020508415492858242,0.02803282816408023,0.034722222222222224,144,5,0.3726734962754488
3,numeric_nonpass,6.867167919799498,0.020678468611755152,0.029329717509399503,0.034722222222222224,144,5,0.3726734962754488
3,numeric_nonpass,6.8922305764411025,0.020769433729340273,0.03067880218599211,0.034722222222222224,144,5,0.3726734962754488
3,numeric_nonpass,6.917293233082706,0.020779944912430008,0.032087971824547847,0.034722222222222224,144,5,0.3726734962754488
3,numeric_nonpass,6.94235588972431,0.020709568552733388,0.033565829015765575,0.034722222222222224,144,5,0.3726734962754488
3,numeric_nonpass,6.967418546365915,0.02055881610801596,0.035121564484543906,0.034722222222222224,144,5,0.3726734962754488
3,numeric_nonpass,6.992481203007518,0.02032913914903187,0.0367648081458571,0.034722222222222224,144,5,0.3726734962754488
3,numeric_nonpass,7.017543859649122,0.020022906567719025,0.038505458615554905,0.034722222222222224,144,5,0.3726734962754488
3,numeric_nonpass,7.042606516290727,0.019643364287215408,0.04035349458822313,0.034722222222222224,144,5,0.3726734962754488
3,numeric_nonpass,7.06766917293233,0.01919457829719748,0.04231877226257667,0.034722222222222224,144,5,0.3726734962754488
3,numeric_nonpass,7.0927318295739346,0.01868136230152626,0.04441081365827666,0.034722222222222224,144,5,0.3726734962754488
3,numeric_nonpass,7.117794486215539,0.018109191692273898,0.04663859119467334,0.034722222222222224,144,5,0.3726734962754488
3,numeric_nonpass,7.142857142857142,0.017484105939122446,0.04901031426397694,0.034722222222222224,144,5,0.3726734962754488
3,numeric_nonpass,7.167919799498747,0.0168126017920098,0.05153322370659154,0.034722222222222224,144,5,0.3726734962754488
3,numeric_nonpass,7.19298245614035,0.016101519926430503,0.054213400069663395,0.034722222222222224,144,5,0.3726734962754488
3,numeric_nonpass,7.2180451127819545,0.015357927806762919,0.05705559129421538,0.034722222222222224,144,5,0.3726734962754488
3,numeric_nonpass,7.243107769423559,0.014589001598661598,0.06006306503325422,0.034722222222222224,144,5,0.3726734962754488
3,numeric_nonpass,7.268170426065162,0.013801909925893441,0.06323749016375081,0.034722222222222224,144,5,0.3726734962754488
3,numeric_nonpass,7.293233082706767,0.013003702142726755,0.06657885123910688,0.034722222222222224,144,5,0.3726734962754488
3,numeric_nonpass,7.31829573934837,0.012201203586394444,0.07008539866367917,0.034722222222222224,144,5,0.3726734962754488
3,numeric_nonpass,7.343358395989974,0.011400919994787815,0.07375363629242573,0.034722222222222224,144,5,0.3726734962754488
3,numeric_nonpass,7.368421052631579,0.010608952934690772,0.07757834700782154,0.034722222222222224,144,5,0.3726734962754488
3,numeric_nonpass,7.393483709273182,0.009830927699949147,0.0815526556479282,0.034722222222222224,144,5,0.3726734962754488
3,numeric_nonpass,7.4185463659147866,0.009071934722817303,0.08566812750081454,0.034722222222222224,144,5,0.3726734962754488
3,numeric_nonpass,7.443609022556391,0.008336485111797,0.08991489948806358,0.034722222222222224,144,5,0.3726734962754488
3,numeric_nonpass,7.468671679197994,0.007628480501911627,0.0942818401779489,0.034722222222222224,144,5,0.3726734962754488
3,numeric_nonpass,7.493734335839599,0.0069511969939999195,0.09875673393638074,0.034722222222222224,144,5,0.3726734962754488
3,numeric_nonpass,7.518796992481203,0.006307282582183002,0.10332648387363336,0.034722222222222224,144,5,0.3726734962754488
3,numeric_nonpass,7.5438596491228065,0.005698767134984194,0.10797732780159565,0.034722222222222224,144,5,0.3726734962754488
3,numeric_nonpass,7.568922305764411,0.00512708371498116,0.1126950611947389,0.034722222222222224,144,5,0.3726734962754488
3,numeric_nonpass,7.593984962406014,0.0045930998008798145,0.11746526115284635,0.034722222222222224,144,5,0.3726734962754488
3,numeric_nonpass,7.619047619047619,0.004097156818163471,0.12227350558901873,0.034722222222222224,144,5,0.3726734962754488
3,numeric_nonpass,7.644110275689223,0.0036391162907822992,0.12710558229663788,0.034722222222222224,144,5,0.3726734962754488
3,numeric_nonpass,7.669172932330826,0.003218410894819648,0.13194768315873842,0.034722222222222224,144,5,0.3726734962754488
3,numeric_nonpass,7.694235588972431,0.002834098721447101,0.13678657951956644,0.034722222222222224,144,5,0.3726734962754488
3,numeric_nonpass,7.719298245614034,0.002484919134513623,0.14160977560193924,0.034722222222222224,144,5,0.3726734962754488
3,numeric_nonpass,7.744360902255639,0.002169348730037605,0.14640563778230578,0.034722222222222224,144,5,0.3726734962754488
3,numeric_nonpass,7.769423558897243,0.0018856560618835895,0.15116349848342905,0.034722222222222224,144,5,0.3726734962754488
3,numeric_nonpass,7.794486215538846,0.0016319539806672514,0.15587373436846422,0.034722222222222224,144,5,0.3726734962754488
3,numeric_nonpass,7.819548872180451,0.0014062486320454205,0.16052781937900593,0.034722222222222224,144,5,0.3726734962754488
3,numeric_nonpass,7.844611528822055,0.0012064843669772733,0.1651183539178557,0.034722222222222224,144,5,0.3726734962754488
3,numeric_nonpass,7.8696741854636585,0.001030584021986001,0.1696390721062913,0.034722222222222224,144,5,0.3726734962754488
3,numeric_nonpass,7.894736842105263,0.000876484224623144,0.1740848295254676,0.034722222222222224,144,5,0.3726734962754488
3,numeric_nonpass,7.919799498746867,0.0007421655621773348,0.17845157417158997,0.034722222222222224,144,5,0.3726734962754488
3,numeric_nonpass,7.944862155388471,0.0006256776154548161,0.18273630351372375,0.034722222222222224,144,5,0.3726734962754488
3,numeric_nonpass,7.969924812030075,0.0005251590008515499,0.1869370105499777,0.034722222222222224,144,5,0.3726734962754488
3,numeric_nonpass,7.994987468671678,0.000438852680942644,0.1910526216293696,0.034722222222222224,144,5,0.3726734962754488
3,numeric_nonpass,8.020050125313283,0.0003651168956945885,0.19508292856715914,0.034722222222222224,144,5,0.3726734962754488
3,numeric_nonpass,8.045112781954886,0.0003024321335299397,0.1990285172603695,0.034722222222222224,144,5,0.3726734962754488
3,numeric_nonpass,8.070175438596491,0.0002494046051459367,0.2028906946404082,0.034722222222222224,144,5,0.3726734962754488
3,numeric_nonpass,8.095238095238095,0.00020476670525099917,0.20667141541472606,0.034722222222222224,144,5,0.3726734962754488
3,numeric_nonpass,8.120300751879698,0.0001673749508132394,0.21037320968144588,0.034722222222222224,144,5,0.3726734962754488
3,numeric_nonpass,8.145363408521304,0.00013620587193054285,0.21399911217810494,0.034722222222222224,144,5,0.3726734962754488
3,numeric_nonpass,8.170426065162907,0.00011035030610513653,0.21755259367068105,0.034722222222222224,144,5,0.3726734962754488
3,numeric_nonpass,8.19548872180451,8.900651160705135e-05,0.2210374948171286,0.034722222222222224,144,5,0.3726734962754488
3,numeric_nonpass,8.220551378446114,7.147247367288e-05,0.22445796275766608,0.034722222222222224,144,5,0.3726734962754488
3,numeric_nonpass,8.24561403508772,5.713773119949026e-05,0.22781839069030804,0.034722222222222224,144,5,0.3726734962754488
3,numeric_nonpass,8.270676691729323,4.547500373185757e-05,0.2311233607743879,0.034722222222222224,144,5,0.3726734962754488
3,numeric_nonpass,8.295739348370926,3.6031850921708625e-05,0.2343775908494015,0.034722222222222224,144,5,0.3726734962754488
3,numeric_nonpass,8.320802005012531,2.842255087809325e-05,0.23758588563765667,0.034722222222222224,144,5,0.3726734962754488
3,numeric_nonpass,8.345864661654135,2.232034118879957e-05,0.2407530932892015,0.034722222222222224,144,5,0.3726734962754488
3,numeric_nonpass,8.370927318295738,1.7450127746558886e-05,0.24388406829682766,0.034722222222222224,144,5,0.3726734962754488
3,numeric_nonpass,8.395989974937343,1.3581732419683922e-05,0.24698364192888367,0.034722222222222224,144,5,0.3726734962754488
3,numeric_nonpass,8.421052631578947,1.0523721328124155e-05,0.25005660137275687,0.034722222222222224,144,5,0.3726734962754488
3,numeric_nonpass,8.44611528822055,8.117831046489199e-06,0.25310767873217904,0.034722222222222224,144,5,0.3726734962754488
3,numeric_nonpass,8.471177944862156,6.233990286196325e-06,0.2561415508643733,0.034722222222222224,144,5,0.3726734962754488
3,numeric_nonpass,8.496240601503759,4.765919195317731e-06,0.2591628507744858,0.034722222222222224,144,5,0.3726734962754488
3,numeric_nonpass,8.521303258145362,3.627276942109221e-06,0.2621761909100022,0.034722222222222224,144,5,0.3726734962754488
3,numeric_nonpass,8.546365914786968,2.74832024060162e-06,0.26518619823129264,0.034722222222222224,144,5,0.3726734962754488
3,numeric_nonpass,8.571428571428571,2.0730304306749865e-06,0.2681975603987254,0.034722222222222224,144,5,0.3726734962754488
3,numeric_nonpass,8.596491228070175,1.5566641375066732e-06,0.27121508184119225,0.034722222222222224,144,5,0.3726734962754488
3,numeric_nonpass,8.62155388471178,1.1636819243942134e-06,0.2742437478891779,0.034722222222222224,144,5,0.3726734962754488
3,numeric_nonpass,8.646616541353383,8.660102737510934e-07,0.27728879460334294,0.034722222222222224,144,5,0.3726734962754488
3,numeric_nonpass,8.671679197994987,6.415942855752973e-07,0.28035578144165035,0.034722222222222224,144,5,0.3726734962754488
3,numeric_nonpass,8.69674185463659,4.7320132542390173e-07,0.28345066351525916,0.034722222222222224,144,5,0.3726734962754488
3,numeric_nonpass,8.721804511278195,3.4743919374745367e-07,0.28657985991031004,0.034722222222222224,144,5,0.3726734962754488
3,numeric_nonpass,8.746867167919799,2.5395598740303096e-07,0.2897503144153807,0.034722222222222224,144,5,0.3726734962754488
3,numeric_nonpass,8.771929824561402,1.8479249423723307e-07,0.2929695449990234,0.034722222222222224,144,5,0.3726734962754488
3,numeric_nonpass,8.796992481203008,1.3386155994211025e-07,0.29624567852407396,0.034722222222222224,144,5,0.3726734962754488
3,numeric_nonpass,8.822055137844611,9.653228962807198e-08,0.2995874674508922,0.034722222222222224,144,5,0.3726734962754488
3,numeric_nonpass,8.847117794486214,6.93001250218516e-08,0.30300428564694337,0.034722222222222224,144,5,0.3726734962754488
3,numeric_nonpass,8.87218045112782,4.9526729841857616e-08,0.3065061008549662,0.034722222222222224,144,5,0.3726734962754488
3,numeric_nonpass,8.897243107769423,3.5236200731278685e-08,0.3101034218422729,0.034722222222222224,144,5,0.3726734962754488
3,numeric_nonpass,8.922305764411027,2.495639607545317e-08,0.31380721872477707,0.034722222222222224,144,5,0.3726734962754488
3,numeric_nonpass,8.947368421052632,1.7596149465613173e-08,0.31762881539948534,0.034722222222222224,144,5,0.3726734962754488
3,numeric_nonpass,8.972431077694235,1.2350826483704165e-08,0.3215797534034144,0.034722222222222224,144,5,0.3726734962754488
3,numeric_nonpass,8.997493734335839,8.630116328334737e-09,0.32567162682990136,0.034722222222222224,144,5,0.3726734962754488
3,numeric_nonpass,9.022556390977442,6.003149994740866e-09,0.3299158881720748,0.034722222222222224,144,5,0.3726734962754488
3,numeric_nonpass,9.047619047619047,4.157031707519203e-09,0.3343236251385609,0.034722222222222224,144,5,0.3726734962754488
3,numeric_nonpass,9.072681704260651,2.8656871402026786e-09,0.3389053086229899,0.034722222222222224,144,5,0.3726734962754488
3,numeric_nonpass,9.097744360902254,1.9665963179402263e-09,0.34367051214420025,0.034722222222222224,144,5,0.3726734962754488
3,numeric_nonpass,9.12280701754386,1.3435146498843108e-09,0.34862760325625636,0.034722222222222224,144,5,0.3726734962754488
3,numeric_nonpass,9.147869674185463,9.13713563149557e-10,0.3537834077113273,0.034722222222222224,144,5,0.3726734962754488
3,numeric_nonpass,9.172932330827066,6.186114773728308e-10,0.35914284760069665,0.034722222222222224,144,5,0.3726734962754488
3,numeric_nonpass,9.197994987468672,4.169326254491224e-10,0.3647085553524139,0.034722222222222224,144,5,0.3726734962754488
3,numeric_nonpass,9.223057644110275,2.7973935788460123e-10,0.3704804663711236,0.034722222222222224,144,5,0.3726734962754488
3,numeric_nonpass,9.248120300751879,1.8684472661245194e-10,0.37645539429303515,0.034722222222222224,144,5,0.3726734962754488
3,numeric_nonpass,9.273182957393484,1.2423601080355818e-10,0.38262659430188395,0.034722222222222224,144,5,0.3726734962754488
3,numeric_nonpass,9.298245614035087,8.223436535546628e-11,0.38898332168905525,0.034722222222222224,144,5,0.3726734962754488
3,numeric_nonpass,9.32330827067669,5.418738709717772e-11,0.39551039479271055,0.034722222222222224,144,5,0.3726734962754488
3,numeric_nonpass,9.348370927318296,3.5545278769565386e-11,0.40218777353668844,0.034722222222222224,144,5,0.3726734962754488
3,numeric_nonpass,9.3734335839599,2.3211560033903883e-11,0.4089901669013345,0.034722222222222224,144,5,0.3726734962754488
3,numeric_nonpass,9.398496240601503,1.5089167367316198e-11,0.4158866846612275,0.034722222222222224,144,5,0.3726734962754488
3,numeric_nonpass,9.423558897243108,9.764828466082164e-12,0.42284055046592883,0.034722222222222224,144,5,0.3726734962754488
3,numeric_nonpass,9.448621553884712,6.290747063822348e-12,0.42980889465539995,0.034722222222222224,144,5,0.3726734962754488
3,numeric_nonpass,9.473684210526315,4.03439077594468e-12,0.4367426459266721,0.034722222222222224,144,5,0.3726734962754488
3,numeric_nonpass,9.498746867167918,2.5756788569367846e-12,0.44358654094813577,0.034722222222222224,144,5,0.3726734962754488
3,numeric_nonpass,9.523809523809524,1.6369799521528427e-12,0.45027927012017804,0.034722222222222224,144,5,0.3726734962754488
3,numeric_nonpass,9.548872180451127,1.0356971859070243e-12,0.45675377580724746,0.034722222222222224,144,5,0.3726734962754488
3,numeric_nonpass,9.57393483709273,6.523188314074062e-13,0.4629377164628292,0.034722222222222224,144,5,0.3726734962754488
3,numeric_nonpass,9.598997493734336,4.090012377314439e-13,0.468754106134259,0.034722222222222224,144,5,0.3726734962754488
3,numeric_nonpass,9.62406015037594,2.552858961658146e-13,0.47412213392717467,0.034722222222222224,144,5,0.3726734962754488
3,numeric_nonpass,9.649122807017543,1.586230977454051e-13,0.47895816224983384,0.034722222222222224,144,5,0.3726734962754488
3,numeric_nonpass,9.674185463659148,9.811679512005346e-14,0.48317689622663873,0.034722222222222224,144,5,0.3726734962754488
3,numeric_nonpass,9.699248120300751,6.0416772883661e-14,0.486692709805065,0.034722222222222224,144,5,0.3726734962754488
3,numeric_nonpass,9.724310776942355,3.703470266055278e-14,0.4894211070647364,0.034722222222222224,144,5,0.3726734962754488
3,numeric_nonpass,9.74937343358396,2.2599420213637092e-14,0.491280290389979,0.034722222222222224,144,5,0.3726734962754488
3,numeric_nonpass,9.774436090225564,1.3728489716359668e-14,0.49219280082496375,0.034722222222222224,144,5,0.3726734962754488
3,numeric_nonpass,9.799498746867167,8.302047124232424e-15,0.49208719043143845,0.034722222222222224,144,5,0.3726734962754488
3,numeric_nonpass,9.82456140350877,4.997865121487677e-15,0.49089968213286117,0.034722222222222224,144,5,0.3726734962754488
3,numeric_nonpass,9.849624060150376,2.9951647617119002e-15,0.48857576963797844,0.034722222222222224,144,5,0.3726734962754488
3,numeric_nonpass,9.87468671679198,1.786873047485071e-15,0.4850717088188529,0.034722222222222224,144,5,0.3726734962754488
3,numeric_nonpass,9.899749373433583,1.06121510238906e-15,0.4803558525295909,0.034722222222222224,144,5,0.3726734962754488
3,numeric_nonpass,9.924812030075188,6.274076939679494e-16,0.47440978336639283,0.034722222222222224,144,5,0.3726734962754488
3,numeric_nonpass,9.949874686716791,3.6926054553161687e-16,0.4672292032703569,0.034722222222222224,144,5,0.3726734962754488
3,numeric_nonpass,9.974937343358395,2.1634784745141267e-16,0.4588245450518927,0.034722222222222224,144,5,0.3726734962754488
3,numeric_nonpass,10.0,1.261853142439207e-16,0.44922127866936706,0.034722222222222224,144,5,0.3726734962754488
3,pass,0.0,1.6880609247570897e-90,7.014622797145957e-18,0.9652777777777778,144,139,0.3726734962754488
3,pass,0.02506265664160401,6.5196123107959015e-90,1.2245366247174762e-17,0.9652777777777778,144,139,0.3726734962754488
3,pass,0.05012531328320802,2.506639485465182e-89,2.128016811748965e-17,0.9652777777777778,144,139,0.3726734962754488
3,pass,0.07518796992481203,9.593971957890334e-89,3.681409674803841e-17,0.9652777777777778,144,139,0.3726734962754488
3,pass,0.10025062656641603,3.655455383739871e-88,6.339997154861857e-17,0.9652777777777778,144,139,0.3726734962754488
3,pass,0.12531328320802004,1.3865036493069777e-87,1.0869255449329669e-16,0.9652777777777778,144,139,0.3726734962754488
3,pass,0.15037593984962405,5.235245417759439e-87,1.8550103938006487e-16,0.9652777777777778,144,139,0.3726734962754488
3,pass,0.17543859649122806,1.9678390979657168e-86,3.151582774044386e-16,0.9652777777777778,144,139,0.3726734962754488
3,pass,0.20050125313283207,7.363404336508749e-86,5.330241763417582e-16,0.9652777777777778,144,139,0.3726734962754488
3,pass,0.22556390977443608,2.742863844919827e-85,8.97430688243474e-16,0.9652777777777778,144,139,0.3726734962754488
3,pass,0.2506265664160401,1.0171064327634222e-84,1.5041486011552494e-15,0.9652777777777778,144,139,0.3726734962754488
3,pass,0.2756892230576441,3.754612450153098e-84,2.5096686802283037e-15,0.9652777777777778,144,139,0.3726734962754488
3,pass,0.3007518796992481,1.3797500172859655e-83,4.168481290530031e-15,0.9652777777777778,144,139,0.3726734962754488
3,pass,0.3258145363408521,5.047453094285667e-83,6.892474076022713e-15,0.9652777777777778,144,139,0.3726734962754488
3,pass,0.3508771929824561,1.8381492901818944e-82,1.1345097825810365e-14,0.9652777777777778,144,139,0.3726734962754488
3,pass,0.37593984962406013,6.663860391078499e-82,1.858990488789591e-14,0.9652777777777778,144,139,0.3726734962754488
3,pass,0.40100250626566414,2.4049587613070227e-81,3.0323680318585e-14,0.9652777777777778,144,139,0.3726734962754488
3,pass,0.42606516290726815,8.640244402014944e-81,4.9240501821447214e-14,0.9652777777777778,144,139,0.3726734962754488
3,pass,0.45112781954887216,3.090160848723393e-80,7.959739413996886e-14,0.9652777777777778,144,139,0.3726734962754488
3,pass,0.47619047619047616,1.1002030004095845e-79,1.2808876809232538e-13,0.9652777777777778,144,139,0.3726734962754488
3,pass,0.5012531328320802,3.899431185153311e-79,2.0519135839080548e-13,0.9652777777777778,144,139,0.3726734962754488
3,pass,0.5263157894736842,1.37583517560556e-78,3.2722230785711344e-13,0.9652777777777778,144,139,0.3726734962754488
3,pass,0.5513784461152882,4.832460200981562e-78,5.194724969347713e-13,0.9652777777777778,144,139,0.3726734962754488
3,pass,0.5764411027568922,1.689689514367616e-77,8.209525078897761e-13,0.9652777777777778,144,139,0.3726734962754488
3,pass,0.6015037593984962,5.881421366000827e-77,1.2915443613297136e-12,0.9652777777777778,144,139,0.3726734962754488
3,pass,0.6265664160401002,2.0379543945841672e-76,2.022723129129195e-12,0.9652777777777778,144,139,0.3726734962754488
3,pass,0.6516290726817042,7.029807380089781e-76,3.1535474666285644e-12,0.9652777777777778,144,139,0.3726734962754488
3,pass,0.6766917293233082,2.4139551982414696e-75,4.894384937638476e-12,0.9652777777777778,144,139,0.3726734962754488
3,pass,0.7017543859649122,8.251859411778879e-75,7.561930698235085e-12,0.9652777777777778,144,139,0.3726734962754488
3,pass,0.7268170426065163,2.8080917141788e-74,1.1630625763791277e-11,0.9652777777777778,144,139,0.3726734962754488
3,pass,0.7518796992481203,9.512783834645093e-74,1.780775982168701e-11,0.9652777777777778,144,139,0.3726734962754488
3,pass,0.7769423558897243,3.2080480153583524e-73,2.714259186654419e-11,0.9652777777777778,144,139,0.3726734962754488
3,pass,0.8020050125313283,1.0769883438657532e-72,4.118406040908142e-11,0.9652777777777778,144,139,0.3726734962754488
3,pass,0.8270676691729323,3.599300260308451e-72,6.220751129648652e-11,0.9652777777777778,144,139,0.3726734962754488
3,pass,0.8521303258145363,1.1974630045066999e-71,9.353891132225016e-11,0.9652777777777778,144,139,0.3726734962754488
3,pass,0.8771929824561403,3.965912288038033e-71,1.4001598301262555e-10,0.9652777777777778,144,139,0.3726734962754488
3,pass,0.9022556390977443,1.3075584132910256e-70,2.0864055805557598e-10,0.9652777777777778,144,139,0.3726734962754488
3,pass,0.9273182957393483,4.291569105013509e-70,3.0949645329211967e-10,0.9652777777777778,144,139,0.3726734962754488
3,pass,0.9523809523809523,1.402194176590384e-69,4.570339229661398e-10,0.9652777777777778,144,139,0.3726734962754488
3,pass,0.9774436090225563,4.560760523894319e-69,6.718572613053798e-10,0.9652777777777778,144,139,0.3726734962754488
3,pass,1.0025062656641603,1.4767380410957095e-68,9.83198966092739e-10,0.9652777777777778,144,139,0.3726734962754488
3,pass,1.0275689223057642,4.75999792453183e-68,1.4323251908021636e-09,0.9652777777777778,144,139,0.3726734962754488
3,pass,1.0526315789473684,1.5273803365736323e-67,2.0771969009305017e-09,0.9652777777777778,144,139,0.3726734962754488
3,pass,1.0776942355889725,4.878932193446368e-67,2.9988139392110964e-09,0.9652777777777778,144,139,0.3726734962754488
3,pass,1.1027568922305764,1.5514563085460856e-66,4.309800773838443e-09,0.9652777777777778,144,139,0.3726734962754488
3,pass,1.1278195488721803,4.911244124304548e-66,6.165959782519543e-09,0.9652777777777778,144,139,0.3726734962754488
3,pass,1.1528822055137844,1.547678415451432e-65,8.78172836878895e-09,0.9652777777777778,144,139,0.3726734962754488
3,pass,1.1779448621553885,4.8552006932585615e-65,1.2450739037139407e-08,0.9652777777777778,144,139,0.3726734962754488
3,pass,1.2030075187969924,1.5162504090011178e-64,1.7573006938221318e-08,0.9652777777777778,144,139,0.3726734962754488
3,pass,1.2280701754385963,4.713809057420669e-64,2.4690668546976835e-08,0.9652777777777778,144,139,0.3726734962754488
3,pass,1.2531328320802004,1.458849130106231e-63,3.4534680097265913e-08,0.9652777777777778,144,139,0.3726734962754488
3,pass,1.2781954887218046,4.494549231229097e-63,4.8085467678486636e-08,0.9652777777777778,144,139,0.3726734962754488
3,pass,1.3032581453634084,1.3784762836706567e-62,6.665121494309367e-08,0.9652777777777778,144,139,0.3726734962754488
3,pass,1.3283208020050123,4.208718512442852e-62,9.196829078444665e-08,0.9652777777777778,144,139,0.3726734962754488
3,pass,1.3533834586466165,1.2791984268436216e-61,1.2632926787211283e-07,0.9652777777777778,144,139,0.3726734962754488
3,pass,1.3784461152882206,3.8704676172449556e-61,1.727450701572703e-07,0.9652777777777778,144,139,0.3726734962754488
3,pass,1.4035087719298245,1.1658065095434242e-60,2.3514901516304642e-07,0.9652777777777778,144,139,0.3726734962754488
3,pass,1.4285714285714284,3.495642907205532e-60,3.186518800667254e-07,0.9652777777777778,144,139,0.3726734962754488
3,pass,1.4536340852130325,1.043434583480954e-59,4.29858605222187e-07,0.9652777777777778,144,139,0.3726734962754488
3,pass,1.4786967418546366,3.100566175294242e-59,5.772588291884447e-07,0.9652777777777778,144,139,0.3726734962754488
3,pass,1.5037593984962405,9.171796898934102e-59,7.717050854159149e-07,0.9652777777777778,144,139,0.3726734962754488
3,pass,1.5288220551378444,2.700881520764608e-58,1.0269941250383236e-06,0.9652777777777778,144,139,0.3726734962754488
3,pass,1.5538847117794485,7.917614501257337e-58,1.3605683850462456e-06,0.9652777777777778,144,139,0.3726734962754488
3,pass,1.5789473684210527,2.3105795332500395e-57,1.7943559959628796e-06,0.9652777777777778,144,139,0.3726734962754488
3,pass,1.6040100250626566,6.712515133076828e-57,2.3557687925576342e-06,0.9652777777777778,144,139,0.3726734962754488
3,pass,1.6290726817042605,1.9412767648093142e-56,3.078878403493049e-06,0.9652777777777778,144,139,0.3726734962754488
3,pass,1.6541353383458646,5.588914883844973e-56,4.005790473262469e-06,0.9652777777777778,144,139,0.3726734962754488
3,pass,1.6791979949874687,1.6017894660931347e-55,5.188236209862596e-06,0.9652777777777778,144,139,0.3726734962754488
3,pass,1.7042606516290726,4.570053754259873e-55,6.68939853086615e-06,0.9652777777777778,144,139,0.3726734962754488
3,pass,1.7293233082706765,1.2980013991340345e-54,8.585986860482362e-06,0.9652777777777778,144,139,0.3726734962754488
3,pass,1.7543859649122806,3.6700081633158664e-54,1.0970569866325559e-05,0.9652777777777778,144,139,0.3726734962754488
3,pass,1.7794486215538847,1.0329920010321721e-53,1.3954168878374984e-05,0.9652777777777778,144,139,0.3726734962754488
3,pass,1.8045112781954886,2.8944429067906836e-53,1.76691061865236e-05,0.9652777777777778,144,139,0.3726734962754488
3,pass,1.8295739348370925,8.073673076620122e-53,2.2272091689162603e-05,0.9652777777777778,144,139,0.3726734962754488
3,pass,1.8546365914786966,2.2418962936227047e-52,2.7947518346105664e-05,0.9652777777777778,144,139,0.3726734962754488
3,pass,1.8796992481203008,6.197237064177393e-52,3.491092154169901e-05,0.9652777777777778,144,139,0.3726734962754488
3,pass,1.9047619047619047,1.7053714063050678e-51,4.341253986415415e-05,0.9652777777777778,144,139,0.3726734962754488
3,pass,1.9298245614035086,4.6717346486776177e-51,5.374089516501908e-05,0.9652777777777778,144,139,0.3726734962754488
3,pass,1.9548872180451127,1.274018479214205e-50,6.622628844586909e-05,0.9652777777777778,144,139,0.3726734962754488
3,pass,1.9799498746867168,3.458690535183966e-50,8.124408567295355e-05,0.9652777777777778,144,139,0.3726734962754488
3,pass,2.0050125313283207,9.347299330284326e-50,9.92176447818893e-05,0.9652777777777778,144,139,0.3726734962754488
3,pass,2.0300751879699246,2.5147748715834765e-49,0.00012062071283918943,0.9652777777777778,144,139,0.3726734962754488
3,pass,2.0551378446115285,6.7352022463222916e-49,0.0001459791017056221,0.9652777777777778,144,139,0.3726734962754488
3,pass,2.080200501253133,1.7957289740216964e-48,0.00017587143290625156,0.9652777777777778,144,139,0.3726734962754488
3,pass,2.1052631578947367,4.7661709025979666e-48,0.00021092872920869038,0.9652777777777778,144,139,0.3726734962754488
3,pass,2.1303258145363406,1.2593230660058404e-47,0.0002518326232000809,0.9652777777777778,144,139,0.3726734962754488
3,pass,2.155388471177945,3.3124054172022643e-47,0.00029931195352739265,0.9652777777777778,144,139,0.3726734962754488
3,pass,2.180451127819549,8.673385538000478e-47,0.0003541375289762437,0.9652777777777778,144,139,0.3726734962754488
3,pass,2.2055137844611528,2.2608550066202536e-46,0.0004171148606279207,0.9652777777777778,144,139,0.3726734962754488
3,pass,2.2305764411027567,5.866724887399132e-46,0.0004890746941320984,0.9652777777777778,144,139,0.3726734962754488
3,pass,2.2556390977443606,1.515506302716531e-45,0.0005708612184955104,0.9652777777777778,144,139,0.3726734962754488
3,pass,2.280701754385965,3.8972551816808824e-45,0.0006633178850868325,0.9652777777777778,144,139,0.3726734962754488
3,pass,2.305764411027569,9.976979356869044e-45,0.000767270840603667,0.9652777777777778,144,139,0.3726734962754488
3,pass,2.3308270676691727,2.5426026851648353e-44,0.0008835100596920872,0.9652777777777778,144,139,0.3726734962754488
3,pass,2.355889724310777,6.450556601696621e-44,0.0010127683551816832,0.9652777777777778,144,139,0.3726734962754488
3,pass,2.380952380952381,1.6291279940107592e-43,0.001155698544166202,0.9652777777777778,144,139,0.3726734962754488
3,pass,2.406015037593985,4.09593085171632e-43,0.0013128491533246696,0.9652777777777778,144,139,0.3726734962754488
3,pass,2.4310776942355887,1.0251548905543611e-42,0.0014846391531236809,0.9652777777777778,144,139,0.3726734962754488
3,pass,2.4561403508771926,2.5542646381476933e-42,0.0016713323134237784,0.9652777777777778,144,139,0.3726734962754488
3,pass,2.481203007518797,6.335514603835967e-42,0.0018730118676007353,0.9652777777777778,144,139,0.3726734962754488
3,pass,2.506265664160401,1.564363146973661e-41,0.002089556253360263,0.9652777777777778,144,139,0.3726734962754488
3,pass,2.5313283208020048,3.845324586529817e-41,0.0023206167606854523,0.9652777777777778,144,139,0.3726734962754488
3,pass,2.556390977443609,9.409537055304307e-41,0.0025655979557317626,0.9652777777777778,144,139,0.3726734962754488
3,pass,2.581453634085213,2.2921519771897264e-40,0.002823641759398418,0.9652777777777778,144,139,0.3726734962754488
3,pass,2.606516290726817,5.558511911784362e-40,0.0030936160369832407,0.9652777777777778,144,139,0.3726734962754488
3,pass,2.631578947368421,1.3418801564138224e-39,0.0033741084980894874,0.9652777777777778,144,139,0.3726734962754488
3,pass,2.6566416040100247,3.224846599374489e-39,0.0036634266124743907,0.9652777777777778,144,139,0.3726734962754488
3,pass,2.681704260651629,7.715154266752517e-39,0.003959604118055918,0.9652777777777778,144,139,0.3726734962754488
3,pass,2.706766917293233,1.8374709263924722e-38,0.004260414533793254,0.9652777777777778,144,139,0.3726734962754488
3,pass,2.731829573934837,4.356490113656718e-38,0.0045633918963794715,0.9652777777777778,144,139,0.3726734962754488
3,pass,2.756892230576441,1.0282375808050967e-37,0.004865858721141147,0.9652777777777778,144,139,0.3726734962754488
3,pass,2.781954887218045,2.415965821876955e-37,0.005164960951368166,0.9652777777777778,144,139,0.3726734962754488
3,pass,2.807017543859649,5.651044991504753e-37,0.005457709415032897,0.9652777777777778,144,139,0.3726734962754488
3,pass,2.832080200501253,1.3158533889086123e-36,0.005741027063106022,0.9652777777777778,144,139,0.3726734962754488
3,pass,2.8571428571428568,3.050191432836788e-36,0.006011801029698666,0.9652777777777778,144,139,0.3726734962754488
3,pass,2.882205513784461,7.038622017823583e-36,0.006266938341495789,0.9652777777777778,144,139,0.3726734962754488
3,pass,2.907268170426065,1.6169226456731984e-35,0.006503423922493164,0.9652777777777778,144,139,0.3726734962754488
3,pass,2.932330827067669,3.697702768295953e-35,0.00671837939913324,0.9652777777777778,144,139,0.3726734962754488
3,pass,2.9573934837092732,8.41813744677452e-35,0.006909121118389378,0.9652777777777778,144,139,0.3726734962754488
3,pass,2.982456140350877,1.9078375475182324e-34,0.007073215753156345,0.9652777777777778,144,139,0.3726734962754488
3,pass,3.007518796992481,4.3043566109991925e-34,0.007208531889212679,0.9652777777777778,144,139,0.3726734962754488
3,pass,3.032581453634085,9.667555696032994e-34,0.007313286067258239,0.9652777777777778,144,139,0.3726734962754488
3,pass,3.057644110275689,2.1615576272070558e-33,0.007386081890663825,0.9652777777777778,144,139,0.3726734962754488
3,pass,3.082706766917293,4.8112593388751834e-33,0.0074259410004890855,0.9652777777777778,144,139,0.3726734962754488
3,pass,3.107769423558897,1.066086998626315e-32,0.007432324957382107,0.9652777777777778,144,139,0.3726734962754488
3,pass,3.132832080200501,2.3516277612127053e-32,0.007405147346258576,0.9652777777777778,144,139,0.3726734962754488
3,pass,3.1578947368421053,5.164005361038255e-32,0.007344775723403729,0.9652777777777778,144,139,0.3726734962754488
3,pass,3.182957393483709,1.12887821116164e-31,0.007252023344734944,0.9652777777777778,144,139,0.3726734962754488
3,pass,3.208020050125313,2.45668755250898e-31,0.007128130935539906,0.9652777777777778,144,139,0.3726734962754488
3,pass,3.233082706766917,5.322250600351696e-31,0.006974739073076326,0.9652777777777778,144,139,0.3726734962754488
3,pass,3.258145363408521,1.147845424392056e-30,0.0067938520415135595,0.9652777777777778,144,139,0.3726734962754488
3,pass,3.2832080200501252,2.4644177339721566e-30,0.006587794272473083,0.9652777777777778,144,139,0.3726734962754488
3,pass,3.308270676691729,5.267301927217281e-30,0.006359160694215994,0.9652777777777778,144,139,0.3726734962754488
3,pass,3.333333333333333,1.1207408813939063e-29,0.006110762470786312,0.9652777777777778,144,139,0.3726734962754488
3,pass,3.3583959899749374,2.373916688261173e-29,0.005845569714055116,0.9652777777777778,144,139,0.3726734962754488
3,pass,3.3834586466165413,5.0057498236013373e-29,0.0055666527941686155,0.9652777777777778,144,139,0.3726734962754488
3,pass,3.408521303258145,1.0507910574672943e-28,0.005277123857617767,0.9652777777777778,144,139,0.3726734962754488
3,pass,3.433583959899749,2.1958734690232246e-28,0.004980080089840613,0.9652777777777778,144,139,0.3726734962754488
3,pass,3.458646616541353,4.568168659806e-28,0.004678550136121534,0.9652777777777778,144,139,0.3726734962754488
3,pass,3.4837092731829573,9.46065022562439e-28,0.004375444927756226,0.9652777777777778,144,139,0.3726734962754488
3,pass,3.508771929824561,1.9504914312051272e-27,0.004073513958772422,0.9652777777777778,144,139,0.3726734962754488
3,pass,3.533834586466165,4.003238654048273e-27,0.003775307831774229,0.9652777777777778,144,139,0.3726734962754488
3,pass,3.5588972431077694,8.179437990364932e-27,0.003483147650097183,0.9652777777777778,144,139,0.3726734962754488
3,pass,3.5839598997493733,1.6637197536134785e-26,0.0031991015878225114,0.9652777777777778,144,139,0.3726734962754488
3,pass,3.6090225563909772,3.3688508956099494e-26,0.00292496872922173,0.9652777777777778,144,139,0.3726734962754488
3,pass,3.634085213032581,6.790918211695459e-26,0.002662270043883988,0.9652777777777778,144,139,0.3726734962754488
3,pass,3.659147869674185,1.3627635037451728e-25,0.0024122461608287377,0.9652777777777778,144,139,0.3726734962754488
3,pass,3.6842105263157894,2.722437804798653e-25,0.0021758614304812,0.9652777777777778,144,139,0.3726734962754488
3,pass,3.7092731829573933,5.414285056003619e-25,0.001953813621916103,0.9652777777777778,144,139,0.3726734962754488
3,pass,3.734335839598997,1.0719391889230828e-24,0.0017465484968913123,0.9652777777777778,144,139,0.3726734962754488
3,pass,3.7593984962406015,2.1127361794377915e-24,0.0015542784327677037,0.9652777777777778,144,139,0.3726734962754488
3,pass,3.7844611528822054,4.14540238571476e-24,0.0013770042326663701,0.9652777777777778,144,139,0.3726734962754488
3,pass,3.8095238095238093,8.097195730899976e-24,0.0012145392609116009,0.9652777777777778,144,139,0.3726734962754488
3,pass,3.834586466165413,1.574524149591579e-23,0.0010665350714942603,0.9652777777777778,144,139,0.3726734962754488
3,pass,3.859649122807017,3.047972101380217e-23,0.0009325077525752808,0.9652777777777778,144,139,0.3726734962754488
3,pass,3.8847117794486214,5.873809477678163e-23,0.0008118642859044265,0.9652777777777778,144,139,0.3726734962754488
3,pass,3.9097744360902253,1.1268761056438562e-22,0.0007039283110829216,0.9652777777777778,144,139,0.3726734962754488
3,pass,3.9348370927318292,2.152187855008106e-22,0.000607964785413333,0.9652777777777778,144,139,0.3726734962754488
3,pass,3.9598997493734336,4.0919670244852037e-22,0.0005232031354050358,0.9652777777777778,144,139,0.3726734962754488
3,pass,3.9849624060150375,7.745193535056482e-22,0.0004488586009818396,0.9652777777777778,144,139,0.3726734962754488
3,pass,4.010025062656641,1.4594219938487355e-21,0.00038415157377373583,0.9652777777777778,144,139,0.3726734962754488
3,pass,4.035087719298246,2.737651946959271e-21,0.0003283248229484358,0.9652777777777778,144,139,0.3726734962754488
3,pass,4.060150375939849,5.112397210320289e-21,0.0002806585829802248,0.9652777777777778,144,139,0.3726734962754488
3,pass,4.0852130325814535,9.504302244621071e-21,0.0002404835454706291,0.9652777777777778,144,139,0.3726734962754488
3,pass,4.110275689223057,1.7589985122525104e-20,0.00020719185030203857,0.9652777777777778,144,139,0.3726734962754488
3,pass,4.135338345864661,3.2408623599439256e-20,0.00018024620942472716,0.9652777777777778,144,139,0.3726734962754488
3,pass,4.160401002506266,5.944370742448502e-20,0.00015918731951968356,0.9652777777777778,144,139,0.3726734962754488
3,pass,4.185463659147869,1.0854296685177375e-19,0.00014363972830369555,0.9652777777777778,144,139,0.3726734962754488
3,pass,4.2105263157894735,1.9730964175672746e-19,0.00013331631451461218,0.9652777777777778,144,139,0.3726734962754488
3,pass,4.235588972431078,3.570640086647015e-19,0.00012802152521740838,0.9652777777777778,144,139,0.3726734962754488
3,pass,4.260651629072681,6.432730104996993e-19,0.0001276534879246487,0.9652777777777778,144,139,0.3726734962754488
3,pass,4.285714285714286,1.1537093587320212e-18,0.00013220508130377357,0.9652777777777778,144,139,0.3726734962754488
3,pass,4.31077694235589,2.05991683508619e-18,0.00014176400930894628,0.9652777777777778,144,139,0.3726734962754488
3,pass,4.335839598997493,3.6614702384873905e-18,0.00015651188190802696,0.9652777777777778,144,139,0.3726734962754488
3,pass,4.360902255639098,6.479093589955476e-18,0.0001767222637173084,0.9652777777777778,144,139,0.3726734962754488
3,pass,4.385964912280701,1.1413696102891716e-17,0.00020275761235397997,0.9652777777777778,144,139,0.3726734962754488
3,pass,4.4110275689223055,2.0016680481017853e-17,0.00023506499366291757,0.9652777777777778,144,139,0.3726734962754488
3,pass,4.43609022556391,3.4947161936427704e-17,0.00027417043355332547,0.9652777777777778,144,139,0.3726734962754488
3,pass,4.461152882205513,6.074160825743038e-17,0.00032067174820041647,0.9652777777777778,144,139,0.3726734962754488
3,pass,4.486215538847118,1.0510311918932335e-16,0.0003752296877906649,0.9652777777777778,144,139,0.3726734962754488
3,pass,4.511278195488721,1.8105074024969338e-16,0.0004385572354567951,0.9652777777777778,144,139,0.3726734962754488
3,pass,4.5363408521303255,3.1048515134069734e-16,0.0005114069237955156,0.9652777777777778,144,139,0.3726734962754488
3,pass,4.56140350877193,5.300754097540531e-16,0.0005945560671296353,0.9652777777777778,144,139,0.3726734962754488
3,pass,4.586466165413533,9.009304098302404e-16,0.0006887898586327881,0.9652777777777778,144,139,0.3726734962754488
3,pass,4.611528822055138,1.524411049571939e-15,0.0007948823470895544,0.9652777777777778,144,139,0.3726734962754488
3,pass,4.636591478696742,2.5678561073246897e-15,0.0009135753872072653,0.9652777777777778,144,139,0.3726734962754488
3,pass,4.661654135338345,4.306233236075974e-15,0.0010455557480562529,0.9652777777777778,144,139,0.3726734962754488
3,pass,4.68671679197995,7.189243796492497e-15,0.001191430663643692,0.9652777777777778,144,139,0.3726734962754488
3,pass,4.711779448621554,1.1948907977854478e-14,0.0013517022143196137,0.9652777777777778,144,139,0.3726734962754488
3,pass,4.7368421052631575,1.977120430357728e-14,0.0015267410334791997,0.9652777777777778,144,139,0.3726734962754488
3,pass,4.761904761904762,3.256855642743789e-14,0.0017167599360903936,0.9652777777777778,144,139,0.3726734962754488
3,pass,4.786967418546365,5.3410293586236656e-14,0.001921788158747015,0.9652777777777778,144,139,0.3726734962754488
3,pass,4.81203007518797,8.719932063177629e-14,0.00214164697981401,0.9652777777777778,144,139,0.3726734962754488
3,pass,4.837092731829574,1.417305737533543e-13,0.0023759275474076243,0.9652777777777778,144,139,0.3726734962754488
3,pass,4.8621553884711775,2.2933848685892407e-13,0.002623971777357265,0.9652777777777778,144,139,0.3726734962754488
3,pass,4.887218045112782,3.6944854372645087e-13,0.00288485718843861,0.9652777777777778,144,139,0.3726734962754488
3,pass,4.912280701754385,5.925094465530435e-13,0.0031573865144552027,0.9652777777777778,144,139,0.3726734962754488
3,pass,4.93734335839599,9.460228089745793e-13,0.003440082869759611,0.9652777777777778,144,139,0.3726734962754488
3,pass,4.962406015037594,1.5037431837530225e-12,0.0037311911455506865,0.9652777777777778,144,139,0.3726734962754488
3,pass,4.987468671679197,2.3796452581693625e-12,0.004028686179391079,0.9652777777777778,144,139,0.3726734962754488
3,pass,5.012531328320802,3.749022303287105e-12,0.004330288072235232,0.9652777777777778,144,139,0.3726734962754488
3,pass,5.037593984962406,5.880197035428939e-12,0.004633484830011652,0.9652777777777778,144,139,0.3726734962754488
3,pass,5.0626566416040095,9.1819432433485e-12,0.004935562286367685,0.9652777777777778,144,139,0.3726734962754488
3,pass,5.087719298245614,1.427404444296411e-11,0.0052336410270407046,0.9652777777777778,144,139,0.3726734962754488
3,pass,5.112781954887218,2.2091747586181588e-11,0.0055247197932675315,0.9652777777777778,144,139,0.3726734962754488
3,pass,5.137844611528822,3.403961084450629e-11,0.0058057246014509714,0.9652777777777778,144,139,0.3726734962754488
3,pass,5.162907268170426,5.221695154195261e-11,0.006073562589265939,0.9652777777777778,144,139,0.3726734962754488
3,pass,5.1879699248120295,7.974653311598182e-11,0.006325179394845921,0.9652777777777778,144,139,0.3726734962754488
3,pass,5.213032581453634,1.212513178533876e-10,0.006557618705489831,0.9652777777777778,144,139,0.3726734962754488
3,pass,5.238095238095238,1.8354243992411195e-10,0.006768082484290161,0.9652777777777778,144,139,0.3726734962754488
3,pass,5.263157894736842,2.7660687077097245e-10,0.006953990304497446,0.9652777777777778,144,139,0.3726734962754488
3,pass,5.288220551378446,4.1501800916274495e-10,0.007113036197610095,0.9652777777777778,144,139,0.3726734962754488
3,pass,5.313283208020049,6.199398595809638e-10,0.007243241455080478,0.9652777777777778,144,139,0.3726734962754488
3,pass,5.338345864661654,9.219597815530876e-10,0.007343001915535488,0.9652777777777778,144,139,0.3726734962754488
3,pass,5.363408521303258,1.3650714627276738e-09,0.007411128417197681,0.9652777777777778,144,139,0.3726734962754488
3,pass,5.3884711779448615,2.012245812414697e-09,0.007446879293768002,0.9652777777777778,144,139,0.3726734962754488
3,pass,5.413533834586466,2.9531818407170604e-09,0.007449984033907244,0.9652777777777778,144,139,0.3726734962754488
3,pass,5.43859649122807,4.315033591034126e-09,0.007420657499979101,0.9652777777777778,144,139,0.3726734962754488
3,pass,5.463659147869674,6.277176992778824e-09,0.007359604399521083,0.9652777777777778,144,139,0.3726734962754488
3,pass,5.488721804511278,9.09142966421553e-09,0.007268014010453116,0.9652777777777778,144,139,0.3726734962754488
3,pass,5.513784461152882,1.3109588799983957e-08,0.007147545465237682,0.9652777777777778,144,139,0.3726734962754488
3,pass,5.538847117794486,1.88207335520565e-08,0.007000304187110068,0.9652777777777778,144,139,0.3726734962754488
3,pass,5.56390977443609,2.6901480285831544e-08,0.0068288103309249466,0.9652777777777778,144,139,0.3726734962754488
3,pass,5.588972431077694,3.8283319219888415e-08,0.006635960301340403,0.9652777777777778,144,139,0.3726734962754488
3,pass,5.614035087719298,5.424234316613513e-08,0.006424982593157242,0.9652777777777778,144,139,0.3726734962754488
3,pass,5.639097744360902,7.65181541769627e-08,0.006199389316215358,0.9652777777777778,144,139,0.3726734962754488
3,pass,5.664160401002506,1.0747055971811121e-07,0.005962924826583594,0.9652777777777778,144,139,0.3726734962754488
3,pass,5.68922305764411,1.5028491122768878e-07,0.005719512885992835,0.9652777777777778,144,139,0.3726734962754488
3,pass,5.7142857142857135,2.0923966552659323e-07,0.005473203714550117,0.9652777777777778,144,139,0.3726734962754488
3,pass,5.739348370927318,2.900530394160104e-07,0.005228122192455772,0.9652777777777778,144,139,0.3726734962754488
3,pass,5.764411027568922,4.003295587691384e-07,0.004988418311888739,0.9652777777777778,144,139,0.3726734962754488
3,pass,5.789473684210526,5.501319542757487e-07,0.0047582207896165706,0.9652777777777778,144,139,0.3726734962754488
3,pass,5.81453634085213,7.527093013301281e-07,0.004541594534945746,0.9652777777777778,144,139,0.3726734962754488
3,pass,5.839598997493734,1.025418606368939e-06,0.004342502438023774,0.9652777777777778,144,139,0.3726734962754488
3,pass,5.864661654135338,1.3908842548143986e-06,0.004164771712256964,0.9652777777777778,144,139,0.3726734962754488
3,pass,5.889724310776942,1.878447880358477e-06,0.00401206480347905,0.9652777777777778,144,139,0.3726734962754488
3,pass,5.9147869674185465,2.525970280531966e-06,0.0038878546784265108,0.9652777777777778,144,139,0.3726734962754488
3,pass,5.93984962406015,3.3820569319845194e-06,0.00379540413563284,0.9652777777777778,144,139,0.3726734962754488
3,pass,5.964912280701754,4.508789334307594e-06,0.0037377486508571953,0.9652777777777778,144,139,0.3726734962754488
3,pass,5.989974937343358,5.985055644523034e-06,0.0037176821823175,0.9652777777777778,144,139,0.3726734962754488
3,pass,6.015037593984962,7.910585579687895e-06,0.0037377453216863657,0.9652777777777778,144,139,0.3726734962754488
3,pass,6.040100250626566,1.0410805985953848e-05,0.003800215185986694,0.9652777777777778,144,139,0.3726734962754488
3,pass,6.06516290726817,1.36426443092161e-05,0.003907096501734464,0.9652777777777778,144,139,0.3726734962754488
3,pass,6.090225563909774,1.7801416842192627e-05,0.004060113432165912,0.9652777777777778,144,139,0.3726734962754488
3,pass,6.115288220551378,2.3128946322687695e-05,0.004260701835317003,0.9652777777777778,144,139,0.3726734962754488
3,pass,6.140350877192982,2.9923058344454198e-05,0.004510001807463296,0.9652777777777778,144,139,0.3726734962754488
3,pass,6.165413533834586,3.8548607117100826e-05,0.004808850553902814,0.9652777777777778,144,139,0.3726734962754488
3,pass,6.19047619047619,4.945017726619716e-05,0.005157775827149822,0.9652777777777778,144,139,0.3726734962754488
3,pass,6.215538847117794,6.316659840469029e-05,0.005556990370547189,0.9652777777777778,144,139,0.3726734962754488
3,pass,6.2406015037593985,8.034739188817926e-05,0.006006387992139578,0.9652777777777778,144,139,0.3726734962754488
3,pass,6.265664160401002,0.00010177124324516069,0.00650554205863522,0.9652777777777778,144,139,0.3726734962754488
3,pass,6.290726817042606,0.00012836655806587122,0.0070537073322942045,0.9652777777777778,144,139,0.3726734962754488
3,pass,6.315789473684211,0.00016123411259241966,0.007649826165486779,0.9652777777777778,144,139,0.3726734962754488
3,pass,6.340852130325814,0.00020167175205284006,0.008292540110674608,0.9652777777777778,144,139,0.3726734962754488
3,pass,6.365914786967418,0.00025120101941372795,0.008980207991530653,0.9652777777777778,144,139,0.3726734962754488
3,pass,6.390977443609022,0.00031159551459970715,0.009710931409587509,0.9652777777777778,144,139,0.3726734962754488
3,pass,6.416040100250626,0.000384910689773291,0.010482588528072535,0.9652777777777778,144,139,0.3726734962754488
3,pass,6.4411027568922306,0.0004735146810342803,0.011292876780626468,0.9652777777777778,144,139,0.3726734962754488
3,pass,6.466165413533834,0.0005801196626384589,0.012139364900010819,0.9652777777777778,144,139,0.3726734962754488
3,pass,6.491228070175438,0.0007078130890786406,0.013019554355760929,0.9652777777777778,144,139,0.3726734962754488
3,pass,6.516290726817042,0.0008600880664602116,0.013930949937597758,0.9652777777777778,144,139,0.3726734962754488
3,pass,6.541353383458646,0.0010408719717023432,0.014871138833246273,0.9652777777777778,144,139,0.3726734962754488
3,pass,6.5664160401002505,0.0012545523211532023,0.015837877137353962,0.9652777777777778,144,139,0.3726734962754488
3,pass,6.591478696741854,0.0015059987848717105,0.016829182306729983,0.9652777777777778,144,139,0.3726734962754488
3,pass,6.616541353383458,0.0018005801553073154,0.01784342966208691,0.9652777777777778,144,139,0.3726734962754488
3,pass,6.641604010025063,0.0021441750159769176,0.018879450645086844,0.9652777777777778,144,139,0.3726734962754488
3,pass,6.666666666666666,0.002543174823683942,0.019936630189721787,0.9652777777777778,144,139,0.3726734962754488
3,pass,6.69172932330827,0.0030044781233512833,0.02101500027693876,0.9652777777777778,144,139,0.3726734962754488
3,pass,6.716791979949875,0.0035354746636232517,0.02211532652838766,0.9652777777777778,144,139,0.3726734962754488
3,pass,6.741854636591478,0.004144018279106269,0.023239184575262216,0.9652777777777778,144,139,0.3726734962754488
3,pass,6.7669172932330826,0.004838387555248704,0.024389022925243545,0.9652777777777778,144,139,0.3726734962754488
3,pass,6.791979949874686,0.005627233496526222,0.02556820915534043,0.9652777777777778,144,139,0.3726734962754488
3,pass,6.81704260651629,0.006519513677899415,0.026781056487936834,0.9652777777777778,144,139,0.3726734962754488
3,pass,6.842105263157895,0.007524412671221991,0.02803282816408023,0.9652777777777778,144,139,0.3726734962754488
3,pass,6.867167919799498,0.008651248897644351,0.029329717509399503,0.9652777777777778,144,139,0.3726734962754488
3,pass,6.8922305764411025,0.009909368456651836,0.03067880218599211,0.9652777777777778,144,139,0.3726734962754488
3,pass,6.917293233082706,0.01130802691211784,0.032087971824547847,0.9652777777777778,144,139,0.3726734962754488
3,pass,6.94235588972431,0.012856260463032189,0.033565829015765575,0.9652777777777778,144,139,0.3726734962754488
3,pass,6.967418546365915,0.014562748376527946,0.035121564484543906,0.9652777777777778,144,139,0.3726734962754488
3,pass,6.992481203007518,0.016435668996825234,0.0367648081458571,0.9652777777777778,144,139,0.3726734962754488
3,pass,7.017543859649122,0.01848255204783588,0.038505458615554905,0.9652777777777778,144,139,0.3726734962754488
3,pass,7.042606516290727,0.020710130301007722,0.04035349458822313,0.9652777777777778,144,139,0.3726734962754488
3,pass,7.06766917293233,0.023124193965379194,0.04231877226257667,0.9652777777777778,144,139,0.3726734962754488
3,pass,7.0927318295739346,0.025729451356750404,0.04441081365827666,0.9652777777777778,144,139,0.3726734962754488
3,pass,7.117794486215539,0.02852939950239944,0.04663859119467334,0.9652777777777778,144,139,0.3726734962754488
3,pass,7.142857142857142,0.03152620832485449,0.04901031426397694,0.9652777777777778,144,139,0.3726734962754488
3,pass,7.167919799498747,0.03472062191458174,0.05153322370659154,0.9652777777777778,144,139,0.3726734962754488
3,pass,7.19298245614035,0.03811188014323289,0.054213400069663395,0.9652777777777778,144,139,0.3726734962754488
3,pass,7.2180451127819545,0.041697663487452456,0.05705559129421538,0.9652777777777778,144,139,0.3726734962754488
3,pass,7.243107769423559,0.04547406343459262,0.06006306503325422,0.9652777777777778,144,139,0.3726734962754488
3,pass,7.268170426065162,0.049435580237857366,0.06323749016375081,0.9652777777777778,144,139,0.3726734962754488
3,pass,7.293233082706767,0.05357514909638012,0.06657885123910688,0.9652777777777778,144,139,0.3726734962754488
3,pass,7.31829573934837,0.057884195077284734,0.07008539866367917,0.9652777777777778,144,139,0.3726734962754488
3,pass,7.343358395989974,0.06235271629763792,0.07375363629242573,0.9652777777777778,144,139,0.3726734962754488
3,pass,7.368421052631579,0.06696939407313077,0.07757834700782154,0.9652777777777778,144,139,0.3726734962754488
3,pass,7.393483709273182,0.07172172794797906,0.0815526556479282,0.9652777777777778,144,139,0.3726734962754488
3,pass,7.4185463659147866,0.07659619277799723,0.08566812750081454,0.9652777777777778,144,139,0.3726734962754488
3,pass,7.443609022556391,0.08157841437626658,0.08991489948806358,0.9652777777777778,144,139,0.3726734962754488
3,pass,7.468671679197994,0.08665335967603727,0.0942818401779489,0.9652777777777778,144,139,0.3726734962754488
3,pass,7.493734335839599,0.09180553694238082,0.09875673393638074,0.9652777777777778,144,139,0.3726734962754488
3,pass,7.518796992481203,0.09701920129145035,0.10332648387363336,0.9652777777777778,144,139,0.3726734962754488
3,pass,7.5438596491228065,0.10227856066661145,0.10797732780159565,0.9652777777777778,144,139,0.3726734962754488
3,pass,7.568922305764411,0.10756797747975774,0.1126950611947389,0.9652777777777778,144,139,0.3726734962754488
3,pass,7.593984962406014,0.11287216135196654,0.11746526115284635,0.9652777777777778,144,139,0.3726734962754488
3,pass,7.619047619047619,0.11817634877085526,0.12227350558901873,0.9652777777777778,144,139,0.3726734962754488
3,pass,7.644110275689223,0.12346646600585556,0.12710558229663788,0.9652777777777778,144,139,0.3726734962754488
3,pass,7.669172932330826,0.12872927226391878,0.13194768315873842,0.9652777777777778,144,139,0.3726734962754488
3,pass,7.694235588972431,0.13395248079811933,0.13678657951956644,0.9652777777777778,144,139,0.3726734962754488
3,pass,7.719298245614034,0.13912485646742562,0.14160977560193924,0.9652777777777778,144,139,0.3726734962754488
3,pass,7.744360902255639,0.14423628905226818,0.14640563778230578,0.9652777777777778,144,139,0.3726734962754488
3,pass,7.769423558897243,0.14927784242154546,0.15116349848342905,0.9652777777777778,144,139,0.3726734962754488
3,pass,7.794486215538846,0.15424178038779696,0.15587373436846422,0.9652777777777778,144,139,0.3726734962754488
3,pass,7.819548872180451,0.1591215707469605,0.16052781937900593,0.9652777777777778,144,139,0.3726734962754488
3,pass,7.844611528822055,0.16391186955087844,0.1651183539178557,0.9652777777777778,144,139,0.3726734962754488
3,pass,7.8696741854636585,0.1686084880843053,0.1696390721062913,0.9652777777777778,144,139,0.3726734962754488
3,pass,7.894736842105263,0.17320834530084447,0.1740848295254676,0.9652777777777778,144,139,0.3726734962754488
3,pass,7.919799498746867,0.17770940860941264,0.17845157417158997,0.9652777777777778,144,139,0.3726734962754488
3,pass,7.944862155388471,0.18211062589826893,0.18273630351372375,0.9652777777777778,144,139,0.3726734962754488
3,pass,7.969924812030075,0.18641185154912615,0.1869370105499777,0.9652777777777778,144,139,0.3726734962754488
3,pass,7.994987468671678,0.19061376894842694,0.1910526216293696,0.9652777777777778,144,139,0.3726734962754488
3,pass,8.020050125313283,0.19471781167146454,0.19508292856715914,0.9652777777777778,144,139,0.3726734962754488
3,pass,8.045112781954886,0.19872608512683956,0.1990285172603695,0.9652777777777778,144,139,0.3726734962754488
3,pass,8.070175438596491,0.20264129003526227,0.2028906946404082,0.9652777777777778,144,139,0.3726734962754488
3,pass,8.095238095238095,0.20646664870947506,0.20667141541472606,0.9652777777777778,144,139,0.3726734962754488
3,pass,8.120300751879698,0.21020583473063265,0.21037320968144588,0.9652777777777778,144,139,0.3726734962754488
3,pass,8.145363408521304,0.21386290630617438,0.21399911217810494,0.9652777777777778,144,139,0.3726734962754488
3,pass,8.170426065162907,0.2174422433645759,0.21755259367068105,0.9652777777777778,144,139,0.3726734962754488
3,pass,8.19548872180451,0.22094848830552152,0.2210374948171286,0.9652777777777778,144,139,0.3726734962754488
3,pass,8.220551378446114,0.2243864902839932,0.22445796275766608,0.9652777777777778,144,139,0.3726734962754488
3,pass,8.24561403508772,0.22776125295910854,0.22781839069030804,0.9652777777777778,144,139,0.3726734962754488
3,pass,8.270676691729323,0.23107788577065602,0.2311233607743879,0.9652777777777778,144,139,0.3726734962754488
3,pass,8.295739348370926,0.23434155899847978,0.2343775908494015,0.9652777777777778,144,139,0.3726734962754488
3,pass,8.320802005012531,0.23755746308677858,0.23758588563765667,0.9652777777777778,144,139,0.3726734962754488
3,pass,8.345864661654135,0.2407307729480127,0.2407530932892015,0.9652777777777778,144,139,0.3726734962754488
3,pass,8.370927318295738,0.2438666181690811,0.24388406829682766,0.9652777777777778,144,139,0.3726734962754488
3,pass,8.395989974937343,0.24697006019646398,0.24698364192888367,0.9652777777777778,144,139,0.3726734962754488
3,pass,8.421052631578947,0.2500460776514287,0.25005660137275687,0.9652777777777778,144,139,0.3726734962754488
3,pass,8.44611528822055,0.25309956090113256,0.25310767873217904,0.9652777777777778,144,139,0.3726734962754488
3,pass,8.471177944862156,0.2561353168740871,0.2561415508643733,0.9652777777777778,144,139,0.3726734962754488
3,pass,8.496240601503759,0.2591580848552905,0.2591628507744858,0.9652777777777778,144,139,0.3726734962754488
3,pass,8.521303258145362,0.26217256363306013,0.2621761909100022,0.9652777777777778,144,139,0.3726734962754488
3,pass,8.546365914786968,0.265183449911052,0.26518619823129264,0.9652777777777778,144,139,0.3726734962754488
3,pass,8.571428571428571,0.26819548736829474,0.2681975603987254,0.9652777777777778,144,139,0.3726734962754488
3,pass,8.596491228070175,0.27121352517705477,0.27121508184119225,0.9652777777777778,144,139,0.3726734962754488
3,pass,8.62155388471178,0.2742425842072535,0.2742437478891779,0.9652777777777778,144,139,0.3726734962754488
3,pass,8.646616541353383,0.27728792859306917,0.27728879460334294,0.9652777777777778,144,139,0.3726734962754488
3,pass,8.671679197994987,0.28035513984736476,0.28035578144165035,0.9652777777777778,144,139,0.3726734962754488
3,pass,8.69674185463659,0.28345019031393376,0.28345066351525916,0.9652777777777778,144,139,0.3726734962754488
3,pass,8.721804511278195,0.2865795124711163,0.28657985991031004,0.9652777777777778,144,139,0.3726734962754488
3,pass,8.746867167919799,0.2897500604593933,0.2897503144153807,0.9652777777777778,144,139,0.3726734962754488
3,pass,8.771929824561402,0.29296936020652914,0.2929695449990234,0.9652777777777778,144,139,0.3726734962754488
3,pass,8.796992481203008,0.296245544662514,0.29624567852407396,0.9652777777777778,144,139,0.3726734962754488
3,pass,8.822055137844611,0.2995873709186026,0.2995874674508922,0.9652777777777778,144,139,0.3726734962754488
3,pass,8.847117794486214,0.30300421634681834,0.30300428564694337,0.9652777777777778,144,139,0.3726734962754488
3,pass,8.87218045112782,0.3065060513282364,0.3065061008549662,0.9652777777777778,144,139,0.3726734962754488
3,pass,8.897243107769423,0.3101033866060722,0.3101034218422729,0.9652777777777778,144,139,0.3726734962754488
3,pass,8.922305764411027,0.313807193768381,0.31380721872477707,0.9652777777777778,144,139,0.3726734962754488
3,pass,8.947368421052632,0.31762879780333586,0.31762881539948534,0.9652777777777778,144,139,0.3726734962754488
3,pass,8.972431077694235,0.3215797410525879,0.3215797534034144,0.9652777777777778,144,139,0.3726734962754488
3,pass,8.997493734335839,0.325671618199785,0.32567162682990136,0.9652777777777778,144,139,0.3726734962754488
3,pass,9.022556390977442,0.3299158821689248,0.3299158881720748,0.9652777777777778,144,139,0.3726734962754488
3,pass,9.047619047619047,0.3343236209815292,0.3343236251385609,0.9652777777777778,144,139,0.3726734962754488
3,pass,9.072681704260651,0.33890530575730277,0.3389053086229899,0.9652777777777778,144,139,0.3726734962754488
3,pass,9.097744360902254,0.3436705101776039,0.34367051214420025,0.9652777777777778,144,139,0.3726734962754488
3,pass,9.12280701754386,0.3486276019127417,0.34862760325625636,0.9652777777777778,144,139,0.3726734962754488
3,pass,9.147869674185463,0.3537834067976138,0.3537834077113273,0.9652777777777778,144,139,0.3726734962754488
3,pass,9.172932330827066,0.35914284698208515,0.35914284760069665,0.9652777777777778,144,139,0.3726734962754488
3,pass,9.197994987468672,0.3647085549354813,0.3647085553524139,0.9652777777777778,144,139,0.3726734962754488
3,pass,9.223057644110275,0.37048046609138424,0.3704804663711236,0.9652777777777778,144,139,0.3726734962754488
3,pass,9.248120300751879,0.37645539410619044,0.37645539429303515,0.9652777777777778,144,139,0.3726734962754488
3,pass,9.273182957393484,0.38262659417764794,0.38262659430188395,0.9652777777777778,144,139,0.3726734962754488
3,pass,9.298245614035087,0.38898332160682086,0.38898332168905525,0.9652777777777778,144,139,0.3726734962754488
3,pass,9.32330827067669,0.3955103947385232,0.39551039479271055,0.9652777777777778,144,139,0.3726734962754488
3,pass,9.348370927318296,0.40218777350114315,0.40218777353668844,0.9652777777777778,144,139,0.3726734962754488
3,pass,9.3734335839599,0.40899016687812295,0.4089901669013345,0.9652777777777778,144,139,0.3726734962754488
3,pass,9.398496240601503,0.41588668464613837,0.4158866846612275,0.9652777777777778,144,139,0.3726734962754488
3,pass,9.423558897243108,0.422840550456164,0.42284055046592883,0.9652777777777778,144,139,0.3726734962754488
3,pass,9.448621553884712,0.4298088946491092,0.42980889465539995,0.9652777777777778,144,139,0.3726734962754488
3,pass,9.473684210526315,0.43674264592263773,0.4367426459266721,0.9652777777777778,144,139,0.3726734962754488
3,pass,9.498746867167918,0.4435865409455601,0.44358654094813577,0.9652777777777778,144,139,0.3726734962754488
3,pass,9.523809523809524,0.4502792701185411,0.45027927012017804,0.9652777777777778,144,139,0.3726734962754488
3,pass,9.548872180451127,0.4567537758062118,0.45675377580724746,0.9652777777777778,144,139,0.3726734962754488
3,pass,9.57393483709273,0.4629377164621769,0.4629377164628292,0.9652777777777778,144,139,0.3726734962754488
3,pass,9.598997493734336,0.46875410613385,0.468754106134259,0.9652777777777778,144,139,0.3726734962754488
3,pass,9.62406015037594,0.4741221339269194,0.47412213392717467,0.9652777777777778,144,139,0.3726734962754488
3,pass,9.649122807017543,0.47895816224967525,0.47895816224983384,0.9652777777777778,144,139,0.3726734962754488
3,pass,9.674185463659148,0.4831768962265406,0.48317689622663873,0.9652777777777778,144,139,0.3726734962754488
3,pass,9.699248120300751,0.4866927098050046,0.486692709805065,0.9652777777777778,144,139,0.3726734962754488
3,pass,9.724310776942355,0.4894211070646994,0.4894211070647364,0.9652777777777778,144,139,0.3726734962754488
3,pass,9.74937343358396,0.4912802903899564,0.491280290389979,0.9652777777777778,144,139,0.3726734962754488
3,pass,9.774436090225564,0.49219280082495004,0.49219280082496375,0.9652777777777778,144,139,0.3726734962754488
3,pass,9.799498746867167,0.4920871904314301,0.49208719043143845,0.9652777777777778,144,139,0.3726734962754488
3,pass,9.82456140350877,0.4908996821328562,0.49089968213286117,0.9652777777777778,144,139,0.3726734962754488
3,pass,9.849624060150376,0.48857576963797544,0.48857576963797844,0.9652777777777778,144,139,0.3726734962754488
3,pass,9.87468671679198,0.48507170881885114,0.4850717088188529,0.9652777777777778,144,139,0.3726734962754488
3,pass,9.899749373433583,0.48035585252958984,0.4803558525295909,0.9652777777777778,144,139,0.3726734962754488
3,pass,9.924812030075188,0.4744097833663922,0.47440978336639283,0.9652777777777778,144,139,0.3726734962754488
3,pass,9.949874686716791,0.4672292032703565,0.4672292032703569,0.9652777777777778,144,139,0.3726734962754488
3,pass,9.974937343358395,0.45882454505189246,0.4588245450518927,0.9652777777777778,144,139,0.3726734962754488
3,pass,10.0,0.44922127866936695,0.44922127866936706,0.9652777777777778,144,139,0.3726734962754488
4,numeric_nonpass,0.0,3.5355264902574116e-78,3.5355264902578243e-78,0.011904761904761904,84,1,0.36989630757179653
4,numeric_nonpass,0.02506265664160401,1.2484363582613862e-77,1.248436358261549e-77,0.011904761904761904,84,1,0.36989630757179653
4,numeric_nonpass,0.05012531328320802,4.38818506290711e-77,4.3881850629077485e-77,0.011904761904761904,84,1,0.36989630757179653
4,numeric_nonpass,0.07518796992481203,1.5353580680928864e-76,1.5353580680931358e-76,0.011904761904761904,84,1,0.36989630757179653
4,numeric_nonpass,0.10025062656641603,5.3473748638445414e-76,5.347374863845511e-76,0.011904761904761904,84,1,0.36989630757179653
4,numeric_nonpass,0.12531328320802004,1.8538636929976675e-75,1.8538636929980428e-75,0.011904761904761904,84,1,0.36989630757179653
4,numeric_nonpass,0.15037593984962405,6.397660382398932e-75,6.397660382400377e-75,0.011904761904761904,84,1,0.36989630757179653
4,numeric_nonpass,0.17543859649122806,2.1977119970620874e-74,2.1977119970626415e-74,0.011904761904761904,84,1,0.36989630757179653
4,numeric_nonpass,0.20050125313283207,7.51495855821678e-74,7.514958558218896e-74,0.011904761904761904,84,1,0.36989630757179653
4,numeric_nonpass,0.22556390977443608,2.5579297621771277e-73,2.5579297621779314e-73,0.011904761904761904,84,1,0.36989630757179653
4,numeric_nonpass,0.2506265664160401,8.666761676207765e-73,8.666761676210805e-73,0.011904761904761904,84,1,0.36989630757179653
4,numeric_nonpass,0.2756892230576441,2.9230167730787463e-72,2.923016773079891e-72,0.011904761904761904,84,1,0.36989630757179653
4,numeric_nonpass,0.3007518796992481,9.813229930220816e-72,9.813229930225105e-72,0.011904761904761904,84,1,0.36989630757179653
4,numeric_nonpass,0.3258145363408521,3.2794337066651727e-71,3.2794337066667725e-71,0.011904761904761904,84,1,0.36989630757179653
4,numeric_nonpass,0.3508771929824561,1.0909176079655423e-70,1.0909176079661363e-70,0.011904761904761904,84,1,0.36989630757179653
4,numeric_nonpass,0.37593984962406013,3.6123619662063454e-70,3.6123619662085414e-70,0.011904761904761904,84,1,0.36989630757179653
4,numeric_nonpass,0.40100250626566414,1.1906847315412545e-69,1.1906847315420624e-69,0.011904761904761904,84,1,0.36989630757179653
4,numeric_nonpass,0.42606516290726815,3.9066861440936855e-69,3.9066861440966443e-69,0.011904761904761904,84,1,0.36989630757179653
4,numeric_nonpass,0.45112781954887216,1.275928898578382e-68,1.2759288985794607e-68,0.011904761904761904,84,1,0.36989630757179653
4,numeric_nonpass,0.47619047619047616,4.1481135829371605e-68,4.148113582941075e-68,0.011904761904761904,84,1,0.36989630757179653
4,numeric_nonpass,0.5012531328320802,1.3423971439049411e-67,1.3423971439063554e-67,0.011904761904761904,84,1,0.36989630757179653
4,numeric_nonpass,0.5263157894736842,4.32431789973448e-67,4.3243178997395654e-67,0.011904761904761904,84,1,0.36989630757179653
4,numeric_nonpass,0.5513784461152882,1.3866294550084924e-66,1.3866294550103128e-66,0.011904761904761904,84,1,0.36989630757179653
4,numeric_nonpass,0.5764411027568922,4.425979961425656e-66,4.4259799614321415e-66,0.011904761904761904,84,1,0.36989630757179653
4,numeric_nonpass,0.6015037593984962,1.4062569421825206e-65,1.4062569421848209e-65,0.011904761904761904,84,1,0.36989630757179653
4,numeric_nonpass,0.6265664160401002,4.447604178385056e-65,4.447604178393177e-65,0.011904761904761904,84,1,0.36989630757179653
4,numeric_nonpass,0.6516290726817042,1.4002119951237328e-64,1.4002119951265867e-64,0.011904761904761904,84,1,0.36989630757179653
4,numeric_nonpass,0.6766917293233082,4.3880106408528285e-64,4.388010640862813e-64,0.011904761904761904,84,1,0.36989630757179653
4,numeric_nonpass,0.7017543859649122,1.3688244828386584e-63,1.368824482842135e-63,0.011904761904761904,84,1,0.36989630757179653
4,numeric_nonpass,0.7268170426065163,4.25044176992859e-63,4.2504417699406413e-63,0.011904761904761904,84,1,0.36989630757179653
4,numeric_nonpass,0.7518796992481203,1.3137919343056888e-62,1.313791934309847e-62,0.011904761904761904,84,1,0.36989630757179653
4,numeric_nonpass,0.7769423558897243,4.0422700685280645e-62,4.042270068542346e-62,0.011904761904761904,84,1,0.36989630757179653
4,numeric_nonpass,0.8020050125313283,1.2380274509258754e-61,1.2380274509307581e-61,0.011904761904761904,84,1,0.36989630757179653
4,numeric_nonpass,0.8270676691729323,3.774343627802211e-61,3.774343627818828e-61,0.011904761904761904,84,1,0.36989630757179653
4,numeric_nonpass,0.8521303258145363,1.1454043123709294e-60,1.1454043123765586e-60,0.011904761904761904,84,1,0.36989630757179653
4,numeric_nonpass,0.8771929824561403,3.4600502389995337e-60,3.460050239018516e-60,0.011904761904761904,84,1,0.36989630757179653
4,numeric_nonpass,0.9022556390977443,1.0404284267562147e-59,1.0404284267625864e-59,0.011904761904761904,84,1,0.36989630757179653
4,numeric_nonpass,0.9273182957393483,3.114212391898021e-59,3.114212391919311e-59,0.011904761904761904,84,1,0.36989630757179653
4,numeric_nonpass,0.9523809523809523,9.278771107354488e-59,9.278771107425301e-59,0.011904761904761904,84,1,0.36989630757179653
4,numeric_nonpass,0.9774436090225563,2.7519396688219906e-58,2.7519396688454352e-58,0.011904761904761904,84,1,0.36989630757179653
4,numeric_nonpass,1.0025062656641603,8.1244425066805e-58,8.124442506757764e-58,0.011904761904761904,84,1,0.36989630757179653
4,numeric_nonpass,1.0275689223057642,2.3875608278210502e-57,2.3875608278463973e-57,0.011904761904761904,84,1,0.36989630757179653
4,numeric_nonpass,1.0526315789473684,6.9842782671412e-57,6.984278267223973e-57,0.011904761904761904,84,1,0.36989630757179653
4,numeric_nonpass,1.0776942355889725,2.0337372230893677e-56,2.0337372231162735e-56,0.011904761904761904,84,1,0.36989630757179653
4,numeric_nonpass,1.1027568922305764,5.894871668162136e-56,5.8948716682491955e-56,0.011904761904761904,84,1,0.36989630757179653
4,numeric_nonpass,1.1278195488721803,1.7008267841146067e-55,1.700826784142648e-55,0.011904761904761904,84,1,0.36989630757179653
4,numeric_nonpass,1.1528822055137844,4.884858993816693e-55,4.884858993906596e-55,0.011904761904761904,84,1,0.36989630757179653
4,numeric_nonpass,1.1779448621553885,1.396529748960274e-54,1.3965297489889664e-54,0.011904761904761904,84,1,0.36989630757179653
4,numeric_nonpass,1.2030075187969924,3.9742443470338315e-54,3.9742443471249835e-54,0.011904761904761904,84,1,0.36989630757179653
4,numeric_nonpass,1.2280701754385963,1.1258101320394698e-53,1.1258101320682952e-53,0.011904761904761904,84,1,0.36989630757179653
4,numeric_nonpass,1.2531328320802004,3.174548413604782e-53,3.174548413695519e-53,0.011904761904761904,84,1,0.36989630757179653
4,numeric_nonpass,1.2781954887218046,8.910559418264715e-53,8.910559418549035e-53,0.011904761904761904,84,1,0.36989630757179653
4,numeric_nonpass,1.3032581453634084,2.4896265139888036e-52,2.489626514077486e-52,0.011904761904761904,84,1,0.36989630757179653
4,numeric_nonpass,1.3283208020050123,6.924200651058916e-52,6.924200651334258e-52,0.011904761904761904,84,1,0.36989630757179653
4,numeric_nonpass,1.3533834586466165,1.9169522831079416e-51,1.916952283193039e-51,0.011904761904761904,84,1,0.36989630757179653
4,numeric_nonpass,1.3784461152882206,5.282739246568013e-51,5.282739246829812e-51,0.011904761904761904,84,1,0.36989630757179653
4,numeric_nonpass,1.4035087719298245,1.4491497319787892e-50,1.4491497320589617e-50,0.011904761904761904,84,1,0.36989630757179653
4,numeric_nonpass,1.4285714285714284,3.9570684342539743e-50,3.957068434498369e-50,0.011904761904761904,84,1,0.36989630757179653
4,numeric_nonpass,1.4536340852130325,1.0755734551537772e-49,1.0755734552279365e-49,0.011904761904761904,84,1,0.36989630757179653
4,numeric_nonpass,1.4786967418546366,2.9101327726856238e-49,2.910132772909623e-49,0.011904761904761904,84,1,0.36989630757179653
4,numeric_nonpass,1.5037593984962405,7.837756127870189e-49,7.837756128543686e-49,0.011904761904761904,84,1,0.36989630757179653
4,numeric_nonpass,1.5288220551378444,2.1012460148441206e-48,2.1012460150456934e-48,0.011904761904761904,84,1,0.36989630757179653
4,numeric_nonpass,1.5538847117794485,5.607486973473853e-48,5.607486974074385e-48,0.011904761904761904,84,1,0.36989630757179653
4,numeric_nonpass,1.5789473684210527,1.4895869470362752e-47,1.4895869472143687e-47,0.011904761904761904,84,1,0.36989630757179653
4,numeric_nonpass,1.6040100250626566,3.9388519453138823e-47,3.9388519458396187e-47,0.011904761904761904,84,1,0.36989630757179653
4,numeric_nonpass,1.6290726817042605,1.0367634292564922e-46,1.0367634294109805e-46,0.011904761904761904,84,1,0.36989630757179653
4,numeric_nonpass,1.6541353383458646,2.7164136013929738e-46,2.7164136018448615e-46,0.011904761904761904,84,1,0.36989630757179653
4,numeric_nonpass,1.6791979949874687,7.084648979318545e-46,7.084648980634296e-46,0.011904761904761904,84,1,0.36989630757179653
4,numeric_nonpass,1.7042606516290726,1.8392763740124204e-45,1.839276374393771e-45,0.011904761904761904,84,1,0.36989630757179653
4,numeric_nonpass,1.7293233082706765,4.753153735558308e-45,4.7531537366585375e-45,0.011904761904761904,84,1,0.36989630757179653
4,numeric_nonpass,1.7543859649122806,1.2227085368169873e-44,1.2227085371329604e-44,0.011904761904761904,84,1,0.36989630757179653
4,numeric_nonpass,1.7794486215538847,3.130907533490879e-44,3.130907534394164e-44,0.011904761904761904,84,1,0.36989630757179653
4,numeric_nonpass,1.8045112781954886,7.980383331223977e-44,7.980383333794418e-44,0.011904761904761904,84,1,0.36989630757179653
4,numeric_nonpass,1.8295739348370925,2.0248062753978814e-43,2.0248062761259933e-43,0.011904761904761904,84,1,0.36989630757179653
4,numeric_nonpass,1.8546365914786966,5.113866866803166e-43,5.113866868856204e-43,0.011904761904761904,84,1,0.36989630757179653
4,numeric_nonpass,1.8796992481203008,1.2856464973576923e-42,1.2856464979339328e-42,0.011904761904761904,84,1,0.36989630757179653
4,numeric_nonpass,1.9047619047619047,3.2173620768305964e-42,3.21736207844057e-42,0.011904761904761904,84,1,0.36989630757179653
4,numeric_nonpass,1.9298245614035086,8.014649235729911e-42,8.014649240207474e-42,0.011904761904761904,84,1,0.36989630757179653
4,numeric_nonpass,1.9548872180451127,1.9873543771095354e-41,1.987354378349111e-41,0.011904761904761904,84,1,0.36989630757179653
4,numeric_nonpass,1.9799498746867168,4.905376264943031e-41,4.905376268358988e-41,0.011904761904761904,84,1,0.36989630757179653
4,numeric_nonpass,2.0050125313283207,1.2052455846647843e-40,1.2052455856018289e-40,0.011904761904761904,84,1,0.36989630757179653
4,numeric_nonpass,2.0300751879699246,2.947711576159094e-40,2.947711578717775e-40,0.011904761904761904,84,1,0.36989630757179653
4,numeric_nonpass,2.0551378446115285,7.176300877534299e-40,7.176300884489033e-40,0.011904761904761904,84,1,0.36989630757179653
4,numeric_nonpass,2.080200501253133,1.7390917900006837e-39,1.739091791882396e-39,0.011904761904761904,84,1,0.36989630757179653
4,numeric_nonpass,2.1052631578947367,4.19517985817068e-39,4.1951798632386535e-39,0.011904761904761904,84,1,0.36989630757179653
4,numeric_nonpass,2.1303258145363406,1.0073604105096198e-38,1.0073604118683209e-38,0.011904761904761904,84,1,0.36989630757179653
4,numeric_nonpass,2.155388471177945,2.4078275936514233e-38,2.4078275972773747e-38,0.011904761904761904,84,1,0.36989630757179653
4,numeric_nonpass,2.180451127819549,5.728911447822784e-38,5.728911457455052e-38,0.011904761904761904,84,1,0.36989630757179653
4,numeric_nonpass,2.2055137844611528,1.3568287760955237e-37,1.3568287786426103e-37,0.011904761904761904,84,1,0.36989630757179653
4,numeric_nonpass,2.2305764411027567,3.198778704140986e-37,3.1987787108455028e-37,0.011904761904761904,84,1,0.36989630757179653
4,numeric_nonpass,2.2556390977443606,7.5067086515739254e-37,7.506708669141018e-37,0.011904761904761904,84,1,0.36989630757179653
4,numeric_nonpass,2.280701754385965,1.7535620536822317e-36,1.7535620582640835e-36,0.011904761904761904,84,1,0.36989630757179653
4,numeric_nonpass,2.305764411027569,4.0775465856651994e-36,4.077546597560924e-36,0.011904761904761904,84,1,0.36989630757179653
4,numeric_nonpass,2.3308270676691727,9.438064438073807e-36,9.438064468817041e-36,0.011904761904761904,84,1,0.36989630757179653
4,numeric_nonpass,2.355889724310777,2.1745688311146502e-35,2.174568839023568e-35,0.011904761904761904,84,1,0.36989630757179653
4,numeric_nonpass,2.380952380952381,4.987347089855913e-35,4.987347110109104e-35,0.011904761904761904,84,1,0.36989630757179653
4,numeric_nonpass,2.406015037593985,1.138602786750381e-34,1.1386027919131035e-34,0.011904761904761904,84,1,0.36989630757179653
4,numeric_nonpass,2.4310776942355887,2.5875044496559896e-34,2.587504462756044e-34,0.011904761904761904,84,1,0.36989630757179653
4,numeric_nonpass,2.4561403508771926,5.853237984262451e-34,5.853238017350903e-34,0.011904761904761904,84,1,0.36989630757179653
4,numeric_nonpass,2.481203007518797,1.3180062609027987e-33,1.3180062692221388e-33,0.011904761904761904,84,1,0.36989630757179653
4,numeric_nonpass,2.506265664160401,2.954234586932408e-33,2.9542346077538336e-33,0.011904761904761904,84,1,0.36989630757179653
4,numeric_nonpass,2.5313283208020048,6.591415630533269e-33,6.591415682406252e-33,0.011904761904761904,84,1,0.36989630757179653
4,numeric_nonpass,2.556390977443609,1.4639243368998167e-32,1.4639243497639708e-32,0.011904761904761904,84,1,0.36989630757179653
4,numeric_nonpass,2.581453634085213,3.236419267612138e-32,3.236419299368486e-32,0.011904761904761904,84,1,0.36989630757179653
4,numeric_nonpass,2.606516290726817,7.122248777948001e-32,7.122248855982961e-32,0.011904761904761904,84,1,0.36989630757179653
4,numeric_nonpass,2.631578947368421,1.560183622719039e-31,1.5601836418069015e-31,0.011904761904761904,84,1,0.36989630757179653
4,numeric_nonpass,2.6566416040100247,3.4020485281909083e-31,3.4020485746675617e-31,0.011904761904761904,84,1,0.36989630757179653
4,numeric_nonpass,2.681704260651629,7.384336989671078e-31,7.384337102318675e-31,0.011904761904761904,84,1,0.36989630757179653
4,numeric_nonpass,2.706766917293233,1.5954703048007206e-30,1.5954703319787897e-30,0.011904761904761904,84,1,0.36989630757179653
4,numeric_nonpass,2.731829573934837,3.4314064013206565e-30,3.431406466592356e-30,0.011904761904761904,84,1,0.36989630757179653
4,numeric_nonpass,2.756892230576441,7.346184015717469e-30,7.34618417175927e-30,0.011904761904761904,84,1,0.36989630757179653
4,numeric_nonpass,2.781954887218045,1.5655165482198703e-29,1.5655165853534452e-29,0.011904761904761904,84,1,0.36989630757179653
4,numeric_nonpass,2.807017543859649,3.320930115430629e-29,3.320930203394111e-29,0.011904761904761904,84,1,0.36989630757179653
4,numeric_nonpass,2.832080200501253,7.012421691651415e-29,7.012421899070143e-29,0.011904761904761904,84,1,0.36989630757179653
4,numeric_nonpass,2.8571428571428568,1.473949236560083e-28,1.4739492852460153e-28,0.011904761904761904,84,1,0.36989630757179653
4,numeric_nonpass,2.882205513784461,3.0839209876052833e-28,3.0839211013599062e-28,0.011904761904761904,84,1,0.36989630757179653
4,numeric_nonpass,2.907268170426065,6.422885392616209e-28,6.422885657188726e-28,0.011904761904761904,84,1,0.36989630757179653
4,numeric_nonpass,2.932330827067669,1.3315678993989469e-27,1.3315679606524004e-27,0.011904761904761904,84,1,0.36989630757179653
4,numeric_nonpass,2.9573934837092732,2.7479110797403167e-27,2.747911220905202e-27,0.011904761904761904,84,1,0.36989630757179653
4,numeric_nonpass,2.982456140350877,5.644795950012422e-27,5.6447962738543685e-27,0.011904761904761904,84,1,0.36989630757179653
4,numeric_nonpass,3.007518796992481,1.1542504005275507e-26,1.1542504744795501e-26,0.011904761904761904,84,1,0.36989630757179653
4,numeric_nonpass,3.032581453634085,2.3494057882536692e-26,2.3494059563573447e-26,0.011904761904761904,84,1,0.36989630757179653
4,numeric_nonpass,3.057644110275689,4.760167654052414e-26,4.760168034430112e-26,0.011904761904761904,84,1,0.36989630757179653
4,numeric_nonpass,3.082706766917293,9.600474038205018e-26,9.600474894973551e-26,0.011904761904761904,84,1,0.36989630757179653
4,numeric_nonpass,3.107769423558897,1.9273887521241407e-25,1.9273889442220656e-25,0.011904761904761904,84,1,0.36989630757179653
4,numeric_nonpass,3.132832080200501,3.8516975464248247e-25,3.851697975163463e-25,0.011904761904761904,84,1,0.36989630757179653
4,numeric_nonpass,3.1578947368421053,7.661984123227371e-25,7.661985075745921e-25,0.011904761904761904,84,1,0.36989630757179653
4,numeric_nonpass,3.182957393483709,1.5171779861856467e-24,1.517178196837464e-24,0.011904761904761904,84,1,0.36989630757179653
4,numeric_nonpass,3.208020050125313,2.9904602327232405e-24,2.9904606964562527e-24,0.011904761904761904,84,1,0.36989630757179653
4,numeric_nonpass,3.233082706766917,5.867400648517491e-24,5.86740166472392e-24,0.011904761904761904,84,1,0.36989630757179653
4,numeric_nonpass,3.258145363408521,1.1459341751734265e-23,1.1459343968435032e-23,0.011904761904761904,84,1,0.36989630757179653
4,numeric_nonpass,3.2832080200501252,2.2278185341564562e-23,2.227819015487091e-23,0.011904761904761904,84,1,0.36989630757179653
4,numeric_nonpass,3.308270676691729,4.311279389244108e-23,4.311280429622504e-23,0.011904761904761904,84,1,0.36989630757179653
4,numeric_nonpass,3.333333333333333,8.304982796366508e-23,8.30498503483316e-23,0.011904761904761904,84,1,0.36989630757179653
4,numeric_nonpass,3.3583959899749374,1.592492957694701e-22,1.5924934371206191e-22,0.011904761904761904,84,1,0.36989630757179653
4,numeric_nonpass,3.3834586466165413,3.039642568057697e-22,3.039643590182813e-22,0.011904761904761904,84,1,0.36989630757179653
4,numeric_nonpass,3.408521303258145,5.775289103471688e-22,5.775291272665619e-22,0.011904761904761904,84,1,0.36989630757179653
4,numeric_nonpass,3.433583959899749,1.092272890415322e-21,1.0922733486675336e-21,0.011904761904761904,84,1,0.36989630757179653
4,numeric_nonpass,3.458646616541353,2.056339388839691e-21,2.0563403524972398e-21,0.011904761904761904,84,1,0.36989630757179653
4,numeric_nonpass,3.4837092731829573,3.853582384735262e-21,3.853584401953833e-21,0.011904761904761904,84,1,0.36989630757179653
4,numeric_nonpass,3.508771929824561,7.188540366377255e-21,7.188544569725414e-21,0.011904761904761904,84,1,0.36989630757179653
4,numeric_nonpass,3.533834586466165,1.3348208987082178e-20,1.3348217705748402e-20,0.011904761904761904,84,1,0.36989630757179653
4,numeric_nonpass,3.5588972431077694,2.4672405456166506e-20,2.467242345801617e-20,0.011904761904761904,84,1,0.36989630757179653
4,numeric_nonpass,3.5839598997493733,4.5394810069530404e-20,4.5394847069103175e-20,0.011904761904761904,84,1,0.36989630757179653
4,numeric_nonpass,3.6090225563909772,8.31394462085828e-20,8.313952190736628e-20,0.011904761904761904,84,1,0.36989630757179653
4,numeric_nonpass,3.634085213032581,1.5157035416280355e-19,1.5157050833065394e-19,0.011904761904761904,84,1,0.36989630757179653
4,numeric_nonpass,3.659147869674185,2.7506011327794964e-19,2.7506042582224405e-19,0.011904761904761904,84,1,0.36989630757179653
4,numeric_nonpass,3.6842105263157894,4.968750431208883e-19,4.96875673849152e-19,0.011904761904761904,84,1,0.36989630757179653
4,numeric_nonpass,3.7092731829573933,8.934555767301869e-19,8.934568437578273e-19,0.011904761904761904,84,1,0.36989630757179653
4,numeric_nonpass,3.734335839598997,1.5992080168853024e-18,1.5992105505146834e-18,0.011904761904761904,84,1,0.36989630757179653
4,numeric_nonpass,3.7593984962406015,2.8493327287816374e-18,2.8493377720654514e-18,0.011904761904761904,84,1,0.36989630757179653
4,numeric_nonpass,3.7844611528822054,5.053445532037791e-18,5.05345552506759e-18,0.011904761904761904,84,1,0.36989630757179653
4,numeric_nonpass,3.8095238095238093,8.9215071027947e-18,8.921526813153735e-18,0.011904761904761904,84,1,0.36989630757179653
4,numeric_nonpass,3.834586466165413,1.5678159419708296e-17,1.5678198119230044e-17,0.011904761904761904,84,1,0.36989630757179653
4,numeric_nonpass,3.859649122807017,2.7425726503510718e-17,2.7425802139850383e-17,0.011904761904761904,84,1,0.36989630757179653
4,numeric_nonpass,3.8847117794486214,4.775594237740347e-17,4.775608953049374e-17,0.011904761904761904,84,1,0.36989630757179653
4,numeric_nonpass,3.9097744360902253,8.277570956567952e-17,8.277599455093143e-17,0.011904761904761904,84,1,0.36989630757179653
4,numeric_nonpass,3.9348370927318292,1.428185498798569e-16,1.428190992811026e-16,0.011904761904761904,84,1,0.36989630757179653
4,numeric_nonpass,3.9598997493734336,2.45285875179858e-16,2.4528692949705793e-16,0.011904761904761904,84,1,0.36989630757179653
4,numeric_nonpass,3.9849624060150375,4.193403709061039e-16,4.193423849432941e-16,0.011904761904761904,84,1,0.36989630757179653
4,numeric_nonpass,4.010025062656641,7.136200179086471e-16,7.136238477287087e-16,0.011904761904761904,84,1,0.36989630757179653
4,numeric_nonpass,4.035087719298246,1.208853263081126e-15,1.208860512515012e-15,0.011904761904761904,84,1,0.36989630757179653
4,numeric_nonpass,4.060150375939849,2.0383857016944898e-15,2.0383993615092367e-15,0.011904761904761904,84,1,0.36989630757179653
4,numeric_nonpass,4.0852130325814535,3.4214118524558752e-15,3.421437473727052e-15,0.011904761904761904,84,1,0.36989630757179653
4,numeric_nonpass,4.110275689223057,5.716504646475088e-15,5.716552484345953e-15,0.011904761904761904,84,1,0.36989630757179653
4,numeric_nonpass,4.135338345864661,9.50740468590996e-15,9.50749359752056e-15,0.011904761904761904,84,1,0.36989630757179653
4,numeric_nonpass,4.160401002506266,1.5739814641616098e-14,1.57399791396617e-14,0.011904761904761904,84,1,0.36989630757179653
4,numeric_nonpass,4.185463659147869,2.593841659373406e-14,2.5938719549207933e-14,0.011904761904761904,84,1,0.36989630757179653
4,numeric_nonpass,4.2105263157894735,4.254940806526495e-14,4.254996347416009e-14,0.011904761904761904,84,1,0.36989630757179653
4,numeric_nonpass,4.235588972431078,6.947839834898465e-14,6.947941194056919e-14,0.011904761904761904,84,1,0.36989630757179653
4,numeric_nonpass,4.260651629072681,1.1293076966022994e-13,1.1293261098109721e-13,0.011904761904761904,84,1,0.36989630757179653
4,numeric_nonpass,4.285714285714286,1.8271785648771441e-13,1.8272118624398966e-13,0.011904761904761904,84,1,0.36989630757179653
4,numeric_nonpass,4.31077694235589,2.9427672191971653e-13,2.94282715855576e-13,0.011904761904761904,84,1,0.36989630757179653
4,numeric_nonpass,4.335839598997493,4.717773009949658e-13,4.717880415962713e-13,0.011904761904761904,84,1,0.36989630757179653
4,numeric_nonpass,4.360902255639098,7.528776198760832e-13,7.528967784045157e-13,0.011904761904761904,84,1,0.36989630757179653
4,numeric_nonpass,4.385964912280701,1.1959635605572665e-12,1.1959975788833268e-12,0.011904761904761904,84,1,0.36989630757179653
4,numeric_nonpass,4.4110275689223055,1.891114051453653e-12,1.8911741800638813e-12,0.011904761904761904,84,1,0.36989630757179653
4,numeric_nonpass,4.43609022556391,2.9766221538288606e-12,2.976727949287651e-12,0.011904761904761904,84,1,0.36989630757179653
4,numeric_nonpass,4.461152882205513,4.663756978937758e-12,4.663942276933945e-12,0.011904761904761904,84,1,0.36989630757179653
4,numeric_nonpass,4.486215538847118,7.2736823035317275e-12,7.274005370430045e-12,0.011904761904761904,84,1,0.36989630757179653
4,numeric_nonpass,4.511278195488721,1.1292210324986168e-11,1.1292771027436711e-11,0.011904761904761904,84,1,0.36989630757179653
4,numeric_nonpass,4.5363408521303255,1.7450577466020156e-11,1.745154616961859e-11,0.011904761904761904,84,1,0.36989630757179653
4,numeric_nonpass,4.56140350877193,2.684397721260442e-11,2.684564318598056e-11,0.011904761904761904,84,1,0.36989630757179653
4,numeric_nonpass,4.586466165413533,4.1104572335219656e-11,4.110742443100831e-11,0.011904761904761904,84,1,0.36989630757179653
4,numeric_nonpass,4.611528822055138,6.265267534788974e-11,6.265753582935579e-11,0.011904761904761904,84,1,0.36989630757179653
4,numeric_nonpass,4.636591478696742,9.505945528069327e-11,9.506770072076523e-11,0.011904761904761904,84,1,0.36989630757179653
4,numeric_nonpass,4.661654135338345,1.4356786303141473e-10,1.4358178715877346e-10,0.011904761904761904,84,1,0.36989630757179653
4,numeric_nonpass,4.68671679197995,2.1583673607355867e-10,2.158601428697311e-10,0.011904761904761904,84,1,0.36989630757179653
4,numeric_nonpass,4.711779448621554,3.2299790671822013e-10,3.230370751373107e-10,0.011904761904761904,84,1,0.36989630757179653
4,numeric_nonpass,4.7368421052631575,4.811497502640026e-10,4.812149957462153e-10,0.011904761904761904,84,1,0.36989630757179653
4,numeric_nonpass,4.761904761904762,7.134557389611143e-10,7.135639285409697e-10,0.011904761904761904,84,1,0.36989630757179653
4,numeric_nonpass,4.786967418546365,1.0530767411561625e-09,1.0532553246310852e-09,0.011904761904761904,84,1,0.36989630757179653
4,numeric_nonpass,4.81203007518797,1.5472454703507096e-09,1.5475389096081566e-09,0.011904761904761904,84,1,0.36989630757179653
4,numeric_nonpass,4.837092731829574,2.262896200064321e-09,2.263376172769953e-09,0.011904761904761904,84,1,0.36989630757179653
4,numeric_nonpass,4.8621553884711775,3.294399477759308e-09,3.295180991329862e-09,0.011904761904761904,84,1,0.36989630757179653
4,numeric_nonpass,4.887218045112782,4.774128472629909e-09,4.775395186259973e-09,0.011904761904761904,84,1,0.36989630757179653
4,numeric_nonpass,4.912280701754385,6.8868108842368426e-09,6.888854703972294e-09,0.011904761904761904,84,1,0.36989630757179653
4,numeric_nonpass,4.93734335839599,9.888910052284437e-09,9.892192737593501e-09,0.011904761904761904,84,1,0.36989630757179653
4,numeric_nonpass,4.962406015037594,1.4134645155743748e-08,1.4139893698420674e-08,0.011904761904761904,84,1,0.36989630757179653
4,numeric_nonpass,4.987468671679197,2.0110719462282753e-08,2.0119073017331e-08,0.011904761904761904,84,1,0.36989630757179653
4,numeric_nonpass,5.012531328320802,2.848239594595696e-08,2.8495631050705027e-08,0.011904761904761904,84,1,0.36989630757179653
4,numeric_nonpass,5.037593984962406,4.015426170661481e-08,4.017513577900315e-08,0.011904761904761904,84,1,0.36989630757179653
4,numeric_nonpass,5.0626566416040095,5.634987863283058e-08,5.6382651246145313e-08,0.011904761904761904,84,1,0.36989630757179653
4,numeric_nonpass,5.087719298245614,7.871555082806354e-08,7.876677080562996e-08,0.011904761904761904,84,1,0.36989630757179653
4,numeric_nonpass,5.112781954887218,1.0945467273642777e-07,1.0953436065055134e-07,0.011904761904761904,84,1,0.36989630757179653
4,numeric_nonpass,5.137844611528822,1.5150057766662348e-07,1.5162399343483496e-07,0.011904761904761904,84,1,0.36989630757179653
4,numeric_nonpass,5.162907268170426,2.087375034302034e-07,2.0892777518326856e-07,0.011904761904761904,84,1,0.36989630757179653
4,numeric_nonpass,5.1879699248120295,2.8628124351687317e-07,2.8657325762520827e-07,0.011904761904761904,84,1,0.36989630757179653
4,numeric_nonpass,5.213032581453634,3.9083326360255514e-07,3.9127939169768315e-07,0.011904761904761904,84,1,0.36989630757179653
4,numeric_nonpass,5.238095238095238,5.311245271386948e-07,5.318030147571268e-07,0.011904761904761904,84,1,0.36989630757179653
4,numeric_nonpass,5.263157894736842,7.184679669233165e-07,7.194951581257917e-07,0.011904761904761904,84,1,0.36989630757179653
4,numeric_nonpass,5.288220551378446,9.67441417433547e-07,9.68989478458168e-07,0.011904761904761904,84,1,0.36989630757179653
4,numeric_nonpass,5.313283208020049,1.2967258144991614e-06,1.2990482983531886e-06,0.011904761904761904,84,1,0.36989630757179653
4,numeric_nonpass,5.338345864661654,1.7301264719843056e-06,1.7335950031723756e-06,0.011904761904761904,84,1,0.36989630757179653
4,numeric_nonpass,5.363408521303258,2.2978081196056567e-06,2.3029647644655987e-06,0.011904761904761904,84,1,0.36989630757179653
4,numeric_nonpass,5.3884711779448615,3.037776949641197e-06,3.0454085921132266e-06,0.011904761904761904,84,1,0.36989630757179653
4,numeric_nonpass,5.413533834586466,3.997644944474432e-06,4.008888365052556e-06,0.011904761904761904,84,1,0.36989630757179653
4,numeric_nonpass,5.43859649122807,5.236712964141753e-06,5.2532025226492546e-06,0.011904761904761904,84,1,0.36989630757179653
4,numeric_nonpass,5.463659147869674,6.828409136519469e-06,6.852483245986684e-06,0.011904761904761904,84,1,0.36989630757179653
4,numeric_nonpass,5.488721804511278,8.863117639158653e-06,8.898105918187393e-06,0.011904761904761904,84,1,0.36989630757179653
4,numeric_nonpass,5.513784461152882,1.14514295776608e-05,1.1502050098758764e-05,0.011904761904761904,84,1,0.36989630757179653
4,numeric_nonpass,5.538847117794486,1.4727841908565497e-05,1.4800747841497234e-05,0.011904761904761904,84,1,0.36989630757179653
4,numeric_nonpass,5.56390977443609,1.8854921770155677e-05,1.8959449599170315e-05,0.011904761904761904,84,1,0.36989630757179653
4,numeric_nonpass,5.588972431077694,2.402794172730581e-05,2.417712989355955e-05,0.011904761904761904,84,1,0.36989630757179653
4,numeric_nonpass,5.614035087719298,3.0479975899593525e-05,3.0691944150851374e-05,0.011904761904761904,84,1,0.36989630757179653
4,numeric_nonpass,5.639097744360902,3.848742739101564e-05,3.878723447086758e-05,0.011904761904761904,84,1,0.36989630757179653
4,numeric_nonpass,5.664160401002506,4.837593365300992e-05,4.8798065611152066e-05,0.011904761904761904,84,1,0.36989630757179653
4,numeric_nonpass,5.68922305764411,6.052656832506575e-05,6.111825329777431e-05,0.011904761904761904,84,1,0.36989630757179653
4,numeric_nonpass,5.7142857142857135,7.538222584782573e-05,7.620782551750385e-05,0.011904761904761904,84,1,0.36989630757179653
4,numeric_nonpass,5.739348370927318,9.345403912205618e-05,9.460083435266914e-05,0.011904761904761904,84,1,0.36989630757179653
4,numeric_nonpass,5.764411027568922,0.00011532764137830159,0.00011691341213297576,0.011904761904761904,84,1,0.36989630757179653
4,numeric_nonpass,5.789473684210526,0.000141669042244856,0.00014385194245221858,0.011904761904761904,84,1,0.36989630757179653
4,numeric_nonpass,5.81453634085213,0.00017322984613439042,0.00017622119550345235,0.011904761904761904,84,1,0.36989630757179653
4,numeric_nonpass,5.839598997493734,0.0002108515002628263,0.00021493226009632535,0.011904761904761904,84,1,0.36989630757179653
4,numeric_nonpass,5.864661654135338,0.0002554682219825783,0.00026101009376677136,0.011904761904761904,84,1,0.36989630757179653
4,numeric_nonpass,5.889724310776942,0.0003081082231026782,0.0003156005098908181,0.011904761904761904,84,1,0.36989630757179653
4,numeric_nonpass,5.9147869674185465,0.00036989282519959353,0.000379976429071044,0.011904761904761904,84,1,0.36989630757179653
4,numeric_nonpass,5.93984962406015,0.00044203304749640003,0.0004555432436167618,0.011904761904761904,84,1,0.36989630757179653
4,numeric_nonpass,5.964912280701754,0.0005258232506677498,0.0005438431807929849,0.011904761904761904,84,1,0.36989630757179653
4,numeric_nonpass,5.989974937343358,0.0006226314387888902,0.0006465586043339991,0.011904761904761904,84,1,0.36989630757179653
4,numeric_nonpass,6.015037593984962,0.0007338858601986836,0.0007655142655001297,0.011904761904761904,84,1,0.36989630757179653
4,numeric_nonpass,6.040100250626566,0.0008610576084360098,0.00090267860478236,0.011904761904761904,84,1,0.36989630757179653
4,numeric_nonpass,6.06516290726817,0.0010056390081127052,0.001060164312155385,0.011904761904761904,84,1,0.36989630757179653
4,numeric_nonpass,6.090225563909774,0.0011691176781992957,0.0012402284750908093,0.011904761904761904,84,1,0.36989630757179653
4,numeric_nonpass,6.115288220551378,0.0013529462962413388,0.0014452727753492577,0.011904761904761904,84,1,0.36989630757179653
4,numeric_nonpass,6.140350877192982,0.001558508239768209,0.0016778443321640792,0.011904761904761904,84,1,0.36989630757179653
4,numeric_nonpass,6.165413533834586,0.0017870794525066578,0.0019406379233710763,0.011904761904761904,84,1,0.36989630757179653
4,numeric_nonpass,6.19047619047619,0.0020397870684399203,0.002236500438229893,0.011904761904761904,84,1,0.36989630757179653
4,numeric_nonpass,6.215538847117794,0.002317565520304206,0.0025684385155569835,0.011904761904761904,84,1,0.36989630757179653
4,numeric_nonpass,6.2406015037593985,0.0026211110535035095,0.002939630386654602,0.011904761904761904,84,1,0.36989630757179653
4,numeric_nonpass,6.265664160401002,0.002950835753222712,0.0033534429620419716,0.011904761904761904,84,1,0.36989630757179653
4,numeric_nonpass,6.290726817042606,0.0033068223624380336,0.00381345516183738,0.011904761904761904,84,1,0.36989630757179653
4,numeric_nonpass,6.315789473684211,0.003688781311788026,0.004323488380241981,0.011904761904761904,84,1,0.36989630757179653
4,numeric_nonpass,6.340852130325814,0.004096011489070875,0.0048876447850379956,0.011904761904761904,84,1,0.36989630757179653
4,numeric_nonpass,6.365914786967418,0.004527366337154127,0.005510353876060945,0.011904761904761904,84,1,0.36989630757179653
4,numeric_nonpass,6.390977443609022,0.004981226876047919,0.006196427358582477,0.011904761904761904,84,1,0.36989630757179653
4,numeric_nonpass,6.416040100250626,0.00545548319114127,0.0069511219293634345,0.011904761904761904,84,1,0.36989630757179653
4,numeric_nonpass,6.4411027568922306,0.0059475258106248576,0.007780209031138443,0.011904761904761904,84,1,0.36989630757179653
4,numeric_nonpass,6.466165413533834,0.006454248209054821,0.008690050017895929,0.011904761904761904,84,1,0.36989630757179653
4,numeric_nonpass,6.491228070175438,0.006972061421993652,0.009687674507420536,0.011904761904761904,84,1,0.36989630757179653
4,numeric_nonpass,6.516290726817042,0.007496921443109396,0.010780859004625878,0.011904761904761904,84,1,0.36989630757179653
4,numeric_nonpass,6.541353383458646,0.008024369707786461,0.011978202190898256,0.011904761904761904,84,1,0.36989630757179653
4,numeric_nonpass,6.5664160401002505,0.008549586557216087,0.013289192628103977,0.011904761904761904,84,1,0.36989630757179653
4,numeric_nonpass,6.591478696741854,0.00906745713807705,0.014724264062391364,0.011904761904761904,84,1,0.36989630757179653
4,numeric_nonpass,6.616541353383458,0.009572648741744894,0.01629483307621027,0.011904761904761904,84,1,0.36989630757179653
4,numeric_nonpass,6.641604010025063,0.010059698141760049,0.018013313571182014,0.011904761904761904,84,1,0.36989630757179653
4,numeric_nonpass,6.666666666666666,0.010523107068317892,0.019893102511509744,0.011904761904761904,84,1,0.36989630757179653
4,numeric_nonpass,6.69172932330827,0.01095744358316271,0.021948531554519778,0.011904761904761904,84,1,0.36989630757179653
4,numeric_nonpass,6.716791979949875,0.011357446805896584,0.024194779670887748,0.011904761904761904,84,1,0.36989630757179653
4,numeric_nonpass,6.741854636591478,0.011718132209850391,0.026647742630755703,0.011904761904761904,84,1,0.36989630757179653
4,numeric_nonpass,6.7669172932330826,0.012034894565926702,0.0293238563087655,0.011904761904761904,84,1,0.36989630757179653
4,numeric_nonpass,6.791979949874686,0.012303605576122869,0.032239872131251714,0.011904761904761904,84,1,0.36989630757179653
4,numeric_nonpass,6.81704260651629,0.01252070331030422,0.03541258462596175,0.011904761904761904,84,1,0.36989630757179653
4,numeric_nonpass,6.842105263157895,0.012683270740914904,0.0388585128948118,0.011904761904761904,84,1,0.36989630757179653
4,numeric_nonpass,6.867167919799498,0.012789100956352746,0.04259353985241172,0.011904761904761904,84,1,0.36989630757179653
4,numeric_nonpass,6.8922305764411025,0.012836747015395208,0.04663251518071589,0.011904761904761904,84,1,0.36989630757179653
4,numeric_nonpass,6.917293233082706,0.012825554868441644,0.05098883005327336,0.011904761904761904,84,1,0.36989630757179653
4,numeric_nonpass,6.94235588972431,0.012755678298526425,0.055673973681518184,0.011904761904761904,84,1,0.36989630757179653
4,numeric_nonpass,6.967418546365915,0.012628075404996802,0.060697083525461056,0.011904761904761904,84,1,0.36989630757179653
4,numeric_nonpass,6.992481203007518,0.012444486742247157,0.06606450248719539,0.011904761904761904,84,1,0.36989630757179653
4,numeric_nonpass,7.017543859649122,0.012207395810787254,0.07177935746877447,0.011904761904761904,84,1,0.36989630757179653
4,numeric_nonpass,7.042606516290727,0.011919973154257447,0.07784117423910392,0.011904761904761904,84,1,0.36989630757179653
4,numeric_nonpass,7.06766917293233,0.011586005821275424,0.0842455435480933,0.011904761904761904,84,1,0.36989630757179653
4,numeric_nonpass,7.0927318295739346,0.011209814385233564,0.09098385280404364,0.011904761904761904,84,1,0.36989630757179653
4,numeric_nonpass,7.117794486215539,0.010796160061889723,0.09804309637329539,0.011904761904761904,84,1,0.36989630757179653
4,numeric_nonpass,7.142857142857142,0.010350144711593734,0.1054057756813892,0.011904761904761904,84,1,0.36989630757179653
4,numeric_nonpass,7.167919799498747,0.009877106652829773,0.11304989783656184,0.011904761904761904,84,1,0.36989630757179653
4,numeric_nonpass,7.19298245614035,0.009382515244011387,0.12094907853566014,0.011904761904761904,84,1,0.36989630757179653
4,numeric_nonpass,7.2180451127819545,0.008871867113709532,0.12907275165591206,0.011904761904761904,84,1,0.36989630757179653
4,numeric_nonpass,7.243107769423559,0.008350586742984499,0.13738648431589356,0.011904761904761904,84,1,0.36989630757179653
4,numeric_nonpass,7.268170426065162,0.007823933838634682,0.14585239245833642,0.011904761904761904,84,1,0.36989630757179653
4,numeric_nonpass,7.293233082706767,0.007296919597791819,0.15442964833191627,0.011904761904761904,84,1,0.36989630757179653
4,numeric_nonpass,7.31829573934837,0.006774233569726059,0.16307506779927708,0.011904761904761904,84,1,0.36989630757179653
4,numeric_nonpass,7.343358395989974,0.006260182388867975,0.17174376234014113,0.011904761904761904,84,1,0.36989630757179653
4,numeric_nonpass,7.368421052631579,0.00575864120334539,0.18038983810335685,0.011904761904761904,84,1,0.36989630757179653
4,numeric_nonpass,7.393483709273182,0.005273018174768224,0.18896712251947465,0.011904761904761904,84,1,0.36989630757179653
4,numeric_nonpass,7.4185463659147866,0.0048062319952533435,0.19742989791452217,0.011904761904761904,84,1,0.36989630757179653
4,numeric_nonpass,7.443609022556391,0.004360701972349231,0.2057336213278803,0.011904761904761904,84,1,0.36989630757179653
4,numeric_nonpass,7.468671679197994,0.003938349884499392,0.21383561035304446,0.011904761904761904,84,1,0.36989630757179653
4,numeric_nonpass,7.493734335839599,0.0035406125187801034,0.22169567626682307,0.011904761904761904,84,1,0.36989630757179653
4,numeric_nonpass,7.518796992481203,0.0031684635753514065,0.22927668792467365,0.011904761904761904,84,1,0.36989630757179653
4,numeric_nonpass,7.5438596491228065,0.0028224434625215193,0.23654505277214352,0.011904761904761904,84,1,0.36989630757179653
4,numeric_nonpass,7.568922305764411,0.0025026954125074957,0.24347110471519168,0.011904761904761904,84,1,0.36989630757179653
4,numeric_nonpass,7.593984962406014,0.0022090063179544274,0.25002939233916477,0.011904761904761904,84,1,0.36989630757179653
4,numeric_nonpass,7.619047619047619,0.0019408507176656045,0.2561988648834602,0.011904761904761904,84,1,0.36989630757179653
4,numeric_nonpass,7.644110275689223,0.0016974364394582242,0.26196295727503005,0.011904761904761904,84,1,0.36989630757179653
4,numeric_nonpass,7.669172932330826,0.0014777505298526063,0.26730957921094495,0.011904761904761904,84,1,0.36989630757179653
4,numeric_nonpass,7.694235588972431,0.0012806042548607855,0.2722310165839554,0.011904761904761904,84,1,0.36989630757179653
4,numeric_nonpass,7.719298245614034,0.001104676133608197,0.27672375631454654,0.011904761904761904,84,1,0.36989630757179653
4,numeric_nonpass,7.744360902255639,0.00094855215725997,0.28078824776897093,0.011904761904761904,84,1,0.36989630757179653
4,numeric_nonpass,7.769423558897243,0.0008107625407305887,0.2844286153233129,0.011904761904761904,84,1,0.36989630757179653
4,numeric_nonpass,7.794486215538846,0.0006898145459089549,0.28765233723835226,0.011904761904761904,84,1,0.36989630757179653
4,numeric_nonpass,7.819548872180451,0.0005842210958352538,0.29046990584103116,0.011904761904761904,84,1,0.36989630757179653
4,numeric_nonpass,7.844611528822055,0.0004925250640013032,0.292894483109251,0.011904761904761904,84,1,0.36989630757179653
4,numeric_nonpass,7.8696741854636585,0.0004133192677313104,0.2949415642088549,0.011904761904761904,84,1,0.36989630757179653
4,numeric_nonpass,7.894736842105263,0.0003452623168714805,0.2966286594482254,0.011904761904761904,84,1,0.36989630757179653
4,numeric_nonpass,7.919799498746867,0.00028709056753874255,0.2979750026347898,0.011904761904761904,84,1,0.36989630757179653
4,numeric_nonpass,7.944862155388471,0.000237626505400683,0.29900129109264817,0.011904761904761904,84,1,0.36989630757179653
4,numeric_nonpass,7.969924812030075,0.0001957839348351353,0.29972945979216653,0.011904761904761904,84,1,0.36989630757179653
4,numeric_nonpass,7.994987468671678,0.000160570381104428,0.3001824893090119,0.011904761904761904,84,1,0.36989630757179653
4,numeric_nonpass,8.020050125313283,0.00013108712472335719,0.30038424481920073,0.011904761904761904,84,1,0.36989630757179653
4,numeric_nonpass,8.045112781954886,0.00010652728323446331,0.30035934117728463,0.011904761904761904,84,1,0.36989630757179653
4,numeric_nonpass,8.070175438596491,8.61723385570107e-05,0.30013302742130876,0.011904761904761904,84,1,0.36989630757179653
4,numeric_nonpass,8.095238095238095,6.938748090368446e-05,0.2997310828761916,0.011904761904761904,84,1,0.36989630757179653
4,numeric_nonpass,8.120300751879698,5.561610580584187e-05,0.29917971643072866,0.011904761904761904,84,1,0.36989630757179653
4,numeric_nonpass,8.145363408521304,4.437376167889825e-05,0.2985054605543451,0.011904761904761904,84,1,0.36989630757179653
4,numeric_nonpass,8.170426065162907,3.5241803919820806e-05,0.2977350521786464,0.011904761904761904,84,1,0.36989630757179653
4,numeric_nonpass,8.19548872180451,2.7860969737648053e-05,0.2968952936477896,0.011904761904761904,84,1,0.36989630757179653
4,numeric_nonpass,8.220551378446114,2.1925047384425483e-05,0.29601288846808227,0.011904761904761904,84,1,0.36989630757179653
4,numeric_nonpass,8.24561403508772,1.7174775417258267e-05,0.2951142484684811,0.011904761904761904,84,1,0.36989630757179653
4,numeric_nonpass,8.270676691729323,1.3392072970295154e-05,0.29422527111294183,0.011904761904761904,84,1,0.36989630757179653
4,numeric_nonpass,8.295739348370926,1.0394671316315551e-05,0.29337108796733663,0.011904761904761904,84,1,0.36989630757179653
4,numeric_nonpass,8.320802005012531,8.031190540219561e-06,0.29257578759956965,0.011904761904761904,84,1,0.36989630757179653
4,numeric_nonpass,8.345864661654135,6.176682986822197e-06,0.2918621183658242,0.011904761904761904,84,1,0.36989630757179653
4,numeric_nonpass,8.370927318295738,4.728647152952628e-06,0.29125117850047877,0.011904761904761904,84,1,0.36989630757179653
4,numeric_nonpass,8.395989974937343,3.60350159935053e-06,0.29076210258596197,0.011904761904761904,84,1,0.36989630757179653
4,numeric_nonpass,8.421052631578947,2.7334978948968533e-06,0.2904117547511067,0.011904761904761904,84,1,0.36989630757179653
4,numeric_nonpass,8.44611528822055,2.0640441491742474e-06,0.29021443977016587,0.011904761904761904,84,1,0.36989630757179653
4,numeric_nonpass,8.471177944862156,1.5514058874244856e-06,0.29018164356763493,0.011904761904761904,84,1,0.36989630757179653
4,numeric_nonpass,8.496240601503759,1.1607484222788367e-06,0.29032181445586275,0.011904761904761904,84,1,0.36989630757179653
4,numeric_nonpass,8.521303258145362,8.644840462256136e-07,0.2906401957443618,0.011904761904761904,84,1,0.36989630757179653
4,numeric_nonpass,8.546365914786968,6.408879084317392e-07,0.2911387191842186,0.011904761904761904,84,1,0.36989630757179653
4,numeric_nonpass,8.571428571428571,4.7294799305509847e-07,0.29181596709064267,0.011904761904761904,84,1,0.36989630757179653
4,numeric_nonpass,8.596491228070175,3.4741687536928166e-07,0.29266720898218324,0.011904761904761904,84,1,0.36989630757179653
4,numeric_nonpass,8.62155388471178,2.5403563810584674e-07,0.29368451626285824,0.011904761904761904,84,1,0.36989630757179653
4,numeric_nonpass,8.646616541353383,1.8490327282847637e-07,0.29485695594221184,0.011904761904761904,84,1,0.36989630757179653
4,numeric_nonpass,8.671679197994987,1.3396790429672908e-07,0.296170861735855,0.011904761904761904,84,1,0.36989630757179653
4,numeric_nonpass,8.69674185463659,9.661913453114381e-08,0.297610178217897,0.011904761904761904,84,1,0.36989630757179653
4,numeric_nonpass,8.721804511278195,6.936361776912446e-08,0.299156871109952,0.011904761904761904,84,1,0.36989630757179653
4,numeric_nonpass,8.746867167919799,4.956858754217837e-08,0.30079139438839403,0.011904761904761904,84,1,0.36989630757179653
4,numeric_nonpass,8.771929824561402,3.526042684908281e-08,0.3024932027634514,0.011904761904761904,84,1,0.36989630757179653
4,numeric_nonpass,8.796992481203008,2.496748519393567e-08,0.3042412963097534,0.011904761904761904,84,1,0.36989630757179653
4,numeric_nonpass,8.822055137844611,1.7598200065636144e-08,0.3060147826717902,0.011904761904761904,84,1,0.36989630757179653
4,numeric_nonpass,8.847117794486214,1.234718383776438e-08,0.3077934413750159,0.011904761904761904,84,1,0.36989630757179653
4,numeric_nonpass,8.87218045112782,8.623305897071227e-09,0.3095582743697447,0.011904761904761904,84,1,0.36989630757179653
4,numeric_nonpass,8.897243107769423,5.9949544009894185e-09,0.31129202702579617,0.011904761904761904,84,1,0.36989630757179653
4,numeric_nonpass,8.922305764411027,4.148625094788637e-09,0.3129796643662133,0.011904761904761904,84,1,0.36989630757179653
4,numeric_nonpass,8.947368421052632,2.857779457287585e-09,0.3146087883451415,0.011904761904761904,84,1,0.36989630757179653
4,numeric_nonpass,8.972431077694235,1.9595639633257087e-09,0.31616998338930286,0.011904761904761904,84,1,0.36989630757179653
4,numeric_nonpass,8.997493734335839,1.337508012069218e-09,0.3176570791735779,0.011904761904761904,84,1,0.36989630757179653
4,numeric_nonpass,9.022556390977442,9.08739810939767e-10,0.31906732162041684,0.011904761904761904,84,1,0.36989630757179653
4,numeric_nonpass,9.047619047619047,6.145948697565192e-10,0.32040144532839887,0.011904761904761904,84,1,0.36989630757179653
4,numeric_nonpass,9.072681704260651,4.137562061601104e-10,0.32166364297688654,0.011904761904761904,84,1,0.36989630757179653
4,numeric_nonpass,9.097744360902254,2.772721981748219e-10,0.32286142965657993,0.011904761904761904,84,1,0.36989630757179653
4,numeric_nonpass,9.12280701754386,1.84958520981119e-10,0.3240054024839925,0.011904761904761904,84,1,0.36989630757179653
4,numeric_nonpass,9.147869674185463,1.2281419797307064e-10,0.3251088982267926,0.011904761904761904,84,1,0.36989630757179653
4,numeric_nonpass,9.172932330827066,8.11762571361037e-11,0.32618755396410376,0.011904761904761904,84,1,0.36989630757179653
4,numeric_nonpass,9.197994987468672,5.3409152143932956e-11,0.3272587780105547,0.011904761904761904,84,1,0.36989630757179653
4,numeric_nonpass,9.223057644110275,3.4979094152792724e-11,0.3283411404342912,0.011904761904761904,84,1,0.36989630757179653
4,numeric_nonpass,9.248120300751879,2.280382225567121e-11,0.3294536944933377,0.011904761904761904,84,1,0.36989630757179653
4,numeric_nonpass,9.273182957393484,1.479833825688163e-11,0.33061524220032124,0.011904761904761904,84,1,0.36989630757179653
4,numeric_nonpass,9.298245614035087,9.559264247838348e-12,0.33184355899944745,0.011904761904761904,84,1,0.36989630757179653
4,numeric_nonpass,9.32330827067669,6.1467025596174625e-12,0.33315459419183907,0.011904761904761904,84,1,0.36989630757179653
4,numeric_nonpass,9.348370927318296,3.934287953392991e-12,0.3345616652550242,0.011904761904761904,84,1,0.36989630757179653
4,numeric_nonpass,9.3734335839599,2.506665029359861e-12,0.3360746655343368,0.011904761904761904,84,1,0.36989630757179653
4,numeric_nonpass,9.398496240601503,1.5897640628591234e-12,0.3376993058869168,0.011904761904761904,84,1,0.36989630757179653
4,numeric_nonpass,9.423558897243108,1.0036337624465705e-12,0.3394364116654109,0.011904761904761904,84,1,0.36989630757179653
4,numeric_nonpass,9.448621553884712,6.30701790574581e-13,0.3412812968568221,0.011904761904761904,84,1,0.36989630757179653
4,numeric_nonpass,9.473684210526315,3.945291341374643e-13,0.34322323715088193,0.011904761904761904,84,1,0.36989630757179653
4,numeric_nonpass,9.498746867167918,2.456633154811101e-13,0.3452450631068639,0.011904761904761904,84,1,0.36989630757179653
4,numeric_nonpass,9.523809523809524,1.5226768756964268e-13,0.3473228933273667,0.011904761904761904,84,1,0.36989630757179653
4,numeric_nonpass,9.548872180451127,9.394667412010397e-14,0.3494260255551032,0.011904761904761904,84,1,0.36989630757179653
4,numeric_nonpass,9.57393483709273,5.769806937664299e-14,0.35151700082998616,0.011904761904761904,84,1,0.36989630757179653
4,numeric_nonpass,9.598997493734336,3.527340357228971e-14,0.35355185225677915,0.011904761904761904,84,1,0.36989630757179653
4,numeric_nonpass,9.62406015037594,2.146543367122236e-14,0.3554805455565359,0.011904761904761904,84,1,0.36989630757179653
4,numeric_nonpass,9.649122807017543,1.3002838871867712e-14,0.3572476134723971,0.011904761904761904,84,1,0.36989630757179653
4,numeric_nonpass,9.674185463659148,7.84048464858531e-15,0.35879298038609475,0.011904761904761904,84,1,0.36989630757179653
4,numeric_nonpass,9.699248120300751,4.7060208913475635e-15,0.3600529673393701,0.011904761904761904,84,1,0.36989630757179653
4,numeric_nonpass,9.724310776942355,2.811713116395572e-15,0.36096146125409334,0.011904761904761904,84,1,0.36989630757179653
4,numeric_nonpass,9.74937343358396,1.6722237102830389e-15,0.3614512257546662,0.011904761904761904,84,1,0.36989630757179653
4,numeric_nonpass,9.774436090225564,9.899743929837538e-16,0.36145532489280413,0.011904761904761904,84,1,0.36989630757179653
4,numeric_nonpass,9.799498746867167,5.833910462364797e-16,0.3609086255489037,0.011904761904761904,84,1,0.36989630757179653
4,numeric_nonpass,9.82456140350877,3.422171512104777e-16,0.35974933962526245,0.011904761904761904,84,1,0.36989630757179653
4,numeric_nonpass,9.849624060150376,1.9982508117224606e-16,0.35792056362510116,0.011904761904761904,84,1,0.36989630757179653
4,numeric_nonpass,9.87468671679198,1.16146048393356e-16,0.3553717710624676,0.011904761904761904,84,1,0.36989630757179653
4,numeric_nonpass,9.899749373433583,6.71993532088065e-17,0.35206021255455766,0.011904761904761904,84,1,0.36989630757179653
4,numeric_nonpass,9.924812030075188,3.8701871049542544e-17,0.3479521795268627,0.011904761904761904,84,1,0.36989630757179653
4,numeric_nonpass,9.949874686716791,2.2187330070598915e-17,0.34302409025374914,0.011904761904761904,84,1,0.36989630757179653
4,numeric_nonpass,9.974937343358395,1.266147614008406e-17,0.3372633614210117,0.011904761904761904,84,1,0.36989630757179653
4,numeric_nonpass,10.0,7.192334075922132e-18,0.3306690344071186,0.011904761904761904,84,1,0.36989630757179653
4,pass,0.0,4.128832927056106e-91,3.5355264902578243e-78,0.9880952380952381,84,83,0.36989630757179653
4,pass,0.02506265664160401,1.6274125476940505e-90,1.248436358261549e-77,0.9880952380952381,84,83,0.36989630757179653
4,pass,0.05012531328320802,6.385203153114046e-90,4.3881850629077485e-77,0.9880952380952381,84,83,0.36989630757179653
4,pass,0.07518796992481203,2.4937820604226713e-89,1.5353580680931358e-76,0.9880952380952381,84,83,0.36989630757179653
4,pass,0.10025062656641603,9.695026497908624e-89,5.347374863845511e-76,0.9880952380952381,84,83,0.36989630757179653
4,pass,0.12531328320802004,3.7518566865398686e-88,1.8538636929980428e-75,0.9880952380952381,84,83,0.36989630757179653
4,pass,0.15037593984962405,1.4452741244658433e-87,6.397660382400377e-75,0.9880952380952381,84,83,0.36989630757179653
4,pass,0.17543859649122806,5.541929154935679e-87,2.1977119970626415e-74,0.9880952380952381,84,83,0.36989630757179653
4,pass,0.20050125313283207,2.1153317008507215e-86,7.514958558218896e-74,0.9880952380952381,84,83,0.36989630757179653
4,pass,0.22556390977443608,8.037162737445436e-86,2.5579297621779314e-73,0.9880952380952381,84,83,0.36989630757179653
4,pass,0.2506265664160401,3.039721761145684e-85,8.666761676210805e-73,0.9880952380952381,84,83,0.36989630757179653
4,pass,0.2756892230576441,1.1443837965654949e-84,2.923016773079891e-72,0.9880952380952381,84,83,0.36989630757179653
4,pass,0.3007518796992481,4.288608232543842e-84,9.813229930225105e-72,0.9880952380952381,84,83,0.36989630757179653
4,pass,0.3258145363408521,1.5998080156057941e-83,3.2794337066667725e-71,0.9880952380952381,84,83,0.36989630757179653
4,pass,0.3508771929824561,5.940543652907694e-83,1.0909176079661363e-70,0.9880952380952381,84,83,0.36989630757179653
4,pass,0.37593984962406013,2.1957927946998592e-82,3.6123619662085414e-70,0.9880952380952381,84,83,0.36989630757179653
4,pass,0.40100250626566414,8.079107228022148e-82,1.1906847315420624e-69,0.9880952380952381,84,83,0.36989630757179653
4,pass,0.42606516290726815,2.958981521654486e-81,3.9066861440966443e-69,0.9880952380952381,84,83,0.36989630757179653
4,pass,0.45112781954887216,1.0787678877672426e-80,1.2759288985794607e-68,0.9880952380952381,84,83,0.36989630757179653
4,pass,0.47619047619047616,3.9148998410172045e-80,4.148113582941075e-68,0.9880952380952381,84,83,0.36989630757179653
4,pass,0.5012531328320802,1.4142305081579567e-79,1.3423971439063554e-67,0.9880952380952381,84,83,0.36989630757179653
4,pass,0.5263157894736842,5.085418063567826e-79,4.3243178997395654e-67,0.9880952380952381,84,83,0.36989630757179653
4,pass,0.5513784461152882,1.8202877533323215e-78,1.3866294550103128e-66,0.9880952380952381,84,83,0.36989630757179653
4,pass,0.5764411027568922,6.485752511024425e-78,4.4259799614321415e-66,0.9880952380952381,84,83,0.36989630757179653
4,pass,0.6015037593984962,2.300316795617294e-77,1.4062569421848209e-65,0.9880952380952381,84,83,0.36989630757179653
4,pass,0.6265664160401002,8.12123157816853e-77,4.447604178393177e-65,0.9880952380952381,84,83,0.36989630757179653
4,pass,0.6516290726817042,2.854060131830636e-76,1.4002119951265867e-64,0.9880952380952381,84,83,0.36989630757179653
4,pass,0.6766917293233082,9.984155525180234e-76,4.388010640862813e-64,0.9880952380952381,84,83,0.36989630757179653
4,pass,0.7017543859649122,3.476694771917459e-75,1.368824482842135e-63,0.9880952380952381,84,83,0.36989630757179653
4,pass,0.7268170426065163,1.2051158950033017e-74,4.2504417699406413e-63,0.9880952380952381,84,83,0.36989630757179653
4,pass,0.7518796992481203,4.158130380849328e-74,1.313791934309847e-62,0.9880952380952381,84,83,0.36989630757179653
4,pass,0.7769423558897243,1.428152038258757e-73,4.042270068542346e-62,0.9880952380952381,84,83,0.36989630757179653
4,pass,0.8020050125313283,4.882675405001654e-73,1.2380274509307581e-61,0.9880952380952381,84,83,0.36989630757179653
4,pass,0.8270676691729323,1.661683654331268e-72,3.774343627818828e-61,0.9880952380952381,84,83,0.36989630757179653
4,pass,0.8521303258145363,5.629190447520294e-72,1.1454043123765586e-60,0.9880952380952381,84,83,0.36989630757179653
4,pass,0.8771929824561403,1.8982379545222147e-71,3.460050239018516e-60,0.9880952380952381,84,83,0.36989630757179653
4,pass,0.9022556390977443,6.371805294116118e-71,1.0404284267625864e-59,0.9880952380952381,84,83,0.36989630757179653
4,pass,0.9273182957393483,2.1290285732356518e-70,3.114212391919311e-59,0.9880952380952381,84,83,0.36989630757179653
4,pass,0.9523809523809523,7.081212882475426e-70,9.278771107425301e-59,0.9880952380952381,84,83,0.36989630757179653
4,pass,0.9774436090225563,2.3444501138691515e-69,2.7519396688454352e-58,0.9880952380952381,84,83,0.36989630757179653
4,pass,1.0025062656641603,7.726477491823278e-69,8.124442506757764e-58,0.9880952380952381,84,83,0.36989630757179653
4,pass,1.0275689223057642,2.534716033592299e-68,2.3875608278463973e-57,0.9880952380952381,84,83,0.36989630757179653
4,pass,1.0526315789473684,8.277216584175706e-68,6.984278267223973e-57,0.9880952380952381,84,83,0.36989630757179653
4,pass,1.0776942355889725,2.6905841795146298e-67,2.0337372231162735e-56,0.9880952380952381,84,83,0.36989630757179653
4,pass,1.1027568922305764,8.705949149897612e-67,5.8948716682491955e-56,0.9880952380952381,84,83,0.36989630757179653
4,pass,1.1278195488721803,2.804096559504008e-66,1.700826784142648e-55,0.9880952380952381,84,83,0.36989630757179653
4,pass,1.1528822055137844,8.9903607597856e-66,4.884858993906596e-55,0.9880952380952381,84,83,0.36989630757179653
4,pass,1.1779448621553885,2.8692514534405875e-65,1.3965297489889664e-54,0.9880952380952381,84,83,0.36989630757179653
4,pass,1.2030075187969924,9.11522636928721e-65,3.9742443471249835e-54,0.9880952380952381,84,83,0.36989630757179653
4,pass,1.2280701754385963,2.882528995958515e-64,1.1258101320682952e-53,0.9880952380952381,84,83,0.36989630757179653
4,pass,1.2531328320802004,9.073760461880978e-64,3.174548413695519e-53,0.9880952380952381,84,83,0.36989630757179653
4,pass,1.2781954887218046,2.8432061946796215e-63,8.910559418549035e-53,0.9880952380952381,84,83,0.36989630757179653
4,pass,1.3032581453634084,8.868227922279031e-63,2.489626514077486e-52,0.9880952380952381,84,83,0.36989630757179653
4,pass,1.3283208020050123,2.753422149757545e-62,6.924200651334258e-52,0.9880952380952381,84,83,0.36989630757179653
4,pass,1.3533834586466165,8.509739108717925e-62,1.916952283193039e-51,0.9880952380952381,84,83,0.36989630757179653
4,pass,1.3784461152882206,2.6179852874863872e-61,5.282739246829812e-51,0.9880952380952381,84,83,0.36989630757179653
4,pass,1.4035087719298245,8.017254925785977e-61,1.4491497320589617e-50,0.9880952380952381,84,83,0.36989630757179653
4,pass,1.4285714285714284,2.4439467811572168e-60,3.957068434498369e-50,0.9880952380952381,84,83,0.36989630757179653
4,pass,1.4536340852130325,7.415925879940676e-60,1.0755734552279365e-49,0.9880952380952381,84,83,0.36989630757179653
4,pass,1.4786967418546366,2.239992818757086e-59,2.910132772909623e-49,0.9880952380952381,84,83,0.36989630757179653
4,pass,1.5037593984962405,6.734967535548512e-59,7.837756128543686e-49,0.9880952380952381,84,83,0.36989630757179653
4,pass,1.5288220551378444,2.015728556158858e-58,2.1012460150456934e-48,0.9880952380952381,84,83,0.36989630757179653
4,pass,1.5538847117794485,6.0053217067254656e-58,5.607486974074385e-48,0.9880952380952381,84,83,0.36989630757179653
4,pass,1.5789473684210527,1.7809356249681665e-57,1.4895869472143687e-47,0.9880952380952381,84,83,0.36989630757179653
4,pass,1.6040100250626566,5.257362307068958e-57,3.9388519458396187e-47,0.9880952380952381,84,83,0.36989630757179653
4,pass,1.6290726817042605,1.544882176434012e-56,1.0367634294109805e-46,0.9880952380952381,84,83,0.36989630757179653
4,pass,1.6541353383458646,4.5188780004387885e-56,2.7164136018448615e-46,0.9880952380952381,84,83,0.36989630757179653
4,pass,1.6791979949874687,1.3157509660977968e-55,7.084648980634296e-46,0.9880952380952381,84,83,0.36989630757179653
4,pass,1.7042606516290726,3.813507767543944e-55,1.839276374393771e-45,0.9880952380952381,84,83,0.36989630757179653
4,pass,1.7293233082706765,1.1002299418667182e-54,4.7531537366585375e-45,0.9880952380952381,84,83,0.36989630757179653
4,pass,1.7543859649122806,3.159731657394373e-54,1.2227085371329604e-44,0.9880952380952381,84,83,0.36989630757179653
4,pass,1.7794486215538847,9.032851933890871e-54,3.130907534394164e-44,0.9880952380952381,84,83,0.36989630757179653
4,pass,1.8045112781954886,2.570440534958481e-53,7.980383333794418e-44,0.9880952380952381,84,83,0.36989630757179653
4,pass,1.8295739348370925,7.281120916319633e-53,2.0248062761259933e-43,0.9880952380952381,84,83,0.36989630757179653
4,pass,1.8546365914786966,2.0530379175876884e-52,5.113866868856204e-43,0.9880952380952381,84,83,0.36989630757179653
4,pass,1.8796992481203008,5.762404963788618e-52,1.2856464979339328e-42,0.9880952380952381,84,83,0.36989630757179653
4,pass,1.9047619047619047,1.609973374044226e-51,3.21736207844057e-42,0.9880952380952381,84,83,0.36989630757179653
4,pass,1.9298245614035086,4.477563549260081e-51,8.014649240207474e-42,0.9880952380952381,84,83,0.36989630757179653
4,pass,1.9548872180451127,1.239575561303406e-50,1.987354378349111e-41,0.9880952380952381,84,83,0.36989630757179653
4,pass,1.9799498746867168,3.4159575914962395e-50,4.905376268358988e-41,0.9880952380952381,84,83,0.36989630757179653
4,pass,2.0050125313283207,9.37044443875088e-50,1.2052455856018289e-40,0.9880952380952381,84,83,0.36989630757179653
4,pass,2.0300751879699246,2.5586813354449452e-49,2.947711578717775e-40,0.9880952380952381,84,83,0.36989630757179653
4,pass,2.0551378446115285,6.954734286074507e-49,7.176300884489033e-40,0.9880952380952381,84,83,0.36989630757179653
4,pass,2.080200501253133,1.8817124168947747e-48,1.739091791882396e-39,0.9880952380952381,84,83,0.36989630757179653
4,pass,2.1052631578947367,5.067973866482029e-48,4.1951798632386535e-39,0.9880952380952381,84,83,0.36989630757179653
4,pass,2.1303258145363406,1.3587011089993897e-47,1.0073604118683209e-38,0.9880952380952381,84,83,0.36989630757179653
4,pass,2.155388471177945,3.6259514165231503e-47,2.4078275972773747e-38,0.9880952380952381,84,83,0.36989630757179653
4,pass,2.180451127819549,9.632268070864443e-47,5.728911457455052e-38,0.9880952380952381,84,83,0.36989630757179653
4,pass,2.2055137844611528,2.547086604394443e-46,1.3568287786426103e-37,0.9880952380952381,84,83,0.36989630757179653
4,pass,2.2305764411027567,6.7045167001960354e-46,3.1987787108455028e-37,0.9880952380952381,84,83,0.36989630757179653
4,pass,2.2556390977443606,1.756709296320683e-45,7.506708669141018e-37,0.9880952380952381,84,83,0.36989630757179653
4,pass,2.280701754385965,4.581851655645574e-45,1.7535620582640835e-36,0.9880952380952381,84,83,0.36989630757179653
4,pass,2.305764411027569,1.1895724453558984e-44,4.077546597560924e-36,0.9880952380952381,84,83,0.36989630757179653
4,pass,2.3308270676691727,3.074323470584577e-44,9.438064468817041e-36,0.9880952380952381,84,83,0.36989630757179653
4,pass,2.355889724310777,7.908917864532474e-44,2.174568839023568e-35,0.9880952380952381,84,83,0.36989630757179653
4,pass,2.380952380952381,2.0253190960026515e-43,4.987347110109104e-35,0.9880952380952381,84,83,0.36989630757179653
4,pass,2.406015037593985,5.162722543651318e-43,1.1386027919131035e-34,0.9880952380952381,84,83,0.36989630757179653
4,pass,2.4310776942355887,1.3100054402260511e-42,2.587504462756044e-34,0.9880952380952381,84,83,0.36989630757179653
4,pass,2.4561403508771926,3.3088451886817834e-42,5.853238017350903e-34,0.9880952380952381,84,83,0.36989630757179653
4,pass,2.481203007518797,8.319340196571044e-42,1.3180062692221388e-33,0.9880952380952381,84,83,0.36989630757179653
4,pass,2.506265664160401,2.08214254496245e-41,2.9542346077538336e-33,0.9880952380952381,84,83,0.36989630757179653
4,pass,2.5313283208020048,5.187298313032817e-41,6.591415682406252e-33,0.9880952380952381,84,83,0.36989630757179653
4,pass,2.556390977443609,1.2864154155916439e-40,1.4639243497639708e-32,0.9880952380952381,84,83,0.36989630757179653
4,pass,2.581453634085213,3.1756347639152388e-40,3.236419299368486e-32,0.9880952380952381,84,83,0.36989630757179653
4,pass,2.606516290726817,7.80349606129821e-40,7.122248855982961e-32,0.9880952380952381,84,83,0.36989630757179653
4,pass,2.631578947368421,1.9087862435163e-39,1.5601836418069015e-31,0.9880952380952381,84,83,0.36989630757179653
4,pass,2.6566416040100247,4.6476653334338874e-39,3.4020485746675617e-31,0.9880952380952381,84,83,0.36989630757179653
4,pass,2.681704260651629,1.1264759635859499e-38,7.384337102318675e-31,0.9880952380952381,84,83,0.36989630757179653
4,pass,2.706766917293233,2.7178069194810663e-38,1.5954703319787897e-30,0.9880952380952381,84,83,0.36989630757179653
4,pass,2.731829573934837,6.527169955905868e-38,3.431406466592356e-30,0.9880952380952381,84,83,0.36989630757179653
4,pass,2.756892230576441,1.5604180113716906e-37,7.34618417175927e-30,0.9880952380952381,84,83,0.36989630757179653
4,pass,2.781954887218045,3.713357508774947e-37,1.5655165853534452e-29,0.9880952380952381,84,83,0.36989630757179653
4,pass,2.807017543859649,8.796348196717707e-37,3.320930203394111e-29,0.9880952380952381,84,83,0.36989630757179653
4,pass,2.832080200501253,2.0741872770081043e-36,7.012421899070143e-29,0.9880952380952381,84,83,0.36989630757179653
4,pass,2.8571428571428568,4.8685932349629266e-36,1.4739492852460153e-28,0.9880952380952381,84,83,0.36989630757179653
4,pass,2.882205513784461,1.1375462309179502e-35,3.0839211013599062e-28,0.9880952380952381,84,83,0.36989630757179653
4,pass,2.907268170426065,2.6457251665947565e-35,6.422885657188726e-28,0.9880952380952381,84,83,0.36989630757179653
4,pass,2.932330827067669,6.12534534630002e-35,1.3315679606524004e-27,0.9880952380952381,84,83,0.36989630757179653
4,pass,2.9573934837092732,1.411648852500636e-34,2.747911220905202e-27,0.9880952380952381,84,83,0.36989630757179653
4,pass,2.982456140350877,3.23841946864231e-34,5.6447962738543685e-27,0.9880952380952381,84,83,0.36989630757179653
4,pass,3.007518796992481,7.395199932497537e-34,1.1542504744795501e-26,0.9880952380952381,84,83,0.36989630757179653
4,pass,3.032581453634085,1.6810367541292624e-33,2.3494059563573447e-26,0.9880952380952381,84,83,0.36989630757179653
4,pass,3.057644110275689,3.803776977146698e-33,4.760168034430112e-26,0.9880952380952381,84,83,0.36989630757179653
4,pass,3.082706766917293,8.567685323767776e-33,9.600474894973551e-26,0.9880952380952381,84,83,0.36989630757179653
4,pass,3.107769423558897,1.9209792483023325e-32,1.9273889442220656e-25,0.9880952380952381,84,83,0.36989630757179653
4,pass,3.132832080200501,4.287386383876101e-32,3.851697975163463e-25,0.9880952380952381,84,83,0.36989630757179653
4,pass,3.1578947368421053,9.525185500712806e-32,7.661985075745921e-25,0.9880952380952381,84,83,0.36989630757179653
4,pass,3.182957393483709,2.1065181736058753e-31,1.517178196837464e-24,0.9880952380952381,84,83,0.36989630757179653
4,pass,3.208020050125313,4.637330120510333e-31,2.9904606964562527e-24,0.9880952380952381,84,83,0.36989630757179653
4,pass,3.233082706766917,1.0162064283619392e-30,5.86740166472392e-24,0.9880952380952381,84,83,0.36989630757179653
4,pass,3.258145363408521,2.216700766840036e-30,1.1459343968435032e-23,0.9880952380952381,84,83,0.36989630757179653
4,pass,3.2832080200501252,4.813306348199502e-30,2.227819015487091e-23,0.9880952380952381,84,83,0.36989630757179653
4,pass,3.308270676691729,1.0403783961986336e-29,4.311280429622504e-23,0.9880952380952381,84,83,0.36989630757179653
4,pass,3.333333333333333,2.2384666527937775e-29,8.30498503483316e-23,0.9880952380952381,84,83,0.36989630757179653
4,pass,3.3583959899749374,4.7942591807360544e-29,1.5924934371206191e-22,0.9880952380952381,84,83,0.36989630757179653
4,pass,3.3834586466165413,1.0221251159096956e-28,3.039643590182813e-22,0.9880952380952381,84,83,0.36989630757179653
4,pass,3.408521303258145,2.169193930858697e-28,5.775291272665619e-22,0.9880952380952381,84,83,0.36989630757179653
4,pass,3.433583959899749,4.582522116236313e-28,1.0922733486675336e-21,0.9880952380952381,84,83,0.36989630757179653
4,pass,3.458646616541353,9.636575487482399e-28,2.0563403524972398e-21,0.9880952380952381,84,83,0.36989630757179653
4,pass,3.4837092731829573,2.017218570633314e-27,3.853584401953833e-21,0.9880952380952381,84,83,0.36989630757179653
4,pass,3.508771929824561,4.203348158757269e-27,7.188544569725414e-21,0.9880952380952381,84,83,0.36989630757179653
4,pass,3.533834586466165,8.7186662239909e-27,1.3348217705748402e-20,0.9880952380952381,84,83,0.36989630757179653
4,pass,3.5588972431077694,1.8001849664240984e-26,2.467242345801617e-20,0.9880952380952381,84,83,0.36989630757179653
4,pass,3.5839598997493733,3.699957277230685e-26,4.5394847069103175e-20,0.9880952380952381,84,83,0.36989630757179653
4,pass,3.6090225563909772,7.569878348813681e-26,8.313952190736628e-20,0.9880952380952381,84,83,0.36989630757179653
4,pass,3.634085213032581,1.5416785038954326e-25,1.5157050833065394e-19,0.9880952380952381,84,83,0.36989630757179653
4,pass,3.659147869674185,3.125442944284677e-25,2.7506042582224405e-19,0.9880952380952381,84,83,0.36989630757179653
4,pass,3.6842105263157894,6.307282636376368e-25,4.96875673849152e-19,0.9880952380952381,84,83,0.36989630757179653
4,pass,3.7092731829573933,1.2670276404305447e-24,8.934568437578273e-19,0.9880952380952381,84,83,0.36989630757179653
4,pass,3.734335839598997,2.5336293811125185e-24,1.5992105505146834e-18,0.9880952380952381,84,83,0.36989630757179653
4,pass,3.7593984962406015,5.0432838140189035e-24,2.8493377720654514e-18,0.9880952380952381,84,83,0.36989630757179653
4,pass,3.7844611528822054,9.99302979896772e-24,5.05345552506759e-18,0.9880952380952381,84,83,0.36989630757179653
4,pass,3.8095238095238093,1.971035903498545e-23,8.921526813153735e-18,0.9880952380952381,84,83,0.36989630757179653
4,pass,3.834586466165413,3.8699521746998773e-23,1.5678198119230044e-17,0.9880952380952381,84,83,0.36989630757179653
4,pass,3.859649122807017,7.563633966419966e-23,2.7425802139850383e-17,0.9880952380952381,84,83,0.36989630757179653
4,pass,3.8847117794486214,1.471530902745519e-22,4.775608953049374e-17,0.9880952380952381,84,83,0.36989630757179653
4,pass,3.9097744360902253,2.8498525191607215e-22,8.277599455093143e-17,0.9880952380952381,84,83,0.36989630757179653
4,pass,3.9348370927318292,5.494012457238642e-22,1.428190992811026e-16,0.9880952380952381,84,83,0.36989630757179653
4,pass,3.9598997493734336,1.054317199898085e-21,2.4528692949705793e-16,0.9880952380952381,84,83,0.36989630757179653
4,pass,3.9849624060150375,2.0140371902205398e-21,4.193423849432941e-16,0.9880952380952381,84,83,0.36989630757179653
4,pass,4.010025062656641,3.829820061572209e-21,7.136238477287087e-16,0.9880952380952381,84,83,0.36989630757179653
4,pass,4.035087719298246,7.24943388609291e-21,1.208860512515012e-15,0.9880952380952381,84,83,0.36989630757179653
4,pass,4.060150375939849,1.365981474708916e-20,2.0383993615092367e-15,0.9880952380952381,84,83,0.36989630757179653
4,pass,4.0852130325814535,2.562127117696547e-20,3.421437473727052e-15,0.9880952380952381,84,83,0.36989630757179653
4,pass,4.110275689223057,4.7837870864216915e-20,5.716552484345953e-15,0.9880952380952381,84,83,0.36989630757179653
4,pass,4.135338345864661,8.891161059958125e-20,9.50749359752056e-15,0.9880952380952381,84,83,0.36989630757179653
4,pass,4.160401002506266,1.644980456028996e-19,1.57399791396617e-14,0.9880952380952381,84,83,0.36989630757179653
4,pass,4.185463659147869,3.0295547387071037e-19,2.5938719549207933e-14,0.9880952380952381,84,83,0.36989630757179653
4,pass,4.2105263157894735,5.554088951414482e-19,4.254996347416009e-14,0.9880952380952381,84,83,0.36989630757179653
4,pass,4.235588972431078,1.013591584534186e-18,6.947941194056919e-14,0.9880952380952381,84,83,0.36989630757179653
4,pass,4.260651629072681,1.841320867273955e-18,1.1293261098109721e-13,0.9880952380952381,84,83,0.36989630757179653
4,pass,4.285714285714286,3.329756275254542e-18,1.8272118624398966e-13,0.9880952380952381,84,83,0.36989630757179653
4,pass,4.31077694235589,5.993935859453518e-18,2.94282715855576e-13,0.9880952380952381,84,83,0.36989630757179653
4,pass,4.335839598997493,1.0740601305498369e-17,4.717880415962713e-13,0.9880952380952381,84,83,0.36989630757179653
4,pass,4.360902255639098,1.9158528432535054e-17,7.528967784045157e-13,0.9880952380952381,84,83,0.36989630757179653
4,pass,4.385964912280701,3.4018326060343345e-17,1.1959975788833268e-12,0.9880952380952381,84,83,0.36989630757179653
4,pass,4.4110275689223055,6.012861022826696e-17,1.8911741800638813e-12,0.9880952380952381,84,83,0.36989630757179653
4,pass,4.43609022556391,1.0579545879026244e-16,2.976727949287651e-12,0.9880952380952381,84,83,0.36989630757179653
4,pass,4.461152882205513,1.852979961869768e-16,4.663942276933945e-12,0.9880952380952381,84,83,0.36989630757179653
4,pass,4.486215538847118,3.2306689831735136e-16,7.274005370430045e-12,0.9880952380952381,84,83,0.36989630757179653
4,pass,4.511278195488721,5.607024505427204e-16,1.1292771027436711e-11,0.9880952380952381,84,83,0.36989630757179653
4,pass,4.5363408521303255,9.687035984326867e-16,1.745154616961859e-11,0.9880952380952381,84,83,0.36989630757179653
4,pass,4.56140350877193,1.6659733761395038e-15,2.684564318598056e-11,0.9880952380952381,84,83,0.36989630757179653
4,pass,4.586466165413533,2.8520957886551632e-15,4.110742443100831e-11,0.9880952380952381,84,83,0.36989630757179653
4,pass,4.611528822055138,4.860481466051325e-15,6.265753582935579e-11,0.9880952380952381,84,83,0.36989630757179653
4,pass,4.636591478696742,8.245440071961946e-15,9.506770072076523e-11,0.9880952380952381,84,83,0.36989630757179653
4,pass,4.661654135338345,1.3924127358726487e-14,1.4358178715877346e-10,0.9880952380952381,84,83,0.36989630757179653
4,pass,4.68671679197995,2.3406796172435714e-14,2.158601428697311e-10,0.9880952380952381,84,83,0.36989630757179653
4,pass,4.711779448621554,3.916841909057092e-14,3.230370751373107e-10,0.9880952380952381,84,83,0.36989630757179653
4,pass,4.7368421052631575,6.524548221267135e-14,4.812149957462153e-10,0.9880952380952381,84,83,0.36989630757179653
4,pass,4.761904761904762,1.0818957985547305e-13,7.135639285409697e-10,0.9880952380952381,84,83,0.36989630757179653
4,pass,4.786967418546365,1.785834749225563e-13,1.0532553246310852e-09,0.9880952380952381,84,83,0.36989630757179653
4,pass,4.81203007518797,2.934392574471215e-13,1.5475389096081566e-09,0.9880952380952381,84,83,0.36989630757179653
4,pass,4.837092731829574,4.799727056322072e-13,2.263376172769953e-09,0.9880952380952381,84,83,0.36989630757179653
4,pass,4.8621553884711775,7.815135705538689e-13,3.295180991329862e-09,0.9880952380952381,84,83,0.36989630757179653
4,pass,4.887218045112782,1.266713630064674e-12,4.775395186259973e-09,0.9880952380952381,84,83,0.36989630757179653
4,pass,4.912280701754385,2.0438197354513704e-12,6.888854703972294e-09,0.9880952380952381,84,83,0.36989630757179653
4,pass,4.93734335839599,3.282685309064215e-12,9.892192737593501e-09,0.9880952380952381,84,83,0.36989630757179653
4,pass,4.962406015037594,5.248542676925984e-12,1.4139893698420674e-08,0.9880952380952381,84,83,0.36989630757179653
4,pass,4.987468671679197,8.353555048245835e-12,2.0119073017331e-08,0.9880952380952381,84,83,0.36989630757179653
4,pass,5.012531328320802,1.3235104748068038e-11,2.8495631050705027e-08,0.9880952380952381,84,83,0.36989630757179653
4,pass,5.037593984962406,2.08740723883456e-11,4.017513577900315e-08,0.9880952380952381,84,83,0.36989630757179653
4,pass,5.0626566416040095,3.2772613314729624e-11,5.6382651246145313e-08,0.9880952380952381,84,83,0.36989630757179653
4,pass,5.087719298245614,5.121997756642714e-11,7.876677080562996e-08,0.9880952380952381,84,83,0.36989630757179653
4,pass,5.112781954887218,7.968791412357544e-11,1.0953436065055134e-07,0.9880952380952381,84,83,0.36989630757179653
4,pass,5.137844611528822,1.2341576821149135e-10,1.5162399343483496e-07,0.9880952380952381,84,83,0.36989630757179653
4,pass,5.162907268170426,1.9027175306515146e-10,2.0892777518326856e-07,0.9880952380952381,84,83,0.36989630757179653
4,pass,5.1879699248120295,2.920141083351253e-10,2.8657325762520827e-07,0.9880952380952381,84,83,0.36989630757179653
4,pass,5.213032581453634,4.461280951280058e-10,3.9127939169768315e-07,0.9880952380952381,84,83,0.36989630757179653
4,pass,5.238095238095238,6.784876184320875e-10,5.318030147571268e-07,0.9880952380952381,84,83,0.36989630757179653
4,pass,5.263157894736842,1.0271912024752483e-09,7.194951581257917e-07,0.9880952380952381,84,83,0.36989630757179653
4,pass,5.288220551378446,1.5480610246209414e-09,9.68989478458168e-07,0.9880952380952381,84,83,0.36989630757179653
4,pass,5.313283208020049,2.3224838540272235e-09,1.2990482983531886e-06,0.9880952380952381,84,83,0.36989630757179653
4,pass,5.338345864661654,3.468531188069939e-09,1.7335950031723756e-06,0.9880952380952381,84,83,0.36989630757179653
4,pass,5.363408521303258,5.156644859942122e-09,2.3029647644655987e-06,0.9880952380952381,84,83,0.36989630757179653
4,pass,5.3884711779448615,7.631642472029877e-09,3.0454085921132266e-06,0.9880952380952381,84,83,0.36989630757179653
4,pass,5.413533834586466,1.1243420578124421e-08,4.008888365052556e-06,0.9880952380952381,84,83,0.36989630757179653
4,pass,5.43859649122807,1.6489558507501645e-08,5.2532025226492546e-06,0.9880952380952381,84,83,0.36989630757179653
4,pass,5.463659147869674,2.407410946721529e-08,6.852483245986684e-06,0.9880952380952381,84,83,0.36989630757179653
4,pass,5.488721804511278,3.498827902873991e-08,8.898105918187393e-06,0.9880952380952381,84,83,0.36989630757179653
4,pass,5.513784461152882,5.0620521097964816e-08,1.1502050098758764e-05,0.9880952380952381,84,83,0.36989630757179653
4,pass,5.538847117794486,7.290593293173658e-08,1.4800747841497234e-05,0.9880952380952381,84,83,0.36989630757179653
4,pass,5.56390977443609,1.0452782901463753e-07,1.8959449599170315e-05,0.9880952380952381,84,83,0.36989630757179653
4,pass,5.588972431077694,1.4918816625374086e-07,2.417712989355955e-05,0.9880952380952381,84,83,0.36989630757179653
4,pass,5.614035087719298,2.1196825125784879e-07,3.0691944150851374e-05,0.9880952380952381,84,83,0.36989630757179653
4,pass,5.639097744360902,2.9980707985194026e-07,3.878723447086758e-05,0.9880952380952381,84,83,0.36989630757179653
4,pass,5.664160401002506,4.2213195814214085e-07,4.8798065611152066e-05,0.9880952380952381,84,83,0.36989630757179653
4,pass,5.68922305764411,5.916849727085553e-07,6.111825329777431e-05,0.9880952380952381,84,83,0.36989630757179653
4,pass,5.7142857142857135,8.255996696781299e-07,7.620782551750385e-05,0.9880952380952381,84,83,0.36989630757179653
4,pass,5.739348370927318,1.146795230612965e-06,9.460083435266914e-05,0.9880952380952381,84,83,0.36989630757179653
4,pass,5.764411027568922,1.585770754674173e-06,0.00011691341213297576,0.9880952380952381,84,83,0.36989630757179653
4,pass,5.789473684210526,2.1829002073625795e-06,0.00014385194245221858,0.9880952380952381,84,83,0.36989630757179653
4,pass,5.81453634085213,2.9913493690619455e-06,0.00017622119550345235,0.9880952380952381,84,83,0.36989630757179653
4,pass,5.839598997493734,4.080759833499046e-06,0.00021493226009632535,0.9880952380952381,84,83,0.36989630757179653
4,pass,5.864661654135338,5.541871784193105e-06,0.00026101009376677136,0.9880952380952381,84,83,0.36989630757179653
4,pass,5.889724310776942,7.492286788139945e-06,0.0003156005098908181,0.9880952380952381,84,83,0.36989630757179653
4,pass,5.9147869674185465,1.0083603871450498e-05,0.000379976429071044,0.9880952380952381,84,83,0.36989630757179653
4,pass,5.93984962406015,1.351019612036178e-05,0.0004555432436167618,0.9880952380952381,84,83,0.36989630757179653
4,pass,5.964912280701754,1.8019930125235053e-05,0.0005438431807929849,0.9880952380952381,84,83,0.36989630757179653
4,pass,5.989974937343358,2.392716554510882e-05,0.0006465586043339991,0.9880952380952381,84,83,0.36989630757179653
4,pass,6.015037593984962,3.162840530144607e-05,0.0007655142655001297,0.9880952380952381,84,83,0.36989630757179653
4,pass,6.040100250626566,4.162099634635017e-05,0.00090267860478236,0.9880952380952381,84,83,0.36989630757179653
4,pass,6.06516290726817,5.4525304042679844e-05,0.001060164312155385,0.9880952380952381,84,83,0.36989630757179653
4,pass,6.090225563909774,7.111079689151353e-05,0.0012402284750908093,0.9880952380952381,84,83,0.36989630757179653
4,pass,6.115288220551378,9.232647910791897e-05,0.0014452727753492577,0.9880952380952381,84,83,0.36989630757179653
4,pass,6.140350877192982,0.00011933609239587005,0.0016778443321640792,0.9880952380952381,84,83,0.36989630757179653
4,pass,6.165413533834586,0.00015355847086441837,0.0019406379233710763,0.9880952380952381,84,83,0.36989630757179653
4,pass,6.19047619047619,0.00019671336978997273,0.002236500438229893,0.9880952380952381,84,83,0.36989630757179653
4,pass,6.215538847117794,0.00025087299525277756,0.0025684385155569835,0.9880952380952381,84,83,0.36989630757179653
4,pass,6.2406015037593985,0.0003185193331510923,0.002939630386654602,0.9880952380952381,84,83,0.36989630757179653
4,pass,6.265664160401002,0.0004026072088192599,0.0033534429620419716,0.9880952380952381,84,83,0.36989630757179653
4,pass,6.290726817042606,0.0005066327993993467,0.00381345516183738,0.9880952380952381,84,83,0.36989630757179653
4,pass,6.315789473684211,0.0006347070684539546,0.004323488380241981,0.9880952380952381,84,83,0.36989630757179653
4,pass,6.340852130325814,0.0007916332959671203,0.0048876447850379956,0.9880952380952381,84,83,0.36989630757179653
4,pass,6.365914786967418,0.000982987538906818,0.005510353876060945,0.9880952380952381,84,83,0.36989630757179653
4,pass,6.390977443609022,0.0012152004825345581,0.006196427358582477,0.9880952380952381,84,83,0.36989630757179653
4,pass,6.416040100250626,0.0014956387382221647,0.0069511219293634345,0.9880952380952381,84,83,0.36989630757179653
4,pass,6.4411027568922306,0.0018326832205135858,0.007780209031138443,0.9880952380952381,84,83,0.36989630757179653
4,pass,6.466165413533834,0.0022358018088411086,0.008690050017895929,0.9880952380952381,84,83,0.36989630757179653
4,pass,6.491228070175438,0.002715613085426885,0.009687674507420536,0.9880952380952381,84,83,0.36989630757179653
4,pass,6.516290726817042,0.003283937561516483,0.010780859004625878,0.9880952380952381,84,83,0.36989630757179653
4,pass,6.541353383458646,0.003953832483111795,0.011978202190898256,0.9880952380952381,84,83,0.36989630757179653
4,pass,6.5664160401002505,0.004739606070887889,0.013289192628103977,0.9880952380952381,84,83,0.36989630757179653
4,pass,6.591478696741854,0.005656806924314314,0.014724264062391364,0.9880952380952381,84,83,0.36989630757179653
4,pass,6.616541353383458,0.006722184334465375,0.01629483307621027,0.9880952380952381,84,83,0.36989630757179653
4,pass,6.641604010025063,0.007953615429421967,0.018013313571182014,0.9880952380952381,84,83,0.36989630757179653
4,pass,6.666666666666666,0.009369995443191852,0.019893102511509744,0.9880952380952381,84,83,0.36989630757179653
4,pass,6.69172932330827,0.01099108797135707,0.021948531554519778,0.9880952380952381,84,83,0.36989630757179653
4,pass,6.716791979949875,0.012837332864991165,0.024194779670887748,0.9880952380952381,84,83,0.36989630757179653
4,pass,6.741854636591478,0.014929610420905312,0.026647742630755703,0.9880952380952381,84,83,0.36989630757179653
4,pass,6.7669172932330826,0.0172889617428388,0.0293238563087655,0.9880952380952381,84,83,0.36989630757179653
4,pass,6.791979949874686,0.019936266555128847,0.032239872131251714,0.9880952380952381,84,83,0.36989630757179653
4,pass,6.81704260651629,0.02289188131565753,0.03541258462596175,0.9880952380952381,84,83,0.36989630757179653
4,pass,6.842105263157895,0.026175242153896893,0.0388585128948118,0.9880952380952381,84,83,0.36989630757179653
4,pass,6.867167919799498,0.029804438896058973,0.04259353985241172,0.9880952380952381,84,83,0.36989630757179653
4,pass,6.8922305764411025,0.033795768165320685,0.04663251518071589,0.9880952380952381,84,83,0.36989630757179653
4,pass,6.917293233082706,0.038163275184831716,0.05098883005327336,0.9880952380952381,84,83,0.36989630757179653
4,pass,6.94235588972431,0.04291829538299176,0.055673973681518184,0.9880952380952381,84,83,0.36989630757179653
4,pass,6.967418546365915,0.04806900812046425,0.060697083525461056,0.9880952380952381,84,83,0.36989630757179653
4,pass,6.992481203007518,0.053620015744948235,0.06606450248719539,0.9880952380952381,84,83,0.36989630757179653
4,pass,7.017543859649122,0.059571961657987206,0.07177935746877447,0.9880952380952381,84,83,0.36989630757179653
4,pass,7.042606516290727,0.06592120108484648,0.07784117423910392,0.9880952380952381,84,83,0.36989630757179653
4,pass,7.06766917293233,0.07265953772681788,0.0842455435480933,0.9880952380952381,84,83,0.36989630757179653
4,pass,7.0927318295739346,0.07977403841881008,0.09098385280404364,0.9880952380952381,84,83,0.36989630757179653
4,pass,7.117794486215539,0.08724693631140566,0.09804309637329539,0.9880952380952381,84,83,0.36989630757179653
4,pass,7.142857142857142,0.09505563096979547,0.1054057756813892,0.9880952380952381,84,83,0.36989630757179653
4,pass,7.167919799498747,0.10317279118373207,0.11304989783656184,0.9880952380952381,84,83,0.36989630757179653
4,pass,7.19298245614035,0.11156656329164875,0.12094907853566014,0.9880952380952381,84,83,0.36989630757179653
4,pass,7.2180451127819545,0.12020088454220254,0.12907275165591206,0.9880952380952381,84,83,0.36989630757179653
4,pass,7.243107769423559,0.12903589757290906,0.13738648431589356,0.9880952380952381,84,83,0.36989630757179653
4,pass,7.268170426065162,0.13802845861970173,0.14585239245833642,0.9880952380952381,84,83,0.36989630757179653
4,pass,7.293233082706767,0.14713272873412445,0.15442964833191627,0.9880952380952381,84,83,0.36989630757179653
4,pass,7.31829573934837,0.15630083422955102,0.16307506779927708,0.9880952380952381,84,83,0.36989630757179653
4,pass,7.343358395989974,0.16548357995127316,0.17174376234014113,0.9880952380952381,84,83,0.36989630757179653
4,pass,7.368421052631579,0.17463119690001147,0.18038983810335685,0.9880952380952381,84,83,0.36989630757179653
4,pass,7.393483709273182,0.18369410434470643,0.18896712251947465,0.9880952380952381,84,83,0.36989630757179653
4,pass,7.4185463659147866,0.19262366591926883,0.19742989791452217,0.9880952380952381,84,83,0.36989630757179653
4,pass,7.443609022556391,0.2013729193555311,0.2057336213278803,0.9880952380952381,84,83,0.36989630757179653
4,pass,7.468671679197994,0.20989726046854507,0.21383561035304446,0.9880952380952381,84,83,0.36989630757179653
4,pass,7.493734335839599,0.21815506374804297,0.22169567626682307,0.9880952380952381,84,83,0.36989630757179653
4,pass,7.518796992481203,0.22610822434932223,0.22927668792467365,0.9880952380952381,84,83,0.36989630757179653
4,pass,7.5438596491228065,0.233722609309622,0.23654505277214352,0.9880952380952381,84,83,0.36989630757179653
4,pass,7.568922305764411,0.24096840930268418,0.24347110471519168,0.9880952380952381,84,83,0.36989630757179653
4,pass,7.593984962406014,0.24782038602121031,0.25002939233916477,0.9880952380952381,84,83,0.36989630757179653
4,pass,7.619047619047619,0.25425801416579463,0.2561988648834602,0.9880952380952381,84,83,0.36989630757179653
4,pass,7.644110275689223,0.2602655208355718,0.26196295727503005,0.9880952380952381,84,83,0.36989630757179653
4,pass,7.669172932330826,0.26583182868109234,0.26730957921094495,0.9880952380952381,84,83,0.36989630757179653
4,pass,7.694235588972431,0.2709504123290946,0.2722310165839554,0.9880952380952381,84,83,0.36989630757179653
4,pass,7.719298245614034,0.27561908018093834,0.27672375631454654,0.9880952380952381,84,83,0.36989630757179653
4,pass,7.744360902255639,0.27983969561171096,0.28078824776897093,0.9880952380952381,84,83,0.36989630757179653
4,pass,7.769423558897243,0.28361785278258234,0.2844286153233129,0.9880952380952381,84,83,0.36989630757179653
4,pass,7.794486215538846,0.2869625226924433,0.28765233723835226,0.9880952380952381,84,83,0.36989630757179653
4,pass,7.819548872180451,0.2898856847451959,0.29046990584103116,0.9880952380952381,84,83,0.36989630757179653
4,pass,7.844611528822055,0.29240195804524965,0.292894483109251,0.9880952380952381,84,83,0.36989630757179653
4,pass,7.8696741854636585,0.2945282449411236,0.2949415642088549,0.9880952380952381,84,83,0.36989630757179653
4,pass,7.894736842105263,0.29628339713135393,0.2966286594482254,0.9880952380952381,84,83,0.36989630757179653
4,pass,7.919799498746867,0.2976879120672511,0.2979750026347898,0.9880952380952381,84,83,0.36989630757179653
4,pass,7.944862155388471,0.2987636645872475,0.29900129109264817,0.9880952380952381,84,83,0.36989630757179653
4,pass,7.969924812030075,0.29953367585733137,0.29972945979216653,0.9880952380952381,84,83,0.36989630757179653
4,pass,7.994987468671678,0.30002191892790747,0.3001824893090119,0.9880952380952381,84,83,0.36989630757179653
4,pass,8.020050125313283,0.30025315769447736,0.30038424481920073,0.9880952380952381,84,83,0.36989630757179653
4,pass,8.045112781954886,0.3002528138940502,0.30035934117728463,0.9880952380952381,84,83,0.36989630757179653
4,pass,8.070175438596491,0.30004685508275175,0.30013302742130876,0.9880952380952381,84,83,0.36989630757179653
4,pass,8.095238095238095,0.2996616953952879,0.2997310828761916,0.9880952380952381,84,83,0.36989630757179653
4,pass,8.120300751879698,0.2991241003249228,0.29917971643072866,0.9880952380952381,84,83,0.36989630757179653
4,pass,8.145363408521304,0.29846108679266625,0.2985054605543451,0.9880952380952381,84,83,0.36989630757179653
4,pass,8.170426065162907,0.29769981037472654,0.2977350521786464,0.9880952380952381,84,83,0.36989630757179653
4,pass,8.19548872180451,0.29686743267805193,0.2968952936477896,0.9880952380952381,84,83,0.36989630757179653
4,pass,8.220551378446114,0.29599096342069786,0.29601288846808227,0.9880952380952381,84,83,0.36989630757179653
4,pass,8.24561403508772,0.29509707369306387,0.2951142484684811,0.9880952380952381,84,83,0.36989630757179653
4,pass,8.270676691729323,0.29421187903997154,0.29422527111294183,0.9880952380952381,84,83,0.36989630757179653
4,pass,8.295739348370926,0.2933606932960203,0.29337108796733663,0.9880952380952381,84,83,0.36989630757179653
4,pass,8.320802005012531,0.29256775640902943,0.29257578759956965,0.9880952380952381,84,83,0.36989630757179653
4,pass,8.345864661654135,0.2918559416828374,0.2918621183658242,0.9880952380952381,84,83,0.36989630757179653
4,pass,8.370927318295738,0.2912464498533258,0.29125117850047877,0.9880952380952381,84,83,0.36989630757179653
4,pass,8.395989974937343,0.29075849908436263,0.29076210258596197,0.9880952380952381,84,83,0.36989630757179653
4,pass,8.421052631578947,0.2904090212532118,0.2904117547511067,0.9880952380952381,84,83,0.36989630757179653
4,pass,8.44611528822055,0.2902123757260167,0.29021443977016587,0.9880952380952381,84,83,0.36989630757179653
4,pass,8.471177944862156,0.2901800921617475,0.29018164356763493,0.9880952380952381,84,83,0.36989630757179653
4,pass,8.496240601503759,0.2903206537074405,0.29032181445586275,0.9880952380952381,84,83,0.36989630757179653
4,pass,8.521303258145362,0.29063933126031555,0.2906401957443618,0.9880952380952381,84,83,0.36989630757179653
4,pass,8.546365914786968,0.29113807829631017,0.2911387191842186,0.9880952380952381,84,83,0.36989630757179653
4,pass,8.571428571428571,0.2918154941426496,0.29181596709064267,0.9880952380952381,84,83,0.36989630757179653
4,pass,8.596491228070175,0.29266686156530786,0.29266720898218324,0.9880952380952381,84,83,0.36989630757179653
4,pass,8.62155388471178,0.29368426222722016,0.29368451626285824,0.9880952380952381,84,83,0.36989630757179653
4,pass,8.646616541353383,0.29485677103893904,0.29485695594221184,0.9880952380952381,84,83,0.36989630757179653
4,pass,8.671679197994987,0.2961707277679507,0.296170861735855,0.9880952380952381,84,83,0.36989630757179653
4,pass,8.69674185463659,0.29761008159876245,0.297610178217897,0.9880952380952381,84,83,0.36989630757179653
4,pass,8.721804511278195,0.2991568017463342,0.299156871109952,0.9880952380952381,84,83,0.36989630757179653
4,pass,8.746867167919799,0.30079134481980646,0.30079139438839403,0.9880952380952381,84,83,0.36989630757179653
4,pass,8.771929824561402,0.3024931675030245,0.3024932027634514,0.9880952380952381,84,83,0.36989630757179653
4,pass,8.796992481203008,0.3042412713422682,0.3042412963097534,0.9880952380952381,84,83,0.36989630757179653
4,pass,8.822055137844611,0.30601476507359016,0.3060147826717902,0.9880952380952381,84,83,0.36989630757179653
4,pass,8.847117794486214,0.3077934290278321,0.3077934413750159,0.9880952380952381,84,83,0.36989630757179653
4,pass,8.87218045112782,0.3095582657464388,0.3095582743697447,0.9880952380952381,84,83,0.36989630757179653
4,pass,8.897243107769423,0.31129202103084175,0.31129202702579617,0.9880952380952381,84,83,0.36989630757179653
4,pass,8.922305764411027,0.31297966021758816,0.3129796643662133,0.9880952380952381,84,83,0.36989630757179653
4,pass,8.947368421052632,0.31460878548736204,0.3146087883451415,0.9880952380952381,84,83,0.36989630757179653
4,pass,8.972431077694235,0.3161699814297389,0.31616998338930286,0.9880952380952381,84,83,0.36989630757179653
4,pass,8.997493734335839,0.3176570778360699,0.3176570791735779,0.9880952380952381,84,83,0.36989630757179653
4,pass,9.022556390977442,0.31906732071167704,0.31906732162041684,0.9880952380952381,84,83,0.36989630757179653
4,pass,9.047619047619047,0.320401444713804,0.32040144532839887,0.9880952380952381,84,83,0.36989630757179653
4,pass,9.072681704260651,0.32166364256313035,0.32166364297688654,0.9880952380952381,84,83,0.36989630757179653
4,pass,9.097744360902254,0.32286142937930773,0.32286142965657993,0.9880952380952381,84,83,0.36989630757179653
4,pass,9.12280701754386,0.32400540229903396,0.3240054024839925,0.9880952380952381,84,83,0.36989630757179653
4,pass,9.147869674185463,0.3251088981039784,0.3251088982267926,0.9880952380952381,84,83,0.36989630757179653
4,pass,9.172932330827066,0.32618755388292753,0.32618755396410376,0.9880952380952381,84,83,0.36989630757179653
4,pass,9.197994987468672,0.32725877795714553,0.3272587780105547,0.9880952380952381,84,83,0.36989630757179653
4,pass,9.223057644110275,0.3283411403993121,0.3283411404342912,0.9880952380952381,84,83,0.36989630757179653
4,pass,9.248120300751879,0.3294536944705339,0.3294536944933377,0.9880952380952381,84,83,0.36989630757179653
4,pass,9.273182957393484,0.3306152421855229,0.33061524220032124,0.9880952380952381,84,83,0.36989630757179653
4,pass,9.298245614035087,0.3318435589898882,0.33184355899944745,0.9880952380952381,84,83,0.36989630757179653
4,pass,9.32330827067669,0.3331545941856924,0.33315459419183907,0.9880952380952381,84,83,0.36989630757179653
4,pass,9.348370927318296,0.3345616652510899,0.3345616652550242,0.9880952380952381,84,83,0.36989630757179653
4,pass,9.3734335839599,0.33607466553183013,0.3360746655343368,0.9880952380952381,84,83,0.36989630757179653
4,pass,9.398496240601503,0.33769930588532704,0.3376993058869168,0.9880952380952381,84,83,0.36989630757179653
4,pass,9.423558897243108,0.33943641166440724,0.3394364116654109,0.9880952380952381,84,83,0.36989630757179653
4,pass,9.448621553884712,0.3412812968561914,0.3412812968568221,0.9880952380952381,84,83,0.36989630757179653
4,pass,9.473684210526315,0.3432232371504874,0.34322323715088193,0.9880952380952381,84,83,0.36989630757179653
4,pass,9.498746867167918,0.3452450631066183,0.3452450631068639,0.9880952380952381,84,83,0.36989630757179653
4,pass,9.523809523809524,0.34732289332721444,0.3473228933273667,0.9880952380952381,84,83,0.36989630757179653
4,pass,9.548872180451127,0.3494260255550093,0.3494260255551032,0.9880952380952381,84,83,0.36989630757179653
4,pass,9.57393483709273,0.3515170008299285,0.35151700082998616,0.9880952380952381,84,83,0.36989630757179653
4,pass,9.598997493734336,0.3535518522567439,0.35355185225677915,0.9880952380952381,84,83,0.36989630757179653
4,pass,9.62406015037594,0.3554805455565144,0.3554805455565359,0.9880952380952381,84,83,0.36989630757179653
4,pass,9.649122807017543,0.3572476134723841,0.3572476134723971,0.9880952380952381,84,83,0.36989630757179653
4,pass,9.674185463659148,0.3587929803860869,0.35879298038609475,0.9880952380952381,84,83,0.36989630757179653
4,pass,9.699248120300751,0.36005296733936537,0.3600529673393701,0.9880952380952381,84,83,0.36989630757179653
4,pass,9.724310776942355,0.3609614612540905,0.36096146125409334,0.9880952380952381,84,83,0.36989630757179653
4,pass,9.74937343358396,0.36145122575466454,0.3614512257546662,0.9880952380952381,84,83,0.36989630757179653
4,pass,9.774436090225564,0.36145532489280313,0.36145532489280413,0.9880952380952381,84,83,0.36989630757179653
4,pass,9.799498746867167,0.3609086255489031,0.3609086255489037,0.9880952380952381,84,83,0.36989630757179653
4,pass,9.82456140350877,0.3597493396252621,0.35974933962526245,0.9880952380952381,84,83,0.36989630757179653
4,pass,9.849624060150376,0.35792056362510094,0.35792056362510116,0.9880952380952381,84,83,0.36989630757179653
4,pass,9.87468671679198,0.3553717710624675,0.3553717710624676,0.9880952380952381,84,83,0.36989630757179653
4,pass,9.899749373433583,0.3520602125545576,0.35206021255455766,0.9880952380952381,84,83,0.36989630757179653
4,pass,9.924812030075188,0.34795217952686264,0.3479521795268627,0.9880952380952381,84,83,0.36989630757179653
4,pass,9.949874686716791,0.34302409025374914,0.34302409025374914,0.9880952380952381,84,83,0.36989630757179653
4,pass,9.974937343358395,0.3372633614210117,0.3372633614210117,0.9880952380952381,84,83,0.36989630757179653
4,pass,10.0,0.3306690344071186,0.3306690344071186,0.9880952380952381,84,83,0.36989630757179653
5,numeric_nonpass,0.0,3.070357721647716e-36,3.070357721647716e-36,0.04081632653061224,49,2,0.4569354350656623
5,numeric_nonpass,0.02506265664160401,6.081351835159011e-36,6.081351835159011e-36,0.04081632653061224,49,2,0.4569354350656623
5,numeric_nonpass,0.05012531328320802,1.2009039791002728e-35,1.2009039791002728e-35,0.04081632653061224,49,2,0.4569354350656623
5,numeric_nonpass,0.07518796992481203,2.3643593066807976e-35,2.3643593066807976e-35,0.04081632653061224,49,2,0.4569354350656623
5,numeric_nonpass,0.10025062656641603,4.641044630630167e-35,4.641044630630167e-35,0.04081632653061224,49,2,0.4569354350656623
5,numeric_nonpass,0.12531328320802004,9.082703322416512e-35,9.082703322416512e-35,0.04081632653061224,49,2,0.4569354350656623
5,numeric_nonpass,0.15037593984962405,1.772195649675082e-34,1.772195649675082e-34,0.04081632653061224,49,2,0.4569354350656623
5,numeric_nonpass,0.17543859649122806,3.4475089035798446e-34,3.4475089035798446e-34,0.04081632653061224,49,2,0.4569354350656623
5,numeric_nonpass,0.20050125313283207,6.68646166513773e-34,6.68646166513773e-34,0.04081632653061224,49,2,0.4569354350656623
5,numeric_nonpass,0.22556390977443608,1.2929585240777416e-33,1.2929585240777416e-33,0.04081632653061224,49,2,0.4569354350656623
5,numeric_nonpass,0.2506265664160401,2.4927007276251115e-33,2.4927007276251115e-33,0.04081632653061224,49,2,0.4569354350656623
5,numeric_nonpass,0.2756892230576441,4.791296419954552e-33,4.791296419954552e-33,0.04081632653061224,49,2,0.4569354350656623
5,numeric_nonpass,0.3007518796992481,9.181916369512853e-33,9.181916369512853e-33,0.04081632653061224,49,2,0.4569354350656623
5,numeric_nonpass,0.3258145363408521,1.7543290721207187e-32,1.7543290721207187e-32,0.04081632653061224,49,2,0.4569354350656623
5,numeric_nonpass,0.3508771929824561,3.341844703363366e-32,3.341844703363366e-32,0.04081632653061224,49,2,0.4569354350656623
5,numeric_nonpass,0.37593984962406013,6.346860985742568e-32,6.346860985742568e-32,0.04081632653061224,49,2,0.4569354350656623
5,numeric_nonpass,0.40100250626566414,1.2017918885384135e-31,1.2017918885384135e-31,0.04081632653061224,49,2,0.4569354350656623
5,numeric_nonpass,0.42606516290726815,2.268804911729548e-31,2.268804911729548e-31,0.04081632653061224,49,2,0.4569354350656623
5,numeric_nonpass,0.45112781954887216,4.270342266230542e-31,4.270342266230542e-31,0.04081632653061224,49,2,0.4569354350656623
5,numeric_nonpass,0.47619047619047616,8.013567611810736e-31,8.013567611810736e-31,0.04081632653061224,49,2,0.4569354350656623
5,numeric_nonpass,0.5012531328320802,1.4992941934755852e-30,1.4992941934755852e-30,0.04081632653061224,49,2,0.4569354350656623
5,numeric_nonpass,0.5263157894736842,2.796698114784842e-30,2.796698114784842e-30,0.04081632653061224,49,2,0.4569354350656623
5,numeric_nonpass,0.5513784461152882,5.201183088441786e-30,5.201183088441786e-30,0.04081632653061224,49,2,0.4569354350656623
5,numeric_nonpass,0.5764411027568922,9.643985754391473e-30,9.643985754391473e-30,0.04081632653061224,49,2,0.4569354350656623
5,numeric_nonpass,0.6015037593984962,1.782825716848445e-29,1.782825716848445e-29,0.04081632653061224,49,2,0.4569354350656623
5,numeric_nonpass,0.6265664160401002,3.2859365785345473e-29,3.2859365785345473e-29,0.04081632653061224,49,2,0.4569354350656623
5,numeric_nonpass,0.6516290726817042,6.038199622345073e-29,6.038199622345073e-29,0.04081632653061224,49,2,0.4569354350656623
5,numeric_nonpass,0.6766917293233082,1.106251329305364e-28,1.106251329305364e-28,0.04081632653061224,49,2,0.4569354350656623
5,numeric_nonpass,0.7017543859649122,2.020683244328801e-28,2.020683244328801e-28,0.04081632653061224,49,2,0.4569354350656623
5,numeric_nonpass,0.7268170426065163,3.679940678406546e-28,3.679940678406546e-28,0.04081632653061224,49,2,0.4569354350656623
5,numeric_nonpass,0.7518796992481203,6.681617121219334e-28,6.681617121219334e-28,0.04081632653061224,49,2,0.4569354350656623
5,numeric_nonpass,0.7769423558897243,1.2095409912914558e-27,1.2095409912914558e-27,0.04081632653061224,49,2,0.4569354350656623
5,numeric_nonpass,0.8020050125313283,2.1830208462095475e-27,2.1830208462095475e-27,0.04081632653061224,49,2,0.4569354350656623
5,numeric_nonpass,0.8270676691729323,3.9281992577818275e-27,3.9281992577818275e-27,0.04081632653061224,49,2,0.4569354350656623
5,numeric_nonpass,0.8521303258145363,7.04737723214948e-27,7.04737723214948e-27,0.04081632653061224,49,2,0.4569354350656623
5,numeric_nonpass,0.8771929824561403,1.2605496656654797e-26,1.2605496656654797e-26,0.04081632653061224,49,2,0.4569354350656623
5,numeric_nonpass,0.9022556390977443,2.2479719425930224e-26,2.2479719425930224e-26,0.04081632653061224,49,2,0.4569354350656623
5,numeric_nonpass,0.9273182957393483,3.996872951879928e-26,3.996872951879928e-26,0.04081632653061224,49,2,0.4569354350656623
5,numeric_nonpass,0.9523809523809523,7.08513914119135e-26,7.08513914119135e-26,0.04081632653061224,49,2,0.4569354350656623
5,numeric_nonpass,0.9774436090225563,1.2522039140735924e-25,1.2522039140735924e-25,0.04081632653061224,49,2,0.4569354350656623
5,numeric_nonpass,1.0025062656641603,2.206482132314502e-25,2.206482132314502e-25,0.04081632653061224,49,2,0.4569354350656623
5,numeric_nonpass,1.0275689223057642,3.87636362055571e-25,3.87636362055571e-25,0.04081632653061224,49,2,0.4569354350656623
5,numeric_nonpass,1.0526315789473684,6.7896500597583625e-25,6.7896500597583625e-25,0.04081632653061224,49,2,0.4569354350656623
5,numeric_nonpass,1.0776942355889725,1.1856844209587439e-24,1.1856844209587439e-24,0.04081632653061224,49,2,0.4569354350656623
5,numeric_nonpass,1.1027568922305764,2.064380408464038e-24,2.064380408464038e-24,0.04081632653061224,49,2,0.4569354350656623
5,numeric_nonpass,1.1278195488721803,3.5835155222772225e-24,3.5835155222772225e-24,0.04081632653061224,49,2,0.4569354350656623
5,numeric_nonpass,1.1528822055137844,6.201944141632868e-24,6.201944141632868e-24,0.04081632653061224,49,2,0.4569354350656623
5,numeric_nonpass,1.1779448621553885,1.0701519910690155e-23,1.0701519910690155e-23,0.04081632653061224,49,2,0.4569354350656623
5,numeric_nonpass,1.2030075187969924,1.8410355912324426e-23,1.8410355912324426e-23,0.04081632653061224,49,2,0.4569354350656623
5,numeric_nonpass,1.2280701754385963,3.1577523476939837e-23,3.1577523476939837e-23,0.04081632653061224,49,2,0.4569354350656623
5,numeric_nonpass,1.2531328320802004,5.399992609924305e-23,5.399992609924305e-23,0.04081632653061224,49,2,0.4569354350656623
5,numeric_nonpass,1.2781954887218046,9.206775132844694e-23,9.206775132844694e-23,0.04081632653061224,49,2,0.4569354350656623
5,numeric_nonpass,1.3032581453634084,1.56502483616864e-22,1.56502483616864e-22,0.04081632653061224,49,2,0.4569354350656623
5,numeric_nonpass,1.3283208020050123,2.652371271386549e-22,2.652371271386549e-22,0.04081632653061224,49,2,0.4569354350656623
5,numeric_nonpass,1.3533834586466165,4.48174183911543e-22,4.48174183911543e-22,0.04081632653061224,49,2,0.4569354350656623
5,numeric_nonpass,1.3784461152882206,7.550206916953098e-22,7.550206916953098e-22,0.04081632653061224,49,2,0.4569354350656623
5,numeric_nonpass,1.4035087719298245,1.2681494125736028e-21,1.2681494125736028e-21,0.04081632653061224,49,2,0.4569354350656623
5,numeric_nonpass,1.4285714285714284,2.1236434715340437e-21,2.1236434715340437e-21,0.04081632653061224,49,2,0.4569354350656623
5,numeric_nonpass,1.4536340852130325,3.545622197981365e-21,3.545622197981365e-21,0.04081632653061224,49,2,0.4569354350656623
5,numeric_nonpass,1.4786967418546366,5.9020520537819486e-21,5.9020520537819486e-21,0.04081632653061224,49,2,0.4569354350656623
5,numeric_nonpass,1.5037593984962405,9.795202049564667e-21,9.795202049564667e-21,0.04081632653061224,49,2,0.4569354350656623
5,numeric_nonpass,1.5288220551378444,1.6207782740597995e-20,1.6207782740597995e-20,0.04081632653061224,49,2,0.4569354350656623
5,numeric_nonpass,1.5538847117794485,2.6738295453509788e-20,2.6738295453509788e-20,0.04081632653061224,49,2,0.4569354350656623
5,numeric_nonpass,1.5789473684210527,4.397884226748951e-20,4.397884226748951e-20,0.04081632653061224,49,2,0.4569354350656623
5,numeric_nonpass,1.6040100250626566,7.211969648168936e-20,7.211969648168936e-20,0.04081632653061224,49,2,0.4569354350656623
5,numeric_nonpass,1.6290726817042605,1.179136468956621e-19,1.179136468956621e-19,0.04081632653061224,49,2,0.4569354350656623
5,numeric_nonpass,1.6541353383458646,1.922093000523499e-19,1.922093000523499e-19,0.04081632653061224,49,2,0.4569354350656623
5,numeric_nonpass,1.6791979949874687,3.1238122804605847e-19,3.1238122804605847e-19,0.04081632653061224,49,2,0.4569354350656623
5,numeric_nonpass,1.7042606516290726,5.061692116050118e-19,5.061692116050118e-19,0.04081632653061224,49,2,0.4569354350656623
5,numeric_nonpass,1.7293233082706765,8.177241998380408e-19,8.177241998380408e-19,0.04081632653061224,49,2,0.4569354350656623
5,numeric_nonpass,1.7543859649122806,1.317098836573723e-18,1.317098836573723e-18,0.04081632653061224,49,2,0.4569354350656623
5,numeric_nonpass,1.7794486215538847,2.115097219455935e-18,2.115097219455935e-18,0.04081632653061224,49,2,0.4569354350656623
5,numeric_nonpass,1.8045112781954886,3.386435574430268e-18,3.386435574430268e-18,0.04081632653061224,49,2,0.4569354350656623
5,numeric_nonpass,1.8295739348370925,5.405749034666042e-18,5.405749034666042e-18,0.04081632653061224,49,2,0.4569354350656623
5,numeric_nonpass,1.8546365914786966,8.60338945287359e-18,8.60338945287359e-18,0.04081632653061224,49,2,0.4569354350656623
5,numeric_nonpass,1.8796992481203008,1.3651613722423441e-17,1.3651613722423441e-17,0.04081632653061224,49,2,0.4569354350656623
5,numeric_nonpass,1.9047619047619047,2.1597285482374935e-17,2.1597285482374935e-17,0.04081632653061224,49,2,0.4569354350656623
5,numeric_nonpass,1.9298245614035086,3.4065532361347134e-17,3.4065532361347134e-17,0.04081632653061224,49,2,0.4569354350656623
5,numeric_nonpass,1.9548872180451127,5.357128819277627e-17,5.357128819277627e-17,0.04081632653061224,49,2,0.4569354350656623
5,numeric_nonpass,1.9799498746867168,8.399432843393341e-17,8.399432843393341e-17,0.04081632653061224,49,2,0.4569354350656623
5,numeric_nonpass,2.0050125313283207,1.3130125063588604e-16,1.3130125063588604e-16,0.04081632653061224,49,2,0.4569354350656623
5,numeric_nonpass,2.0300751879699246,2.0463921308258788e-16,2.0463921308258788e-16,0.04081632653061224,49,2,0.4569354350656623
5,numeric_nonpass,2.0551378446115285,3.1798747267698043e-16,3.1798747267698043e-16,0.04081632653061224,49,2,0.4569354350656623
5,numeric_nonpass,2.080200501253133,4.926430842612442e-16,4.926430842612442e-16,0.04081632653061224,49,2,0.4569354350656623
5,numeric_nonpass,2.1052631578947367,7.609498960430161e-16,7.609498960430161e-16,0.04081632653061224,49,2,0.4569354350656623
5,numeric_nonpass,2.1303258145363406,1.1718744678630821e-15,1.1718744678630821e-15,0.04081632653061224,49,2,0.4569354350656623
5,numeric_nonpass,2.155388471177945,1.7993164395421456e-15,1.7993164395421456e-15,0.04081632653061224,49,2,0.4569354350656623
5,numeric_nonpass,2.180451127819549,2.754453825383083e-15,2.754453825383083e-15,0.04081632653061224,49,2,0.4569354350656623
5,numeric_nonpass,2.2055137844611528,4.204022242837441e-15,4.204022242837441e-15,0.04081632653061224,49,2,0.4569354350656623
5,numeric_nonpass,2.2305764411027567,6.3972915224326735e-15,6.397291522432674e-15,0.04081632653061224,49,2,0.4569354350656623
5,numeric_nonpass,2.2556390977443606,9.705747180169223e-15,9.705747180169224e-15,0.04081632653061224,49,2,0.4569354350656623
5,numeric_nonpass,2.280701754385965,1.468126815470575e-14,1.4681268154705752e-14,0.04081632653061224,49,2,0.4569354350656623
5,numeric_nonpass,2.305764411027569,2.214114114749864e-14,2.2141141147498644e-14,0.04081632653061224,49,2,0.4569354350656623
5,numeric_nonpass,2.3308270676691727,3.32918808149685e-14,3.329188081496851e-14,0.04081632653061224,49,2,0.4569354350656623
5,numeric_nonpass,2.355889724310777,4.990897286408608e-14,4.9908972864086095e-14,0.04081632653061224,49,2,0.4569354350656623
5,numeric_nonpass,2.380952380952381,7.459693304693357e-14,7.45969330469336e-14,0.04081632653061224,49,2,0.4569354350656623
5,numeric_nonpass,2.406015037593985,1.1116432147401146e-13,1.111643214740115e-13,0.04081632653061224,49,2,0.4569354350656623
5,numeric_nonpass,2.4310776942355887,1.6516272852685345e-13,1.6516272852685353e-13,0.04081632653061224,49,2,0.4569354350656623
5,numeric_nonpass,2.4561403508771926,2.44658846869446e-13,2.446588468694461e-13,0.04081632653061224,49,2,0.4569354350656623
5,numeric_nonpass,2.481203007518797,3.6133673680789634e-13,3.613367368078966e-13,0.04081632653061224,49,2,0.4569354350656623
5,numeric_nonpass,2.506265664160401,5.320662359356309e-13,5.320662359356313e-13,0.04081632653061224,49,2,0.4569354350656623
5,numeric_nonpass,2.5313283208020048,7.811271640071676e-13,7.811271640071683e-13,0.04081632653061224,49,2,0.4569354350656623
5,numeric_nonpass,2.556390977443609,1.1433529343289719e-12,1.1433529343289733e-12,0.04081632653061224,49,2,0.4569354350656623
5,numeric_nonpass,2.581453634085213,1.668558664163562e-12,1.6685586641635644e-12,0.04081632653061224,49,2,0.4569354350656623
5,numeric_nonpass,2.606516290726817,2.427757592271864e-12,2.4277575922718684e-12,0.04081632653061224,49,2,0.4569354350656623
5,numeric_nonpass,2.631578947368421,3.5218585016447982e-12,3.5218585016448063e-12,0.04081632653061224,49,2,0.4569354350656623
5,numeric_nonpass,2.6566416040100247,5.093793073096021e-12,5.0937930730960354e-12,0.04081632653061224,49,2,0.4569354350656623
5,numeric_nonpass,2.681704260651629,7.345368326803648e-12,7.345368326803674e-12,0.04081632653061224,49,2,0.4569354350656623
5,numeric_nonpass,2.706766917293233,1.0560605344928224e-11,1.0560605344928269e-11,0.04081632653061224,49,2,0.4569354350656623
5,numeric_nonpass,2.731829573934837,1.5137950315321e-11,1.513795031532108e-11,0.04081632653061224,49,2,0.4569354350656623
5,numeric_nonpass,2.756892230576441,2.163457841795547e-11,2.1634578417955613e-11,0.04081632653061224,49,2,0.4569354350656623
5,numeric_nonpass,2.781954887218045,3.082712110989297e-11,3.082712110989322e-11,0.04081632653061224,49,2,0.4569354350656623
5,numeric_nonpass,2.807017543859649,4.379461804733182e-11,4.3794618047332265e-11,0.04081632653061224,49,2,0.4569354350656623
5,numeric_nonpass,2.832080200501253,6.203143554857729e-11,6.203143554857806e-11,0.04081632653061224,49,2,0.4569354350656623
5,numeric_nonpass,2.8571428571428568,8.760044394935853e-11,8.76004439493599e-11,0.04081632653061224,49,2,0.4569354350656623
5,numeric_nonpass,2.882205513784461,1.233400843112113e-10,1.2334008431121368e-10,0.04081632653061224,49,2,0.4569354350656623
5,numeric_nonpass,2.907268170426065,1.7314330591677903e-10,1.7314330591678317e-10,0.04081632653061224,49,2,0.4569354350656623
5,numeric_nonpass,2.932330827067669,2.4233200348601165e-10,2.4233200348601884e-10,0.04081632653061224,49,2,0.4569354350656623
5,numeric_nonpass,2.9573934837092732,3.381578825163093e-10,3.381578825163217e-10,0.04081632653061224,49,2,0.4569354350656623
5,numeric_nonpass,2.982456140350877,4.704700756011665e-10,4.704700756011879e-10,0.04081632653061224,49,2,0.4569354350656623
5,numeric_nonpass,3.007518796992481,6.526018711639628e-10,6.526018711639995e-10,0.04081632653061224,49,2,0.4569354350656623
5,numeric_nonpass,3.032581453634085,9.025442756520706e-10,9.025442756521335e-10,0.04081632653061224,49,2,0.4569354350656623
5,numeric_nonpass,3.057644110275689,1.2444936404213294e-09,1.2444936404214367e-09,0.04081632653061224,49,2,0.4569354350656623
5,numeric_nonpass,3.082706766917293,1.710885255883493e-09,1.7108852558836755e-09,0.04081632653061224,49,2,0.4569354350656623
5,numeric_nonpass,3.107769423558897,2.3450558715305966e-09,2.3450558715309064e-09,0.04081632653061224,49,2,0.4569354350656623
5,numeric_nonpass,3.132832080200501,3.2047170131051196e-09,3.204717013105644e-09,0.04081632653061224,49,2,0.4569354350656623
5,numeric_nonpass,3.1578947368421053,4.3664694963807556e-09,4.366469496381641e-09,0.04081632653061224,49,2,0.4569354350656623
5,numeric_nonpass,3.182957393483709,5.9316497680475695e-09,5.931649768049058e-09,0.04081632653061224,49,2,0.4569354350656623
5,numeric_nonpass,3.208020050125313,8.033873096916542e-09,8.033873096919037e-09,0.04081632653061224,49,2,0.4569354350656623
5,numeric_nonpass,3.233082706766917,1.0848730067316938e-08,1.0848730067321108e-08,0.04081632653061224,49,2,0.4569354350656623
5,numeric_nonpass,3.258145363408521,1.4606204623443568e-08,1.4606204623450522e-08,0.04081632653061224,49,2,0.4569354350656623
5,numeric_nonpass,3.2832080200501252,1.960651790801133e-08,1.9606517908022883e-08,0.04081632653061224,49,2,0.4569354350656623
5,numeric_nonpass,3.308270676691729,2.624026669021419e-08,2.6240266690233336e-08,0.04081632653061224,49,2,0.4569354350656623
5,numeric_nonpass,3.333333333333333,3.501392319811499e-08,3.501392319814661e-08,0.04081632653061224,49,2,0.4569354350656623
5,numeric_nonpass,3.3583959899749374,4.658200013004638e-08,4.658200013009846e-08,0.04081632653061224,49,2,0.4569354350656623
5,numeric_nonpass,3.3834586466165413,6.178746653530229e-08,6.17874665353878e-08,0.04081632653061224,49,2,0.4569354350656623
5,numeric_nonpass,3.408521303258145,8.171233364886112e-08,8.17123336490011e-08,0.04081632653061224,49,2,0.4569354350656623
5,numeric_nonpass,3.433583959899749,1.0774072159111326e-07,1.0774072159134174e-07,0.04081632653061224,49,2,0.4569354350656623
5,numeric_nonpass,3.458646616541353,1.4163717536696648e-07,1.4163717536733827e-07,0.04081632653061224,49,2,0.4569354350656623
5,numeric_nonpass,3.4837092731829573,1.85643529226715e-07,1.8564352922731816e-07,0.04081632653061224,49,2,0.4569354350656623
5,numeric_nonpass,3.508771929824561,2.42598229501153e-07,2.4259822950212865e-07,0.04081632653061224,49,2,0.4569354350656623
5,numeric_nonpass,3.533834586466165,3.160827244191154e-07,3.160827244206888e-07,0.04081632653061224,49,2,0.4569354350656623
5,numeric_nonpass,3.5588972431077694,4.10600321301263e-07,4.1060032130379274e-07,0.04081632653061224,49,2,0.4569354350656623
5,numeric_nonpass,3.5839598997493733,5.317938017891792e-07,5.317938017932345e-07,0.04081632653061224,49,2,0.4569354350656623
5,numeric_nonpass,3.6090225563909772,6.867090774748949e-07,6.86709077481376e-07,0.04081632653061224,49,2,0.4569354350656623
5,numeric_nonpass,3.634085213032581,8.841132619995623e-07,8.841132620098895e-07,0.04081632653061224,49,2,0.4569354350656623
5,numeric_nonpass,3.659147869674185,1.1348767286622572e-06,1.1348767286786635e-06,0.04081632653061224,49,2,0.4569354350656623
5,numeric_nonpass,3.6842105263157894,1.452430007922802e-06,1.452430007948788e-06,0.04081632653061224,49,2,0.4569354350656623
5,numeric_nonpass,3.7092731829573933,1.8533077448517467e-06,1.853307744892783e-06,0.04081632653061224,49,2,0.4569354350656623
5,numeric_nonpass,3.734335839598997,2.357793364329714e-06,2.3577933643943224e-06,0.04081632653061224,49,2,0.4569354350656623
5,numeric_nonpass,3.7593984962406015,2.9906795560659012e-06,2.9906795561673178e-06,0.04081632653061224,49,2,0.4569354350656623
5,numeric_nonpass,3.7844611528822054,3.7821611582807015e-06,3.78216115843942e-06,0.04081632653061224,49,2,0.4569354350656623
5,numeric_nonpass,3.8095238095238093,4.768878444604756e-06,4.7688784448524086e-06,0.04081632653061224,49,2,0.4569354350656623
5,numeric_nonpass,3.834586466165413,5.995130149202785e-06,5.995130149588049e-06,0.04081632653061224,49,2,0.4569354350656623
5,numeric_nonpass,3.859649122807017,7.514276734645275e-06,7.514276735242819e-06,0.04081632653061224,49,2,0.4569354350656623
5,numeric_nonpass,3.8847117794486214,9.390355337737695e-06,9.390355338661715e-06,0.04081632653061224,49,2,0.4569354350656623
5,numeric_nonpass,3.9097744360902253,1.1699928429917911e-05,1.1699928431342502e-05,0.04081632653061224,49,2,0.4569354350656623
5,numeric_nonpass,3.9348370927318292,1.4534188397935536e-05,1.4534188400125306e-05,0.04081632653061224,49,2,0.4569354350656623
5,numeric_nonpass,3.9598997493734336,1.8001339872294373e-05,1.8001339875650247e-05,0.04081632653061224,49,2,0.4569354350656623
5,numeric_nonpass,3.9849624060150375,2.2229280579458837e-05,2.2229280584586405e-05,0.04081632653061224,49,2,0.4569354350656623
5,numeric_nonpass,4.010025062656641,2.7368599634157367e-05,2.7368599641968542e-05,0.04081632653061224,49,2,0.4569354350656623
5,numeric_nonpass,4.035087719298246,3.35959093789915e-05,3.359590939085522e-05,0.04081632653061224,49,2,0.4569354350656623
5,numeric_nonpass,4.060150375939849,4.111752297597273e-05,4.1117522993937626e-05,0.04081632653061224,49,2,0.4569354350656623
5,numeric_nonpass,4.0852130325814535,5.017348481637775e-05,5.017348484350017e-05,0.04081632653061224,49,2,0.4569354350656623
5,numeric_nonpass,4.110275689223057,6.10419543066467e-05,6.104195434747224e-05,0.04081632653061224,49,2,0.4569354350656623
5,numeric_nonpass,4.135338345864661,7.404393558821142e-05,7.404393564947968e-05,0.04081632653061224,49,2,0.4569354350656623
5,numeric_nonpass,4.160401002506266,8.954833615885516e-05,8.954833625052772e-05,0.04081632653061224,49,2,0.4569354350656623
5,numeric_nonpass,4.185463659147869,0.00010797732611331486,0.00010797732625007,0.04081632653061224,49,2,0.4569354350656623
5,numeric_nonpass,4.2105263157894735,0.00012981195678114264,0.00012981195698454155,0.04081632653061224,49,2,0.4569354350656623
5,numeric_nonpass,4.235588972431078,0.00015559798292894288,0.0001555979832305589,0.04081632653061224,49,2,0.4569354350656623
5,numeric_nonpass,4.260651629072681,0.00018595181648903186,0.00018595181693495635,0.04081632653061224,49,2,0.4569354350656623
5,numeric_nonpass,4.285714285714286,0.00022156652212224805,0.00022156652277955706,0.04081632653061224,49,2,0.4569354350656623
5,numeric_nonpass,4.31077694235589,0.00026321774604095606,0.0002632177470069611,0.04081632653061224,49,2,0.4569354350656623
5,numeric_nonpass,4.335839598997493,0.00031176944971563213,0.00031176945113107064,0.04081632653061224,49,2,0.4569354350656623
5,numeric_nonpass,4.360902255639098,0.0003681792997615606,0.00036817930182934234,0.04081632653061224,49,2,0.4569354350656623
5,numeric_nonpass,4.385964912280701,0.0004335035449420988,0.00043350354795386106,0.04081632653061224,49,2,0.4569354350656623
5,numeric_nonpass,4.4110275689223055,0.0005089011914174974,0.0005089011957910997,0.04081632653061224,49,2,0.4569354350656623
5,numeric_nonpass,4.43609022556391,0.000595637268790648,0.0005956372751229372,0.04081632653061224,49,2,0.4569354350656623
5,numeric_nonpass,4.461152882205513,0.0006950849629162734,0.0006950849720570976,0.04081632653061224,49,2,0.4569354350656623
5,numeric_nonpass,4.486215538847118,0.0008087263776833752,0.0008087263908390588,0.04081632653061224,49,2,0.4569354350656623
5,numeric_nonpass,4.511278195488721,0.0009381516779451531,0.0009381516968226862,0.04081632653061224,49,2,0.4569354350656623
5,numeric_nonpass,4.5363408521303255,0.0010850563603843806,0.0010850563873916785,0.04081632653061224,49,2,0.4569354350656623
5,numeric_nonpass,4.56140350877193,0.0012512363993016778,0.001251236437824796,0.04081632653061224,49,2,0.4569354350656623
5,numeric_nonpass,4.586466165413533,0.0014385810210142333,0.0014385810757998395,0.04081632653061224,49,2,0.4569354350656623
5,numeric_nonpass,4.611528822055138,0.001649062874608068,0.0016490629522893886,0.04081632653061224,49,2,0.4569354350656623
5,numeric_nonpass,4.636591478696742,0.0018847253889559175,0.0018847254987735765,0.04081632653061224,49,2,0.4569354350656623
5,numeric_nonpass,4.661654135338345,0.00214766713681305,0.002147667291599732,0.04081632653061224,49,2,0.4569354350656623
5,numeric_nonpass,4.68671679197995,0.002440023066868666,0.002440023284389678,0.04081632653061224,49,2,0.4569354350656623
5,numeric_nonpass,4.711779448621554,0.00276394251406996,0.0027639428188422337,0.04081632653061224,49,2,0.4569354350656623
5,numeric_nonpass,4.7368421052631575,0.0031215639572917298,0.0031215643830437576,0.04081632653061224,49,2,0.4569354350656623
5,numeric_nonpass,4.761904761904762,0.0035149865611349175,0.0035149871541223033,0.04081632653061224,49,2,0.4569354350656623
5,numeric_nonpass,4.786967418546365,0.003946238614609505,0.0039462394380687105,0.04081632653061224,49,2,0.4569354350656623
5,numeric_nonpass,4.81203007518797,0.00441724306264298,0.00441724420275385,0.04081632653061224,49,2,0.4569354350656623
5,numeric_nonpass,4.837092731829574,0.004929780415339044,0.004929781989180294,0.04081632653061224,49,2,0.4569354350656623
5,numeric_nonpass,4.8621553884711775,0.005485449412916746,0.005485451579044635,0.04081632653061224,49,2,0.4569354350656623
5,numeric_nonpass,4.887218045112782,0.006085625919156711,0.006085628891624161,0.04081632653061224,49,2,0.4569354350656623
5,numeric_nonpass,4.912280701754385,0.0067314206105226005,0.006731424677394505,0.04081632653061224,49,2,0.4569354350656623
5,numeric_nonpass,4.93734335839599,0.007423636119191738,0.007423641666915133,0.04081632653061224,49,2,0.4569354350656623
5,numeric_nonpass,4.962406015037594,0.008162724373082596,0.008162731918453497,0.04081632653061224,49,2,0.4569354350656623
5,numeric_nonpass,4.987468671679197,0.00894874495154348,0.008948755183494727,0.04081632653061224,49,2,0.4569354350656623
5,numeric_nonpass,5.012531328320802,0.009781325338547519,0.009781339172587196,0.04081632653061224,49,2,0.4569354350656623
5,numeric_nonpass,5.037593984962406,0.010659624002967398,0.01065964265185318,0.04081632653061224,49,2,0.4569354350656623
5,numeric_nonpass,5.0626566416040095,0.011582297264887603,0.011582322330062176,0.04081632653061224,49,2,0.4569354350656623
5,numeric_nonpass,5.087719298245614,0.012547470915339191,0.012547504504815302,0.04081632653061224,49,2,0.4569354350656623
5,numeric_nonpass,5.112781954887218,0.013552717542102704,0.013552762421920318,0.04081632653061224,49,2,0.4569354350656623
5,numeric_nonpass,5.137844611528822,0.014595040474617772,0.01459510026275515,0.04081632653061224,49,2,0.4569354350656623
5,numeric_nonpass,5.162907268170426,0.015670865195475395,0.015670944609244678,0.04081632653061224,49,2,0.4569354350656623
5,numeric_nonpass,5.1879699248120295,0.016776038974073506,0.016776144144643637,0.04081632653061224,49,2,0.4569354350656623
5,numeric_nonpass,5.213032581453634,0.017905839360188622,0.017905978231039246,0.04081632653061224,49,2,0.4569354350656623
5,numeric_nonpass,5.238095238095238,0.019054992032679408,0.01905517486259541,0.04081632653061224,49,2,0.4569354350656623
5,numeric_nonpass,5.263157894736842,0.02021769833337981,0.020217938329157078,0.04081632653061224,49,2,0.4569354350656623
5,numeric_nonpass,5.288220551378446,0.021387672631377946,0.021387986740848908,0.04081632653061224,49,2,0.4569354350656623
5,numeric_nonpass,5.313283208020049,0.02255818946205201,0.022558599364490315,0.04081632653061224,49,2,0.4569354350656623
5,numeric_nonpass,5.338345864661654,0.02372214017291783,0.02372267351149415,0.04081632653061224,49,2,0.4569354350656623
5,numeric_nonpass,5.363408521303258,0.02487209858963845,0.024872790499534673,0.04081632653061224,49,2,0.4569354350656623
5,numeric_nonpass,5.3884711779448615,0.02600039499607639,0.026001289992296093,0.04081632653061224,49,2,0.4569354350656623
5,numeric_nonpass,5.413533834586466,0.027099197507986332,0.027100351809006575,0.04081632653061224,49,2,0.4569354350656623
5,numeric_nonpass,5.43859649122807,0.02816059971698416,0.028162084094365054,0.04081632653061224,49,2,0.4569354350656623
5,numeric_nonpass,5.463659147869674,0.029176713295886822,0.02917861655598052,0.04081632653061224,49,2,0.4569354350656623
5,numeric_nonpass,5.488721804511278,0.030139764094261685,0.03014219731642844,0.04081632653061224,49,2,0.4569354350656623
5,numeric_nonpass,5.513784461152882,0.031042190119485936,0.031045291795908706,0.04081632653061224,49,2,0.4569354350656623
5,numeric_nonpass,5.538847117794486,0.03187673969858793,0.03188068194403888,0.04081632653061224,49,2,0.4569354350656623
5,numeric_nonpass,5.56390977443609,0.032636568053588236,0.032641564079473745,0.04081632653061224,49,2,0.4569354350656623
5,numeric_nonpass,5.588972431077694,0.033315330500966384,0.03332164357675732,0.04081632653061224,49,2,0.4569354350656623
5,numeric_nonpass,5.614035087719298,0.03390727050611549,0.03391522466290276,0.04081632653061224,49,2,0.4569354350656623
5,numeric_nonpass,5.639097744360902,0.034407300886860843,0.0344172936522438,0.04081632653061224,49,2,0.4569354350656623
5,numeric_nonpass,5.664160401002506,0.03481107656569774,0.03482359405641821,0.04081632653061224,49,2,0.4569354350656623
5,numeric_nonpass,5.68922305764411,0.03511505741644514,0.0351306921549294,0.04081632653061224,49,2,0.4569354350656623
5,numeric_nonpass,5.7142857142857135,0.03531655993437052,0.035336031797331066,0.04081632653061224,49,2,0.4569354350656623
5,numeric_nonpass,5.739348370927318,0.035413796675203696,0.03543797742624702,0.04081632653061224,49,2,0.4569354350656623
5,numeric_nonpass,5.764411027568922,0.03540590265245865,0.03543584455566447,0.04081632653061224,49,2,0.4569354350656623
5,numeric_nonpass,5.789473684210526,0.03529294814788217,0.03532991720481999,0.04081632653061224,49,2,0.4569354350656623
5,numeric_nonpass,5.81453634085213,0.03507593766970622,0.0351214520674195,0.04081632653061224,49,2,0.4569354350656623
5,numeric_nonpass,5.839598997493734,0.03475679508029854,0.03481266948130835,0.04081632653061224,49,2,0.4569354350656623
5,numeric_nonpass,5.864661654135338,0.034338335201147395,0.034406731547209496,0.04081632653061224,49,2,0.4569354350656623
5,numeric_nonpass,5.889724310776942,0.03382422248126992,0.033907708018965664,0.04081632653061224,49,2,0.4569354350656623
5,numeric_nonpass,5.9147869674185465,0.03321891757775017,0.03332053084431924,0.04081632653061224,49,2,0.4569354350656623
5,numeric_nonpass,5.93984962406015,0.03252761293734786,0.032650938467613744,0.04081632653061224,49,2,0.4569354350656623
5,numeric_nonpass,5.964912280701754,0.031756158679847754,0.03190541120762301,0.04081632653061224,49,2,0.4569354350656623
5,numeric_nonpass,5.989974937343358,0.03091098026182911,0.031091099189664278,0.04081632653061224,49,2,0.4569354350656623
5,numeric_nonpass,6.015037593984962,0.02999898953967706,0.03021574443699317,0.04081632653061224,49,2,0.4569354350656623
5,numeric_nonpass,6.040100250626566,0.029027490949972118,0.029287598809213545,0.04081632653061224,49,2,0.4569354350656623
5,numeric_nonpass,6.06516290726817,0.028004084582169363,0.028315339513375608,0.04081632653061224,49,2,0.4569354350656623
5,numeric_nonpass,6.090225563909774,0.026936567932293504,0.027307983906256984,0.04081632653061224,49,2,0.4569354350656623
5,numeric_nonpass,6.115288220551378,0.02583283809806768,0.026274805255040314,0.04081632653061224,49,2,0.4569354350656623
5,numeric_nonpass,6.140350877192982,0.024700796107501928,0.02522525103052775,0.04081632653061224,49,2,0.4569354350656623
5,numeric_nonpass,6.165413533834586,0.023548254967638453,0.024168865175683212,0.04081632653061224,49,2,0.4569354350656623
5,numeric_nonpass,6.19047619047619,0.02238285288197967,0.023115215627233898,0.04081632653061224,49,2,0.4569354350656623
5,numeric_nonpass,6.215538847117794,0.02121197291901944,0.022073828174777058,0.04081632653061224,49,2,0.4569354350656623
5,numeric_nonpass,6.2406015037593985,0.02004267022576044,0.021054127526506303,0.04081632653061224,49,2,0.4569354350656623
5,numeric_nonpass,6.265664160401002,0.01888160767504757,0.02006538621998251,0.04081632653061224,49,2,0.4569354350656623
5,numeric_nonpass,6.290726817042606,0.017735000620099983,0.019116681777304148,0.04081632653061224,49,2,0.4569354350656623
5,numeric_nonpass,6.315789473684211,0.01660857120989393,0.018216862263614415,0.04081632653061224,49,2,0.4569354350656623
5,numeric_nonpass,6.340852130325814,0.015507512500956354,0.01737452017300698,0.04081632653061224,49,2,0.4569354350656623
5,numeric_nonpass,6.365914786967418,0.014436462390224294,0.01659797434309388,0.04081632653061224,49,2,0.4569354350656623
5,numeric_nonpass,6.390977443609022,0.013399487194927213,0.015895259394770916,0.04081632653061224,49,2,0.4569354350656623
5,numeric_nonpass,6.416040100250626,0.012400074523323763,0.015274122012349659,0.04081632653061224,49,2,0.4569354350656623
5,numeric_nonpass,6.4411027568922306,0.011441134918194054,0.014742023225679066,0.04081632653061224,49,2,0.4569354350656623
5,numeric_nonpass,6.466165413533834,0.010525011616045677,0.01430614573365854,0.04081632653061224,49,2,0.4569354350656623
5,numeric_nonpass,6.491228070175438,0.009653497650996356,0.01397340522014303,0.04081632653061224,49,2,0.4569354350656623
5,numeric_nonpass,6.516290726817042,0.008827859444345047,0.01375046456008518,0.04081632653061224,49,2,0.4569354350656623
5,numeric_nonpass,6.541353383458646,0.008048865959215858,0.013643749796204148,0.04081632653061224,49,2,0.4569354350656623
5,numeric_nonpass,6.5664160401002505,0.007316822463868719,0.013659466783817367,0.04081632653061224,49,2,0.4569354350656623
5,numeric_nonpass,6.591478696741854,0.006631607936126799,0.013803617452011531,0.04081632653061224,49,2,0.4569354350656623
5,numeric_nonpass,6.616541353383458,0.0059927151530952665,0.01408201471042486,0.04081632653061224,49,2,0.4569354350656623
5,numeric_nonpass,6.641604010025063,0.005399292542655644,0.01450029513908809,0.04081632653061224,49,2,0.4569354350656623
5,numeric_nonpass,6.666666666666666,0.004850186923455574,0.015063928729832289,0.04081632653061224,49,2,0.4569354350656623
5,numeric_nonpass,6.69172932330827,0.00434398632535264,0.01577822509693539,0.04081632653061224,49,2,0.4569354350656623
5,numeric_nonpass,6.716791979949875,0.0038790621594367025,0.01664833573672271,0.04081632653061224,49,2,0.4569354350656623
5,numeric_nonpass,6.741854636591478,0.0034536100927344835,0.017679252085249494,0.04081632653061224,49,2,0.4569354350656623
5,numeric_nonpass,6.7669172932330826,0.0030656890744398487,0.018875799294334247,0.04081632653061224,49,2,0.4569354350656623
5,numeric_nonpass,6.791979949874686,0.002713258055105365,0.02024262581347344,0.04081632653061224,49,2,0.4569354350656623
5,numeric_nonpass,6.81704260651629,0.002394210034992163,0.021784189023137272,0.04081632653061224,49,2,0.4569354350656623
5,numeric_nonpass,6.842105263157895,0.002106403170304837,0.023504737308545017,0.04081632653061224,49,2,0.4569354350656623
5,numeric_nonpass,6.867167919799498,0.0018476887542563766,0.02540828908767497,0.04081632653061224,49,2,0.4569354350656623
5,numeric_nonpass,6.8922305764411025,0.0016159359720930985,0.027498609409008546,0.04081632653061224,49,2,0.4569354350656623
5,numeric_nonpass,6.917293233082706,0.0014090534040003485,0.02977918481013095,0.04081632653061224,49,2,0.4569354350656623
5,numeric_nonpass,6.94235588972431,0.0012250073162126938,0.03225319717543184,0.04081632653061224,49,2,0.4569354350656623
5,numeric_nonpass,6.967418546365915,0.0010618368380262084,0.03492349734830464,0.04081632653061224,49,2,0.4569354350656623
5,numeric_nonpass,6.992481203007518,0.0009176661704400758,0.03779257923996194,0.04081632653061224,49,2,0.4569354350656623
5,numeric_nonpass,7.017543859649122,0.0007907140108264519,0.040862555133774146,0.04081632653061224,49,2,0.4569354350656623
5,numeric_nonpass,7.042606516290727,0.0006793004075851879,0.04413513281244086,0.04081632653061224,49,2,0.4569354350656623
5,numeric_nonpass,7.06766917293233,0.0005818512796486365,0.04761159503782919,0.04081632653061224,49,2,0.4569354350656623
5,numeric_nonpass,7.0927318295739346,0.0004969008486030656,0.05129278179339854,0.04081632653061224,49,2,0.4569354350656623
5,numeric_nonpass,7.117794486215539,0.00042309223686162175,0.05517907556106447,0.04081632653061224,49,2,0.4569354350656623
5,numeric_nonpass,7.142857142857142,0.00035917648462623124,0.05927038975315916,0.04081632653061224,49,2,0.4569354350656623
5,numeric_nonpass,7.167919799498747,0.00030401023223237305,0.0635661602614251,0.04081632653061224,49,2,0.4569354350656623
5,numeric_nonpass,7.19298245614035,0.0002565523038182734,0.06806533992478615,0.04081632653061224,49,2,0.4569354350656623
5,numeric_nonpass,7.2180451127819545,0.00021585941402342874,0.07276639556228243,0.04081632653061224,49,2,0.4569354350656623
5,numeric_nonpass,7.243107769423559,0.00018108120248593788,0.07766730707336729,0.04081632653061224,49,2,0.4569354350656623
5,numeric_nonpass,7.268170426065162,0.0001514547820993934,0.0827655679809848,0.04081632653061224,49,2,0.4569354350656623
5,numeric_nonpass,7.293233082706767,0.00012629896705870173,0.08805818668928454,0.04081632653061224,49,2,0.4569354350656623
5,numeric_nonpass,7.31829573934837,0.00010500832633409802,0.09354168765278634,0.04081632653061224,49,2,0.4569354350656623
5,numeric_nonpass,7.343358395989974,8.704718793538703e-05,0.09921211161178048,0.04081632653061224,49,2,0.4569354350656623
5,numeric_nonpass,7.368421052631579,7.194369964093739e-05,0.10506501404327229,0.04081632653061224,49,2,0.4569354350656623
5,numeric_nonpass,7.393483709273182,5.928403315093928e-05,0.11109546101031671,0.04081632653061224,49,2,0.4569354350656623
5,numeric_nonpass,7.4185463659147866,4.8706801175380586e-05,0.11729802166629207,0.04081632653061224,49,2,0.4569354350656623
5,numeric_nonpass,7.443609022556391,3.989774099374979e-05,0.12366675678438553,0.04081632653061224,49,2,0.4569354350656623
5,numeric_nonpass,7.468671679197994,3.2584703659879935e-05,0.13019520283473765,0.04081632653061224,49,2,0.4569354350656623
5,numeric_nonpass,7.493734335839599,2.6532975339260717e-05,0.1368763513193001,0.04081632653061224,49,2,0.4569354350656623
5,numeric_nonpass,7.518796992481203,2.154094626816099e-05,0.14370262329313296,0.04081632653061224,49,2,0.4569354350656623
5,numeric_nonpass,7.5438596491228065,1.7436133477440618e-05,0.15066583924488855,0.04081632653061224,49,2,0.4569354350656623
5,numeric_nonpass,7.568922305764411,1.4071555654708729e-05,0.1577571847716836,0.04081632653061224,49,2,0.4569354350656623
5,numeric_nonpass,7.593984962406014,1.1322452223511137e-05,0.1649671727565337,0.04081632653061224,49,2,0.4569354350656623
5,numeric_nonpass,7.619047619047619,9.083333774181067e-06,0.1722856030312705,0.04081632653061224,49,2,0.4569354350656623
5,numeric_nonpass,7.644110275689223,7.265347251593663e-06,0.17970152077503548,0.04081632653061224,49,2,0.4569354350656623
5,numeric_nonpass,7.669172932330826,5.793936647514039e-06,0.1872031751484776,0.04081632653061224,49,2,0.4569354350656623
5,numeric_nonpass,7.694235588972431,4.606778215679496e-06,0.19477797988702344,0.04081632653061224,49,2,0.4569354350656623
5,numeric_nonpass,7.719298245614034,3.6519682856697167e-06,0.2024124777637665,0.04081632653061224,49,2,0.4569354350656623
5,numeric_nonpass,7.744360902255639,2.88644146326487e-06,0.2100923109749873,0.04081632653061224,49,2,0.4569354350656623
5,numeric_nonpass,7.769423558897243,2.2745972459901746e-06,0.21780219959130884,0.04081632653061224,49,2,0.4569354350656623
5,numeric_nonpass,7.794486215538846,1.7871137396009072e-06,0.22552593024859005,0.04081632653061224,49,2,0.4569354350656623
5,numeric_nonpass,7.819548872180451,1.3999281332318291e-06,0.23324635721982467,0.04081632653061224,49,2,0.4569354350656623
5,numeric_nonpass,7.844611528822055,1.0933647892512095e-06,0.2409454179093322,0.04081632653061224,49,2,0.4569354350656623
5,numeric_nonpass,7.8696741854636585,8.513931525011419e-07,0.24860416464206406,0.04081632653061224,49,2,0.4569354350656623
5,numeric_nonpass,7.894736842105263,6.609991186574158e-07,0.25620281438458764,0.04081632653061224,49,2,0.4569354350656623
5,numeric_nonpass,7.919799498746867,5.116549703731321e-07,0.26372081773308836,0.04081632653061224,49,2,0.4569354350656623
5,numeric_nonpass,7.944862155388471,3.9487445060876463e-07,0.27113694814248135,0.04081632653061224,49,2,0.4569354350656623
5,numeric_nonpass,7.969924812030075,3.038409624266702e-07,0.27842941195639026,0.04081632653061224,49,2,0.4569354350656623
5,numeric_nonpass,7.994987468671678,2.3309823914757162e-07,0.28557597933922874,0.04081632653061224,49,2,0.4569354350656623
5,numeric_nonpass,8.020050125313283,1.782941008841844e-07,0.2925541357195052,0.04081632653061224,49,2,0.4569354350656623
5,numeric_nonpass,8.045112781954886,1.35969091876568e-07,0.2993412528397183,0.04081632653061224,49,2,0.4569354350656623
5,numeric_nonpass,8.070175438596491,1.0338287154174638e-07,0.3059147779860171,0.04081632653061224,49,2,0.4569354350656623
5,numeric_nonpass,8.095238095238095,7.837220853522349e-08,0.3122524394539557,0.04081632653061224,49,2,0.4569354350656623
5,numeric_nonpass,8.120300751879698,5.9235302383191225e-08,0.3183324658094313,0.04081632653061224,49,2,0.4569354350656623
5,numeric_nonpass,8.145363408521304,4.4637934758149735e-08,0.32413381604029157,0.04081632653061224,49,2,0.4569354350656623
5,numeric_nonpass,8.170426065162907,3.35376373487661e-08,0.329636417277738,0.04081632653061224,49,2,0.4569354350656623
5,numeric_nonpass,8.19548872180451,2.5122661806667477e-08,0.3348214064101025,0.04081632653061224,49,2,0.4569354350656623
5,numeric_nonpass,8.220551378446114,1.876305644346022e-08,0.33967137162599487,0.04081632653061224,49,2,0.4569354350656623
5,numeric_nonpass,8.24561403508772,1.3971601548998533e-08,0.3441705897187453,0.04081632653061224,49,2,0.4569354350656623
5,numeric_nonpass,8.270676691729323,1.0372737806236817e-08,0.348305254866763,0.04081632653061224,49,2,0.4569354350656623
5,numeric_nonpass,8.295739348370926,7.677947516791747e-09,0.3520636945800077,0.04081632653061224,49,2,0.4569354350656623
5,numeric_nonpass,8.320802005012531,5.666323119496664e-09,0.35543656857368305,0.04081632653061224,49,2,0.4569354350656623
5,numeric_nonpass,8.345864661654135,4.169288232233651e-09,0.35841704649643213,0.04081632653061224,49,2,0.4569354350656623
5,numeric_nonpass,8.370927318295738,3.058629112056388e-09,0.36100096069897636,0.04081632653061224,49,2,0.4569354350656623
5,numeric_nonpass,8.395989974937343,2.237154397258193e-09,0.36318693057499185,0.04081632653061224,49,2,0.4569354350656623
5,numeric_nonpass,8.421052631578947,1.6314330953303725e-09,0.3649764554313704,0.04081632653061224,49,2,0.4569354350656623
5,numeric_nonpass,8.44611528822055,1.1861692908372488e-09,0.36637397334000404,0.04081632653061224,49,2,0.4569354350656623
5,numeric_nonpass,8.471177944862156,8.598607197286451e-10,0.3673868839761814,0.04081632653061224,49,2,0.4569354350656623
5,numeric_nonpass,8.496240601503759,6.214604524868159e-10,0.3680255340464701,0.04081632653061224,49,2,0.4569354350656623
5,numeric_nonpass,8.521303258145362,4.478192569329988e-10,0.36830316453739703,0.04081632653061224,49,2,0.4569354350656623
5,numeric_nonpass,8.546365914786968,3.2173317282542935e-10,0.36823581966060437,0.04081632653061224,49,2,0.4569354350656623
5,numeric_nonpass,8.571428571428571,2.3045845988074624e-10,0.36784221801561146,0.04081632653061224,49,2,0.4569354350656623
5,numeric_nonpass,8.596491228070175,1.6458609184457198e-10,0.36714358712335576,0.04081632653061224,49,2,0.4569354350656623
5,numeric_nonpass,8.62155388471178,1.1719179399327582e-10,0.3661634630886373,0.04081632653061224,49,2,0.4569354350656623
5,numeric_nonpass,8.646616541353383,8.319644938999944e-11,0.36492745771494994,0.04081632653061224,49,2,0.4569354350656623
5,numeric_nonpass,8.671679197994987,5.888651182300546e-11,0.3634629959099852,0.04081632653061224,49,2,0.4569354350656623
5,numeric_nonpass,8.69674185463659,4.155566555164794e-11,0.36179902667518715,0.04081632653061224,49,2,0.4569354350656623
5,numeric_nonpass,8.721804511278195,2.923802000362867e-11,0.35996571136099154,0.04081632653061224,49,2,0.4569354350656623
5,numeric_nonpass,8.746867167919799,2.051015333458837e-11,0.3579940931857701,0.04081632653061224,49,2,0.4569354350656623
5,numeric_nonpass,8.771929824561402,1.4344751042573763e-11,0.355915752258189,0.04081632653061224,49,2,0.4569354350656623
5,numeric_nonpass,8.796992481203008,1.0002768357882115e-11,0.3537624505089334,0.04081632653061224,49,2,0.4569354350656623
5,numeric_nonpass,8.822055137844611,6.954252004636172e-12,0.3515657710297956,0.04081632653061224,49,2,0.4569354350656623
5,numeric_nonpass,8.847117794486214,4.820405597425733e-12,0.34935675633901336,0.04081632653061224,49,2,0.4569354350656623
5,numeric_nonpass,8.87218045112782,3.331345015312138e-12,0.34716555004605437,0.04081632653061224,49,2,0.4569354350656623
5,numeric_nonpass,8.897243107769423,2.2954003674484326e-12,0.3450210462825764,0.04081632653061224,49,2,0.4569354350656623
5,numeric_nonpass,8.922305764411027,1.5768849616906008e-12,0.3429505511057858,0.04081632653061224,49,2,0.4569354350656623
5,numeric_nonpass,8.947368421052632,1.0800509324565416e-12,0.3409794598731516,0.04081632653061224,49,2,0.4569354350656623
5,numeric_nonpass,8.972431077694235,7.375492916104991e-13,0.33913095434094415,0.04081632653061224,49,2,0.4569354350656623
5,numeric_nonpass,8.997493734335839,5.02157996439772e-13,0.33742572296075773,0.04081632653061224,49,2,0.4569354350656623
5,numeric_nonpass,9.022556390977442,3.408726552425947e-13,0.3358817075451317,0.04081632653061224,49,2,0.4569354350656623
5,numeric_nonpass,9.047619047619047,2.3069932406929916e-13,0.33451387915193925,0.04081632653061224,49,2,0.4569354350656623
5,numeric_nonpass,9.072681704260651,1.5566923392513143e-13,0.3333340457030033,0.04081632653061224,49,2,0.4569354350656623
5,numeric_nonpass,9.097744360902254,1.0472768219487554e-13,0.3323506935099276,0.04081632653061224,49,2,0.4569354350656623
5,numeric_nonpass,9.12280701754386,7.024612361707094e-14,0.33156886453298456,0.04081632653061224,49,2,0.4569354350656623
5,numeric_nonpass,9.147869674185463,4.697700592884185e-14,0.33099007084946014,0.04081632653061224,49,2,0.4569354350656623
5,numeric_nonpass,9.172932330827066,3.132206111921564e-14,0.3306122474575613,0.04081632653061224,49,2,0.4569354350656623
5,numeric_nonpass,9.197994987468672,2.0821753061288632e-14,0.3304297441913031,0.04081632653061224,49,2,0.4569354350656623
5,numeric_nonpass,9.223057644110275,1.3800224182381905e-14,0.330433357170393,0.04081632653061224,49,2,0.4569354350656623
5,numeric_nonpass,9.248120300751879,9.119201534659426e-15,0.3306103998561537,0.04081632653061224,49,2,0.4569354350656623
5,numeric_nonpass,9.273182957393484,6.007990535856806e-15,0.33094481342869686,0.04081632653061224,49,2,0.4569354350656623
5,numeric_nonpass,9.298245614035087,3.9464204389118625e-15,0.3314173158405473,0.04081632653061224,49,2,0.4569354350656623
5,numeric_nonpass,9.32330827067669,2.58451514441653e-15,0.3320055885365115,0.04081632653061224,49,2,0.4569354350656623
5,numeric_nonpass,9.348370927318296,1.6875488799463793e-15,0.3326844994579704,0.04081632653061224,49,2,0.4569354350656623
5,numeric_nonpass,9.3734335839599,1.0985886894910609e-15,0.33342636057183317,0.04081632653061224,49,2,0.4569354350656623
5,numeric_nonpass,9.398496240601503,7.130423114094227e-16,0.3342012177807865,0.04081632653061224,49,2,0.4569354350656623
5,numeric_nonpass,9.423558897243108,4.614204388059314e-16,0.33497717068397315,0.04081632653061224,49,2,0.4569354350656623
5,numeric_nonpass,9.448621553884712,2.977005495915122e-16,0.3357207192687297,0.04081632653061224,49,2,0.4569354350656623
5,numeric_nonpass,9.473684210526315,1.9149774340533557e-16,0.3363971342286472,0.04081632653061224,49,2,0.4569354350656623
5,numeric_nonpass,9.498746867167918,1.2281427095117963e-16,0.3369708472263871,0.04081632653061224,49,2,0.4569354350656623
5,numeric_nonpass,9.523809523809524,7.852990865436915e-17,0.33740585705800175,0.04081632653061224,49,2,0.4569354350656623
5,numeric_nonpass,9.548872180451127,5.00636337297303e-17,0.3376661473366644,0.04081632653061224,49,2,0.4569354350656623
5,numeric_nonpass,9.57393483709273,3.182076365630828e-17,0.3377161110063254,0.04081632653061224,49,2,0.4569354350656623
5,numeric_nonpass,9.598997493734336,2.016506915753174e-17,0.3375209767291946,0.04081632653061224,49,2,0.4569354350656623
5,numeric_nonpass,9.62406015037594,1.2740593444951586e-17,0.33704723197475583,0.04081632653061224,49,2,0.4569354350656623
5,numeric_nonpass,9.649122807017543,8.025652636542783e-18,0.336263037482011,0.04081632653061224,49,2,0.4569354350656623
5,numeric_nonpass,9.674185463659148,5.040478374844961e-18,0.3351386276802086,0.04081632653061224,49,2,0.4569354350656623
5,numeric_nonpass,9.699248120300751,3.1561946905226646e-18,0.3336466916451129,0.04081632653061224,49,2,0.4569354350656623
5,numeric_nonpass,9.724310776942355,1.9704090011964965e-18,0.3317627292454709,0.04081632653061224,49,2,0.4569354350656623
5,numeric_nonpass,9.74937343358396,1.2264489802745847e-18,0.3294653773037414,0.04081632653061224,49,2,0.4569354350656623
5,numeric_nonpass,9.774436090225564,7.611022982313466e-19,0.32673670086047074,0.04081632653061224,49,2,0.4569354350656623
5,numeric_nonpass,9.799498746867167,4.709089678657193e-19,0.3235624449948357,0.04081632653061224,49,2,0.4569354350656623
5,numeric_nonpass,9.82456140350877,2.904900141975104e-19,0.3199322431141985,0.04081632653061224,49,2,0.4569354350656623
5,numeric_nonpass,9.849624060150376,1.786593344398405e-19,0.31583977817969683,0.04081632653061224,49,2,0.4569354350656623
5,numeric_nonpass,9.87468671679198,1.0955202553629613e-19,0.3112828939768265,0.04081632653061224,49,2,0.4569354350656623
5,numeric_nonpass,9.899749373433583,6.697538931980221e-20,0.3062636542606565,0.04081632653061224,49,2,0.4569354350656623
5,numeric_nonpass,9.924812030075188,4.0823492488397704e-20,0.3007883483931073,0.04081632653061224,49,2,0.4569354350656623
5,numeric_nonpass,9.949874686716791,2.4808761268052942e-20,0.29486744293031575,0.04081632653061224,49,2,0.4569354350656623
5,numeric_nonpass,9.974937343358395,1.5031418204964036e-20,0.28851547949505363,0.04081632653061224,49,2,0.4569354350656623
5,numeric_nonpass,10.0,9.080185704910577e-21,0.2817509201641211,0.04081632653061224,49,2,0.4569354350656623
5,pass,0.0,1.1233639672405038e-60,3.070357721647716e-36,0.9591836734693877,49,47,0.4569354350656623
5,pass,0.02506265664160401,2.7596791934038515e-60,6.081351835159011e-36,0.9591836734693877,49,47,0.4569354350656623
5,pass,0.05012531328320802,6.759121355564707e-60,1.2009039791002728e-35,0.9591836734693877,49,47,0.4569354350656623
5,pass,0.07518796992481203,1.6504996099793757e-59,2.3643593066807976e-35,0.9591836734693877,49,47,0.4569354350656623
5,pass,0.10025062656641603,4.018224041754368e-59,4.641044630630167e-35,0.9591836734693877,49,47,0.4569354350656623
5,pass,0.12531328320802004,9.753183868643548e-59,9.082703322416512e-35,0.9591836734693877,49,47,0.4569354350656623
5,pass,0.15037593984962405,2.3602185548353234e-58,1.772195649675082e-34,0.9591836734693877,49,47,0.4569354350656623
5,pass,0.17543859649122806,5.694447273425632e-58,3.4475089035798446e-34,0.9591836734693877,49,47,0.4569354350656623
5,pass,0.20050125313283207,1.3697600063965628e-57,6.68646166513773e-34,0.9591836734693877,49,47,0.4569354350656623
5,pass,0.22556390977443608,3.284966462416003e-57,1.2929585240777416e-33,0.9591836734693877,49,47,0.4569354350656623
5,pass,0.2506265664160401,7.854362725033916e-57,2.4927007276251115e-33,0.9591836734693877,49,47,0.4569354350656623
5,pass,0.2756892230576441,1.8723391812988598e-56,4.791296419954552e-33,0.9591836734693877,49,47,0.4569354350656623
5,pass,0.3007518796992481,4.44991441896152e-56,9.181916369512853e-33,0.9591836734693877,49,47,0.4569354350656623
5,pass,0.3258145363408521,1.0544168946955692e-55,1.7543290721207187e-32,0.9591836734693877,49,47,0.4569354350656623
5,pass,0.3508771929824561,2.4909592355339486e-55,3.341844703363366e-32,0.9591836734693877,49,47,0.4569354350656623
5,pass,0.37593984962406013,5.866977939681325e-55,6.346860985742568e-32,0.9591836734693877,49,47,0.4569354350656623
5,pass,0.40100250626566414,1.3777038235788336e-54,1.2017918885384135e-31,0.9591836734693877,49,47,0.4569354350656623
5,pass,0.42606516290726815,3.2254539746195646e-54,2.268804911729548e-31,0.9591836734693877,49,47,0.4569354350656623
5,pass,0.45112781954887216,7.528689997064155e-54,4.270342266230542e-31,0.9591836734693877,49,47,0.4569354350656623
5,pass,0.47619047619047616,1.7520301056461714e-53,8.013567611810736e-31,0.9591836734693877,49,47,0.4569354350656623
5,pass,0.5012531328320802,4.064969594904916e-53,1.4992941934755852e-30,0.9591836734693877,49,47,0.4569354350656623
5,pass,0.5263157894736842,9.4030041893242e-53,2.796698114784842e-30,0.9591836734693877,49,47,0.4569354350656623
5,pass,0.5513784461152882,2.1685505615031686e-52,5.201183088441786e-30,0.9591836734693877,49,47,0.4569354350656623
5,pass,0.5764411027568922,4.98615843591992e-52,9.643985754391473e-30,0.9591836734693877,49,47,0.4569354350656623
5,pass,0.6015037593984962,1.1430262347663615e-51,1.782825716848445e-29,0.9591836734693877,49,47,0.4569354350656623
5,pass,0.6265664160401002,2.612401530085897e-51,3.2859365785345473e-29,0.9591836734693877,49,47,0.4569354350656623
5,pass,0.6516290726817042,5.952744896292803e-51,6.038199622345073e-29,0.9591836734693877,49,47,0.4569354350656623
5,pass,0.6766917293233082,1.3523472692034695e-50,1.106251329305364e-28,0.9591836734693877,49,47,0.4569354350656623
5,pass,0.7017543859649122,3.063040964179898e-50,2.020683244328801e-28,0.9591836734693877,49,47,0.4569354350656623
5,pass,0.7268170426065163,6.916892173475414e-50,3.679940678406546e-28,0.9591836734693877,49,47,0.4569354350656623
5,pass,0.7518796992481203,1.5572661187538247e-49,6.681617121219334e-28,0.9591836734693877,49,47,0.4569354350656623
5,pass,0.7769423558897243,3.4954918784383e-49,1.2095409912914558e-27,0.9591836734693877,49,47,0.4569354350656623
5,pass,0.8020050125313283,7.822532897144116e-49,2.1830208462095475e-27,0.9591836734693877,49,47,0.4569354350656623
5,pass,0.8270676691729323,1.7453404025880854e-48,3.9281992577818275e-27,0.9591836734693877,49,47,0.4569354350656623
5,pass,0.8521303258145363,3.8824559278837413e-48,7.04737723214948e-27,0.9591836734693877,49,47,0.4569354350656623
5,pass,0.8771929824561403,8.610464495103631e-48,1.2605496656654797e-26,0.9591836734693877,49,47,0.4569354350656623
5,pass,0.9022556390977443,1.9038831269066131e-47,2.2479719425930224e-26,0.9591836734693877,49,47,0.4569354350656623
5,pass,0.9273182957393483,4.197083930560554e-47,3.996872951879928e-26,0.9591836734693877,49,47,0.4569354350656623
5,pass,0.9523809523809523,9.224624424990488e-47,7.08513914119135e-26,0.9591836734693877,49,47,0.4569354350656623
5,pass,0.9774436090225563,2.0213587934160902e-46,1.2522039140735924e-25,0.9591836734693877,49,47,0.4569354350656623
5,pass,1.0025062656641603,4.416027862251635e-46,2.206482132314502e-25,0.9591836734693877,49,47,0.4569354350656623
5,pass,1.0275689223057642,9.618644848301435e-46,3.87636362055571e-25,0.9591836734693877,49,47,0.4569354350656623
5,pass,1.0526315789473684,2.0887654161324013e-45,6.7896500597583625e-25,0.9591836734693877,49,47,0.4569354350656623
5,pass,1.0776942355889725,4.5222976923123253e-45,1.1856844209587439e-24,0.9591836734693877,49,47,0.4569354350656623
5,pass,1.1027568922305764,9.761629812567372e-45,2.064380408464038e-24,0.9591836734693877,49,47,0.4569354350656623
5,pass,1.1278195488721803,2.100773519186557e-44,3.5835155222772225e-24,0.9591836734693877,49,47,0.4569354350656623
5,pass,1.1528822055137844,4.507438974508911e-44,6.201944141632868e-24,0.9591836734693877,49,47,0.4569354350656623
5,pass,1.1779448621553885,9.642157134930208e-44,1.0701519910690155e-23,0.9591836734693877,49,47,0.4569354350656623
5,pass,1.2030075187969924,2.0564222262436915e-43,1.8410355912324426e-23,0.9591836734693877,49,47,0.4569354350656623
5,pass,1.2280701754385963,4.372643957110881e-43,3.1577523476939837e-23,0.9591836734693877,49,47,0.4569354350656623
5,pass,1.2531328320802004,9.269785693861618e-43,5.399992609924305e-23,0.9591836734693877,49,47,0.4569354350656623
5,pass,1.2781954887218046,1.959246275236614e-42,9.206775132844694e-23,0.9591836734693877,49,47,0.4569354350656623
5,pass,1.3032581453634084,4.128593572320087e-42,1.56502483616864e-22,0.9591836734693877,49,47,0.4569354350656623
5,pass,1.3283208020050123,8.673792113080055e-42,2.652371271386549e-22,0.9591836734693877,49,47,0.4569354350656623
5,pass,1.3533834586466165,1.816810659648742e-41,4.48174183911543e-22,0.9591836734693877,49,47,0.4569354350656623
5,pass,1.3784461152882206,3.7940593614257317e-41,7.550206916953098e-22,0.9591836734693877,49,47,0.4569354350656623
5,pass,1.4035087719298245,7.899368515373246e-41,1.2681494125736028e-21,0.9591836734693877,49,47,0.4569354350656623
5,pass,1.4285714285714284,1.6397379118955991e-40,2.1236434715340437e-21,0.9591836734693877,49,47,0.4569354350656623
5,pass,1.4536340852130325,3.39351927954954e-40,3.545622197981365e-21,0.9591836734693877,49,47,0.4569354350656623
5,pass,1.4786967418546366,7.001966572347764e-40,5.9020520537819486e-21,0.9591836734693877,49,47,0.4569354350656623
5,pass,1.5037593984962405,1.440401565010572e-39,9.795202049564667e-21,0.9591836734693877,49,47,0.4569354350656623
5,pass,1.5288220551378444,2.9542074261055825e-39,1.6207782740597995e-20,0.9591836734693877,49,47,0.4569354350656623
5,pass,1.5538847117794485,6.040769248417936e-39,2.6738295453509788e-20,0.9591836734693877,49,47,0.4569354350656623
5,pass,1.5789473684210527,1.2315083988029056e-38,4.397884226748951e-20,0.9591836734693877,49,47,0.4569354350656623
5,pass,1.6040100250626566,2.503089574964087e-38,7.211969648168936e-20,0.9591836734693877,49,47,0.4569354350656623
5,pass,1.6290726817042605,5.072350993425321e-38,1.179136468956621e-19,0.9591836734693877,49,47,0.4569354350656623
5,pass,1.6541353383458646,1.0247929032140352e-37,1.922093000523499e-19,0.9591836734693877,49,47,0.4569354350656623
5,pass,1.6791979949874687,2.0642240667542436e-37,3.1238122804605847e-19,0.9591836734693877,49,47,0.4569354350656623
5,pass,1.7042606516290726,4.145448213059787e-37,5.061692116050118e-19,0.9591836734693877,49,47,0.4569354350656623
5,pass,1.7293233082706765,8.300038226769458e-37,8.177241998380408e-19,0.9591836734693877,49,47,0.4569354350656623
5,pass,1.7543859649122806,1.6568479147534614e-36,1.317098836573723e-18,0.9591836734693877,49,47,0.4569354350656623
5,pass,1.7794486215538847,3.297457192264029e-36,2.115097219455935e-18,0.9591836734693877,49,47,0.4569354350656623
5,pass,1.8045112781954886,6.542890743535925e-36,3.386435574430268e-18,0.9591836734693877,49,47,0.4569354350656623
5,pass,1.8295739348370925,1.2943572651294734e-35,5.405749034666042e-18,0.9591836734693877,49,47,0.4569354350656623
5,pass,1.8546365914786966,2.552893354740153e-35,8.60338945287359e-18,0.9591836734693877,49,47,0.4569354350656623
5,pass,1.8796992481203008,5.020017191591566e-35,1.3651613722423441e-17,0.9591836734693877,49,47,0.4569354350656623
5,pass,1.9047619047619047,9.841737461861976e-35,2.1597285482374935e-17,0.9591836734693877,49,47,0.4569354350656623
5,pass,1.9298245614035086,1.923678104924762e-34,3.4065532361347134e-17,0.9591836734693877,49,47,0.4569354350656623
5,pass,1.9548872180451127,3.7487553565823416e-34,5.357128819277627e-17,0.9591836734693877,49,47,0.4569354350656623
5,pass,1.9799498746867168,7.283428885920055e-34,8.399432843393341e-17,0.9591836734693877,49,47,0.4569354350656623
5,pass,2.0050125313283207,1.4108432783044574e-33,1.3130125063588604e-16,0.9591836734693877,49,47,0.4569354350656623
5,pass,2.0300751879699246,2.7246817583212504e-33,2.0463921308258788e-16,0.9591836734693877,49,47,0.4569354350656623
5,pass,2.0551378446115285,5.246225260829238e-33,3.1798747267698043e-16,0.9591836734693877,49,47,0.4569354350656623
5,pass,2.080200501253133,1.0070991789592914e-32,4.926430842612442e-16,0.9591836734693877,49,47,0.4569354350656623
5,pass,2.1052631578947367,1.9274881903434804e-32,7.609498960430161e-16,0.9591836734693877,49,47,0.4569354350656623
5,pass,2.1303258145363406,3.6779464796367305e-32,1.1718744678630821e-15,0.9591836734693877,49,47,0.4569354350656623
5,pass,2.155388471177945,6.997022973722576e-32,1.7993164395421456e-15,0.9591836734693877,49,47,0.4569354350656623
5,pass,2.180451127819549,1.3271359998595573e-31,2.754453825383083e-15,0.9591836734693877,49,47,0.4569354350656623
5,pass,2.2055137844611528,2.5096422461491727e-31,4.204022242837441e-15,0.9591836734693877,49,47,0.4569354350656623
5,pass,2.2305764411027567,4.731539615678927e-31,6.397291522432674e-15,0.9591836734693877,49,47,0.4569354350656623
5,pass,2.2556390977443606,8.893801751855748e-31,9.705747180169224e-15,0.9591836734693877,49,47,0.4569354350656623
5,pass,2.280701754385965,1.6667356730201225e-30,1.4681268154705752e-14,0.9591836734693877,49,47,0.4569354350656623
5,pass,2.305764411027569,3.114155986009199e-30,2.2141141147498644e-14,0.9591836734693877,49,47,0.4569354350656623
5,pass,2.3308270676691727,5.8010734350856914e-30,3.329188081496851e-14,0.9591836734693877,49,47,0.4569354350656623
5,pass,2.355889724310777,1.0773845858876072e-29,4.9908972864086095e-14,0.9591836734693877,49,47,0.4569354350656623
5,pass,2.380952380952381,1.9949295865057313e-29,7.45969330469336e-14,0.9591836734693877,49,47,0.4569354350656623
5,pass,2.406015037593985,3.682805894393285e-29,1.111643214740115e-13,0.9591836734693877,49,47,0.4569354350656623
5,pass,2.4310776942355887,6.77835888403734e-29,1.6516272852685353e-13,0.9591836734693877,49,47,0.4569354350656623
5,pass,2.4561403508771926,1.243840768013785e-28,2.446588468694461e-13,0.9591836734693877,49,47,0.4569354350656623
5,pass,2.481203007518797,2.275618950176169e-28,3.613367368078966e-13,0.9591836734693877,49,47,0.4569354350656623
5,pass,2.506265664160401,4.15077174366852e-28,5.320662359356313e-13,0.9591836734693877,49,47,0.4569354350656623
5,pass,2.5313283208020048,7.54836246650112e-28,7.811271640071683e-13,0.9591836734693877,49,47,0.4569354350656623
5,pass,2.556390977443609,1.3685833643454909e-27,1.1433529343289733e-12,0.9591836734693877,49,47,0.4569354350656623
5,pass,2.581453634085213,2.4739129471360596e-27,1.6685586641635644e-12,0.9591836734693877,49,47,0.4569354350656623
5,pass,2.606516290726817,4.458535705333562e-27,2.4277575922718684e-12,0.9591836734693877,49,47,0.4569354350656623
5,pass,2.631578947368421,8.011148757804652e-27,3.5218585016448063e-12,0.9591836734693877,49,47,0.4569354350656623
5,pass,2.6566416040100247,1.4351327954896794e-26,5.0937930730960354e-12,0.9591836734693877,49,47,0.4569354350656623
5,pass,2.681704260651629,2.5632098442112368e-26,7.345368326803674e-12,0.9591836734693877,49,47,0.4569354350656623
5,pass,2.706766917293233,4.5642671077394096e-26,1.0560605344928269e-11,0.9591836734693877,49,47,0.4569354350656623
5,pass,2.731829573934837,8.103129785925064e-26,1.513795031532108e-11,0.9591836734693877,49,47,0.4569354350656623
5,pass,2.756892230576441,1.4342650936866101e-25,2.1634578417955613e-11,0.9591836734693877,49,47,0.4569354350656623
5,pass,2.781954887218045,2.5310515639849067e-25,3.082712110989322e-11,0.9591836734693877,49,47,0.4569354350656623
5,pass,2.807017543859649,4.453152079739599e-25,4.3794618047332265e-11,0.9591836734693877,49,47,0.4569354350656623
5,pass,2.832080200501253,7.811403505064787e-25,6.203143554857806e-11,0.9591836734693877,49,47,0.4569354350656623
5,pass,2.8571428571428568,1.3661100020539207e-24,8.76004439493599e-11,0.9591836734693877,49,47,0.4569354350656623
5,pass,2.882205513784461,2.3819759207615015e-24,1.2334008431121368e-10,0.9591836734693877,49,47,0.4569354350656623
5,pass,2.907268170426065,4.140799522467328e-24,1.7314330591678317e-10,0.9591836734693877,49,47,0.4569354350656623
5,pass,2.932330827067669,7.176723759244671e-24,2.4233200348601884e-10,0.9591836734693877,49,47,0.4569354350656623
5,pass,2.9573934837092732,1.240119368969205e-23,3.381578825163217e-10,0.9591836734693877,49,47,0.4569354350656623
5,pass,2.982456140350877,2.1364662422919566e-23,4.704700756011879e-10,0.9591836734693877,49,47,0.4569354350656623
5,pass,3.007518796992481,3.669643821194926e-23,6.526018711639995e-10,0.9591836734693877,49,47,0.4569354350656623
5,pass,3.032581453634085,6.284159173513999e-23,9.025442756521335e-10,0.9591836734693877,49,47,0.4569354350656623
5,pass,3.057644110275689,1.072916387778742e-22,1.2444936404214367e-09,0.9591836734693877,49,47,0.4569354350656623
5,pass,3.082706766917293,1.8263334498481941e-22,1.7108852558836755e-09,0.9591836734693877,49,47,0.4569354350656623
5,pass,3.107769423558897,3.099486983624225e-22,2.3450558715309064e-09,0.9591836734693877,49,47,0.4569354350656623
5,pass,3.132832080200501,5.244392247682865e-22,3.204717013105644e-09,0.9591836734693877,49,47,0.4569354350656623
5,pass,3.1578947368421053,8.847003159391397e-22,4.366469496381641e-09,0.9591836734693877,49,47,0.4569354350656623
5,pass,3.182957393483709,1.487965715811594e-21,5.931649768049058e-09,0.9591836734693877,49,47,0.4569354350656623
5,pass,3.208020050125313,2.495085639913544e-21,8.033873096919037e-09,0.9591836734693877,49,47,0.4569354350656623
5,pass,3.233082706766917,4.171323218146678e-21,1.0848730067321108e-08,0.9591836734693877,49,47,0.4569354350656623
5,pass,3.258145363408521,6.952774586687471e-21,1.4606204623450522e-08,0.9591836734693877,49,47,0.4569354350656623
5,pass,3.2832080200501252,1.1554161809359818e-20,1.9606517908022883e-08,0.9591836734693877,49,47,0.4569354350656623
5,pass,3.308270676691729,1.9143211629761323e-20,2.6240266690233336e-08,0.9591836734693877,49,47,0.4569354350656623
5,pass,3.333333333333333,3.162185098001367e-20,3.501392319814661e-08,0.9591836734693877,49,47,0.4569354350656623
5,pass,3.3583959899749374,5.207820195086371e-20,4.658200013009846e-08,0.9591836734693877,49,47,0.4569354350656623
5,pass,3.3834586466165413,8.551079780992015e-20,6.17874665353878e-08,0.9591836734693877,49,47,0.4569354350656623
5,pass,3.408521303258145,1.39985256606777e-19,8.17123336490011e-08,0.9591836734693877,49,47,0.4569354350656623
5,pass,3.433583959899749,2.2847573378701123e-19,1.0774072159134174e-07,0.9591836734693877,49,47,0.4569354350656623
5,pass,3.458646616541353,3.717871637908727e-19,1.4163717536733827e-07,0.9591836734693877,49,47,0.4569354350656623
5,pass,3.4837092731829573,6.031777538722508e-19,1.8564352922731816e-07,0.9591836734693877,49,47,0.4569354350656623
5,pass,3.508771929824561,9.756475147446656e-19,2.4259822950212865e-07,0.9591836734693877,49,47,0.4569354350656623
5,pass,3.533834586466165,1.5733935430710127e-18,3.160827244206888e-07,0.9591836734693877,49,47,0.4569354350656623
5,pass,3.5588972431077694,2.5297562221305854e-18,4.1060032130379274e-07,0.9591836734693877,49,47,0.4569354350656623
5,pass,3.5839598997493733,4.055243783430258e-18,5.317938017932345e-07,0.9591836734693877,49,47,0.4569354350656623
5,pass,3.6090225563909772,6.481154087844838e-18,6.86709077481376e-07,0.9591836734693877,49,47,0.4569354350656623
5,pass,3.634085213032581,1.0327255328072775e-17,8.841132620098895e-07,0.9591836734693877,49,47,0.4569354350656623
5,pass,3.659147869674185,1.640645593226471e-17,1.1348767286786635e-06,0.9591836734693877,49,47,0.4569354350656623
5,pass,3.6842105263157894,2.5986156013405287e-17,1.452430007948788e-06,0.9591836734693877,49,47,0.4569354350656623
5,pass,3.7092731829573933,4.103617021129352e-17,1.853307744892783e-06,0.9591836734693877,49,47,0.4569354350656623
5,pass,3.734335839598997,6.460843709170873e-17,2.3577933643943224e-06,0.9591836734693877,49,47,0.4569354350656623
5,pass,3.7593984962406015,1.0141668239421174e-16,2.9906795561673178e-06,0.9591836734693877,49,47,0.4569354350656623
5,pass,3.7844611528822054,1.587184589456725e-16,3.78216115843942e-06,0.9591836734693877,49,47,0.4569354350656623
5,pass,3.8095238095238093,2.4765293427080395e-16,4.7688784448524086e-06,0.9591836734693877,49,47,0.4569354350656623
5,pass,3.834586466165413,3.8526330862162114e-16,5.995130149588049e-06,0.9591836734693877,49,47,0.4569354350656623
5,pass,3.859649122807017,5.975442737786879e-16,7.514276735242819e-06,0.9591836734693877,49,47,0.4569354350656623
5,pass,3.8847117794486214,9.240190688063893e-16,9.390355338661715e-06,0.9591836734693877,49,47,0.4569354350656623
5,pass,3.9097744360902253,1.4245914311507397e-15,1.1699928431342502e-05,0.9591836734693877,49,47,0.4569354350656623
5,pass,3.9348370927318292,2.1897695816319995e-15,1.4534188400125306e-05,0.9591836734693877,49,47,0.4569354350656623
5,pass,3.9598997493734336,3.3558717770659517e-15,1.8001339875650247e-05,0.9591836734693877,49,47,0.4569354350656623
5,pass,3.9849624060150375,5.12756654239298e-15,2.2229280584586405e-05,0.9591836734693877,49,47,0.4569354350656623
5,pass,4.010025062656641,7.811175934449685e-15,2.7368599641968542e-05,0.9591836734693877,49,47,0.4569354350656623
5,pass,4.035087719298246,1.1863719494583801e-14,3.359590939085522e-05,0.9591836734693877,49,47,0.4569354350656623
5,pass,4.060150375939849,1.796490096295249e-14,4.1117522993937626e-05,0.9591836734693877,49,47,0.4569354350656623
5,pass,4.0852130325814535,2.7122422100007174e-14,5.017348484350017e-05,0.9591836734693877,49,47,0.4569354350656623
5,pass,4.110275689223057,4.0825544200209845e-14,6.104195434747224e-05,0.9591836734693877,49,47,0.4569354350656623
5,pass,4.135338345864661,6.126826085478874e-14,7.404393564947968e-05,0.9591836734693877,49,47,0.4569354350656623
5,pass,4.160401002506266,9.167256358019456e-14,8.954833625052772e-05,0.9591836734693877,49,47,0.4569354350656623
5,pass,4.185463659147869,1.3675513890151935e-13,0.00010797732625007,0.9591836734693877,49,47,0.4569354350656623
5,pass,4.2105263157894735,2.0339889844126436e-13,0.00012981195698454155,0.9591836734693877,49,47,0.4569354350656623
5,pass,4.235588972431078,3.0161602762185205e-13,0.0001555979832305589,0.9591836734693877,49,47,0.4569354350656623
5,pass,4.260651629072681,4.459245004829314e-13,0.00018595181693495635,0.9591836734693877,49,47,0.4569354350656623
5,pass,4.285714285714286,6.573090038878508e-13,0.00022156652277955706,0.9591836734693877,49,47,0.4569354350656623
5,pass,4.31077694235589,9.66005040775186e-13,0.0002632177470069611,0.9591836734693877,49,47,0.4569354350656623
5,pass,4.335839598997493,1.415438526620928e-12,0.00031176945113107064,0.9591836734693877,49,47,0.4569354350656623
5,pass,4.360902255639098,2.067781724859995e-12,0.00036817930182934234,0.9591836734693877,49,47,0.4569354350656623
5,pass,4.385964912280701,3.0117623072909414e-12,0.00043350354795386106,0.9591836734693877,49,47,0.4569354350656623
5,pass,4.4110275689223055,4.3736022508433974e-12,0.0005089011957910997,0.9591836734693877,49,47,0.4569354350656623
5,pass,4.43609022556391,6.332289219138581e-12,0.0005956372751229372,0.9591836734693877,49,47,0.4569354350656623
5,pass,4.461152882205513,9.140824168969803e-12,0.0006950849720570976,0.9591836734693877,49,47,0.4569354350656623
5,pass,4.486215538847118,1.315568355896499e-11,0.0008087263908390588,0.9591836734693877,49,47,0.4569354350656623
5,pass,4.511278195488721,1.8877533071225018e-11,0.0009381516968226862,0.9591836734693877,49,47,0.4569354350656623
5,pass,4.5363408521303255,2.700729793021747e-11,0.0010850563873916785,0.9591836734693877,49,47,0.4569354350656623
5,pass,4.56140350877193,3.852311817201217e-11,0.001251236437824796,0.9591836734693877,49,47,0.4569354350656623
5,pass,4.586466165413533,5.4785606152064614e-11,0.0014385810757998395,0.9591836734693877,49,47,0.4569354350656623
5,pass,4.611528822055138,7.768132058806858e-11,0.0016490629522893886,0.9591836734693877,49,47,0.4569354350656623
5,pass,4.636591478696742,1.0981765906506467e-10,0.0018847254987735765,0.9591836734693877,49,47,0.4569354350656623
5,pass,4.661654135338345,1.547866820757829e-10,0.002147667291599732,0.9591836734693877,49,47,0.4569354350656623
5,pass,4.68671679197995,2.1752101201254802e-10,0.002440023284389678,0.9591836734693877,49,47,0.4569354350656623
5,pass,4.711779448621554,3.047722736204615e-10,0.0027639428188422337,0.9591836734693877,49,47,0.4569354350656623
5,pass,4.7368421052631575,4.257520278289276e-10,0.0031215643830437576,0.9591836734693877,49,47,0.4569354350656623
5,pass,4.761904761904762,5.929873858329432e-10,0.0035149871541223033,0.9591836734693877,49,47,0.4569354350656623
5,pass,4.786967418546365,8.234592053514573e-10,0.0039462394380687105,0.9591836734693877,49,47,0.4569354350656623
5,pass,4.81203007518797,1.1401108701479703e-09,0.00441724420275385,0.9591836734693877,49,47,0.4569354350656623
5,pass,4.837092731829574,1.5738412496598331e-09,0.004929781989180294,0.9591836734693877,49,47,0.4569354350656623
5,pass,4.8621553884711775,2.1661278893525543e-09,0.005485451579044635,0.9591836734693877,49,47,0.4569354350656623
5,pass,4.887218045112782,2.972467450560175e-09,0.006085628891624161,0.9591836734693877,49,47,0.4569354350656623
5,pass,4.912280701754385,4.066871904324759e-09,0.006731424677394505,0.9591836734693877,49,47,0.4569354350656623
5,pass,4.93734335839599,5.547723394929542e-09,0.007423641666915133,0.9591836734693877,49,47,0.4569354350656623
5,pass,4.962406015037594,7.54537090107563e-09,0.008162731918453497,0.9591836734693877,49,47,0.4569354350656623
5,pass,4.987468671679197,1.023195124755402e-08,0.008948755183494727,0.9591836734693877,49,47,0.4569354350656623
5,pass,5.012531328320802,1.3834039677118198e-08,0.009781339172587196,0.9591836734693877,49,47,0.4569354350656623
5,pass,5.037593984962406,1.8648885781958278e-08,0.01065964265185318,0.9591836734693877,49,47,0.4569354350656623
5,pass,5.0626566416040095,2.506517457263914e-08,0.011582322330062176,0.9591836734693877,49,47,0.4569354350656623
5,pass,5.087719298245614,3.358947611039423e-08,0.012547504504815302,0.9591836734693877,49,47,0.4569354350656623
5,pass,5.112781954887218,4.487981761399878e-08,0.013552762421920318,0.9591836734693877,49,47,0.4569354350656623
5,pass,5.137844611528822,5.978813737880246e-08,0.01459510026275515,0.9591836734693877,49,47,0.4569354350656623
5,pass,5.162907268170426,7.941376928204113e-08,0.015670944609244678,0.9591836734693877,49,47,0.4569354350656623
5,pass,5.1879699248120295,1.0517057013236952e-07,0.016776144144643637,0.9591836734693877,49,47,0.4569354350656623
5,pass,5.213032581453634,1.3887085062389685e-07,0.017905978231039246,0.9591836734693877,49,47,0.4569354350656623
5,pass,5.238095238095238,1.8282991600093408e-07,0.01905517486259541,0.9591836734693877,49,47,0.4569354350656623
5,pass,5.263157894736842,2.3999577727037986e-07,0.020217938329157078,0.9591836734693877,49,47,0.4569354350656623
5,pass,5.288220551378446,3.141094709627859e-07,0.021387986740848908,0.9591836734693877,49,47,0.4569354350656623
5,pass,5.313283208020049,4.0990243830508225e-07,0.022558599364490315,0.9591836734693877,49,47,0.4569354350656623
5,pass,5.338345864661654,5.333385763194231e-07,0.02372267351149415,0.9591836734693877,49,47,0.4569354350656623
5,pass,5.363408521303258,6.919098962231487e-07,0.024872790499534673,0.9591836734693877,49,47,0.4569354350656623
5,pass,5.3884711779448615,8.949962197020516e-07,0.026001289992296093,0.9591836734693877,49,47,0.4569354350656623
5,pass,5.413533834586466,1.1543010202438167e-06,0.027100351809006575,0.9591836734693877,49,47,0.4569354350656623
5,pass,5.43859649122807,1.484377380893602e-06,0.028162084094365054,0.9591836734693877,49,47,0.4569354350656623
5,pass,5.463659147869674,1.9032600936979814e-06,0.02917861655598052,0.9591836734693877,49,47,0.4569354350656623
5,pass,5.488721804511278,2.433222166756663e-06,0.03014219731642844,0.9591836734693877,49,47,0.4569354350656623
5,pass,5.513784461152882,3.101676422770121e-06,0.031045291795908706,0.9591836734693877,49,47,0.4569354350656623
5,pass,5.538847117794486,3.942245450953507e-06,0.03188068194403888,0.9591836734693877,49,47,0.4569354350656623
5,pass,5.56390977443609,4.9960258855100425e-06,0.032641564079473745,0.9591836734693877,49,47,0.4569354350656623
5,pass,5.588972431077694,6.313075790938788e-06,0.03332164357675732,0.9591836734693877,49,47,0.4569354350656623
5,pass,5.614035087719298,7.9541567872713e-06,0.03391522466290276,0.9591836734693877,49,47,0.4569354350656623
5,pass,5.639097744360902,9.992765382960261e-06,0.0344172936522438,0.9591836734693877,49,47,0.4569354350656623
5,pass,5.664160401002506,1.2517490720469187e-05,0.03482359405641821,0.9591836734693877,49,47,0.4569354350656623
5,pass,5.68922305764411,1.5634738484260803e-05,0.0351306921549294,0.9591836734693877,49,47,0.4569354350656623
5,pass,5.7142857142857135,1.9471862960542476e-05,0.035336031797331066,0.9591836734693877,49,47,0.4569354350656623
5,pass,5.739348370927318,2.4180751043326626e-05,0.03543797742624702,0.9591836734693877,49,47,0.4569354350656623
5,pass,5.764411027568922,2.9941903205811636e-05,0.03543584455566447,0.9591836734693877,49,47,0.4569354350656623
5,pass,5.789473684210526,3.696905693782081e-05,0.03532991720481999,0.9591836734693877,49,47,0.4569354350656623
5,pass,5.81453634085213,4.551439771327709e-05,0.0351214520674195,0.9591836734693877,49,47,0.4569354350656623
5,pass,5.839598997493734,5.587440100981619e-05,0.03481266948130835,0.9591836734693877,49,47,0.4569354350656623
5,pass,5.864661654135338,6.83963460620989e-05,0.034406731547209496,0.9591836734693877,49,47,0.4569354350656623
5,pass,5.889724310776942,8.348553769574386e-05,0.033907708018965664,0.9591836734693877,49,47,0.4569354350656623
5,pass,5.9147869674185465,0.00010161326656907402,0.03332053084431924,0.9591836734693877,49,47,0.4569354350656623
5,pass,5.93984962406015,0.000123325530265882,0.032650938467613744,0.9591836734693877,49,47,0.4569354350656623
5,pass,5.964912280701754,0.00014925252777525528,0.03190541120762301,0.9591836734693877,49,47,0.4569354350656623
5,pass,5.989974937343358,0.00018011892783516758,0.031091099189664278,0.9591836734693877,49,47,0.4569354350656623
5,pass,6.015037593984962,0.00021675489731611152,0.03021574443699317,0.9591836734693877,49,47,0.4569354350656623
5,pass,6.040100250626566,0.0002601078592414276,0.029287598809213545,0.9591836734693877,49,47,0.4569354350656623
5,pass,6.06516290726817,0.000311254931206243,0.028315339513375608,0.9591836734693877,49,47,0.4569354350656623
5,pass,6.090225563909774,0.00037141597396348,0.027307983906256984,0.9591836734693877,49,47,0.4569354350656623
5,pass,6.115288220551378,0.00044196715697263425,0.026274805255040314,0.9591836734693877,49,47,0.4569354350656623
5,pass,6.140350877192982,0.0005244549230258219,0.02522525103052775,0.9591836734693877,49,47,0.4569354350656623
5,pass,6.165413533834586,0.0006206102080447578,0.024168865175683212,0.9591836734693877,49,47,0.4569354350656623
5,pass,6.19047619047619,0.0007323627452542272,0.023115215627233898,0.9591836734693877,49,47,0.4569354350656623
5,pass,6.215538847117794,0.0008618552557576195,0.022073828174777058,0.9591836734693877,49,47,0.4569354350656623
5,pass,6.2406015037593985,0.0010114573007458634,0.021054127526506303,0.9591836734693877,49,47,0.4569354350656623
5,pass,6.265664160401002,0.0011837785449349365,0.02006538621998251,0.9591836734693877,49,47,0.4569354350656623
5,pass,6.290726817042606,0.0013816811572041649,0.019116681777304148,0.9591836734693877,49,47,0.4569354350656623
5,pass,6.315789473684211,0.0016082910537204838,0.018216862263614415,0.9591836734693877,49,47,0.4569354350656623
5,pass,6.340852130325814,0.0018670076720506278,0.01737452017300698,0.9591836734693877,49,47,0.4569354350656623
5,pass,6.365914786967418,0.0021615119528695854,0.01659797434309388,0.9591836734693877,49,47,0.4569354350656623
5,pass,6.390977443609022,0.0024957721998437035,0.015895259394770916,0.9591836734693877,49,47,0.4569354350656623
5,pass,6.416040100250626,0.002874047489025895,0.015274122012349659,0.9591836734693877,49,47,0.4569354350656623
5,pass,6.4411027568922306,0.003300888307485012,0.014742023225679066,0.9591836734693877,49,47,0.4569354350656623
5,pass,6.466165413533834,0.0037811341176128624,0.01430614573365854,0.9591836734693877,49,47,0.4569354350656623
5,pass,6.491228070175438,0.004319907569146673,0.01397340522014303,0.9591836734693877,49,47,0.4569354350656623
5,pass,6.516290726817042,0.004922605115740133,0.01375046456008518,0.9591836734693877,49,47,0.4569354350656623
5,pass,6.541353383458646,0.00559488383698829,0.013643749796204148,0.9591836734693877,49,47,0.4569354350656623
5,pass,6.5664160401002505,0.006342644319948647,0.013659466783817367,0.9591836734693877,49,47,0.4569354350656623
5,pass,6.591478696741854,0.0071720095158847325,0.013803617452011531,0.9591836734693877,49,47,0.4569354350656623
5,pass,6.616541353383458,0.008089299557329593,0.01408201471042486,0.9591836734693877,49,47,0.4569354350656623
5,pass,6.641604010025063,0.009101002596432445,0.01450029513908809,0.9591836734693877,49,47,0.4569354350656623
5,pass,6.666666666666666,0.010213741806376714,0.015063928729832289,0.9591836734693877,49,47,0.4569354350656623
5,pass,6.69172932330827,0.011434238771582752,0.01577822509693539,0.9591836734693877,49,47,0.4569354350656623
5,pass,6.716791979949875,0.01276927357728601,0.01664833573672271,0.9591836734693877,49,47,0.4569354350656623
5,pass,6.741854636591478,0.01422564199251501,0.017679252085249494,0.9591836734693877,49,47,0.4569354350656623
5,pass,6.7669172932330826,0.015810110219894397,0.018875799294334247,0.9591836734693877,49,47,0.4569354350656623
5,pass,6.791979949874686,0.017529367758368077,0.02024262581347344,0.9591836734693877,49,47,0.4569354350656623
5,pass,6.81704260651629,0.01938997898814511,0.021784189023137272,0.9591836734693877,49,47,0.4569354350656623
5,pass,6.842105263157895,0.02139833413824018,0.023504737308545017,0.9591836734693877,49,47,0.4569354350656623
5,pass,6.867167919799498,0.023560600333418592,0.02540828908767497,0.9591836734693877,49,47,0.4569354350656623
5,pass,6.8922305764411025,0.025882673436915447,0.027498609409008546,0.9591836734693877,49,47,0.4569354350656623
5,pass,6.917293233082706,0.0283701314061306,0.02977918481013095,0.9591836734693877,49,47,0.4569354350656623
5,pass,6.94235588972431,0.031028189859219145,0.03225319717543184,0.9591836734693877,49,47,0.4569354350656623
5,pass,6.967418546365915,0.03386166051027843,0.03492349734830464,0.9591836734693877,49,47,0.4569354350656623
5,pass,6.992481203007518,0.03687491306952186,0.03779257923996194,0.9591836734693877,49,47,0.4569354350656623
5,pass,7.017543859649122,0.0400718411229477,0.040862555133774146,0.9591836734693877,49,47,0.4569354350656623
5,pass,7.042606516290727,0.04345583240485567,0.04413513281244086,0.9591836734693877,49,47,0.4569354350656623
5,pass,7.06766917293233,0.04702974375818055,0.04761159503782919,0.9591836734693877,49,47,0.4569354350656623
5,pass,7.0927318295739346,0.05079588094479547,0.05129278179339854,0.9591836734693877,49,47,0.4569354350656623
5,pass,7.117794486215539,0.054755983324202846,0.05517907556106447,0.9591836734693877,49,47,0.4569354350656623
5,pass,7.142857142857142,0.05891121326853293,0.05927038975315916,0.9591836734693877,49,47,0.4569354350656623
5,pass,7.167919799498747,0.06326215002919272,0.0635661602614251,0.9591836734693877,49,47,0.4569354350656623
5,pass,7.19298245614035,0.06780878762096788,0.06806533992478615,0.9591836734693877,49,47,0.4569354350656623
5,pass,7.2180451127819545,0.072550536148259,0.07276639556228243,0.9591836734693877,49,47,0.4569354350656623
5,pass,7.243107769423559,0.07748622587088135,0.07766730707336729,0.9591836734693877,49,47,0.4569354350656623
5,pass,7.268170426065162,0.08261411319888541,0.0827655679809848,0.9591836734693877,49,47,0.4569354350656623
5,pass,7.293233082706767,0.08793188772222583,0.08805818668928454,0.9591836734693877,49,47,0.4569354350656623
5,pass,7.31829573934837,0.09343667932645223,0.09354168765278634,0.9591836734693877,49,47,0.4569354350656623
5,pass,7.343358395989974,0.0991250644238451,0.09921211161178048,0.9591836734693877,49,47,0.4569354350656623
5,pass,7.368421052631579,0.10499307034363135,0.10506501404327229,0.9591836734693877,49,47,0.4569354350656623
5,pass,7.393483709273182,0.11103617697716578,0.11109546101031671,0.9591836734693877,49,47,0.4569354350656623
5,pass,7.4185463659147866,0.11724931486511668,0.11729802166629207,0.9591836734693877,49,47,0.4569354350656623
5,pass,7.443609022556391,0.12362685904339178,0.12366675678438553,0.9591836734693877,49,47,0.4569354350656623
5,pass,7.468671679197994,0.13016261813107777,0.13019520283473765,0.9591836734693877,49,47,0.4569354350656623
5,pass,7.493734335839599,0.13684981834396084,0.1368763513193001,0.9591836734693877,49,47,0.4569354350656623
5,pass,7.518796992481203,0.1436810823468648,0.14370262329313296,0.9591836734693877,49,47,0.4569354350656623
5,pass,7.5438596491228065,0.15064840311141112,0.15066583924488855,0.9591836734693877,49,47,0.4569354350656623
5,pass,7.568922305764411,0.15774311321602888,0.1577571847716836,0.9591836734693877,49,47,0.4569354350656623
5,pass,7.593984962406014,0.16495585030431018,0.1649671727565337,0.9591836734693877,49,47,0.4569354350656623
5,pass,7.619047619047619,0.17227651969749633,0.1722856030312705,0.9591836734693877,49,47,0.4569354350656623
5,pass,7.644110275689223,0.1796942554277839,0.17970152077503548,0.9591836734693877,49,47,0.4569354350656623
5,pass,7.669172932330826,0.18719738121183008,0.1872031751484776,0.9591836734693877,49,47,0.4569354350656623
5,pass,7.694235588972431,0.19477337310880777,0.19477797988702344,0.9591836734693877,49,47,0.4569354350656623
5,pass,7.719298245614034,0.20240882579548083,0.2024124777637665,0.9591836734693877,49,47,0.4569354350656623
5,pass,7.744360902255639,0.21008942453352403,0.2100923109749873,0.9591836734693877,49,47,0.4569354350656623
5,pass,7.769423558897243,0.21779992499406284,0.21780219959130884,0.9591836734693877,49,47,0.4569354350656623
5,pass,7.794486215538846,0.22552414313485045,0.22552593024859005,0.9591836734693877,49,47,0.4569354350656623
5,pass,7.819548872180451,0.23324495729169145,0.23324635721982467,0.9591836734693877,49,47,0.4569354350656623
5,pass,7.844611528822055,0.24094432454454293,0.2409454179093322,0.9591836734693877,49,47,0.4569354350656623
5,pass,7.8696741854636585,0.24860331324891155,0.24860416464206406,0.9591836734693877,49,47,0.4569354350656623
5,pass,7.894736842105263,0.256202153385469,0.25620281438458764,0.9591836734693877,49,47,0.4569354350656623
5,pass,7.919799498746867,0.26372030607811797,0.26372081773308836,0.9591836734693877,49,47,0.4569354350656623
5,pass,7.944862155388471,0.27113655326803077,0.27113694814248135,0.9591836734693877,49,47,0.4569354350656623
5,pass,7.969924812030075,0.2784291081154278,0.27842941195639026,0.9591836734693877,49,47,0.4569354350656623
5,pass,7.994987468671678,0.2855757462409896,0.28557597933922874,0.9591836734693877,49,47,0.4569354350656623
5,pass,8.020050125313283,0.29255395742540435,0.2925541357195052,0.9591836734693877,49,47,0.4569354350656623
5,pass,8.045112781954886,0.2993411168706264,0.2993412528397183,0.9591836734693877,49,47,0.4569354350656623
5,pass,8.070175438596491,0.30591467460314553,0.3059147779860171,0.9591836734693877,49,47,0.4569354350656623
5,pass,8.095238095238095,0.31225236108174714,0.3122524394539557,0.9591836734693877,49,47,0.4569354350656623
5,pass,8.120300751879698,0.3183324065741289,0.3183324658094313,0.9591836734693877,49,47,0.4569354350656623
5,pass,8.145363408521304,0.32413377140235683,0.32413381604029157,0.9591836734693877,49,47,0.4569354350656623
5,pass,8.170426065162907,0.3296363837401007,0.329636417277738,0.9591836734693877,49,47,0.4569354350656623
5,pass,8.19548872180451,0.3348213812874407,0.3348214064101025,0.9591836734693877,49,47,0.4569354350656623
5,pass,8.220551378446114,0.3396713528629384,0.33967137162599487,0.9591836734693877,49,47,0.4569354350656623
5,pass,8.24561403508772,0.34417057574714377,0.3441705897187453,0.9591836734693877,49,47,0.4569354350656623
5,pass,8.270676691729323,0.3483052444940252,0.348305254866763,0.9591836734693877,49,47,0.4569354350656623
5,pass,8.295739348370926,0.3520636869020602,0.3520636945800077,0.9591836734693877,49,47,0.4569354350656623
5,pass,8.320802005012531,0.3554365629073599,0.35543656857368305,0.9591836734693877,49,47,0.4569354350656623
5,pass,8.345864661654135,0.3584170423271439,0.35841704649643213,0.9591836734693877,49,47,0.4569354350656623
5,pass,8.370927318295738,0.36100095764034723,0.36100096069897636,0.9591836734693877,49,47,0.4569354350656623
5,pass,8.395989974937343,0.36318692833783744,0.36318693057499185,0.9591836734693877,49,47,0.4569354350656623
5,pass,8.421052631578947,0.3649764537999373,0.3649764554313704,0.9591836734693877,49,47,0.4569354350656623
5,pass,8.44611528822055,0.36637397215383477,0.36637397334000404,0.9591836734693877,49,47,0.4569354350656623
5,pass,8.471177944862156,0.3673868831163207,0.3673868839761814,0.9591836734693877,49,47,0.4569354350656623
5,pass,8.496240601503759,0.36802553342500965,0.3680255340464701,0.9591836734693877,49,47,0.4569354350656623
5,pass,8.521303258145362,0.36830316408957775,0.36830316453739703,0.9591836734693877,49,47,0.4569354350656623
5,pass,8.546365914786968,0.3682358193388712,0.36823581966060437,0.9591836734693877,49,47,0.4569354350656623
5,pass,8.571428571428571,0.36784221778515297,0.36784221801561146,0.9591836734693877,49,47,0.4569354350656623
5,pass,8.596491228070175,0.3671435869587697,0.36714358712335576,0.9591836734693877,49,47,0.4569354350656623
5,pass,8.62155388471178,0.3661634629714455,0.3661634630886373,0.9591836734693877,49,47,0.4569354350656623
5,pass,8.646616541353383,0.3649274576317535,0.36492745771494994,0.9591836734693877,49,47,0.4569354350656623
5,pass,8.671679197994987,0.3634629958510987,0.3634629959099852,0.9591836734693877,49,47,0.4569354350656623
5,pass,8.69674185463659,0.3617990266336315,0.36179902667518715,0.9591836734693877,49,47,0.4569354350656623
5,pass,8.721804511278195,0.35996571133175354,0.35996571136099154,0.9591836734693877,49,47,0.4569354350656623
5,pass,8.746867167919799,0.35799409316525993,0.3579940931857701,0.9591836734693877,49,47,0.4569354350656623
5,pass,8.771929824561402,0.35591575224384425,0.355915752258189,0.9591836734693877,49,47,0.4569354350656623
5,pass,8.796992481203008,0.3537624504989306,0.3537624505089334,0.9591836734693877,49,47,0.4569354350656623
5,pass,8.822055137844611,0.3515657710228413,0.3515657710297956,0.9591836734693877,49,47,0.4569354350656623
5,pass,8.847117794486214,0.34935675633419294,0.34935675633901336,0.9591836734693877,49,47,0.4569354350656623
5,pass,8.87218045112782,0.34716555004272304,0.34716555004605437,0.9591836734693877,49,47,0.4569354350656623
5,pass,8.897243107769423,0.345021046280281,0.3450210462825764,0.9591836734693877,49,47,0.4569354350656623
5,pass,8.922305764411027,0.3429505511042089,0.3429505511057858,0.9591836734693877,49,47,0.4569354350656623
5,pass,8.947368421052632,0.34097945987207157,0.3409794598731516,0.9591836734693877,49,47,0.4569354350656623
5,pass,8.972431077694235,0.33913095434020657,0.33913095434094415,0.9591836734693877,49,47,0.4569354350656623
5,pass,8.997493734335839,0.3374257229602556,0.33742572296075773,0.9591836734693877,49,47,0.4569354350656623
5,pass,9.022556390977442,0.3358817075447908,0.3358817075451317,0.9591836734693877,49,47,0.4569354350656623
5,pass,9.047619047619047,0.33451387915170855,0.33451387915193925,0.9591836734693877,49,47,0.4569354350656623
5,pass,9.072681704260651,0.33333404570284764,0.3333340457030033,0.9591836734693877,49,47,0.4569354350656623
5,pass,9.097744360902254,0.3323506935098228,0.3323506935099276,0.9591836734693877,49,47,0.4569354350656623
5,pass,9.12280701754386,0.33156886453291434,0.33156886453298456,0.9591836734693877,49,47,0.4569354350656623
5,pass,9.147869674185463,0.3309900708494132,0.33099007084946014,0.9591836734693877,49,47,0.4569354350656623
5,pass,9.172932330827066,0.33061224745753,0.3306122474575613,0.9591836734693877,49,47,0.4569354350656623
5,pass,9.197994987468672,0.3304297441912823,0.3304297441913031,0.9591836734693877,49,47,0.4569354350656623
5,pass,9.223057644110275,0.3304333571703792,0.330433357170393,0.9591836734693877,49,47,0.4569354350656623
5,pass,9.248120300751879,0.3306103998561446,0.3306103998561537,0.9591836734693877,49,47,0.4569354350656623
5,pass,9.273182957393484,0.33094481342869086,0.33094481342869686,0.9591836734693877,49,47,0.4569354350656623
5,pass,9.298245614035087,0.33141731584054335,0.3314173158405473,0.9591836734693877,49,47,0.4569354350656623
5,pass,9.32330827067669,0.3320055885365089,0.3320055885365115,0.9591836734693877,49,47,0.4569354350656623
5,pass,9.348370927318296,0.33268449945796874,0.3326844994579704,0.9591836734693877,49,47,0.4569354350656623
5,pass,9.3734335839599,0.33342636057183206,0.33342636057183317,0.9591836734693877,49,47,0.4569354350656623
5,pass,9.398496240601503,0.33420121778078576,0.3342012177807865,0.9591836734693877,49,47,0.4569354350656623
5,pass,9.423558897243108,0.3349771706839727,0.33497717068397315,0.9591836734693877,49,47,0.4569354350656623
5,pass,9.448621553884712,0.33572071926872943,0.3357207192687297,0.9591836734693877,49,47,0.4569354350656623
5,pass,9.473684210526315,0.33639713422864703,0.3363971342286472,0.9591836734693877,49,47,0.4569354350656623
5,pass,9.498746867167918,0.336970847226387,0.3369708472263871,0.9591836734693877,49,47,0.4569354350656623
5,pass,9.523809523809524,0.3374058570580017,0.33740585705800175,0.9591836734693877,49,47,0.4569354350656623
5,pass,9.548872180451127,0.33766614733666434,0.3376661473366644,0.9591836734693877,49,47,0.4569354350656623
5,pass,9.57393483709273,0.33771611100632537,0.3377161110063254,0.9591836734693877,49,47,0.4569354350656623
5,pass,9.598997493734336,0.3375209767291946,0.3375209767291946,0.9591836734693877,49,47,0.4569354350656623
5,pass,9.62406015037594,0.33704723197475583,0.33704723197475583,0.9591836734693877,49,47,0.4569354350656623
5,pass,9.649122807017543,0.336263037482011,0.336263037482011,0.9591836734693877,49,47,0.4569354350656623
5,pass,9.674185463659148,0.3351386276802086,0.3351386276802086,0.9591836734693877,49,47,0.4569354350656623
5,pass,9.699248120300751,0.3336466916451129,0.3336466916451129,0.9591836734693877,49,47,0.4569354350656623
5,pass,9.724310776942355,0.3317627292454709,0.3317627292454709,0.9591836734693877,49,47,0.4569354350656623
5,pass,9.74937343358396,0.3294653773037414,0.3294653773037414,0.9591836734693877,49,47,0.4569354350656623
5,pass,9.774436090225564,0.32673670086047074,0.32673670086047074,0.9591836734693877,49,47,0.4569354350656623
5,pass,9.799498746867167,0.3235624449948357,0.3235624449948357,0.9591836734693877,49,47,0.4569354350656623
5,pass,9.82456140350877,0.3199322431141985,0.3199322431141985,0.9591836734693877,49,47,0.4569354350656623
5,pass,9.849624060150376,0.31583977817969683,0.31583977817969683,0.9591836734693877,49,47,0.4569354350656623
5,pass,9.87468671679198,0.3112828939768265,0.3112828939768265,0.9591836734693877,49,47,0.4569354350656623
5,pass,9.899749373433583,0.3062636542606565,0.3062636542606565,0.9591836734693877,49,47,0.4569354350656623
5,pass,9.924812030075188,0.3007883483931073,0.3007883483931073,0.9591836734693877,49,47,0.4569354350656623
5,pass,9.949874686716791,0.29486744293031575,0.29486744293031575,0.9591836734693877,49,47,0.4569354350656623
5,pass,9.974937343358395,0.28851547949505363,0.28851547949505363,0.9591836734693877,49,47,0.4569354350656623
5,pass,10.0,0.2817509201641211,0.2817509201641211,0.9591836734693877,49,47,0.4569354350656623
6+,numeric_nonpass,0.0,2.8987175918509365e-13,2.8987175918509365e-13,0.03676470588235294,136,5,0.38987660088613196
6+,numeric_nonpass,0.02506265664160401,4.51490048048388e-13,4.51490048048388e-13,0.03676470588235294,136,5,0.38987660088613196
6+,numeric_nonpass,0.05012531328320802,7.003188066722169e-13,7.003188066722169e-13,0.03676470588235294,136,5,0.38987660088613196
6+,numeric_nonpass,0.07518796992481203,1.0818043623818305e-12,1.0818043623818305e-12,0.03676470588235294,136,5,0.38987660088613196
6+,numeric_nonpass,0.10025062656641603,1.6642056776391902e-12,1.6642056776391902e-12,0.03676470588235294,136,5,0.38987660088613196
6+,numeric_nonpass,0.12531328320802004,2.549591496563894e-12,2.549591496563894e-12,0.03676470588235294,136,5,0.38987660088613196
6+,numeric_nonpass,0.15037593984962405,3.88990984928038e-12,3.88990984928038e-12,0.03676470588235294,136,5,0.38987660088613196
6+,numeric_nonpass,0.17543859649122806,5.910358204534653e-12,5.910358204534653e-12,0.03676470588235294,136,5,0.38987660088613196
6+,numeric_nonpass,0.20050125313283207,8.943209419748155e-12,8.943209419748155e-12,0.03676470588235294,136,5,0.38987660088613196
6+,numeric_nonpass,0.22556390977443608,1.3476537691630685e-11,1.3476537691630685e-11,0.03676470588235294,136,5,0.38987660088613196
6+,numeric_nonpass,0.2506265664160401,2.0224071488252514e-11,2.0224071488252514e-11,0.03676470588235294,136,5,0.38987660088613196
6+,numeric_nonpass,0.2756892230576441,3.022485214048915e-11,3.022485214048915e-11,0.03676470588235294,136,5,0.38987660088613196
6+,numeric_nonpass,0.3007518796992481,4.498472914902809e-11,4.498472914902809e-11,0.03676470588235294,136,5,0.38987660088613196
6+,numeric_nonpass,0.3258145363408521,6.667628076761098e-11,6.667628076761098e-11,0.03676470588235294,136,5,0.38987660088613196
6+,numeric_nonpass,0.3508771929824561,9.841990810329601e-11,9.841990810329601e-11,0.03676470588235294,136,5,0.38987660088613196
6+,numeric_nonpass,0.37593984962406013,1.4467712683021703e-10,1.4467712683021703e-10,0.03676470588235294,136,5,0.38987660088613196
6+,numeric_nonpass,0.40100250626566414,2.1179813298397413e-10,2.1179813298397413e-10,0.03676470588235294,136,5,0.38987660088613196
6+,numeric_nonpass,0.42606516290726815,3.0878038987013044e-10,3.0878038987013044e-10,0.03676470588235294,136,5,0.38987660088613196
6+,numeric_nonpass,0.45112781954887216,4.483143359749208e-10,4.483143359749208e-10,0.03676470588235294,136,5,0.38987660088613196
6+,numeric_nonpass,0.47619047619047616,6.48217682801859e-10,6.48217682801859e-10,0.03676470588235294,136,5,0.38987660088613196
6+,numeric_nonpass,0.5012531328320802,9.333928141007147e-10,9.333928141007147e-10,0.03676470588235294,136,5,0.38987660088613196
6+,numeric_nonpass,0.5263157894736842,1.3384845540985086e-09,1.3384845540985086e-09,0.03676470588235294,136,5,0.38987660088613196
6+,numeric_nonpass,0.5513784461152882,1.9114705287801484e-09,1.9114705287801484e-09,0.03676470588235294,136,5,0.38987660088613196
6+,numeric_nonpass,0.5764411027568922,2.7184865005699753e-09,2.7184865005699753e-09,0.03676470588235294,136,5,0.38987660088613196
6+,numeric_nonpass,0.6015037593984962,3.850277990919877e-09,3.850277990919877e-09,0.03676470588235294,136,5,0.38987660088613196
6+,numeric_nonpass,0.6265664160401002,5.430781433973247e-09,5.430781433973247e-09,0.03676470588235294,136,5,0.38987660088613196
6+,numeric_nonpass,0.6516290726817042,7.62847793175828e-09,7.62847793175828e-09,0.03676470588235294,136,5,0.38987660088613196
6+,numeric_nonpass,0.6766917293233082,1.0671336028013677e-08,1.0671336028013677e-08,0.03676470588235294,136,5,0.38987660088613196
6+,numeric_nonpass,0.7017543859649122,1.4866373120468595e-08,1.4866373120468595e-08,0.03676470588235294,136,5,0.38987660088613196
6+,numeric_nonpass,0.7268170426065163,2.062512519971832e-08,2.062512519971832e-08,0.03676470588235294,136,5,0.38987660088613196
6+,numeric_nonpass,0.7518796992481203,2.8496629118577136e-08,2.8496629118577136e-08,0.03676470588235294,136,5,0.38987660088613196
6+,numeric_nonpass,0.7769423558897243,3.920989853791898e-08,3.920989853791898e-08,0.03676470588235294,136,5,0.38987660088613196
6+,numeric_nonpass,0.8020050125313283,5.372832217069431e-08,5.372832217069431e-08,0.03676470588235294,136,5,0.38987660088613196
6+,numeric_nonpass,0.8270676691729323,7.331893880724444e-08,7.331893880724444e-08,0.03676470588235294,136,5,0.38987660088613196
6+,numeric_nonpass,0.8521303258145363,9.964015493124069e-08,9.964015493124069e-08,0.03676470588235294,136,5,0.38987660088613196
6+,numeric_nonpass,0.8771929824561403,1.3485217315936336e-07,1.3485217315936336e-07,0.03676470588235294,136,5,0.38987660088613196
6+,numeric_nonpass,0.9022556390977443,1.8175519660097482e-07,1.8175519660097482e-07,0.03676470588235294,136,5,0.38987660088613196
6+,numeric_nonpass,0.9273182957393483,2.439613655590584e-07,2.439613655590584e-07,0.03676470588235294,136,5,0.38987660088613196
6+,numeric_nonpass,0.9523809523809523,3.2610736426828707e-07,3.2610736426828707e-07,0.03676470588235294,136,5,0.38987660088613196
6+,numeric_nonpass,0.9774436090225563,4.341156961480169e-07,4.341156961480169e-07,0.03676470588235294,136,5,0.38987660088613196
6+,numeric_nonpass,1.0025062656641603,5.755137484122272e-07,5.755137484122272e-07,0.03676470588235294,136,5,0.38987660088613196
6+,numeric_nonpass,1.0275689223057642,7.598209237475531e-07,7.598209237475531e-07,0.03676470588235294,136,5,0.38987660088613196
6+,numeric_nonpass,1.0526315789473684,9.990152701916084e-07,9.990152701916084e-07,0.03676470588235294,136,5,0.38987660088613196
6+,numeric_nonpass,1.0776942355889725,1.3080921397987908e-06,1.3080921397987908e-06,0.03676470588235294,136,5,0.38987660088613196
6+,numeric_nonpass,1.1027568922305764,1.7057283875479725e-06,1.7057283875479725e-06,0.03676470588235294,136,5,0.38987660088613196
6+,numeric_nonpass,1.1278195488721803,2.215066404256229e-06,2.215066404256229e-06,0.03676470588235294,136,5,0.38987660088613196
6+,numeric_nonpass,1.1528822055137844,2.8646327649218373e-06,2.8646327649218373e-06,0.03676470588235294,136,5,0.38987660088613196
6+,numeric_nonpass,1.1779448621553885,3.6894063546008485e-06,3.6894063546008485e-06,0.03676470588235294,136,5,0.38987660088613196
6+,numeric_nonpass,1.2030075187969924,4.732050379835706e-06,4.732050379835706e-06,0.03676470588235294,136,5,0.38987660088613196
6+,numeric_nonpass,1.2280701754385963,6.044321543435343e-06,6.044321543435343e-06,0.03676470588235294,136,5,0.38987660088613196
6+,numeric_nonpass,1.2531328320802004,7.688667702324678e-06,7.688667702324678e-06,0.03676470588235294,136,5,0.38987660088613196
6+,numeric_nonpass,1.2781954887218046,9.740022384901177e-06,9.740022384901177e-06,0.03676470588235294,136,5,0.38987660088613196
6+,numeric_nonpass,1.3032581453634084,1.2287800459370536e-05,1.2287800459370536e-05,0.03676470588235294,136,5,0.38987660088613196
6+,numeric_nonpass,1.3283208020050123,1.543809387050179e-05,1.543809387050179e-05,0.03676470588235294,136,5,0.38987660088613196
6+,numeric_nonpass,1.3533834586466165,1.9316059570947075e-05,1.9316059570947075e-05,0.03676470588235294,136,5,0.38987660088613196
6+,numeric_nonpass,1.3784461152882206,2.4068483467485448e-05,2.4068483467485448e-05,0.03676470588235294,136,5,0.38987660088613196
6+,numeric_nonpass,1.4035087719298245,2.9866494329268337e-05,2.9866494329268337e-05,0.03676470588235294,136,5,0.38987660088613196
6+,numeric_nonpass,1.4285714285714284,3.690839016992291e-05,3.690839016992291e-05,0.03676470588235294,136,5,0.38987660088613196
6+,numeric_nonpass,1.4536340852130325,4.542252669712772e-05,4.542252669712772e-05,0.03676470588235294,136,5,0.38987660088613196
6+,numeric_nonpass,1.4786967418546366,5.5670203188866246e-05,5.5670203188866246e-05,0.03676470588235294,136,5,0.38987660088613196
6+,numeric_nonpass,1.5037593984962405,6.794846587309643e-05,6.794846587309643e-05,0.03676470588235294,136,5,0.38987660088613196
6+,numeric_nonpass,1.5288220551378444,8.259273293747833e-05,8.259273293747833e-05,0.03676470588235294,136,5,0.38987660088613196
6+,numeric_nonpass,1.5538847117794485,9.997912917835818e-05,9.997912917835818e-05,0.03676470588235294,136,5,0.38987660088613196
6+,numeric_nonpass,1.5789473684210527,0.00012052640263628036,0.00012052640263628036,0.03676470588235294,136,5,0.38987660088613196
6+,numeric_nonpass,1.6040100250626566,0.00014469728110104706,0.00014469728110104706,0.03676470588235294,136,5,0.38987660088613196
6+,numeric_nonpass,1.6290726817042605,0.0001729991139536055,0.0001729991139536055,0.03676470588235294,136,5,0.38987660088613196
6+,numeric_nonpass,1.6541353383458646,0.000205983635385587,0.000205983635385587,0.03676470588235294,136,5,0.38987660088613196
6+,numeric_nonpass,1.6791979949874687,0.00024424567960310863,0.00024424567960310863,0.03676470588235294,136,5,0.38987660088613196
6+,numeric_nonpass,1.7042606516290726,0.0002884206782077476,0.0002884206782077476,0.03676470588235294,136,5,0.38987660088613196
6+,numeric_nonpass,1.7293233082706765,0.00033918077556218296,0.00033918077556218296,0.03676470588235294,136,5,0.38987660088613196
6+,numeric_nonpass,1.7543859649122806,0.00039722941052433135,0.00039722941052433135,0.03676470588235294,136,5,0.38987660088613196
6+,numeric_nonpass,1.7794486215538847,0.00046329423327071573,0.00046329423327071573,0.03676470588235294,136,5,0.38987660088613196
6+,numeric_nonpass,1.8045112781954886,0.0005381182546268454,0.0005381182546268454,0.03676470588235294,136,5,0.38987660088613196
6+,numeric_nonpass,1.8295739348370925,0.0006224491627142643,0.0006224491627142643,0.03676470588235294,136,5,0.38987660088613196
6+,numeric_nonpass,1.8546365914786966,0.0007170267878166807,0.0007170267878166807,0.03676470588235294,136,5,0.38987660088613196
6+,numeric_nonpass,1.8796992481203008,0.0008225687507819189,0.0008225687507819189,0.03676470588235294,136,5,0.38987660088613196
6+,numeric_nonpass,1.9047619047619047,0.0009397543922009836,0.0009397543922009836,0.03676470588235294,136,5,0.38987660088613196
6+,numeric_nonpass,1.9298245614035086,0.0010692071477662456,0.0010692071477662456,0.03676470588235294,136,5,0.38987660088613196
6+,numeric_nonpass,1.9548872180451127,0.0012114756078593725,0.0012114756078593725,0.03676470588235294,136,5,0.38987660088613196
6+,numeric_nonpass,1.9799498746867168,0.001367013574345179,0.001367013574345179,0.03676470588235294,136,5,0.38987660088613196
6+,numeric_nonpass,2.0050125313283207,0.001536159502115283,0.001536159502115283,0.03676470588235294,136,5,0.38987660088613196
6+,numeric_nonpass,2.0300751879699246,0.0017191157841415477,0.0017191157841415477,0.03676470588235294,136,5,0.38987660088613196
6+,numeric_nonpass,2.0551378446115285,0.0019159284034066092,0.0019159284034066092,0.03676470588235294,136,5,0.38987660088613196
6+,numeric_nonpass,2.080200501253133,0.0021264675296764923,0.0021264675296764923,0.03676470588235294,136,5,0.38987660088613196
6+,numeric_nonpass,2.1052631578947367,0.002350409680269204,0.002350409680269204,0.03676470588235294,136,5,0.38987660088613196
6+,numeric_nonpass,2.1303258145363406,0.002587222088518509,0.002587222088518509,0.03676470588235294,136,5,0.38987660088613196
6+,numeric_nonpass,2.155388471177945,0.002836149928637254,0.002836149928637254,0.03676470588235294,136,5,0.38987660088613196
6+,numeric_nonpass,2.180451127819549,0.003096207028770024,0.003096207028770024,0.03676470588235294,136,5,0.38987660088613196
6+,numeric_nonpass,2.2055137844611528,0.0033661706634974396,0.0033661706634974396,0.03676470588235294,136,5,0.38987660088613196
6+,numeric_nonpass,2.2305764411027567,0.003644580952061945,0.003644580952061945,0.03676470588235294,136,5,0.38987660088613196
6+,numeric_nonpass,2.2556390977443606,0.003929745299244052,0.003929745299244052,0.03676470588235294,136,5,0.38987660088613196
6+,numeric_nonpass,2.280701754385965,0.0042197482033011794,0.0042197482033011794,0.03676470588235294,136,5,0.38987660088613196
6+,numeric_nonpass,2.305764411027569,0.004512466621962796,0.004512466621962796,0.03676470588235294,136,5,0.38987660088613196
6+,numeric_nonpass,2.3308270676691727,0.0048055909365212895,0.0048055909365212895,0.03676470588235294,136,5,0.38987660088613196
6+,numeric_nonpass,2.355889724310777,0.005096651389959376,0.005096651389959376,0.03676470588235294,136,5,0.38987660088613196
6+,numeric_nonpass,2.380952380952381,0.005383049703106699,0.005383049703106699,0.03676470588235294,136,5,0.38987660088613196
6+,numeric_nonpass,2.406015037593985,0.005662095399037472,0.005662095399037472,0.03676470588235294,136,5,0.38987660088613196
6+,numeric_nonpass,2.4310776942355887,0.005931046196818667,0.005931046196818667,0.03676470588235294,136,5,0.38987660088613196
6+,numeric_nonpass,2.4561403508771926,0.006187151678028955,0.006187151678028955,0.03676470588235294,136,5,0.38987660088613196
6+,numeric_nonpass,2.481203007518797,0.006427699289850677,0.006427699289850677,0.03676470588235294,136,5,0.38987660088613196
6+,numeric_nonpass,2.506265664160401,0.006650061633260054,0.006650061633260054,0.03676470588235294,136,5,0.38987660088613196
6+,numeric_nonpass,2.5313283208020048,0.006851743899473997,0.006851743899473997,0.03676470588235294,136,5,0.38987660088613196
6+,numeric_nonpass,2.556390977443609,0.007030430266931461,0.007030430266931461,0.03676470588235294,136,5,0.38987660088613196
6+,numeric_nonpass,2.581453634085213,0.00718402805802269,0.00718402805802269,0.03676470588235294,136,5,0.38987660088613196
6+,numeric_nonpass,2.606516290726817,0.007310708481406421,0.007310708481406421,0.03676470588235294,136,5,0.38987660088613196
6+,numeric_nonpass,2.631578947368421,0.007408942852358257,0.007408942852358257,0.03676470588235294,136,5,0.38987660088613196
6+,numeric_nonpass,2.6566416040100247,0.007477533288801344,0.007477533288801344,0.03676470588235294,136,5,0.38987660088613196
6+,numeric_nonpass,2.681704260651629,0.007515637021471617,0.007515637021471617,0.03676470588235294,136,5,0.38987660088613196
6+,numeric_nonpass,2.706766917293233,0.007522783628511128,0.007522783628511128,0.03676470588235294,136,5,0.38987660088613196
6+,numeric_nonpass,2.731829573934837,0.007498884701746587,0.007498884701746587,0.03676470588235294,136,5,0.38987660088613196
6+,numeric_nonpass,2.756892230576441,0.007444235666961515,0.007444235666961515,0.03676470588235294,136,5,0.38987660088613196
6+,numeric_nonpass,2.781954887218045,0.007359509705764407,0.007359509705764407,0.03676470588235294,136,5,0.38987660088613196
6+,numeric_nonpass,2.807017543859649,0.00724574395388587,0.00724574395388587,0.03676470588235294,136,5,0.38987660088613196
6+,numeric_nonpass,2.832080200501253,0.007104318371511369,0.007104318371511369,0.03676470588235294,136,5,0.38987660088613196
6+,numeric_nonpass,2.8571428571428568,0.006936927887470541,0.006936927887470541,0.03676470588235294,136,5,0.38987660088613196
6+,numeric_nonpass,2.882205513784461,0.006745548603310521,0.006745548603310521,0.03676470588235294,136,5,0.38987660088613196
6+,numeric_nonpass,2.907268170426065,0.006532398999013374,0.006532398999013374,0.03676470588235294,136,5,0.38987660088613196
6+,numeric_nonpass,2.932330827067669,0.006299897204168825,0.006299897204168825,0.03676470588235294,136,5,0.38987660088613196
6+,numeric_nonpass,2.9573934837092732,0.0060506154830457515,0.0060506154830457515,0.03676470588235294,136,5,0.38987660088613196
6+,numeric_nonpass,2.982456140350877,0.005787233127085853,0.005787233127085853,0.03676470588235294,136,5,0.38987660088613196
6+,numeric_nonpass,3.007518796992481,0.005512488953397049,0.005512488953397049,0.03676470588235294,136,5,0.38987660088613196
6+,numeric_nonpass,3.032581453634085,0.005229134574009427,0.005229134574009427,0.03676470588235294,136,5,0.38987660088613196
6+,numeric_nonpass,3.057644110275689,0.004939889530654971,0.004939889530654971,0.03676470588235294,136,5,0.38987660088613196
6+,numeric_nonpass,3.082706766917293,0.00464739928767579,0.00464739928767579,0.03676470588235294,136,5,0.38987660088613196
6+,numeric_nonpass,3.107769423558897,0.0043541969465010835,0.0043541969465010835,0.03676470588235294,136,5,0.38987660088613196
6+,numeric_nonpass,3.132832080200501,0.004062669394945643,0.004062669394945643,0.03676470588235294,136,5,0.38987660088613196
6+,numeric_nonpass,3.1578947368421053,0.0037750284398915556,0.0037750284398915556,0.03676470588235294,136,5,0.38987660088613196
6+,numeric_nonpass,3.182957393483709,0.003493287299457116,0.003493287299457116,0.03676470588235294,136,5,0.38987660088613196
6+,numeric_nonpass,3.208020050125313,0.0032192426571827485,0.0032192426571827485,0.03676470588235294,136,5,0.38987660088613196
6+,numeric_nonpass,3.233082706766917,0.002954462312348566,0.002954462312348566,0.03676470588235294,136,5,0.38987660088613196
6+,numeric_nonpass,3.258145363408521,0.0027002783029339322,0.0027002783029339322,0.03676470588235294,136,5,0.38987660088613196
6+,numeric_nonpass,3.2832080200501252,0.0024577852357624665,0.0024577852357624665,0.03676470588235294,136,5,0.38987660088613196
6+,numeric_nonpass,3.308270676691729,0.0022278434358954245,0.0022278434358954245,0.03676470588235294,136,5,0.38987660088613196
6+,numeric_nonpass,3.333333333333333,0.0020110864271230076,0.0020110864271230076,0.03676470588235294,136,5,0.38987660088613196
6+,numeric_nonpass,3.3583959899749374,0.0018079321791343696,0.0018079321791343696,0.03676470588235294,136,5,0.38987660088613196
6+,numeric_nonpass,3.3834586466165413,0.0016185975052162992,0.0016185975052162992,0.03676470588235294,136,5,0.38987660088613196
6+,numeric_nonpass,3.408521303258145,0.0014431149667177127,0.0014431149667177127,0.03676470588235294,136,5,0.38987660088613196
6+,numeric_nonpass,3.433583959899749,0.0012813516356986797,0.0012813516356986797,0.03676470588235294,136,5,0.38987660088613196
6+,numeric_nonpass,3.458646616541353,0.0011330290830739906,0.0011330290830739906,0.03676470588235294,136,5,0.38987660088613196
6+,numeric_nonpass,3.4837092731829573,0.0009977439934823525,0.0009977439934823525,0.03676470588235294,136,5,0.38987660088613196
6+,numeric_nonpass,3.508771929824561,0.0008749888569618524,0.0008749888569618524,0.03676470588235294,136,5,0.38987660088613196
6+,numeric_nonpass,3.533834586466165,0.000764172247946052,0.000764172247946052,0.03676470588235294,136,5,0.38987660088613196
6+,numeric_nonpass,3.5588972431077694,0.000664638270694375,0.000664638270694375,0.03676470588235294,136,5,0.38987660088613196
6+,numeric_nonpass,3.5839598997493733,0.0005756848236956473,0.0005756848236956473,0.03676470588235294,136,5,0.38987660088613196
6+,numeric_nonpass,3.6090225563909772,0.0004965804107075216,0.0004965804107075216,0.03676470588235294,136,5,0.38987660088613196
6+,numeric_nonpass,3.634085213032581,0.0004265793001080451,0.0004265793001080451,0.03676470588235294,136,5,0.38987660088613196
6+,numeric_nonpass,3.659147869674185,0.00036493490472749027,0.00036493490472749027,0.03676470588235294,136,5,0.38987660088613196
6+,numeric_nonpass,3.6842105263157894,0.00031091131933630965,0.00031091131933630965,0.03676470588235294,136,5,0.38987660088613196
6+,numeric_nonpass,3.7092731829573933,0.00026379301099823787,0.00026379301099823787,0.03676470588235294,136,5,0.38987660088613196
6+,numeric_nonpass,3.734335839598997,0.00022289270753687634,0.00022289270753687634,0.03676470588235294,136,5,0.38987660088613196
6+,numeric_nonpass,3.7593984962406015,0.0001875575708392066,0.0001875575708392066,0.03676470588235294,136,5,0.38987660088613196
6+,numeric_nonpass,3.7844611528822054,0.0001571737744687329,0.0001571737744687329,0.03676470588235294,136,5,0.38987660088613196
6+,numeric_nonpass,3.8095238095238093,0.00013116962927935426,0.00013116962927935426,0.03676470588235294,136,5,0.38987660088613196
6+,numeric_nonpass,3.834586466165413,0.00010901741689887179,0.00010901741689887179,0.03676470588235294,136,5,0.38987660088613196
6+,numeric_nonpass,3.859649122807017,9.02340998086505e-05,9.02340998086505e-05,0.03676470588235294,136,5,0.38987660088613196
6+,numeric_nonpass,3.8847117794486214,7.438107916866777e-05,7.438107916866779e-05,0.03676470588235294,136,5,0.38987660088613196
6+,numeric_nonpass,3.9097744360902253,6.106316851217207e-05,6.106316851217209e-05,0.03676470588235294,136,5,0.38987660088613196
6+,numeric_nonpass,3.9348370927318292,4.992694399375308e-05,4.9926943993753124e-05,0.03676470588235294,136,5,0.38987660088613196
6+,numeric_nonpass,3.9598997493734336,4.065862104625768e-05,4.0658621046257745e-05,0.03676470588235294,136,5,0.38987660088613196
6+,numeric_nonpass,3.9849624060150375,3.2981594067067045e-05,3.298159406706717e-05,0.03676470588235294,136,5,0.38987660088613196
6+,numeric_nonpass,4.010025062656641,2.6653761015970825e-05,2.6653761015971046e-05,0.03676470588235294,136,5,0.38987660088613196
6+,numeric_nonpass,4.035087719298246,2.1464739366832657e-05,2.1464739366833047e-05,0.03676470588235294,136,5,0.38987660088613196
6+,numeric_nonpass,4.060150375939849,1.7233064398703566e-05,1.7233064398704254e-05,0.03676470588235294,136,5,0.38987660088613196
6+,numeric_nonpass,4.0852130325814535,1.3803445900705655e-05,1.3803445900706868e-05,0.03676470588235294,136,5,0.38987660088613196
6+,numeric_nonpass,4.110275689223057,1.104414543618082e-05,1.1044145436182948e-05,0.03676470588235294,136,5,0.38987660088613196
6+,numeric_nonpass,4.135338345864661,8.844523682597827e-06,8.844523682601544e-06,0.03676470588235294,136,5,0.38987660088613196
6+,numeric_nonpass,4.160401002506266,7.1127962402419e-06,7.112796240248364e-06,0.03676470588235294,136,5,0.38987660088613196
6+,numeric_nonpass,4.185463659147869,5.774026789754604e-06,5.774026789765803e-06,0.03676470588235294,136,5,0.38987660088613196
6+,numeric_nonpass,4.2105263157894735,4.768378593047167e-06,4.768378593066488e-06,0.03676470588235294,136,5,0.38987660088613196
6+,numeric_nonpass,4.235588972431078,4.049639015810601e-06,4.049639015843799e-06,0.03676470588235294,136,5,0.38987660088613196
6+,numeric_nonpass,4.260651629072681,3.5840268825440554e-06,3.584026882600859e-06,0.03676470588235294,136,5,0.38987660088613196
6+,numeric_nonpass,4.285714285714286,3.3492888865306526e-06,3.3492888866274502e-06,0.03676470588235294,136,5,0.38987660088613196
6+,numeric_nonpass,4.31077694235589,3.3340887584331325e-06,3.3340887585974048e-06,0.03676470588235294,136,5,0.38987660088613196
6+,numeric_nonpass,4.335839598997493,3.5376912099972265e-06,3.5376912102748644e-06,0.03676470588235294,136,5,0.38987660088613196
6+,numeric_nonpass,4.360902255639098,3.9699415550142335e-06,3.969941555481546e-06,0.03676470588235294,136,5,0.38987660088613196
6+,numeric_nonpass,4.385964912280701,4.651541096371997e-06,4.651541097155335e-06,0.03676470588235294,136,5,0.38987660088613196
6+,numeric_nonpass,4.4110275689223055,5.614617577434601e-06,5.614617578742295e-06,0.03676470588235294,136,5,0.38987660088613196
6+,numeric_nonpass,4.43609022556391,6.903588949621955e-06,6.903588951796047e-06,0.03676470588235294,136,5,0.38987660088613196
6+,numeric_nonpass,4.461152882205513,8.576317133380011e-06,8.576317136979694e-06,0.03676470588235294,136,5,0.38987660088613196
6+,numeric_nonpass,4.486215538847118,1.0705546086767472e-05,1.0705546092703091e-05,0.03676470588235294,136,5,0.38987660088613196
6+,numeric_nonpass,4.511278195488721,1.3380615104584482e-05,1.3380615114331751e-05,0.03676470588235294,136,5,0.38987660088613196
6+,numeric_nonpass,4.5363408521303255,1.670943363961568e-05,1.6709433655556674e-05,0.03676470588235294,136,5,0.38987660088613196
6+,numeric_nonpass,4.56140350877193,2.082069789240985e-05,2.0820697918373386e-05,0.03676470588235294,136,5,0.38987660088613196
6+,numeric_nonpass,4.586466165413533,2.5866321832278176e-05,2.5866321874392346e-05,0.03676470588235294,136,5,0.38987660088613196
6+,numeric_nonpass,4.611528822055138,3.2024046126056774e-05,3.202404619408811e-05,0.03676470588235294,136,5,0.38987660088613196
6+,numeric_nonpass,4.636591478696742,3.950017767277441e-05,3.950017778222204e-05,0.03676470588235294,136,5,0.38987660088613196
6+,numeric_nonpass,4.661654135338345,4.8532400168917814e-05,4.85324003442738e-05,0.03676470588235294,136,5,0.38987660088613196
6+,numeric_nonpass,4.68671679197995,5.93925825574738e-05,5.9392582837276566e-05,0.03676470588235294,136,5,0.38987660088613196
6+,numeric_nonpass,4.711779448621554,7.238949765241453e-05,7.238949809704667e-05,0.03676470588235294,136,5,0.38987660088613196
6+,numeric_nonpass,4.7368421052631575,8.787134810661851e-05,8.787134881028593e-05,0.03676470588235294,136,5,0.38987660088613196
6+,numeric_nonpass,4.761904761904762,0.0001062279817578842,0.00010622798286693668,0.03676470588235294,136,5,0.38987660088613196
6+,numeric_nonpass,4.786967418546365,0.00012789266392179157,0.0001278926656626166,0.03676470588235294,136,5,0.38987660088613196
6+,numeric_nonpass,4.81203007518797,0.00015334326119680646,0.0001533432639181092,0.03676470588235294,136,5,0.38987660088613196
6+,numeric_nonpass,4.837092731829574,0.0001831026807051436,0.00018310268494174529,0.03676470588235294,136,5,0.38987660088613196
6+,numeric_nonpass,4.8621553884711775,0.0002177384013930382,0.0002177384079617137,0.03676470588235294,136,5,0.38987660088613196
6+,numeric_nonpass,4.887218045112782,0.00025786093108627525,0.00025786094122907233,0.03676470588235294,136,5,0.38987660088613196
6+,numeric_nonpass,4.912280701754385,0.000304121025480248,0.00030412104107784856,0.03676470588235294,136,5,0.38987660088613196
6+,numeric_nonpass,4.93734335839599,0.0003572055141369078,0.0003572055380248296,0.03676470588235294,136,5,0.38987660088613196
6+,numeric_nonpass,4.962406015037594,0.00041783159476385526,0.0004178316311989461,0.03676470588235294,136,5,0.38987660088613196
6+,numeric_nonpass,4.987468671679197,0.0004867394813026968,0.000486739536648242,0.03676470588235294,136,5,0.38987660088613196
6+,numeric_nonpass,5.012531328320802,0.0005646833241651622,0.0005646834078924908,0.03676470588235294,136,5,0.38987660088613196
6+,numeric_nonpass,5.037593984962406,0.0006524203625420428,0.0006524204886881902,0.03676470588235294,136,5,0.38987660088613196
6+,numeric_nonpass,5.0626566416040095,0.0007506983189288297,0.0007506985082082488,0.03676470588235294,136,5,0.38987660088613196
6+,numeric_nonpass,5.087719298245614,0.0008602411043054374,0.000860241387155263,0.03676470588235294,136,5,0.38987660088613196
6+,numeric_nonpass,5.112781954887218,0.0009817329677610648,0.000981733388712545,0.03676470588235294,136,5,0.38987660088613196
6+,numeric_nonpass,5.137844611528822,0.0011158012952707393,0.0011158019191955797,0.03676470588235294,136,5,0.38987660088613196
6+,numeric_nonpass,5.162907268170426,0.0012629983368201779,0.0012629992578149056,0.03676470588235294,136,5,0.38987660088613196
6+,numeric_nonpass,5.1879699248120295,0.001423782216685033,0.0014237835706492434,0.03676470588235294,136,5,0.38987660088613196
6+,numeric_nonpass,5.213032581453634,0.0015984976555233803,0.0015984996378853578,0.03676470588235294,136,5,0.38987660088613196
6+,numeric_nonpass,5.238095238095238,0.0017873569018158962,0.0017873597923962622,0.03676470588235294,136,5,0.38987660088613196
6+,numeric_nonpass,5.263157894736842,0.0019904214306302142,0.001990425628355902,0.03676470588235294,136,5,0.38987660088613196
6+,numeric_nonpass,5.288220551378446,0.0022075850161318382,0.002207591087276811,0.03676470588235294,136,5,0.38987660088613196
6+,numeric_nonpass,5.313283208020049,0.0024385588172058034,0.002438567562115761,0.03676470588235294,136,5,0.38987660088613196
6+,numeric_nonpass,5.338345864661654,0.0026828591297102648,0.002682871674660513,0.03676470588235294,136,5,0.38987660088613196
6+,numeric_nonpass,5.363408521303258,0.0029397984513866576,0.0029398163744444516,0.03676470588235294,136,5,0.38987660088613196
6+,numeric_nonpass,5.3884711779448615,0.003208480474034526,0.00320850597669874,0.03676470588235294,136,5,0.38987660088613196
6+,numeric_nonpass,5.413533834586466,0.0034877995607305204,0.003487835700887844,0.03676470588235294,136,5,0.38987660088613196
6+,numeric_nonpass,5.43859649122807,0.003776445183076815,0.0037764961896733524,0.03676470588235294,136,5,0.38987660088613196
6+,numeric_nonpass,5.463659147869674,0.004072911685212976,0.004072983381272469,0.03676470588235294,136,5,0.38987660088613196
6+,numeric_nonpass,5.488721804511278,0.004375513609275138,0.004375613977838473,0.03676470588235294,136,5,0.38987660088613196
6+,numeric_nonpass,5.513784461152882,0.00468240666398382,0.004682546601605197,0.03676470588235294,136,5,0.38987660088613196
6+,numeric_nonpass,5.538847117794486,0.004991614248099851,0.004991808563195868,0.03676470588235294,136,5,0.38987660088613196
6+,numeric_nonpass,5.56390977443609,0.005301059258705307,0.005301327987882123,0.03676470588235294,136,5,0.38987660088613196
6+,numeric_nonpass,5.588972431077694,0.005608600726687022,0.0056089708618284086,0.03676470588235294,136,5,0.38987660088613196
6+,numeric_nonpass,5.614035087719298,0.005912074635208539,0.0059125823783531045,0.03676470588235294,136,5,0.38987660088613196
6+,numeric_nonpass,5.639097744360902,0.006209338098620524,0.006210031791350666,0.03676470588235294,136,5,0.38987660088613196
6+,numeric_nonpass,5.664160401002506,0.006498315916636656,0.006499259826806779,0.03676470588235294,136,5,0.38987660088613196
6+,numeric_nonpass,5.68922305764411,0.006777048378998727,0.006778327571203118,0.03676470588235294,136,5,0.38987660088613196
6+,numeric_nonpass,5.7142857142857135,0.00704373908608947,0.007045465654450366,0.03676470588235294,136,5,0.38987660088613196
6+,numeric_nonpass,5.739348370927318,0.007296801477004291,0.007299122480848525,0.03676470588235294,136,5,0.38987660088613196
6+,numeric_nonpass,5.764411027568922,0.0075349027232817535,0.007538010239299255,0.03676470588235294,136,5,0.38987660088613196
6+,numeric_nonpass,5.789473684210526,0.007757003657191815,0.0077611474469451314,0.03676470588235294,136,5,0.38987660088613196
6+,numeric_nonpass,5.81453634085213,0.007962393459886523,0.007967896850207002,0.03676470588235294,136,5,0.38987660088613196
6+,numeric_nonpass,5.839598997493734,0.008150717936695402,0.008157997623549438,0.03676470588235294,136,5,0.38987660088613196
6+,numeric_nonpass,5.864661654135338,0.00832200035235334,0.008331590966940495,0.03676470588235294,136,5,0.38987660088613196
6+,numeric_nonpass,5.889724310776942,0.008476653984046048,0.00848923840359813,0.03676470588235294,136,5,0.38987660088613196
6+,numeric_nonpass,5.9147869674185465,0.008615485769128841,0.00863193231403393,0.03676470588235294,136,5,0.38987660088613196
6+,numeric_nonpass,5.93984962406015,0.008739690669919531,0.008761098502692367,0.03676470588235294,136,5,0.38987660088613196
6+,numeric_nonpass,5.964912280701754,0.008850836641489437,0.008878590870261851,0.03676470588235294,136,5,0.38987660088613196
6+,numeric_nonpass,5.989974937343358,0.008950840360347538,0.008986678547520567,0.03676470588235294,136,5,0.38987660088613196
6+,numeric_nonpass,6.015037593984962,0.009041934142276923,0.009088026124197563,0.03676470588235294,136,5,0.38987660088613196
6+,numeric_nonpass,6.040100250626566,0.00912662473621353,0.009185667867359278,0.03676470588235294,136,5,0.38987660088613196
6+,numeric_nonpass,6.06516290726817,0.009207644918220901,0.00928297705709482,0.03676470588235294,136,5,0.38987660088613196
6+,numeric_nonpass,6.090225563909774,0.009287899016421044,0.00938363176230674,0.03676470588235294,136,5,0.38987660088613196
6+,numeric_nonpass,6.115288220551378,0.009370403666564272,0.009491578526932956,0.03676470588235294,136,5,0.38987660088613196
6+,numeric_nonpass,6.140350877192982,0.009458225222759855,0.009610995529240687,0.03676470588235294,136,5,0.38987660088613196
6+,numeric_nonpass,6.165413533834586,0.009554415324651748,0.0097462568082062,0.03676470588235294,136,5,0.38987660088613196
6+,numeric_nonpass,6.19047619047619,0.009661946149020878,0.009901899117923359,0.03676470588235294,136,5,0.38987660088613196
6+,numeric_nonpass,6.215538847117794,0.009783646850623676,0.01008259287239067,0.03676470588235294,136,5,0.38987660088613196
6+,numeric_nonpass,6.2406015037593985,0.009922142626397604,0.010293118480356524,0.03676470588235294,136,5,0.38987660088613196
6+,numeric_nonpass,6.265664160401002,0.010079797723368675,0.010538349147117829,0.03676470588235294,136,5,0.38987660088613196
6+,numeric_nonpass,6.290726817042606,0.01025866355986318,0.010823240943644029,0.03676470588235294,136,5,0.38987660088613196
6+,numeric_nonpass,6.315789473684211,0.010460432949594697,0.011152830621730935,0.03676470588235294,136,5,0.38987660088613196
6+,numeric_nonpass,6.340852130325814,0.010686401217557104,0.011532241297607286,0.03676470588235294,136,5,0.38987660088613196
6+,numeric_nonpass,6.365914786967418,0.010937434784682279,0.011966695747634455,0.03676470588235294,136,5,0.38987660088613196
6+,numeric_nonpass,6.390977443609022,0.01121394758429599,0.012461536671745523,0.03676470588235294,136,5,0.38987660088613196
6+,numeric_nonpass,6.416040100250626,0.011515885466511725,0.01302225289707682,0.03676470588235294,136,5,0.38987660088613196
6+,numeric_nonpass,6.4411027568922306,0.011842718554965012,0.013654510130114964,0.03676470588235294,136,5,0.38987660088613196
6+,numeric_nonpass,6.466165413533834,0.012193441350563904,0.01436418453465239,0.03676470588235294,136,5,0.38987660088613196
6+,numeric_nonpass,6.491228070175438,0.012566580234453662,0.015157397128244801,0.03676470588235294,136,5,0.38987660088613196
6+,numeric_nonpass,6.516290726817042,0.012960207910553054,0.016040546763881676,0.03676470588235294,136,5,0.38987660088613196
6+,numeric_nonpass,6.541353383458646,0.01337196424821696,0.017020339306840434,0.03676470588235294,136,5,0.38987660088613196
6+,numeric_nonpass,6.5664160401002505,0.01379908293721592,0.018103810537889165,0.03676470588235294,136,5,0.38987660088613196
6+,numeric_nonpass,6.591478696741854,0.014238423347811528,0.019298340319594497,0.03676470588235294,136,5,0.38987660088613196
6+,numeric_nonpass,6.616541353383458,0.014686506994086834,0.020611655656439697,0.03676470588235294,136,5,0.38987660088613196
6+,numeric_nonpass,6.641604010025063,0.015139558023362448,0.02205182046305368,0.03676470588235294,136,5,0.38987660088613196
6+,numeric_nonpass,6.666666666666666,0.015593547192050384,0.02362721012658265,0.03676470588235294,136,5,0.38987660088613196
6+,numeric_nonpass,6.69172932330827,0.016044238831752877,0.02534646930474286,0.03676470588235294,136,5,0.38987660088613196
6+,numeric_nonpass,6.716791979949875,0.016487240351907188,0.027218451833197054,0.03676470588235294,136,5,0.38987660088613196
6+,numeric_nonpass,6.741854636591478,0.016918053860424918,0.029252142114698683,0.03676470588235294,136,5,0.38987660088613196
6+,numeric_nonpass,6.7669172932330826,0.017332129506156486,0.031456557915488154,0.03676470588235294,136,5,0.38987660088613196
6+,numeric_nonpass,6.791979949874686,0.01772492015257499,0.03384063508695909,0.03676470588235294,136,5,0.38987660088613196
6+,numeric_nonpass,6.81704260651629,0.018091936978430714,0.03641309534592237,0.03676470588235294,136,5,0.38987660088613196
6+,numeric_nonpass,6.842105263157895,0.018428805567747654,0.039182298866589055,0.03676470588235294,136,5,0.38987660088613196
6+,numeric_nonpass,6.867167919799498,0.018731321999819497,0.04215608404232005,0.03676470588235294,136,5,0.38987660088613196
6+,numeric_nonpass,6.8922305764411025,0.01899550838307647,0.04534159734533396,0.03676470588235294,136,5,0.38987660088613196
6+,numeric_nonpass,6.917293233082706,0.019217667199774125,0.04874511672811102,0.03676470588235294,136,5,0.38987660088613196
6+,numeric_nonpass,6.94235588972431,0.019394433747699377,0.05237187245208517,0.03676470588235294,136,5,0.38987660088613196
6+,numeric_nonpass,6.967418546365915,0.01952282588774608,0.05622586957968843,0.03676470588235294,136,5,0.38987660088613196
6+,numeric_nonpass,6.992481203007518,0.019600290240002476,0.06030971660935192,0.03676470588235294,136,5,0.38987660088613196
6+,numeric_nonpass,7.017543859649122,0.019624743923572767,0.06462446485686205,0.03676470588235294,136,5,0.38987660088613196
6+,numeric_nonpass,7.042606516290727,0.019594610913794008,0.0691694631811396,0.03676470588235294,136,5,0.38987660088613196
6+,numeric_nonpass,7.06766917293233,0.019508852100771155,0.07394223251259302,0.03676470588235294,136,5,0.38987660088613196
6+,numeric_nonpass,7.0927318295739346,0.01936698817965512,0.0789383643665721,0.03676470588235294,136,5,0.38987660088613196
6+,numeric_nonpass,7.117794486215539,0.019169114588343035,0.0841514471166317,0.03676470588235294,136,5,0.38987660088613196
6+,numeric_nonpass,7.142857142857142,0.018915907832648897,0.08957302327051586,0.03676470588235294,136,5,0.38987660088613196
6+,numeric_nonpass,7.167919799498747,0.018608622700582337,0.09519258034878611,0.03676470588235294,136,5,0.38987660088613196
6+,numeric_nonpass,7.19298245614035,0.018249080062057867,0.10099757722893324,0.03676470588235294,136,5,0.38987660088613196
6+,numeric_nonpass,7.2180451127819545,0.017839645171947673,0.1069735070074658,0.03676470588235294,136,5,0.38987660088613196
6+,numeric_nonpass,7.243107769423559,0.017383196634935757,0.11310399657268573,0.03676470588235294,136,5,0.38987660088613196
6+,numeric_nonpass,7.268170426065162,0.016883086440812472,0.1193709421976528,0.03676470588235294,136,5,0.38987660088613196
6+,numeric_nonpass,7.293233082706767,0.016343091728484378,0.12575467958323655,0.03676470588235294,136,5,0.38987660088613196
6+,numeric_nonpass,7.31829573934837,0.01576735917555529,0.13223418593222566,0.03676470588235294,136,5,0.38987660088613196
6+,numeric_nonpass,7.343358395989974,0.01516034312759145,0.138787310843102,0.03676470588235294,136,5,0.38987660088613196
6+,numeric_nonpass,7.368421052631579,0.014526738767644041,0.14539103209988843,0.03676470588235294,136,5,0.38987660088613196
6+,numeric_nonpass,7.393483709273182,0.013871411774079592,0.1520217318228706,0.03676470588235294,136,5,0.38987660088613196
6+,numeric_nonpass,7.4185463659147866,0.013199326016807334,0.1586554879502152,0.03676470588235294,136,5,0.38987660088613196
6+,numeric_nonpass,7.443609022556391,0.012515470894174789,0.1652683756541898,0.03676470588235294,136,5,0.38987660088613196
6+,numeric_nonpass,7.468671679197994,0.011824789912967591,0.1718367730643698,0.03676470588235294,136,5,0.38987660088613196
6+,numeric_nonpass,7.493734335839599,0.011132112062269621,0.17833766557531538,0.03676470588235294,136,5,0.38987660088613196
6+,numeric_nonpass,7.518796992481203,0.010442087430868665,0.18474894305424905,0.03676470588235294,136,5,0.38987660088613196
6+,numeric_nonpass,7.5438596491228065,0.00975912837200034,0.19104968442739445,0.03676470588235294,136,5,0.38987660088613196
6+,numeric_nonpass,7.568922305764411,0.00908735733491722,0.19722042440026635,0.03676470588235294,136,5,0.38987660088613196
6+,numeric_nonpass,7.593984962406014,0.008430562267927977,0.2032433974430422,0.03676470588235294,136,5,0.38987660088613196
6+,numeric_nonpass,7.619047619047619,0.007792160261096319,0.20910275463116984,0.03676470588235294,136,5,0.38987660088613196
6+,numeric_nonpass,7.644110275689223,0.007175169848229004,0.21478474945688414,0.03676470588235294,136,5,0.38987660088613196
6+,numeric_nonpass,7.669172932330826,0.006582192136727342,0.22027788930310666,0.03676470588235294,136,5,0.38987660088613196
6+,numeric_nonpass,7.694235588972431,0.006015400689602262,0.2255730498823294,0.03676470588235294,136,5,0.38987660088613196
6+,numeric_nonpass,7.719298245614034,0.005476539854974312,0.2306635505767185,0.03676470588235294,136,5,0.38987660088613196
6+,numeric_nonpass,7.744360902255639,0.004966931032111046,0.2355451892615445,0.03676470588235294,136,5,0.38987660088613196
6+,numeric_nonpass,7.769423558897243,0.004487486185538707,0.2402162358446306,0.03676470588235294,136,5,0.38987660088613196
6+,numeric_nonpass,7.794486215538846,0.004038727774481519,0.24467738440504722,0.03676470588235294,136,5,0.38987660088613196
6+,numeric_nonpass,7.819548872180451,0.0036208141566655724,0.2489316644622501,0.03676470588235294,136,5,0.38987660088613196
6+,numeric_nonpass,7.844611528822055,0.00323356945454617,0.25298431255148085,0.03676470588235294,136,5,0.38987660088613196
6+,numeric_nonpass,7.8696741854636585,0.0028765168378717633,0.2568426059225919,0.03676470588235294,136,5,0.38987660088613196
6+,numeric_nonpass,7.894736842105263,0.002548914177345742,0.2605156608174638,0.03676470588235294,136,5,0.38987660088613196
6+,numeric_nonpass,7.919799498746867,0.002249791056919615,0.2640141984147556,0.03676470588235294,136,5,0.38987660088613196
6+,numeric_nonpass,7.944862155388471,0.001977986192896436,0.2673502821566962,0.03676470588235294,136,5,0.38987660088613196
6+,numeric_nonpass,7.969924812030075,0.001732184391777546,0.27053703078502633,0.03676470588235294,136,5,0.38987660088613196
6+,numeric_nonpass,7.994987468671678,0.0015109522804463002,0.2735883120026605,0.03676470588235294,136,5,0.38987660088613196
6+,numeric_nonpass,8.020050125313283,0.001312772156482306,0.27651842223117906,0.03676470588235294,136,5,0.38987660088613196
6+,numeric_nonpass,8.045112781954886,0.0011360734278554245,0.2793417584352609,0.03676470588235294,136,5,0.38987660088613196
6+,numeric_nonpass,8.070175438596491,0.0009792612349758146,0.28207248841396937,0.03676470588235294,136,5,0.38987660088613196
6+,numeric_nonpass,8.095238095238095,0.0008407419695745074,0.2847242262933565,0.03676470588235294,136,5,0.38987660088613196
6+,numeric_nonpass,8.120300751879698,0.0007189455202707834,0.2873097201719826,0.03676470588235294,136,5,0.38987660088613196
6+,numeric_nonpass,8.145363408521304,0.0006123441807717802,0.2898405589476521,0.03676470588235294,136,5,0.38987660088613196
6+,numeric_nonpass,8.170426065162907,0.0005194682510197313,0.2923269052687865,0.03676470588235294,136,5,0.38987660088613196
6+,numeric_nonpass,8.19548872180451,0.0004389184425890933,0.2947772612896333,0.03676470588235294,136,5,0.38987660088613196
6+,numeric_nonpass,8.220551378446114,0.0003693752663028509,0.2971982734522939,0.03676470588235294,136,5,0.38987660088613196
6+,numeric_nonpass,8.24561403508772,0.0003096056321169813,0.299594581864224,0.03676470588235294,136,5,0.38987660088613196
6+,numeric_nonpass,8.270676691729323,0.0002584669291352954,0.30196871898901545,0.03676470588235294,136,5,0.38987660088613196
6+,numeric_nonpass,8.295739348370926,0.00021490887797270084,0.30432106133111514,0.03676470588235294,136,5,0.38987660088613196
6+,numeric_nonpass,8.320802005012531,0.00017797345977803026,0.3066498365908079,0.03676470588235294,136,5,0.38987660088613196
6+,numeric_nonpass,8.345864661654135,0.00014679322752849086,0.30895118742231326,0.03676470588235294,136,5,0.38987660088613196
6+,numeric_nonpass,8.370927318295738,0.0001205882973618914,0.3112192914814427,0.03676470588235294,136,5,0.38987660088613196
6+,numeric_nonpass,8.395989974937343,9.866230244352403e-05,0.31344653594323846,0.03676470588235294,136,5,0.38987660088613196
6+,numeric_nonpass,8.421052631578947,8.03975708907301e-05,0.3156237431531584,0.03676470588235294,136,5,0.38987660088613196
6+,numeric_nonpass,8.44611528822055,6.524976424477774e-05,0.3177404425998496,0.03676470588235294,136,5,0.38987660088613196
6+,numeric_nonpass,8.471177944862156,5.2742185402586415e-05,0.31978518301670633,0.03676470588235294,136,5,0.38987660088613196
6+,numeric_nonpass,8.496240601503759,4.2459936147567886e-05,0.3217458771851375,0.03676470588235294,136,5,0.38987660088613196
6+,numeric_nonpass,8.521303258145362,3.4044075603570314e-05,0.323610170972784,0.03676470588235294,136,5,0.38987660088613196
6+,numeric_nonpass,8.546365914786968,2.718590302684439e-05,0.32536582733640473,0.03676470588235294,136,5,0.38987660088613196
6+,numeric_nonpass,8.571428571428571,2.1621462089747554e-05,0.3270011154848751,0.03676470588235294,136,5,0.38987660088613196
6+,numeric_nonpass,8.596491228070175,1.7126339740167638e-05,0.3285051951553272,0.03676470588235294,136,5,0.38987660088613196
6+,numeric_nonpass,8.62155388471178,1.3510811203229582e-05,0.32986848601586105,0.03676470588235294,136,5,0.38987660088613196
6+,numeric_nonpass,8.646616541353383,1.0615363925595079e-05,0.3310830125699359,0.03676470588235294,136,5,0.38987660088613196
6+,numeric_nonpass,8.671679197994987,8.306617308138634e-06,0.3321427155864014,0.03676470588235294,136,5,0.38987660088613196
6+,numeric_nonpass,8.69674185463659,6.473641877218905e-06,0.33304372198903287,0.03676470588235294,136,5,0.38987660088613196
6+,numeric_nonpass,8.721804511278195,5.024670967070351e-06,0.33378456627345204,0.03676470588235294,136,5,0.38987660088613196
6+,numeric_nonpass,8.746867167919799,3.884189820363659e-06,0.33436635783144913,0.03676470588235294,136,5,0.38987660088613196
6+,numeric_nonpass,8.771929824561402,2.990381011990235e-06,0.33479289000027845,0.03676470588235294,136,5,0.38987660088613196
6+,numeric_nonpass,8.796992481203008,2.292900989817199e-06,0.33507068816068225,0.03676470588235294,136,5,0.38987660088613196
6+,numeric_nonpass,8.822055137844611,1.7509600244984868e-06,0.3352089957243106,0.03676470588235294,136,5,0.38987660088613196
6+,numeric_nonpass,8.847117794486214,1.3316766920129184e-06,0.33521969832279475,0.03676470588235294,136,5,0.38987660088613196
6+,numeric_nonpass,8.87218045112782,1.008677915415536e-06,0.33511718788573713,0.03676470588235294,136,5,0.38987660088613196
6+,numeric_nonpass,8.897243107769423,7.609163257158583e-07,0.33491816952948045,0.03676470588235294,136,5,0.38987660088613196
6+,numeric_nonpass,8.922305764411027,5.716780511140417e-07,0.33464141523855145,0.03676470588235294,136,5,0.38987660088613196
6+,numeric_nonpass,8.947368421052632,4.2775582255819503e-07,0.3343074691843623,0.03676470588235294,136,5,0.38987660088613196
6+,numeric_nonpass,8.972431077694235,3.187643341236653e-07,0.3339383101806735,0.03676470588235294,136,5,0.38987660088613196
6+,numeric_nonpass,8.997493734335839,2.3657698956307312e-07,0.33355697722472766,0.03676470588235294,136,5,0.38987660088613196
6+,numeric_nonpass,9.022556390977442,1.7486539838420248e-07,0.3331871643312689,0.03676470588235294,136,5,0.38987660088613196
6+,numeric_nonpass,9.047619047619047,1.2872517673506116e-07,0.3328527909591797,0.03676470588235294,136,5,0.38987660088613196
6+,numeric_nonpass,9.072681704260651,9.43737020172803e-08,0.3325775542914671,0.03676470588235294,136,5,0.38987660088613196
6+,numeric_nonpass,9.097744360902254,6.890742533813182e-08,0.3323844694994544,0.03676470588235294,136,5,0.38987660088613196
6+,numeric_nonpass,9.12280701754386,5.010813748041987e-08,0.33229540394525225,0.03676470588235294,136,5,0.38987660088613196
6+,numeric_nonpass,9.147869674185463,3.628919897442383e-08,0.3323306110968958,0.03676470588235294,136,5,0.38987660088613196
6+,numeric_nonpass,9.172932330827066,2.6174179535742156e-08,0.3325082697885055,0.03676470588235294,136,5,0.38987660088613196
6+,numeric_nonpass,9.197994987468672,1.880161015890635e-08,0.33284403438731136,0.03676470588235294,136,5,0.38987660088613196
6+,numeric_nonpass,9.223057644110275,1.3450641208577912e-08,0.33335060145453166,0.03676470588235294,136,5,0.38987660088613196
6+,numeric_nonpass,9.248120300751879,9.583334018534493e-09,0.33403729861994536,0.03676470588235294,136,5,0.38987660088613196
6+,numeric_nonpass,9.273182957393484,6.800105914211599e-09,0.33490970162872735,0.03676470588235294,136,5,0.38987660088613196
6+,numeric_nonpass,9.298245614035087,4.805514280542715e-09,0.33596928584724645,0.03676470588235294,136,5,0.38987660088613196
6+,numeric_nonpass,9.32330827067669,3.38211948214252e-09,0.3372131189010355,0.03676470588235294,136,5,0.38987660088613196
6+,numeric_nonpass,9.348370927318296,2.3706238005785105e-09,0.338633601518616,0.03676470588235294,136,5,0.38987660088613196
6+,numeric_nonpass,9.3734335839599,1.6548578787076815e-09,0.34021826401371563,0.03676470588235294,136,5,0.38987660088613196
6+,numeric_nonpass,9.398496240601503,1.1504900937136857e-09,0.34194962609194035,0.03676470588235294,136,5,0.38987660088613196
6+,numeric_nonpass,9.423558897243108,7.965791642396934e-10,0.3438051277482895,0.03676470588235294,136,5,0.38987660088613196
6+,numeric_nonpass,9.448621553884712,5.492861407908228e-10,0.34575713886147735,0.03676470588235294,136,5,0.38987660088613196
6+,numeric_nonpass,9.473684210526315,3.7721742534449645e-10,0.3477730546274919,0.03676470588235294,136,5,0.38987660088613196
6+,numeric_nonpass,9.498746867167918,2.579930631902612e-10,0.34981548315593153,0.03676470588235294,136,5,0.38987660088613196
6+,numeric_nonpass,9.523809523809524,1.7573054811220385e-10,0.3518425303409903,0.03676470588235294,136,5,0.38987660088613196
6+,numeric_nonpass,9.548872180451127,1.1920905054530522e-10,0.35380818549601095,0.03676470588235294,136,5,0.38987660088613196
6+,numeric_nonpass,9.57393483709273,8.053667717369572e-11,0.35566280921003557,0.03676470588235294,136,5,0.38987660088613196
6+,numeric_nonpass,9.598997493734336,5.418767083266707e-11,0.35735372247487024,0.03676470588235294,136,5,0.38987660088613196
6+,numeric_nonpass,9.62406015037594,3.631025909194108e-11,0.3588258933952192,0.03676470588235294,136,5,0.38987660088613196
6+,numeric_nonpass,9.649122807017543,2.4231488369598527e-11,0.36002271481038156,0.03676470588235294,136,5,0.38987660088613196
6+,numeric_nonpass,9.674185463659148,1.610469509944355e-11,0.3608868630242631,0.03676470588235294,136,5,0.38987660088613196
6+,numeric_nonpass,9.699248120300751,1.0659734660592814e-11,0.36136122468026766,0.03676470588235294,136,5,0.38987660088613196
6+,numeric_nonpass,9.724310776942355,7.026864081547869e-12,0.36138987576203274,0.03676470588235294,136,5,0.38987660088613196
6+,numeric_nonpass,9.74937343358396,4.6131522265046145e-12,0.3609190938906463,0.03676470588235294,136,5,0.38987660088613196
6+,numeric_nonpass,9.774436090225564,3.0161636220966704e-12,0.35989838266533397,0.03676470588235294,136,5,0.38987660088613196
6+,numeric_nonpass,9.799498746867167,1.9639602613100952e-12,0.35828148489221884,0.03676470588235294,136,5,0.38987660088613196
6+,numeric_nonpass,9.82456140350877,1.2735939605255848e-12,0.3560273602849821,0.03676470588235294,136,5,0.38987660088613196
6+,numeric_nonpass,9.849624060150376,8.225259233038917e-13,0.3531011027010424,0.03676470588235294,136,5,0.38987660088613196
6+,numeric_nonpass,9.87468671679198,5.290397695390094e-13,0.349474772268458,0.03676470588235294,136,5,0.38987660088613196
6+,numeric_nonpass,9.899749373433583,3.388808171406624e-13,0.3451281189006664,0.03676470588235294,136,5,0.38987660088613196
6+,numeric_nonpass,9.924812030075188,2.1618492579492984e-13,0.340049175690585,0.03676470588235294,136,5,0.38987660088613196
6+,numeric_nonpass,9.949874686716791,1.3734833783927586e-13,0.33423470348674506,0.03676470588235294,136,5,0.38987660088613196
6+,numeric_nonpass,9.974937343358395,8.690420836196538e-14,0.32769047150849323,0.03676470588235294,136,5,0.38987660088613196
6+,numeric_nonpass,10.0,5.476176426420429e-14,0.32043136304598113,0.03676470588235294,136,5,0.38987660088613196
6+,pass,0.0,2.3231083825787058e-82,2.8987175918509365e-13,0.9632352941176471,136,131,0.38987660088613196
6+,pass,0.02506265664160401,7.98451201403508e-82,4.51490048048388e-13,0.9632352941176471,136,131,0.38987660088613196
6+,pass,0.05012531328320802,2.7329581597710645e-81,7.003188066722169e-13,0.9632352941176471,136,131,0.38987660088613196
6+,pass,0.07518796992481203,9.31586723893801e-81,1.0818043623818305e-12,0.9632352941176471,136,131,0.38987660088613196
6+,pass,0.10025062656641603,3.1624182565801836e-80,1.6642056776391902e-12,0.9632352941176471,136,131,0.38987660088613196
6+,pass,0.12531328320802004,1.0691066788321018e-79,2.549591496563894e-12,0.9632352941176471,136,131,0.38987660088613196
6+,pass,0.15037593984962405,3.599386634407214e-79,3.88990984928038e-12,0.9632352941176471,136,131,0.38987660088613196
6+,pass,0.17543859649122806,1.206817741709316e-78,5.910358204534653e-12,0.9632352941176471,136,131,0.38987660088613196
6+,pass,0.20050125313283207,4.0295876709372924e-78,8.943209419748155e-12,0.9632352941176471,136,131,0.38987660088613196
6+,pass,0.22556390977443608,1.3399397630385574e-77,1.3476537691630685e-11,0.9632352941176471,136,131,0.38987660088613196
6+,pass,0.2506265664160401,4.437268321846305e-77,2.0224071488252514e-11,0.9632352941176471,136,131,0.38987660088613196
6+,pass,0.2756892230576441,1.4633623085777714e-76,3.022485214048915e-11,0.9632352941176471,136,131,0.38987660088613196
6+,pass,0.3007518796992481,4.806111066700891e-76,4.498472914902809e-11,0.9632352941176471,136,131,0.38987660088613196
6+,pass,0.3258145363408521,1.5719600798864692e-75,6.667628076761098e-11,0.9632352941176471,136,131,0.38987660088613196
6+,pass,0.3508771929824561,5.120295226399065e-75,9.841990810329601e-11,0.9632352941176471,136,131,0.38987660088613196
6+,pass,0.37593984962406013,1.6609412793102175e-74,1.4467712683021703e-10,0.9632352941176471,136,131,0.38987660088613196
6+,pass,0.40100250626566414,5.365613054887351e-74,2.1179813298397413e-10,0.9632352941176471,136,131,0.38987660088613196
6+,pass,0.42606516290726815,1.7261964692846033e-73,3.0878038987013044e-10,0.9632352941176471,136,131,0.38987660088613196
6+,pass,0.45112781954887216,5.530531989682595e-73,4.483143359749208e-10,0.9632352941176471,136,131,0.38987660088613196
6+,pass,0.47619047619047616,1.7646127481032842e-72,6.48217682801859e-10,0.9632352941176471,136,131,0.38987660088613196
6+,pass,0.5012531328320802,5.607092791784335e-72,9.333928141007147e-10,0.9632352941176471,136,131,0.38987660088613196
6+,pass,0.5263157894736842,1.7743198448758528e-71,1.3384845540985086e-09,0.9632352941176471,136,131,0.38987660088613196
6+,pass,0.5513784461152882,5.591546242822556e-71,1.9114705287801484e-09,0.9632352941176471,136,131,0.38987660088613196
6+,pass,0.5764411027568922,1.7548410498224577e-70,2.7184865005699753e-09,0.9632352941176471,136,131,0.38987660088613196
6+,pass,0.6015037593984962,5.4846574839697057e-70,3.850277990919877e-09,0.9632352941176471,136,131,0.38987660088613196
6+,pass,0.6265664160401002,1.7071320202172302e-69,5.430781433973247e-09,0.9632352941176471,136,131,0.38987660088613196
6+,pass,0.6516290726817042,5.291643597791084e-69,7.62847793175828e-09,0.9632352941176471,136,131,0.38987660088613196
6+,pass,0.6766917293233082,1.6335030634369985e-68,1.0671336028013677e-08,0.9632352941176471,136,131,0.38987660088613196
6+,pass,0.7017543859649122,5.021751522758414e-68,1.4866373120468595e-08,0.9632352941176471,136,131,0.38987660088613196
6+,pass,0.7268170426065163,1.5374336972646262e-67,2.062512519971832e-08,0.9632352941176471,136,131,0.38987660088613196
6+,pass,0.7518796992481203,4.6875238489755464e-67,2.8496629118577136e-08,0.9632352941176471,136,131,0.38987660088613196
6+,pass,0.7769423558897243,1.4233002120490138e-66,3.920989853791898e-08,0.9632352941176471,136,131,0.38987660088613196
6+,pass,0.8020050125313283,4.3038336529272366e-66,5.372832217069431e-08,0.9632352941176471,136,131,0.38987660088613196
6+,pass,0.8270676691729323,1.2960459220627235e-65,7.331893880724444e-08,0.9632352941176471,136,131,0.38987660088613196
6+,pass,0.8521303258145363,3.88679166842481e-65,9.964015493124069e-08,0.9632352941176471,136,131,0.38987660088613196
6+,pass,0.8771929824561403,1.1608286214241701e-64,1.3485217315936336e-07,0.9632352941176471,136,131,0.38987660088613196
6+,pass,0.9022556390977443,3.452637110218639e-64,1.8175519660097482e-07,0.9632352941176471,136,131,0.38987660088613196
6+,pass,0.9273182957393483,1.0226799799587015e-63,2.439613655590584e-07,0.9632352941176471,136,131,0.38987660088613196
6+,pass,0.9523809523809523,3.0167170591356607e-63,3.2610736426828707e-07,0.9632352941176471,136,131,0.38987660088613196
6+,pass,0.9774436090225563,8.862074987634751e-63,4.341156961480169e-07,0.9632352941176471,136,131,0.38987660088613196
6+,pass,1.0025062656641603,2.5926404359924596e-62,5.755137484122272e-07,0.9632352941176471,136,131,0.38987660088613196
6+,pass,1.0275689223057642,7.5536211682541565e-62,7.598209237475531e-07,0.9632352941176471,136,131,0.38987660088613196
6+,pass,1.0526315789473684,2.1916649519625716e-61,9.990152701916084e-07,0.9632352941176471,136,131,0.38987660088613196
6+,pass,1.0776942355889725,6.332849835853319e-61,1.3080921397987908e-06,0.9632352941176471,136,131,0.38987660088613196
6+,pass,1.1027568922305764,1.8223437238817496e-60,1.7057283875479725e-06,0.9632352941176471,136,131,0.38987660088613196
6+,pass,1.1278195488721803,5.222368236462642e-60,2.215066404256229e-06,0.9632352941176471,136,131,0.38987660088613196
6+,pass,1.1528822055137844,1.4904272794885868e-59,2.8646327649218373e-06,0.9632352941176471,136,131,0.38987660088613196
6+,pass,1.1779448621553885,4.236041514835693e-59,3.6894063546008485e-06,0.9632352941176471,136,131,0.38987660088613196
6+,pass,1.2030075187969924,1.1989905365740857e-58,4.732050379835706e-06,0.9632352941176471,136,131,0.38987660088613196
6+,pass,1.2280701754385963,3.379694520206257e-58,6.044321543435343e-06,0.9632352941176471,136,131,0.38987660088613196
6+,pass,1.2531328320802004,9.487358215653911e-58,7.688667702324678e-06,0.9632352941176471,136,131,0.38987660088613196
6+,pass,1.2781954887218046,2.6522797094203214e-57,9.740022384901177e-06,0.9632352941176471,136,131,0.38987660088613196
6+,pass,1.3032581453634084,7.384133416049031e-57,1.2287800459370536e-05,0.9632352941176471,136,131,0.38987660088613196
6+,pass,1.3283208020050123,2.0473210401786244e-56,1.543809387050179e-05,0.9632352941176471,136,131,0.38987660088613196
6+,pass,1.3533834586466165,5.652994752987591e-56,1.9316059570947075e-05,0.9632352941176471,136,131,0.38987660088613196
6+,pass,1.3784461152882206,1.5544524739628909e-55,2.4068483467485448e-05,0.9632352941176471,136,131,0.38987660088613196
6+,pass,1.4035087719298245,4.256793311754164e-55,2.9866494329268337e-05,0.9632352941176471,136,131,0.38987660088613196
6+,pass,1.4285714285714284,1.160897681490605e-54,3.690839016992291e-05,0.9632352941176471,136,131,0.38987660088613196
6+,pass,1.4536340852130325,3.152910229413201e-54,4.542252669712772e-05,0.9632352941176471,136,131,0.38987660088613196
6+,pass,1.4786967418546366,8.527771703328179e-54,5.5670203188866246e-05,0.9632352941176471,136,131,0.38987660088613196
6+,pass,1.5037593984962405,2.2970256252200536e-53,6.794846587309643e-05,0.9632352941176471,136,131,0.38987660088613196
6+,pass,1.5288220551378444,6.161726921648805e-53,8.259273293747833e-05,0.9632352941176471,136,131,0.38987660088613196
6+,pass,1.5538847117794485,1.6460590237183088e-52,9.997912917835818e-05,0.9632352941176471,136,131,0.38987660088613196
6+,pass,1.5789473684210527,4.3791994783361505e-52,0.00012052640263628036,0.9632352941176471,136,131,0.38987660088613196
6+,pass,1.6040100250626566,1.1602469584478607e-51,0.00014469728110104706,0.9632352941176471,136,131,0.38987660088613196
6+,pass,1.6290726817042605,3.0613469585611556e-51,0.0001729991139536055,0.9632352941176471,136,131,0.38987660088613196
6+,pass,1.6541353383458646,8.044167242024068e-51,0.000205983635385587,0.9632352941176471,136,131,0.38987660088613196
6+,pass,1.6791979949874687,2.105019249639587e-50,0.00024424567960310863,0.9632352941176471,136,131,0.38987660088613196
6+,pass,1.7042606516290726,5.485768977804016e-50,0.0002884206782077476,0.9632352941176471,136,131,0.38987660088613196
6+,pass,1.7293233082706765,1.4237227960166765e-49,0.00033918077556218296,0.9632352941176471,136,131,0.38987660088613196
6+,pass,1.7543859649122806,3.6797631488116104e-49,0.00039722941052433135,0.9632352941176471,136,131,0.38987660088613196
6+,pass,1.7794486215538847,9.47154475920857e-49,0.00046329423327071573,0.9632352941176471,136,131,0.38987660088613196
6+,pass,1.8045112781954886,2.4278861084185757e-48,0.0005381182546268454,0.9632352941176471,136,131,0.38987660088613196
6+,pass,1.8295739348370925,6.197868680150024e-48,0.0006224491627142643,0.9632352941176471,136,131,0.38987660088613196
6+,pass,1.8546365914786966,1.5756618419996326e-47,0.0007170267878166807,0.9632352941176471,136,131,0.38987660088613196
6+,pass,1.8796992481203008,3.9892410121384704e-47,0.0008225687507819189,0.9632352941176471,136,131,0.38987660088613196
6+,pass,1.9047619047619047,1.005829028482248e-46,0.0009397543922009836,0.9632352941176471,136,131,0.38987660088613196
6+,pass,1.9298245614035086,2.5256008274591595e-46,0.0010692071477662456,0.9632352941176471,136,131,0.38987660088613196
6+,pass,1.9548872180451127,6.315561031908493e-46,0.0012114756078593725,0.9632352941176471,136,131,0.38987660088613196
6+,pass,1.9799498746867168,1.572772348461813e-45,0.001367013574345179,0.9632352941176471,136,131,0.38987660088613196
6+,pass,2.0050125313283207,3.900556037738452e-45,0.001536159502115283,0.9632352941176471,136,131,0.38987660088613196
6+,pass,2.0300751879699246,9.633718036778285e-45,0.0017191157841415477,0.9632352941176471,136,131,0.38987660088613196
6+,pass,2.0551378446115285,2.3695622307055453e-44,0.0019159284034066092,0.9632352941176471,136,131,0.38987660088613196
6+,pass,2.080200501253133,5.804290105883363e-44,0.0021264675296764923,0.9632352941176471,136,131,0.38987660088613196
6+,pass,2.1052631578947367,1.415914188214705e-43,0.002350409680269204,0.9632352941176471,136,131,0.38987660088613196
6+,pass,2.1303258145363406,3.439787500326811e-43,0.002587222088518509,0.9632352941176471,136,131,0.38987660088613196
6+,pass,2.155388471177945,8.322104778717918e-43,0.002836149928637254,0.9632352941176471,136,131,0.38987660088613196
6+,pass,2.180451127819549,2.005125951591811e-42,0.003096207028770024,0.9632352941176471,136,131,0.38987660088613196
6+,pass,2.2055137844611528,4.811240626825677e-42,0.0033661706634974396,0.9632352941176471,136,131,0.38987660088613196
6+,pass,2.2305764411027567,1.1496865979558492e-41,0.003644580952061945,0.9632352941176471,136,131,0.38987660088613196
6+,pass,2.2556390977443606,2.735954431918277e-41,0.003929745299244052,0.9632352941176471,136,131,0.38987660088613196
6+,pass,2.280701754385965,6.484033968861756e-41,0.0042197482033011794,0.9632352941176471,136,131,0.38987660088613196
6+,pass,2.305764411027569,1.5303429398825469e-40,0.004512466621962796,0.9632352941176471,136,131,0.38987660088613196
6+,pass,2.3308270676691727,3.596990906889697e-40,0.0048055909365212895,0.9632352941176471,136,131,0.38987660088613196
6+,pass,2.355889724310777,8.419708196859503e-40,0.005096651389959376,0.9632352941176471,136,131,0.38987660088613196
6+,pass,2.380952380952381,1.962736044866089e-39,0.005383049703106699,0.9632352941176471,136,131,0.38987660088613196
6+,pass,2.406015037593985,4.55652698638766e-39,0.005662095399037472,0.9632352941176471,136,131,0.38987660088613196
6+,pass,2.4310776942355887,1.0534482839526814e-38,0.005931046196818667,0.9632352941176471,136,131,0.38987660088613196
6+,pass,2.4561403508771926,2.4254914753303237e-38,0.006187151678028955,0.9632352941176471,136,131,0.38987660088613196
6+,pass,2.481203007518797,5.561520979011906e-38,0.006427699289850677,0.9632352941176471,136,131,0.38987660088613196
6+,pass,2.506265664160401,1.2699737305701046e-37,0.006650061633260054,0.9632352941176471,136,131,0.38987660088613196
6+,pass,2.5313283208020048,2.888040391747138e-37,0.006851743899473997,0.9632352941176471,136,131,0.38987660088613196
6+,pass,2.556390977443609,6.540624142282936e-37,0.007030430266931461,0.9632352941176471,136,131,0.38987660088613196
6+,pass,2.581453634085213,1.475171680032224e-36,0.00718402805802269,0.9632352941176471,136,131,0.38987660088613196
6+,pass,2.606516290726817,3.313396595471287e-36,0.007310708481406421,0.9632352941176471,136,131,0.38987660088613196
6+,pass,2.631578947368421,7.411597035223134e-36,0.007408942852358257,0.9632352941176471,136,131,0.38987660088613196
6+,pass,2.6566416040100247,1.6510405456947084e-35,0.007477533288801344,0.9632352941176471,136,131,0.38987660088613196
6+,pass,2.681704260651629,3.6627837796969505e-35,0.007515637021471617,0.9632352941176471,136,131,0.38987660088613196
6+,pass,2.706766917293233,8.092309268161932e-35,0.007522783628511128,0.9632352941176471,136,131,0.38987660088613196
6+,pass,2.731829573934837,1.7804974300990338e-34,0.007498884701746587,0.9632352941176471,136,131,0.38987660088613196
6+,pass,2.756892230576441,3.9013773972605276e-34,0.007444235666961515,0.9632352941176471,136,131,0.38987660088613196
6+,pass,2.781954887218045,8.513386572784469e-34,0.007359509705764407,0.9632352941176471,136,131,0.38987660088613196
6+,pass,2.807017543859649,1.8500972974816212e-33,0.00724574395388587,0.9632352941176471,136,131,0.38987660088613196
6+,pass,2.832080200501253,4.0040053971438924e-33,0.007104318371511369,0.9632352941176471,136,131,0.38987660088613196
6+,pass,2.8571428571428568,8.629838299435687e-33,0.006936927887470541,0.9632352941176471,136,131,0.38987660088613196
6+,pass,2.882205513784461,1.8523311477116608e-32,0.006745548603310521,0.9632352941176471,136,131,0.38987660088613196
6+,pass,2.907268170426065,3.9595207032355404e-32,0.006532398999013374,0.9632352941176471,136,131,0.38987660088613196
6+,pass,2.932330827067669,8.428973229481877e-32,0.006299897204168825,0.9632352941176471,136,131,0.38987660088613196
6+,pass,2.9573934837092732,1.7869600802937242e-31,0.0060506154830457515,0.9632352941176471,136,131,0.38987660088613196
6+,pass,2.982456140350877,3.772794929033651e-31,0.005787233127085853,0.9632352941176471,136,131,0.38987660088613196
6+,pass,3.007518796992481,7.9326770791288e-31,0.005512488953397049,0.9632352941176471,136,131,0.38987660088613196
6+,pass,3.032581453634085,1.661057373830167e-30,0.005229134574009427,0.9632352941176471,136,131,0.38987660088613196
6+,pass,3.057644110275689,3.46384005486577e-30,0.004939889530654971,0.9632352941176471,136,131,0.38987660088613196
6+,pass,3.082706766917293,7.193486329808658e-30,0.00464739928767579,0.9632352941176471,136,131,0.38987660088613196
6+,pass,3.107769423558897,1.4877483261566998e-29,0.0043541969465010835,0.9632352941176471,136,131,0.38987660088613196
6+,pass,3.132832080200501,3.0642770827911124e-29,0.004062669394945643,0.9632352941176471,136,131,0.38987660088613196
6+,pass,3.1578947368421053,6.285432584556527e-29,0.0037750284398915556,0.9632352941176471,136,131,0.38987660088613196
6+,pass,3.182957393483709,1.2839583958638711e-28,0.003493287299457116,0.9632352941176471,136,131,0.38987660088613196
6+,pass,3.208020050125313,2.6120136001403497e-28,0.0032192426571827485,0.9632352941176471,136,131,0.38987660088613196
6+,pass,3.233082706766917,5.291864133416008e-28,0.002954462312348566,0.9632352941176471,136,131,0.38987660088613196
6+,pass,3.258145363408521,1.067703761647807e-27,0.0027002783029339322,0.9632352941176471,136,131,0.38987660088613196
6+,pass,3.2832080200501252,2.1453678336649734e-27,0.0024577852357624665,0.9632352941176471,136,131,0.38987660088613196
6+,pass,3.308270676691729,4.2930083309477776e-27,0.0022278434358954245,0.9632352941176471,136,131,0.38987660088613196
6+,pass,3.333333333333333,8.555211366458689e-27,0.0020110864271230076,0.9632352941176471,136,131,0.38987660088613196
6+,pass,3.3583959899749374,1.697887360730645e-26,0.0018079321791343696,0.9632352941176471,136,131,0.38987660088613196
6+,pass,3.3834586466165413,3.355801014201479e-26,0.0016185975052162992,0.9632352941176471,136,131,0.38987660088613196
6+,pass,3.408521303258145,6.605303797491257e-26,0.0014431149667177127,0.9632352941176471,136,131,0.38987660088613196
6+,pass,3.433583959899749,1.2947882255352595e-25,0.0012813516356986797,0.9632352941176471,136,131,0.38987660088613196
6+,pass,3.458646616541353,2.527633568303786e-25,0.0011330290830739906,0.9632352941176471,136,131,0.38987660088613196
6+,pass,3.4837092731829573,4.914043512122366e-25,0.0009977439934823525,0.9632352941176471,136,131,0.38987660088613196
6+,pass,3.508771929824561,9.514226252752525e-25,0.0008749888569618524,0.9632352941176471,136,131,0.38987660088613196
6+,pass,3.533834586466165,1.8344996435736828e-24,0.000764172247946052,0.9632352941176471,136,131,0.38987660088613196
6+,pass,3.5588972431077694,3.522666712892782e-24,0.000664638270694375,0.9632352941176471,136,131,0.38987660088613196
6+,pass,3.5839598997493733,6.73651585307822e-24,0.0005756848236956473,0.9632352941176471,136,131,0.38987660088613196
6+,pass,3.6090225563909772,1.2829480325617178e-23,0.0004965804107075216,0.9632352941176471,136,131,0.38987660088613196
6+,pass,3.634085213032581,2.433284200521723e-23,0.0004265793001080451,0.9632352941176471,136,131,0.38987660088613196
6+,pass,3.659147869674185,4.5960711755428757e-23,0.00036493490472749027,0.9632352941176471,136,131,0.38987660088613196
6+,pass,3.6842105263157894,8.64551545728253e-23,0.00031091131933630965,0.9632352941176471,136,131,0.38987660088613196
6+,pass,3.7092731829573933,1.6195910748532117e-22,0.00026379301099823787,0.9632352941176471,136,131,0.38987660088613196
6+,pass,3.734335839598997,3.0215535696650335e-22,0.00022289270753687634,0.9632352941176471,136,131,0.38987660088613196
6+,pass,3.7593984962406015,5.613914159614007e-22,0.0001875575708392066,0.9632352941176471,136,131,0.38987660088613196
6+,pass,3.7844611528822054,1.0387520431416328e-21,0.0001571737744687329,0.9632352941176471,136,131,0.38987660088613196
6+,pass,3.8095238095238093,1.9141183159464875e-21,0.00013116962927935426,0.9632352941176471,136,131,0.38987660088613196
6+,pass,3.834586466165413,3.512663476052118e-21,0.00010901741689887179,0.9632352941176471,136,131,0.38987660088613196
6+,pass,3.859649122807017,6.419708454062385e-21,9.02340998086505e-05,0.9632352941176471,136,131,0.38987660088613196
6+,pass,3.8847117794486214,1.1684366719975808e-20,7.438107916866779e-05,0.9632352941176471,136,131,0.38987660088613196
6+,pass,3.9097744360902253,2.1179040856474545e-20,6.106316851217209e-05,0.9632352941176471,136,131,0.38987660088613196
6+,pass,3.9348370927318292,3.8231272873505144e-20,4.9926943993753124e-05,0.9632352941176471,136,131,0.38987660088613196
6+,pass,3.9598997493734336,6.87294258384835e-20,4.0658621046257745e-05,0.9632352941176471,136,131,0.38987660088613196
6+,pass,3.9849624060150375,1.2304905822725274e-19,3.298159406706717e-05,0.9632352941176471,136,131,0.38987660088613196
6+,pass,4.010025062656641,2.1939444503500112e-19,2.6653761015971046e-05,0.9632352941176471,136,131,0.38987660088613196
6+,pass,4.035087719298246,3.895694152205428e-19,2.1464739366833047e-05,0.9632352941176471,136,131,0.38987660088613196
6+,pass,4.060150375939849,6.888998884855742e-19,1.7233064398704254e-05,0.9632352941176471,136,131,0.38987660088613196
6+,pass,4.0852130325814535,1.213219985013447e-18,1.3803445900706868e-05,0.9632352941176471,136,131,0.38987660088613196
6+,pass,4.110275689223057,2.1278221545144644e-18,1.1044145436182948e-05,0.9632352941176471,136,131,0.38987660088613196
6+,pass,4.135338345864661,3.716580804944144e-18,8.844523682601544e-06,0.9632352941176471,136,131,0.38987660088613196
6+,pass,4.160401002506266,6.4649396090955876e-18,7.112796240248364e-06,0.9632352941176471,136,131,0.38987660088613196
6+,pass,4.185463659147869,1.1199487930149152e-17,5.774026789765803e-06,0.9632352941176471,136,131,0.38987660088613196
6+,pass,4.2105263157894735,1.9321677374552768e-17,4.768378593066488e-06,0.9632352941176471,136,131,0.38987660088613196
6+,pass,4.235588972431078,3.319744214451997e-17,4.049639015843799e-06,0.9632352941176471,136,131,0.38987660088613196
6+,pass,4.260651629072681,5.680384454558175e-17,3.584026882600859e-06,0.9632352941176471,136,131,0.38987660088613196
6+,pass,4.285714285714286,9.67975417147796e-17,3.3492888866274502e-06,0.9632352941176471,136,131,0.38987660088613196
6+,pass,4.31077694235589,1.6427239930377993e-16,3.3340887585974048e-06,0.9632352941176471,136,131,0.38987660088613196
6+,pass,4.335839598997493,2.776378907649236e-16,3.5376912102748644e-06,0.9632352941176471,136,131,0.38987660088613196
6+,pass,4.360902255639098,4.673119971286866e-16,3.969941555481546e-06,0.9632352941176471,136,131,0.38987660088613196
6+,pass,4.385964912280701,7.833383395199306e-16,4.651541097155335e-06,0.9632352941176471,136,131,0.38987660088613196
6+,pass,4.4110275689223055,1.3076945059788625e-15,5.614617578742295e-06,0.9632352941176471,136,131,0.38987660088613196
6+,pass,4.43609022556391,2.17409186090932e-15,6.903588951796047e-06,0.9632352941176471,136,131,0.38987660088613196
6+,pass,4.461152882205513,3.599683965494924e-15,8.576317136979694e-06,0.9632352941176471,136,131,0.38987660088613196
6+,pass,4.486215538847118,5.935618403674836e-15,1.0705546092703091e-05,0.9632352941176471,136,131,0.38987660088613196
6+,pass,4.511278195488721,9.747268238460643e-15,1.3380615114331751e-05,0.9632352941176471,136,131,0.38987660088613196
6+,pass,4.5363408521303255,1.594099572272382e-14,1.6709433655556674e-05,0.9632352941176471,136,131,0.38987660088613196
6+,pass,4.56140350877193,2.596353359156275e-14,2.0820697918373386e-05,0.9632352941176471,136,131,0.38987660088613196
6+,pass,4.586466165413533,4.21141683966376e-14,2.5866321874392346e-05,0.9632352941176471,136,131,0.38987660088613196
6+,pass,4.611528822055138,6.803133524880662e-14,3.202404619408811e-05,0.9632352941176471,136,131,0.38987660088613196
6+,pass,4.636591478696742,1.0944762995155451e-13,3.950017778222204e-05,0.9632352941176471,136,131,0.38987660088613196
6+,pass,4.661654135338345,1.7535598899228644e-13,4.85324003442738e-05,0.9632352941176471,136,131,0.38987660088613196
6+,pass,4.68671679197995,2.798027650101752e-13,5.9392582837276566e-05,0.9632352941176471,136,131,0.38987660088613196
6+,pass,4.711779448621554,4.446321364849476e-13,7.238949809704667e-05,0.9632352941176471,136,131,0.38987660088613196
6+,pass,4.7368421052631575,7.036674203697778e-13,8.787134881028593e-05,0.9632352941176471,136,131,0.38987660088613196
6+,pass,4.761904761904762,1.1090524764565742e-12,0.00010622798286693668,0.9632352941176471,136,131,0.38987660088613196
6+,pass,4.786967418546365,1.7408250368207926e-12,0.0001278926656626166,0.9632352941176471,136,131,0.38987660088613196
6+,pass,4.81203007518797,2.7213027303842895e-12,0.0001533432639181092,0.9632352941176471,136,131,0.38987660088613196
6+,pass,4.837092731829574,4.23660168964329e-12,0.00018310268494174529,0.9632352941176471,136,131,0.38987660088613196
6+,pass,4.8621553884711775,6.5686754957654565e-12,0.0002177384079617137,0.9632352941176471,136,131,0.38987660088613196
6+,pass,4.887218045112782,1.0142797063051187e-11,0.00025786094122907233,0.9632352941176471,136,131,0.38987660088613196
6+,pass,4.912280701754385,1.559760057543978e-11,0.00030412104107784856,0.9632352941176471,136,131,0.38987660088613196
6+,pass,4.93734335839599,2.3887921797731845e-11,0.0003572055380248296,0.9632352941176471,136,131,0.38987660088613196
6+,pass,4.962406015037594,3.6435090824546974e-11,0.0004178316311989461,0.9632352941176471,136,131,0.38987660088613196
6+,pass,4.987468671679197,5.534554520336255e-11,0.000486739536648242,0.9632352941176471,136,131,0.38987660088613196
6+,pass,5.012531328320802,8.372732860805675e-11,0.0005646834078924908,0.9632352941176471,136,131,0.38987660088613196
6+,pass,5.037593984962406,1.261461473778417e-10,0.0006524204886881902,0.9632352941176471,136,131,0.38987660088613196
6+,pass,5.0626566416040095,1.892794190943242e-10,0.0007506985082082488,0.9632352941176471,136,131,0.38987660088613196
6+,pass,5.087719298245614,2.82849825557309e-10,0.000860241387155263,0.9632352941176471,136,131,0.38987660088613196
6+,pass,5.112781954887218,4.2095148033622654e-10,0.000981733388712545,0.9632352941176471,136,131,0.38987660088613196
6+,pass,5.137844611528822,6.239248404002729e-10,0.0011158019191955797,0.9632352941176471,136,131,0.38987660088613196
6+,pass,5.162907268170426,9.209947277890586e-10,0.0012629992578149056,0.9632352941176471,136,131,0.38987660088613196
6+,pass,5.1879699248120295,1.3539642104707058e-09,0.0014237835706492434,0.9632352941176471,136,131,0.38987660088613196
6+,pass,5.213032581453634,1.9823619774442327e-09,0.0015984996378853578,0.9632352941176471,136,131,0.38987660088613196
6+,pass,5.238095238095238,2.8905803659049567e-09,0.0017873597923962622,0.9632352941176471,136,131,0.38987660088613196
6+,pass,5.263157894736842,4.1977256877190596e-09,0.001990425628355902,0.9632352941176471,136,131,0.38987660088613196
6+,pass,5.288220551378446,6.071144972634879e-09,0.002207591087276811,0.9632352941176471,136,131,0.38987660088613196
6+,pass,5.313283208020049,8.74490995753949e-09,0.002438567562115761,0.9632352941176471,136,131,0.38987660088613196
6+,pass,5.338345864661654,1.25449502483751e-08,0.002682871674660513,0.9632352941176471,136,131,0.38987660088613196
6+,pass,5.363408521303258,1.7923057794028755e-08,0.0029398163744444516,0.9632352941176471,136,131,0.38987660088613196
6+,pass,5.3884711779448615,2.550266421403789e-08,0.00320850597669874,0.9632352941176471,136,131,0.38987660088613196
6+,pass,5.413533834586466,3.6140157323924495e-08,0.003487835700887844,0.9632352941176471,136,131,0.38987660088613196
6+,pass,5.43859649122807,5.100659653753739e-08,0.0037764961896733524,0.9632352941176471,136,131,0.38987660088613196
6+,pass,5.463659147869674,7.169605949309135e-08,0.004072983381272469,0.9632352941176471,136,131,0.38987660088613196
6+,pass,5.488721804511278,1.003685633344182e-07,0.004375613977838473,0.9632352941176471,136,131,0.38987660088613196
6+,pass,5.513784461152882,1.3993762137692386e-07,0.004682546601605197,0.9632352941176471,136,131,0.38987660088613196
6+,pass,5.538847117794486,1.94315096017036e-07,0.004991808563195868,0.9632352941176471,136,131,0.38987660088613196
6+,pass,5.56390977443609,2.6872917681631787e-07,0.005301327987882123,0.9632352941176471,136,131,0.38987660088613196
6+,pass,5.588972431077694,3.701351413865392e-07,0.0056089708618284086,0.9632352941176471,136,131,0.38987660088613196
6+,pass,5.614035087719298,5.077431445655969e-07,0.0059125823783531045,0.9632352941176471,136,131,0.38987660088613196
6+,pass,5.639097744360902,6.936927301418228e-07,0.006210031791350666,0.9632352941176471,136,131,0.38987660088613196
6+,pass,5.664160401002506,9.439101701226587e-07,0.006499259826806779,0.9632352941176471,136,131,0.38987660088613196
6+,pass,5.68922305764411,1.2791922043906498e-06,0.006778327571203118,0.9632352941176471,136,131,0.38987660088613196
6+,pass,5.7142857142857135,1.7265683608963937e-06,0.007045465654450366,0.9632352941176471,136,131,0.38987660088613196
6+,pass,5.739348370927318,2.3210038442339398e-06,0.007299122480848525,0.9632352941176471,136,131,0.38987660088613196
6+,pass,5.764411027568922,3.1075160175016623e-06,0.007538010239299255,0.9632352941176471,136,131,0.38987660088613196
6+,pass,5.789473684210526,4.1437897533166646e-06,0.0077611474469451314,0.9632352941176471,136,131,0.38987660088613196
6+,pass,5.81453634085213,5.503390320480355e-06,0.007967896850207002,0.9632352941176471,136,131,0.38987660088613196
6+,pass,5.839598997493734,7.279686854036971e-06,0.008157997623549438,0.9632352941176471,136,131,0.38987660088613196
6+,pass,5.864661654135338,9.590614587154741e-06,0.008331590966940495,0.9632352941176471,136,131,0.38987660088613196
6+,pass,5.889724310776942,1.258441955208219e-05,0.00848923840359813,0.9632352941176471,136,131,0.38987660088613196
6+,pass,5.9147869674185465,1.644654490508824e-05,0.00863193231403393,0.9632352941176471,136,131,0.38987660088613196
6+,pass,5.93984962406015,2.1407832772836476e-05,0.008761098502692367,0.9632352941176471,136,131,0.38987660088613196
6+,pass,5.964912280701754,2.7754228772414026e-05,0.008878590870261851,0.9632352941176471,136,131,0.38987660088613196
6+,pass,5.989974937343358,3.583818717302905e-05,0.008986678547520567,0.9632352941176471,136,131,0.38987660088613196
6+,pass,6.015037593984962,4.6091981920639744e-05,0.009088026124197563,0.9632352941176471,136,131,0.38987660088613196
6+,pass,6.040100250626566,5.90431311457484e-05,0.009185667867359278,0.9632352941176471,136,131,0.38987660088613196
6+,pass,6.06516290726817,7.533213887391903e-05,0.00928297705709482,0.9632352941176471,136,131,0.38987660088613196
6+,pass,6.090225563909774,9.573274588569561e-05,0.00938363176230674,0.9632352941176471,136,131,0.38987660088613196
6+,pass,6.115288220551378,0.00012117486036868506,0.009491578526932956,0.9632352941176471,136,131,0.38987660088613196
6+,pass,6.140350877192982,0.00015277030648083262,0.009610995529240687,0.9632352941176471,136,131,0.38987660088613196
6+,pass,6.165413533834586,0.0001918414835544524,0.0097462568082062,0.9632352941176471,136,131,0.38987660088613196
6+,pass,6.19047619047619,0.00023995296890248115,0.009901899117923359,0.9632352941176471,136,131,0.38987660088613196
6+,pass,6.215538847117794,0.00029894602176699323,0.01008259287239067,0.9632352941176471,136,131,0.38987660088613196
6+,pass,6.2406015037593985,0.0003709758539589194,0.010293118480356524,0.9632352941176471,136,131,0.38987660088613196
6+,pass,6.265664160401002,0.00045855142374915417,0.010538349147117829,0.9632352941176471,136,131,0.38987660088613196
6+,pass,6.290726817042606,0.0005645773837808496,0.010823240943644029,0.9632352941176471,136,131,0.38987660088613196
6+,pass,6.315789473684211,0.0006923976721362378,0.011152830621730935,0.9632352941176471,136,131,0.38987660088613196
6+,pass,6.340852130325814,0.0008458400800501825,0.011532241297607286,0.9632352941176471,136,131,0.38987660088613196
6+,pass,6.365914786967418,0.0010292609629521771,0.011966695747634455,0.9632352941176471,136,131,0.38987660088613196
6+,pass,6.390977443609022,0.0012475890874495332,0.012461536671745523,0.9632352941176471,136,131,0.38987660088613196
6+,pass,6.416040100250626,0.0015063674305650949,0.01302225289707682,0.9632352941176471,136,131,0.38987660088613196
6+,pass,6.4411027568922306,0.0018117915751499518,0.013654510130114964,0.9632352941176471,136,131,0.38987660088613196
6+,pass,6.466165413533834,0.0021707431840884872,0.01436418453465239,0.9632352941176471,136,131,0.38987660088613196
6+,pass,6.491228070175438,0.002590816893791139,0.015157397128244801,0.9632352941176471,136,131,0.38987660088613196
6+,pass,6.516290726817042,0.0030803388533286228,0.016040546763881676,0.9632352941176471,136,131,0.38987660088613196
6+,pass,6.541353383458646,0.0036483750586234756,0.017020339306840434,0.9632352941176471,136,131,0.38987660088613196
6+,pass,6.5664160401002505,0.004304727600673246,0.018103810537889165,0.9632352941176471,136,131,0.38987660088613196
6+,pass,6.591478696741854,0.005059916971782969,0.019298340319594497,0.9632352941176471,136,131,0.38987660088613196
6+,pass,6.616541353383458,0.005925148662352864,0.020611655656439697,0.9632352941176471,136,131,0.38987660088613196
6+,pass,6.641604010025063,0.0069122624396912285,0.02205182046305368,0.9632352941176471,136,131,0.38987660088613196
6+,pass,6.666666666666666,0.008033662934532266,0.02362721012658265,0.9632352941176471,136,131,0.38987660088613196
6+,pass,6.69172932330827,0.009302230472989984,0.02534646930474286,0.9632352941176471,136,131,0.38987660088613196
6+,pass,6.716791979949875,0.010731211481289867,0.027218451833197054,0.9632352941176471,136,131,0.38987660088613196
6+,pass,6.741854636591478,0.012334088254273765,0.029252142114698683,0.9632352941176471,136,131,0.38987660088613196
6+,pass,6.7669172932330826,0.014124428409331669,0.031456557915488154,0.9632352941176471,136,131,0.38987660088613196
6+,pass,6.791979949874686,0.0161157149343841,0.03384063508695909,0.9632352941176471,136,131,0.38987660088613196
6+,pass,6.81704260651629,0.01832115836749165,0.03641309534592237,0.9632352941176471,136,131,0.38987660088613196
6+,pass,6.842105263157895,0.0207534932988414,0.039182298866589055,0.9632352941176471,136,131,0.38987660088613196
6+,pass,6.867167919799498,0.02342476204250055,0.04215608404232005,0.9632352941176471,136,131,0.38987660088613196
6+,pass,6.8922305764411025,0.02634608896225749,0.04534159734533396,0.9632352941176471,136,131,0.38987660088613196
6+,pass,6.917293233082706,0.029527449528336896,0.04874511672811102,0.9632352941176471,136,131,0.38987660088613196
6+,pass,6.94235588972431,0.03297743870438579,0.05237187245208517,0.9632352941176471,136,131,0.38987660088613196
6+,pass,6.967418546365915,0.03670304369194235,0.05622586957968843,0.9632352941176471,136,131,0.38987660088613196
6+,pass,6.992481203007518,0.04070942636934945,0.06030971660935192,0.9632352941176471,136,131,0.38987660088613196
6+,pass,7.017543859649122,0.04499972093328927,0.06462446485686205,0.9632352941176471,136,131,0.38987660088613196
6+,pass,7.042606516290727,0.04957485226734559,0.0691694631811396,0.9632352941176471,136,131,0.38987660088613196
6+,pass,7.06766917293233,0.05443338041182186,0.07394223251259302,0.9632352941176471,136,131,0.38987660088613196
6+,pass,7.0927318295739346,0.059571376186916984,0.0789383643665721,0.9632352941176471,136,131,0.38987660088613196
6+,pass,7.117794486215539,0.06498233252828867,0.0841514471166317,0.9632352941176471,136,131,0.38987660088613196
6+,pass,7.142857142857142,0.07065711543786696,0.08957302327051586,0.9632352941176471,136,131,0.38987660088613196
6+,pass,7.167919799498747,0.07658395764820378,0.09519258034878611,0.9632352941176471,136,131,0.38987660088613196
6+,pass,7.19298245614035,0.08274849716687538,0.10099757722893324,0.9632352941176471,136,131,0.38987660088613196
6+,pass,7.2180451127819545,0.08913386183551814,0.1069735070074658,0.9632352941176471,136,131,0.38987660088613196
6+,pass,7.243107769423559,0.09572079993774997,0.11310399657268573,0.9632352941176471,136,131,0.38987660088613196
6+,pass,7.268170426065162,0.10248785575684033,0.1193709421976528,0.9632352941176471,136,131,0.38987660088613196
6+,pass,7.293233082706767,0.10941158785475216,0.12575467958323655,0.9632352941176471,136,131,0.38987660088613196
6+,pass,7.31829573934837,0.11646682675667036,0.13223418593222566,0.9632352941176471,136,131,0.38987660088613196
6+,pass,7.343358395989974,0.12362696771551054,0.138787310843102,0.9632352941176471,136,131,0.38987660088613196
6+,pass,7.368421052631579,0.1308642933322444,0.14539103209988843,0.9632352941176471,136,131,0.38987660088613196
6+,pass,7.393483709273182,0.138150320048791,0.1520217318228706,0.9632352941176471,136,131,0.38987660088613196
6+,pass,7.4185463659147866,0.14545616193340785,0.1586554879502152,0.9632352941176471,136,131,0.38987660088613196
6+,pass,7.443609022556391,0.15275290476001502,0.1652683756541898,0.9632352941176471,136,131,0.38987660088613196
6+,pass,7.468671679197994,0.16001198315140222,0.1718367730643698,0.9632352941176471,136,131,0.38987660088613196
6+,pass,7.493734335839599,0.16720555351304575,0.17833766557531538,0.9632352941176471,136,131,0.38987660088613196
6+,pass,7.518796992481203,0.17430685562338039,0.18474894305424905,0.9632352941176471,136,131,0.38987660088613196
6+,pass,7.5438596491228065,0.1812905560553941,0.19104968442739445,0.9632352941176471,136,131,0.38987660088613196
6+,pass,7.568922305764411,0.18813306706534913,0.19722042440026635,0.9632352941176471,136,131,0.38987660088613196
6+,pass,7.593984962406014,0.19481283517511422,0.2032433974430422,0.9632352941176471,136,131,0.38987660088613196
6+,pass,7.619047619047619,0.2013105943700735,0.20910275463116984,0.9632352941176471,136,131,0.38987660088613196
6+,pass,7.644110275689223,0.20760957960865514,0.21478474945688414,0.9632352941176471,136,131,0.38987660088613196
6+,pass,7.669172932330826,0.21369569716637932,0.22027788930310666,0.9632352941176471,136,131,0.38987660088613196
6+,pass,7.694235588972431,0.21955764919272713,0.2255730498823294,0.9632352941176471,136,131,0.38987660088613196
6+,pass,7.719298245614034,0.22518701072174419,0.2306635505767185,0.9632352941176471,136,131,0.38987660088613196
6+,pass,7.744360902255639,0.23057825822943345,0.2355451892615445,0.9632352941176471,136,131,0.38987660088613196
6+,pass,7.769423558897243,0.23572874965909188,0.2402162358446306,0.9632352941176471,136,131,0.38987660088613196
6+,pass,7.794486215538846,0.2406386566305657,0.24467738440504722,0.9632352941176471,136,131,0.38987660088613196
6+,pass,7.819548872180451,0.24531085030558453,0.2489316644622501,0.9632352941176471,136,131,0.38987660088613196
6+,pass,7.844611528822055,0.24975074309693468,0.25298431255148085,0.9632352941176471,136,131,0.38987660088613196
6+,pass,7.8696741854636585,0.2539660890847201,0.2568426059225919,0.9632352941176471,136,131,0.38987660088613196
6+,pass,7.894736842105263,0.25796674664011804,0.2605156608174638,0.9632352941176471,136,131,0.38987660088613196
6+,pass,7.919799498746867,0.26176440735783596,0.2640141984147556,0.9632352941176471,136,131,0.38987660088613196
6+,pass,7.944862155388471,0.2653722959637998,0.2673502821566962,0.9632352941176471,136,131,0.38987660088613196
6+,pass,7.969924812030075,0.2688048463932488,0.27053703078502633,0.9632352941176471,136,131,0.38987660088613196
6+,pass,7.994987468671678,0.2720773597222142,0.2735883120026605,0.9632352941176471,136,131,0.38987660088613196
6+,pass,8.020050125313283,0.2752056500746968,0.27651842223117906,0.9632352941176471,136,131,0.38987660088613196
6+,pass,8.045112781954886,0.27820568500740545,0.2793417584352609,0.9632352941176471,136,131,0.38987660088613196
6+,pass,8.070175438596491,0.28109322717899354,0.28207248841396937,0.9632352941176471,136,131,0.38987660088613196
6+,pass,8.095238095238095,0.28388348432378196,0.2847242262933565,0.9632352941176471,136,131,0.38987660088613196
6+,pass,8.120300751879698,0.2865907746517118,0.2873097201719826,0.9632352941176471,136,131,0.38987660088613196
6+,pass,8.145363408521304,0.2892282147668803,0.2898405589476521,0.9632352941176471,136,131,0.38987660088613196
6+,pass,8.170426065162907,0.2918074370177668,0.2923269052687865,0.9632352941176471,136,131,0.38987660088613196
6+,pass,8.19548872180451,0.2943383428470442,0.2947772612896333,0.9632352941176471,136,131,0.38987660088613196
6+,pass,8.220551378446114,0.296828898185991,0.2971982734522939,0.9632352941176471,136,131,0.38987660088613196
6+,pass,8.24561403508772,0.29928497623210704,0.299594581864224,0.9632352941176471,136,131,0.38987660088613196
6+,pass,8.270676691729323,0.30171025205988017,0.30196871898901545,0.9632352941176471,136,131,0.38987660088613196
6+,pass,8.295739348370926,0.30410615245314243,0.30432106133111514,0.9632352941176471,136,131,0.38987660088613196
6+,pass,8.320802005012531,0.30647186313102986,0.3066498365908079,0.9632352941176471,136,131,0.38987660088613196
6+,pass,8.345864661654135,0.3088043941947848,0.30895118742231326,0.9632352941176471,136,131,0.38987660088613196
6+,pass,8.370927318295738,0.3110987031840808,0.3112192914814427,0.9632352941176471,136,131,0.38987660088613196
6+,pass,8.395989974937343,0.3133478736407949,0.31344653594323846,0.9632352941176471,136,131,0.38987660088613196
6+,pass,8.421052631578947,0.31554334558226765,0.3156237431531584,0.9632352941176471,136,131,0.38987660088613196
6+,pass,8.44611528822055,0.31767519283560486,0.3177404425998496,0.9632352941176471,136,131,0.38987660088613196
6+,pass,8.471177944862156,0.31973244083130375,0.31978518301670633,0.9632352941176471,136,131,0.38987660088613196
6+,pass,8.496240601503759,0.32170341724898993,0.3217458771851375,0.9632352941176471,136,131,0.38987660088613196
6+,pass,8.521303258145362,0.3235761268971804,0.323610170972784,0.9632352941176471,136,131,0.38987660088613196
6+,pass,8.546365914786968,0.3253386414333779,0.32536582733640473,0.9632352941176471,136,131,0.38987660088613196
6+,pass,8.571428571428571,0.32697949402278537,0.3270011154848751,0.9632352941176471,136,131,0.38987660088613196
6+,pass,8.596491228070175,0.32848806881558706,0.3285051951553272,0.9632352941176471,136,131,0.38987660088613196
6+,pass,8.62155388471178,0.32985497520465784,0.32986848601586105,0.9632352941176471,136,131,0.38987660088613196
6+,pass,8.646616541353383,0.3310723972060103,0.3310830125699359,0.9632352941176471,136,131,0.38987660088613196
6+,pass,8.671679197994987,0.33213440896909324,0.3321427155864014,0.9632352941176471,136,131,0.38987660088613196
6+,pass,8.69674185463659,0.33303724834715565,0.33304372198903287,0.9632352941176471,136,131,0.38987660088613196
6+,pass,8.721804511278195,0.33377954160248496,0.33378456627345204,0.9632352941176471,136,131,0.38987660088613196
6+,pass,8.746867167919799,0.33436247364162874,0.33436635783144913,0.9632352941176471,136,131,0.38987660088613196
6+,pass,8.771929824561402,0.3347898996192665,0.33479289000027845,0.9632352941176471,136,131,0.38987660088613196
6+,pass,8.796992481203008,0.33506839525969245,0.33507068816068225,0.9632352941176471,136,131,0.38987660088613196
6+,pass,8.822055137844611,0.33520724476428615,0.3352089957243106,0.9632352941176471,136,131,0.38987660088613196
6+,pass,8.847117794486214,0.3352183666461027,0.33521969832279475,0.9632352941176471,136,131,0.38987660088613196
6+,pass,8.87218045112782,0.3351161792078217,0.33511718788573713,0.9632352941176471,136,131,0.38987660088613196
6+,pass,8.897243107769423,0.3349174086131547,0.33491816952948045,0.9632352941176471,136,131,0.38987660088613196
6+,pass,8.922305764411027,0.33464084356050033,0.33464141523855145,0.9632352941176471,136,131,0.38987660088613196
6+,pass,8.947368421052632,0.3343070414285398,0.3343074691843623,0.9632352941176471,136,131,0.38987660088613196
6+,pass,8.972431077694235,0.33393799141633934,0.3339383101806735,0.9632352941176471,136,131,0.38987660088613196
6+,pass,8.997493734335839,0.3335567406477381,0.33355697722472766,0.9632352941176471,136,131,0.38987660088613196
6+,pass,9.022556390977442,0.3331869894658705,0.3331871643312689,0.9632352941176471,136,131,0.38987660088613196
6+,pass,9.047619047619047,0.33285266223400295,0.3328527909591797,0.9632352941176471,136,131,0.38987660088613196
6+,pass,9.072681704260651,0.3325774599177651,0.3325775542914671,0.9632352941176471,136,131,0.38987660088613196
6+,pass,9.097744360902254,0.33238440059202906,0.3323844694994544,0.9632352941176471,136,131,0.38987660088613196
6+,pass,9.12280701754386,0.3322953538371148,0.33229540394525225,0.9632352941176471,136,131,0.38987660088613196
6+,pass,9.147869674185463,0.33233057480769684,0.3323306110968958,0.9632352941176471,136,131,0.38987660088613196
6+,pass,9.172932330827066,0.33250824361432596,0.3325082697885055,0.9632352941176471,136,131,0.38987660088613196
6+,pass,9.197994987468672,0.3328440155857012,0.33284403438731136,0.9632352941176471,136,131,0.38987660088613196
6+,pass,9.223057644110275,0.33335058800389045,0.33335060145453166,0.9632352941176471,136,131,0.38987660088613196
6+,pass,9.248120300751879,0.33403728903661134,0.33403729861994536,0.9632352941176471,136,131,0.38987660088613196
6+,pass,9.273182957393484,0.33490969482862143,0.33490970162872735,0.9632352941176471,136,131,0.38987660088613196
6+,pass,9.298245614035087,0.3359692810417322,0.33596928584724645,0.9632352941176471,136,131,0.38987660088613196
6+,pass,9.32330827067669,0.33721311551891603,0.3372131189010355,0.9632352941176471,136,131,0.38987660088613196
6+,pass,9.348370927318296,0.3386335991479922,0.338633601518616,0.9632352941176471,136,131,0.38987660088613196
6+,pass,9.3734335839599,0.34021826235885777,0.34021826401371563,0.9632352941176471,136,131,0.38987660088613196
6+,pass,9.398496240601503,0.34194962494145026,0.34194962609194035,0.9632352941176471,136,131,0.38987660088613196
6+,pass,9.423558897243108,0.3438051269517103,0.3438051277482895,0.9632352941176471,136,131,0.38987660088613196
6+,pass,9.448621553884712,0.34575713831219124,0.34575713886147735,0.9632352941176471,136,131,0.38987660088613196
6+,pass,9.473684210526315,0.3477730542502745,0.3477730546274919,0.9632352941176471,136,131,0.38987660088613196
6+,pass,9.498746867167918,0.34981548289793846,0.34981548315593153,0.9632352941176471,136,131,0.38987660088613196
6+,pass,9.523809523809524,0.35184253016525974,0.3518425303409903,0.9632352941176471,136,131,0.38987660088613196
6+,pass,9.548872180451127,0.3538081853768019,0.35380818549601095,0.9632352941176471,136,131,0.38987660088613196
6+,pass,9.57393483709273,0.3556628091294989,0.35566280921003557,0.9632352941176471,136,131,0.38987660088613196
6+,pass,9.598997493734336,0.3573537224206826,0.35735372247487024,0.9632352941176471,136,131,0.38987660088613196
6+,pass,9.62406015037594,0.35882589335890896,0.3588258933952192,0.9632352941176471,136,131,0.38987660088613196
6+,pass,9.649122807017543,0.36002271478615006,0.36002271481038156,0.9632352941176471,136,131,0.38987660088613196
6+,pass,9.674185463659148,0.3608868630081584,0.3608868630242631,0.9632352941176471,136,131,0.38987660088613196
6+,pass,9.699248120300751,0.3613612246696079,0.36136122468026766,0.9632352941176471,136,131,0.38987660088613196
6+,pass,9.724310776942355,0.36138987575500586,0.36138987576203274,0.9632352941176471,136,131,0.38987660088613196
6+,pass,9.74937343358396,0.36091909388603316,0.3609190938906463,0.9632352941176471,136,131,0.38987660088613196
6+,pass,9.774436090225564,0.35989838266231783,0.35989838266533397,0.9632352941176471,136,131,0.38987660088613196
6+,pass,9.799498746867167,0.35828148489025485,0.35828148489221884,0.9632352941176471,136,131,0.38987660088613196
6+,pass,9.82456140350877,0.3560273602837085,0.3560273602849821,0.9632352941176471,136,131,0.38987660088613196
6+,pass,9.849624060150376,0.3531011027002199,0.3531011027010424,0.9632352941176471,136,131,0.38987660088613196
6+,pass,9.87468671679198,0.349474772267929,0.349474772268458,0.9632352941176471,136,131,0.38987660088613196
6+,pass,9.899749373433583,0.3451281189003275,0.3451281189006664,0.9632352941176471,136,131,0.38987660088613196
6+,pass,9.924812030075188,0.34004917569036885,0.340049175690585,0.9632352941176471,136,131,0.38987660088613196
6+,pass,9.949874686716791,0.3342347034866077,0.33423470348674506,0.9632352941176471,136,131,0.38987660088613196
6+,pass,9.974937343358395,0.3276904715084063,0.32769047150849323,0.9632352941176471,136,131,0.38987660088613196
6+,pass,10.0,0.32043136304592634,0.32043136304598113,0.9632352941176471,136,131,0.38987660088613196
