group,component,bin_center,bin_left,bin_right,count,group_n,component_n,share_of_full_group_bin,density_of_full_group
0,pass,-1.95,-2.0,-1.9,1,5393,3889,0.00018542555164101615,0.0018542555164101598
0,pass,-1.8499999999999999,-1.9,-1.7999999999999998,2,5393,3889,0.0003708511032820323,0.0037085110328203197
0,pass,-1.7499999999999998,-1.7999999999999998,-1.6999999999999997,1,5393,3889,0.00018542555164101615,0.0018542555164101598
0,pass,-1.6499999999999997,-1.6999999999999997,-1.5999999999999996,1,5393,3889,0.00018542555164101615,0.0018542555164101598
0,pass,-1.5499999999999996,-1.5999999999999996,-1.4999999999999996,0,5393,3889,0.0,0.0
0,pass,-1.4499999999999995,-1.4999999999999996,-1.3999999999999995,2,5393,3889,0.0003708511032820323,0.0037085110328203197
0,pass,-1.3499999999999994,-1.3999999999999995,-1.2999999999999994,1,5393,3889,0.00018542555164101615,0.0018542555164101598
0,pass,-1.2499999999999993,-1.2999999999999994,-1.1999999999999993,3,5393,3889,0.0005562766549230484,0.005562766549230479
0,pass,-1.1499999999999992,-1.1999999999999993,-1.0999999999999992,2,5393,3889,0.0003708511032820323,0.0037085110328203197
0,pass,-1.0499999999999992,-1.0999999999999992,-0.9999999999999991,8,5393,3889,0.0014834044131281292,0.014834044131281279
0,pass,-0.9499999999999991,-0.9999999999999991,-0.899999999999999,17,5393,3889,0.003152234377897274,0.031522343778972714
0,pass,-0.849999999999999,-0.899999999999999,-0.7999999999999989,9,5393,3889,0.0016688299647691451,0.016688299647691435
0,pass,-0.7499999999999989,-0.7999999999999989,-0.6999999999999988,19,5393,3889,0.0035230854811793065,0.035230854811793035
0,pass,-0.6499999999999988,-0.6999999999999988,-0.5999999999999988,18,5393,3889,0.0033376599295382903,0.03337659929538287
0,pass,-0.5499999999999987,-0.5999999999999988,-0.49999999999999867,26,5393,3889,0.0048210643426664194,0.04821064342666415
0,pass,-0.4499999999999986,-0.49999999999999867,-0.3999999999999986,20,5393,3889,0.0037085110328203227,0.03708511032820319
0,pass,-0.34999999999999853,-0.3999999999999986,-0.2999999999999985,40,5393,3889,0.007417022065640645,0.07417022065640638
0,pass,-0.24999999999999845,-0.2999999999999985,-0.1999999999999984,67,5393,3889,0.012423511959948081,0.1242351195994807
0,pass,-0.14999999999999836,-0.1999999999999984,-0.09999999999999831,83,5393,3889,0.015390320786204338,0.15390320786204326
0,pass,-0.04999999999999827,-0.09999999999999831,1.7763568394002505e-15,126,5393,3889,0.023363619506768032,0.23363619506768013
0,pass,0.05000000000000182,1.7763568394002505e-15,0.10000000000000187,163,5393,3889,0.03022436491748563,0.302243649174856
0,pass,0.1500000000000019,0.10000000000000187,0.20000000000000195,229,5393,3889,0.0424624513257927,0.4246245132579266
0,pass,0.250000000000002,0.20000000000000195,0.30000000000000204,310,5393,3889,0.057481921008715,0.5748192100871495
0,pass,0.3500000000000021,0.30000000000000204,0.40000000000000213,378,5393,3889,0.0700908585203041,0.7009085852030403
0,pass,0.4500000000000022,0.40000000000000213,0.5000000000000022,435,5393,3889,0.08066011496384201,0.8066011496384194
0,pass,0.5500000000000023,0.5000000000000022,0.6000000000000023,515,5393,3889,0.09549415909512331,0.9549415909512322
0,pass,0.6500000000000024,0.6000000000000023,0.7000000000000024,458,5393,3889,0.0849249026515854,0.8492490265158532
0,pass,0.7500000000000024,0.7000000000000024,0.8000000000000025,370,5393,3889,0.06860745410717597,0.6860745410717591
0,pass,0.8500000000000025,0.8000000000000025,0.9000000000000026,221,5393,3889,0.04097904691266457,0.4097904691266453
0,pass,0.9500000000000026,0.9000000000000026,1.0000000000000027,138,5393,3889,0.025588726126460227,0.25588726126460204
0,pass,1.0500000000000027,1.0000000000000027,1.1000000000000028,95,5393,3889,0.01761542740589653,0.17615427405896517
0,pass,1.1500000000000028,1.1000000000000028,1.2000000000000028,52,5393,3889,0.009642128685332839,0.0964212868533283
0,pass,1.2500000000000029,1.2000000000000028,1.300000000000003,42,5393,3889,0.007787873168922678,0.07787873168922671
0,pass,1.350000000000003,1.300000000000003,1.400000000000003,13,5393,3889,0.0024105321713332097,0.024105321713332076
0,pass,1.450000000000003,1.400000000000003,1.500000000000003,17,5393,3889,0.003152234377897274,0.031522343778972714
0,pass,1.5500000000000032,1.500000000000003,1.6000000000000032,3,5393,3889,0.0005562766549230484,0.005562766549230479
0,pass,1.6500000000000032,1.6000000000000032,1.7000000000000033,2,5393,3889,0.0003708511032820323,0.0037085110328203197
0,pass,1.7500000000000033,1.7000000000000033,1.8000000000000034,1,5393,3889,0.00018542555164101615,0.0018542555164101598
0,pass,1.8500000000000034,1.8000000000000034,1.9000000000000035,0,5393,3889,0.0,0.0
0,pass,1.9500000000000035,1.9000000000000035,2.0000000000000036,0,5393,3889,0.0,0.0
0,numeric_nonpass,-1.95,-2.0,-1.9,21,5393,581,0.003893936584461339,0.038939365844613355
0,numeric_nonpass,-1.8499999999999999,-1.9,-1.7999999999999998,18,5393,581,0.0033376599295382903,0.03337659929538287
0,numeric_nonpass,-1.7499999999999998,-1.7999999999999998,-1.6999999999999997,28,5393,581,0.005191915445948452,0.05191915445948447
0,numeric_nonpass,-1.6499999999999997,-1.6999999999999997,-1.5999999999999996,14,5393,581,0.002595957722974226,0.025959577229742237
0,numeric_nonpass,-1.5499999999999996,-1.5999999999999996,-1.4999999999999996,18,5393,581,0.0033376599295382903,0.03337659929538287
0,numeric_nonpass,-1.4499999999999995,-1.4999999999999996,-1.3999999999999995,16,5393,581,0.0029668088262562583,0.029668088262562557
0,numeric_nonpass,-1.3499999999999994,-1.3999999999999995,-1.2999999999999994,16,5393,581,0.0029668088262562583,0.029668088262562557
0,numeric_nonpass,-1.2499999999999993,-1.2999999999999994,-1.1999999999999993,19,5393,581,0.0035230854811793065,0.035230854811793035
0,numeric_nonpass,-1.1499999999999992,-1.1999999999999993,-1.0999999999999992,18,5393,581,0.0033376599295382903,0.03337659929538287
0,numeric_nonpass,-1.0499999999999992,-1.0999999999999992,-0.9999999999999991,28,5393,581,0.005191915445948452,0.05191915445948447
0,numeric_nonpass,-0.9499999999999991,-0.9999999999999991,-0.899999999999999,15,5393,581,0.002781383274615242,0.027813832746152397
0,numeric_nonpass,-0.849999999999999,-0.899999999999999,-0.7999999999999989,16,5393,581,0.0029668088262562583,0.029668088262562557
0,numeric_nonpass,-0.7499999999999989,-0.7999999999999989,-0.6999999999999988,18,5393,581,0.0033376599295382903,0.03337659929538287
0,numeric_nonpass,-0.6499999999999988,-0.6999999999999988,-0.5999999999999988,15,5393,581,0.002781383274615242,0.027813832746152397
0,numeric_nonpass,-0.5499999999999987,-0.5999999999999988,-0.49999999999999867,19,5393,581,0.0035230854811793065,0.035230854811793035
0,numeric_nonpass,-0.4499999999999986,-0.49999999999999867,-0.3999999999999986,21,5393,581,0.003893936584461339,0.038939365844613355
0,numeric_nonpass,-0.34999999999999853,-0.3999999999999986,-0.2999999999999985,21,5393,581,0.003893936584461339,0.038939365844613355
0,numeric_nonpass,-0.24999999999999845,-0.2999999999999985,-0.1999999999999984,16,5393,581,0.0029668088262562583,0.029668088262562557
0,numeric_nonpass,-0.14999999999999836,-0.1999999999999984,-0.09999999999999831,24,5393,581,0.004450213239384387,0.04450213239384383
0,numeric_nonpass,-0.04999999999999827,-0.09999999999999831,1.7763568394002505e-15,11,5393,581,0.0020396810680511773,0.020396810680511756
0,numeric_nonpass,0.05000000000000182,1.7763568394002505e-15,0.10000000000000187,19,5393,581,0.0035230854811793065,0.035230854811793035
0,numeric_nonpass,0.1500000000000019,0.10000000000000187,0.20000000000000195,5,5393,581,0.0009271277582050807,0.009271277582050798
0,numeric_nonpass,0.250000000000002,0.20000000000000195,0.30000000000000204,4,5393,581,0.0007417022065640646,0.007417022065640639
0,numeric_nonpass,0.3500000000000021,0.30000000000000204,0.40000000000000213,4,5393,581,0.0007417022065640646,0.007417022065640639
0,numeric_nonpass,0.4500000000000022,0.40000000000000213,0.5000000000000022,3,5393,581,0.0005562766549230484,0.005562766549230479
0,numeric_nonpass,0.5500000000000023,0.5000000000000022,0.6000000000000023,0,5393,581,0.0,0.0
0,numeric_nonpass,0.6500000000000024,0.6000000000000023,0.7000000000000024,1,5393,581,0.00018542555164101615,0.0018542555164101598
0,numeric_nonpass,0.7500000000000024,0.7000000000000024,0.8000000000000025,0,5393,581,0.0,0.0
0,numeric_nonpass,0.8500000000000025,0.8000000000000025,0.9000000000000026,0,5393,581,0.0,0.0
0,numeric_nonpass,0.9500000000000026,0.9000000000000026,1.0000000000000027,0,5393,581,0.0,0.0
0,numeric_nonpass,1.0500000000000027,1.0000000000000027,1.1000000000000028,0,5393,581,0.0,0.0
0,numeric_nonpass,1.1500000000000028,1.1000000000000028,1.2000000000000028,0,5393,581,0.0,0.0
0,numeric_nonpass,1.2500000000000029,1.2000000000000028,1.300000000000003,0,5393,581,0.0,0.0
0,numeric_nonpass,1.350000000000003,1.300000000000003,1.400000000000003,0,5393,581,0.0,0.0
0,numeric_nonpass,1.450000000000003,1.400000000000003,1.500000000000003,0,5393,581,0.0,0.0
0,numeric_nonpass,1.5500000000000032,1.500000000000003,1.6000000000000032,0,5393,581,0.0,0.0
0,numeric_nonpass,1.6500000000000032,1.6000000000000032,1.7000000000000033,0,5393,581,0.0,0.0
0,numeric_nonpass,1.7500000000000033,1.7000000000000033,1.8000000000000034,0,5393,581,0.0,0.0
0,numeric_nonpass,1.8500000000000034,1.8000000000000034,1.9000000000000035,0,5393,581,0.0,0.0
0,numeric_nonpass,1.9500000000000035,1.9000000000000035,2.0000000000000036,0,5393,581,0.0,0.0
0,BV,-1.95,-2.0,-1.9,11,5393,527,0.0020396810680511773,0.020396810680511756
0,BV,-1.8499999999999999,-1.9,-1.7999999999999998,11,5393,527,0.0020396810680511773,0.020396810680511756
0,BV,-1.7499999999999998,-1.7999999999999998,-1.6999999999999997,16,5393,527,0.0029668088262562583,0.029668088262562557
0,BV,-1.6499999999999997,-1.6999999999999997,-1.5999999999999996,18,5393,527,0.0033376599295382903,0.03337659929538287
0,BV,-1.5499999999999996,-1.5999999999999996,-1.4999999999999996,22,5393,527,0.004079362136102355,0.04079362136102351
0,BV,-1.4499999999999995,-1.4999999999999996,-1.3999999999999995,30,5393,527,0.005562766549230484,0.055627665492304794
0,BV,-1.3499999999999994,-1.3999999999999995,-1.2999999999999994,39,5393,527,0.007231596513999629,0.07231596513999623
0,BV,-1.2499999999999993,-1.2999999999999994,-1.1999999999999993,30,5393,527,0.005562766549230484,0.055627665492304794
0,BV,-1.1499999999999992,-1.1999999999999993,-1.0999999999999992,25,5393,527,0.004635638791025403,0.04635638791025399
0,BV,-1.0499999999999992,-1.0999999999999992,-0.9999999999999991,36,5393,527,0.006675319859076581,0.06675319859076574
0,BV,-0.9499999999999991,-0.9999999999999991,-0.899999999999999,29,5393,527,0.005377340997589468,0.05377340997589463
0,BV,-0.849999999999999,-0.899999999999999,-0.7999999999999989,30,5393,527,0.005562766549230484,0.055627665492304794
0,BV,-0.7499999999999989,-0.7999999999999989,-0.6999999999999988,15,5393,527,0.002781383274615242,0.027813832746152397
0,BV,-0.6499999999999988,-0.6999999999999988,-0.5999999999999988,20,5393,527,0.0037085110328203227,0.03708511032820319
0,BV,-0.5499999999999987,-0.5999999999999988,-0.49999999999999867,22,5393,527,0.004079362136102355,0.04079362136102351
0,BV,-0.4499999999999986,-0.49999999999999867,-0.3999999999999986,14,5393,527,0.002595957722974226,0.025959577229742237
0,BV,-0.34999999999999853,-0.3999999999999986,-0.2999999999999985,15,5393,527,0.002781383274615242,0.027813832746152397
0,BV,-0.24999999999999845,-0.2999999999999985,-0.1999999999999984,11,5393,527,0.0020396810680511773,0.020396810680511756
0,BV,-0.14999999999999836,-0.1999999999999984,-0.09999999999999831,14,5393,527,0.002595957722974226,0.025959577229742237
0,BV,-0.04999999999999827,-0.09999999999999831,1.7763568394002505e-15,16,5393,527,0.0029668088262562583,0.029668088262562557
0,BV,0.05000000000000182,1.7763568394002505e-15,0.10000000000000187,12,5393,527,0.0022251066196921935,0.022251066196921916
0,BV,0.1500000000000019,0.10000000000000187,0.20000000000000195,10,5393,527,0.0018542555164101613,0.018542555164101596
0,BV,0.250000000000002,0.20000000000000195,0.30000000000000204,5,5393,527,0.0009271277582050807,0.009271277582050798
0,BV,0.3500000000000021,0.30000000000000204,0.40000000000000213,6,5393,527,0.0011125533098460968,0.011125533098460958
0,BV,0.4500000000000022,0.40000000000000213,0.5000000000000022,4,5393,527,0.0007417022065640646,0.007417022065640639
0,BV,0.5500000000000023,0.5000000000000022,0.6000000000000023,1,5393,527,0.00018542555164101615,0.0018542555164101598
0,BV,0.6500000000000024,0.6000000000000023,0.7000000000000024,0,5393,527,0.0,0.0
0,BV,0.7500000000000024,0.7000000000000024,0.8000000000000025,0,5393,527,0.0,0.0
0,BV,0.8500000000000025,0.8000000000000025,0.9000000000000026,0,5393,527,0.0,0.0
0,BV,0.9500000000000026,0.9000000000000026,1.0000000000000027,0,5393,527,0.0,0.0
0,BV,1.0500000000000027,1.0000000000000027,1.1000000000000028,0,5393,527,0.0,0.0
0,BV,1.1500000000000028,1.1000000000000028,1.2000000000000028,0,5393,527,0.0,0.0
0,BV,1.2500000000000029,1.2000000000000028,1.300000000000003,0,5393,527,0.0,0.0
0,BV,1.350000000000003,1.300000000000003,1.400000000000003,0,5393,527,0.0,0.0
0,BV,1.450000000000003,1.400000000000003,1.500000000000003,0,5393,527,0.0,0.0
0,BV,1.5500000000000032,1.500000000000003,1.6000000000000032,0,5393,527,0.0,0.0
0,BV,1.6500000000000032,1.6000000000000032,1.7000000000000033,0,5393,527,0.0,0.0
0,BV,1.7500000000000033,1.7000000000000033,1.8000000000000034,0,5393,527,0.0,0.0
0,BV,1.8500000000000034,1.8000000000000034,1.9000000000000035,0,5393,527,0.0,0.0
0,BV,1.9500000000000035,1.9000000000000035,2.0000000000000036,0,5393,527,0.0,0.0
0,RT,-1.95,-2.0,-1.9,24,5393,329,0.004450213239384387,0.04450213239384383
0,RT,-1.8499999999999999,-1.9,-1.7999999999999998,15,5393,329,0.002781383274615242,0.027813832746152397
0,RT,-1.7499999999999998,-1.7999999999999998,-1.6999999999999997,11,5393,329,0.0020396810680511773,0.020396810680511756
0,RT,-1.6499999999999997,-1.6999999999999997,-1.5999999999999996,13,5393,329,0.0024105321713332097,0.024105321713332076
0,RT,-1.5499999999999996,-1.5999999999999996,-1.4999999999999996,15,5393,329,0.002781383274615242,0.027813832746152397
0,RT,-1.4499999999999995,-1.4999999999999996,-1.3999999999999995,16,5393,329,0.0029668088262562583,0.029668088262562557
0,RT,-1.3499999999999994,-1.3999999999999995,-1.2999999999999994,11,5393,329,0.0020396810680511773,0.020396810680511756
0,RT,-1.2499999999999993,-1.2999999999999994,-1.1999999999999993,14,5393,329,0.002595957722974226,0.025959577229742237
0,RT,-1.1499999999999992,-1.1999999999999993,-1.0999999999999992,12,5393,329,0.0022251066196921935,0.022251066196921916
0,RT,-1.0499999999999992,-1.0999999999999992,-0.9999999999999991,12,5393,329,0.0022251066196921935,0.022251066196921916
0,RT,-0.9499999999999991,-0.9999999999999991,-0.899999999999999,13,5393,329,0.0024105321713332097,0.024105321713332076
0,RT,-0.849999999999999,-0.899999999999999,-0.7999999999999989,13,5393,329,0.0024105321713332097,0.024105321713332076
0,RT,-0.7499999999999989,-0.7999999999999989,-0.6999999999999988,7,5393,329,0.001297978861487113,0.012979788614871118
0,RT,-0.6499999999999988,-0.6999999999999988,-0.5999999999999988,8,5393,329,0.0014834044131281292,0.014834044131281279
0,RT,-0.5499999999999987,-0.5999999999999988,-0.49999999999999867,7,5393,329,0.001297978861487113,0.012979788614871118
0,RT,-0.4499999999999986,-0.49999999999999867,-0.3999999999999986,16,5393,329,0.0029668088262562583,0.029668088262562557
0,RT,-0.34999999999999853,-0.3999999999999986,-0.2999999999999985,6,5393,329,0.0011125533098460968,0.011125533098460958
0,RT,-0.24999999999999845,-0.2999999999999985,-0.1999999999999984,7,5393,329,0.001297978861487113,0.012979788614871118
0,RT,-0.14999999999999836,-0.1999999999999984,-0.09999999999999831,5,5393,329,0.0009271277582050807,0.009271277582050798
0,RT,-0.04999999999999827,-0.09999999999999831,1.7763568394002505e-15,5,5393,329,0.0009271277582050807,0.009271277582050798
0,RT,0.05000000000000182,1.7763568394002505e-15,0.10000000000000187,4,5393,329,0.0007417022065640646,0.007417022065640639
0,RT,0.1500000000000019,0.10000000000000187,0.20000000000000195,2,5393,329,0.0003708511032820323,0.0037085110328203197
0,RT,0.250000000000002,0.20000000000000195,0.30000000000000204,2,5393,329,0.0003708511032820323,0.0037085110328203197
0,RT,0.3500000000000021,0.30000000000000204,0.40000000000000213,0,5393,329,0.0,0.0
0,RT,0.4500000000000022,0.40000000000000213,0.5000000000000022,0,5393,329,0.0,0.0
0,RT,0.5500000000000023,0.5000000000000022,0.6000000000000023,0,5393,329,0.0,0.0
0,RT,0.6500000000000024,0.6000000000000023,0.7000000000000024,0,5393,329,0.0,0.0
0,RT,0.7500000000000024,0.7000000000000024,0.8000000000000025,0,5393,329,0.0,0.0
0,RT,0.8500000000000025,0.8000000000000025,0.9000000000000026,0,5393,329,0.0,0.0
0,RT,0.9500000000000026,0.9000000000000026,1.0000000000000027,0,5393,329,0.0,0.0
0,RT,1.0500000000000027,1.0000000000000027,1.1000000000000028,0,5393,329,0.0,0.0
0,RT,1.1500000000000028,1.1000000000000028,1.2000000000000028,0,5393,329,0.0,0.0
0,RT,1.2500000000000029,1.2000000000000028,1.300000000000003,0,5393,329,0.0,0.0
0,RT,1.350000000000003,1.300000000000003,1.400000000000003,0,5393,329,0.0,0.0
0,RT,1.450000000000003,1.400000000000003,1.500000000000003,0,5393,329,0.0,0.0
0,RT,1.5500000000000032,1.500000000000003,1.6000000000000032,0,5393,329,0.0,0.0
0,RT,1.6500000000000032,1.6000000000000032,1.7000000000000033,0,5393,329,0.0,0.0
0,RT,1.7500000000000033,1.7000000000000033,1.8000000000000034,0,5393,329,0.0,0.0
0,RT,1.8500000000000034,1.8000000000000034,1.9000000000000035,0,5393,329,0.0,0.0
0,RT,1.9500000000000035,1.9000000000000035,2.0000000000000036,0,5393,329,0.0,0.0
0,BA,-1.95,-2.0,-1.9,1,5393,67,0.00018542555164101615,0.0018542555164101598
0,BA,-1.8499999999999999,-1.9,-1.7999999999999998,2,5393,67,0.0003708511032820323,0.0037085110328203197
0,BA,-1.7499999999999998,-1.7999999999999998,-1.6999999999999997,4,5393,67,0.0007417022065640646,0.007417022065640639
0,BA,-1.6499999999999997,-1.6999999999999997,-1.5999999999999996,1,5393,67,0.00018542555164101615,0.0018542555164101598
0,BA,-1.5499999999999996,-1.5999999999999996,-1.4999999999999996,2,5393,67,0.0003708511032820323,0.0037085110328203197
0,BA,-1.4499999999999995,-1.4999999999999996,-1.3999999999999995,1,5393,67,0.00018542555164101615,0.0018542555164101598
0,BA,-1.3499999999999994,-1.3999999999999995,-1.2999999999999994,1,5393,67,0.00018542555164101615,0.0018542555164101598
0,BA,-1.2499999999999993,-1.2999999999999994,-1.1999999999999993,2,5393,67,0.0003708511032820323,0.0037085110328203197
0,BA,-1.1499999999999992,-1.1999999999999993,-1.0999999999999992,1,5393,67,0.00018542555164101615,0.0018542555164101598
0,BA,-1.0499999999999992,-1.0999999999999992,-0.9999999999999991,1,5393,67,0.00018542555164101615,0.0018542555164101598
0,BA,-0.9499999999999991,-0.9999999999999991,-0.899999999999999,4,5393,67,0.0007417022065640646,0.007417022065640639
0,BA,-0.849999999999999,-0.899999999999999,-0.7999999999999989,4,5393,67,0.0007417022065640646,0.007417022065640639
0,BA,-0.7499999999999989,-0.7999999999999989,-0.6999999999999988,2,5393,67,0.0003708511032820323,0.0037085110328203197
0,BA,-0.6499999999999988,-0.6999999999999988,-0.5999999999999988,1,5393,67,0.00018542555164101615,0.0018542555164101598
0,BA,-0.5499999999999987,-0.5999999999999988,-0.49999999999999867,1,5393,67,0.00018542555164101615,0.0018542555164101598
0,BA,-0.4499999999999986,-0.49999999999999867,-0.3999999999999986,1,5393,67,0.00018542555164101615,0.0018542555164101598
0,BA,-0.34999999999999853,-0.3999999999999986,-0.2999999999999985,1,5393,67,0.00018542555164101615,0.0018542555164101598
0,BA,-0.24999999999999845,-0.2999999999999985,-0.1999999999999984,1,5393,67,0.00018542555164101615,0.0018542555164101598
0,BA,-0.14999999999999836,-0.1999999999999984,-0.09999999999999831,6,5393,67,0.0011125533098460968,0.011125533098460958
0,BA,-0.04999999999999827,-0.09999999999999831,1.7763568394002505e-15,0,5393,67,0.0,0.0
0,BA,0.05000000000000182,1.7763568394002505e-15,0.10000000000000187,1,5393,67,0.00018542555164101615,0.0018542555164101598
0,BA,0.1500000000000019,0.10000000000000187,0.20000000000000195,1,5393,67,0.00018542555164101615,0.0018542555164101598
0,BA,0.250000000000002,0.20000000000000195,0.30000000000000204,0,5393,67,0.0,0.0
0,BA,0.3500000000000021,0.30000000000000204,0.40000000000000213,1,5393,67,0.00018542555164101615,0.0018542555164101598
0,BA,0.4500000000000022,0.40000000000000213,0.5000000000000022,0,5393,67,0.0,0.0
0,BA,0.5500000000000023,0.5000000000000022,0.6000000000000023,0,5393,67,0.0,0.0
0,BA,0.6500000000000024,0.6000000000000023,0.7000000000000024,0,5393,67,0.0,0.0
0,BA,0.7500000000000024,0.7000000000000024,0.8000000000000025,0,5393,67,0.0,0.0
0,BA,0.8500000000000025,0.8000000000000025,0.9000000000000026,0,5393,67,0.0,0.0
0,BA,0.9500000000000026,0.9000000000000026,1.0000000000000027,0,5393,67,0.0,0.0
0,BA,1.0500000000000027,1.0000000000000027,1.1000000000000028,0,5393,67,0.0,0.0
0,BA,1.1500000000000028,1.1000000000000028,1.2000000000000028,0,5393,67,0.0,0.0
0,BA,1.2500000000000029,1.2000000000000028,1.300000000000003,0,5393,67,0.0,0.0
0,BA,1.350000000000003,1.300000000000003,1.400000000000003,0,5393,67,0.0,0.0
0,BA,1.450000000000003,1.400000000000003,1.500000000000003,0,5393,67,0.0,0.0
0,BA,1.5500000000000032,1.500000000000003,1.6000000000000032,0,5393,67,0.0,0.0
0,BA,1.6500000000000032,1.6000000000000032,1.7000000000000033,0,5393,67,0.0,0.0
0,BA,1.7500000000000033,1.7000000000000033,1.8000000000000034,0,5393,67,0.0,0.0
0,BA,1.8500000000000034,1.8000000000000034,1.9000000000000035,0,5393,67,0.0,0.0
0,BA,1.9500000000000035,1.9000000000000035,2.0000000000000036,0,5393,67,0.0,0.0
1,pass,-1.95,-2.0,-1.9,0,517,419,0.0,0.0
1,pass,-1.8499999999999999,-1.9,-1.7999999999999998,0,517,419,0.0,0.0
1,pass,-1.7499999999999998,-1.7999999999999998,-1.6999999999999997,0,517,419,0.0,0.0
1,pass,-1.6499999999999997,-1.6999999999999997,-1.5999999999999996,0,517,419,0.0,0.0
1,pass,-1.5499999999999996,-1.5999999999999996,-1.4999999999999996,0,517,419,0.0,0.0
1,pass,-1.4499999999999995,-1.4999999999999996,-1.3999999999999995,0,517,419,0.0,0.0
1,pass,-1.3499999999999994,-1.3999999999999995,-1.2999999999999994,0,517,419,0.0,0.0
1,pass,-1.2499999999999993,-1.2999999999999994,-1.1999999999999993,0,517,419,0.0,0.0
1,pass,-1.1499999999999992,-1.1999999999999993,-1.0999999999999992,0,517,419,0.0,0.0
1,pass,-1.0499999999999992,-1.0999999999999992,-0.9999999999999991,0,517,419,0.0,0.0
1,pass,-0.9499999999999991,-0.9999999999999991,-0.899999999999999,2,517,419,0.0038684719535783366,0.038684719535783334
1,pass,-0.849999999999999,-0.899999999999999,-0.7999999999999989,1,517,419,0.0019342359767891683,0.019342359767891667
1,pass,-0.7499999999999989,-0.7999999999999989,-0.6999999999999988,0,517,419,0.0,0.0
1,pass,-0.6499999999999988,-0.6999999999999988,-0.5999999999999988,0,517,419,0.0,0.0
1,pass,-0.5499999999999987,-0.5999999999999988,-0.49999999999999867,1,517,419,0.0019342359767891683,0.019342359767891667
1,pass,-0.4499999999999986,-0.49999999999999867,-0.3999999999999986,3,517,419,0.005802707930367505,0.058027079303675
1,pass,-0.34999999999999853,-0.3999999999999986,-0.2999999999999985,6,517,419,0.01160541586073501,0.11605415860735
1,pass,-0.24999999999999845,-0.2999999999999985,-0.1999999999999984,0,517,419,0.0,0.0
1,pass,-0.14999999999999836,-0.1999999999999984,-0.09999999999999831,6,517,419,0.01160541586073501,0.11605415860735
1,pass,-0.04999999999999827,-0.09999999999999831,1.7763568394002505e-15,16,517,419,0.030947775628626693,0.30947775628626667
1,pass,0.05000000000000182,1.7763568394002505e-15,0.10000000000000187,11,517,419,0.02127659574468085,0.21276595744680832
1,pass,0.1500000000000019,0.10000000000000187,0.20000000000000195,16,517,419,0.030947775628626693,0.30947775628626667
1,pass,0.250000000000002,0.20000000000000195,0.30000000000000204,33,517,419,0.06382978723404255,0.6382978723404249
1,pass,0.3500000000000021,0.30000000000000204,0.40000000000000213,38,517,419,0.0735009671179884,0.7350096711798834
1,pass,0.4500000000000022,0.40000000000000213,0.5000000000000022,44,517,419,0.0851063829787234,0.8510638297872333
1,pass,0.5500000000000023,0.5000000000000022,0.6000000000000023,54,517,419,0.10444874274661509,1.04448742746615
1,pass,0.6500000000000024,0.6000000000000023,0.7000000000000024,37,517,419,0.07156673114119923,0.7156673114119917
1,pass,0.7500000000000024,0.7000000000000024,0.8000000000000025,41,517,419,0.07930367504835589,0.7930367504835583
1,pass,0.8500000000000025,0.8000000000000025,0.9000000000000026,47,517,419,0.09090909090909091,0.9090909090909083
1,pass,0.9500000000000026,0.9000000000000026,1.0000000000000027,13,517,419,0.025145067698259187,0.25145067698259166
1,pass,1.0500000000000027,1.0000000000000027,1.1000000000000028,16,517,419,0.030947775628626693,0.30947775628626667
1,pass,1.1500000000000028,1.1000000000000028,1.2000000000000028,16,517,419,0.030947775628626693,0.30947775628626667
1,pass,1.2500000000000029,1.2000000000000028,1.300000000000003,10,517,419,0.019342359767891684,0.19342359767891668
1,pass,1.350000000000003,1.300000000000003,1.400000000000003,5,517,419,0.009671179883945842,0.09671179883945834
1,pass,1.450000000000003,1.400000000000003,1.500000000000003,2,517,419,0.0038684719535783366,0.038684719535783334
1,pass,1.5500000000000032,1.500000000000003,1.6000000000000032,0,517,419,0.0,0.0
1,pass,1.6500000000000032,1.6000000000000032,1.7000000000000033,0,517,419,0.0,0.0
1,pass,1.7500000000000033,1.7000000000000033,1.8000000000000034,0,517,419,0.0,0.0
1,pass,1.8500000000000034,1.8000000000000034,1.9000000000000035,0,517,419,0.0,0.0
1,pass,1.9500000000000035,1.9000000000000035,2.0000000000000036,0,517,419,0.0,0.0
1,numeric_nonpass,-1.95,-2.0,-1.9,1,517,15,0.0019342359767891683,0.019342359767891667
1,numeric_nonpass,-1.8499999999999999,-1.9,-1.7999999999999998,0,517,15,0.0,0.0
1,numeric_nonpass,-1.7499999999999998,-1.7999999999999998,-1.6999999999999997,1,517,15,0.0019342359767891683,0.019342359767891667
1,numeric_nonpass,-1.6499999999999997,-1.6999999999999997,-1.5999999999999996,0,517,15,0.0,0.0
1,numeric_nonpass,-1.5499999999999996,-1.5999999999999996,-1.4999999999999996,0,517,15,0.0,0.0
1,numeric_nonpass,-1.4499999999999995,-1.4999999999999996,-1.3999999999999995,1,517,15,0.0019342359767891683,0.019342359767891667
1,numeric_nonpass,-1.3499999999999994,-1.3999999999999995,-1.2999999999999994,1,517,15,0.0019342359767891683,0.019342359767891667
1,numeric_nonpass,-1.2499999999999993,-1.2999999999999994,-1.1999999999999993,0,517,15,0.0,0.0
1,numeric_nonpass,-1.1499999999999992,-1.1999999999999993,-1.0999999999999992,0,517,15,0.0,0.0
1,numeric_nonpass,-1.0499999999999992,-1.0999999999999992,-0.9999999999999991,1,517,15,0.0019342359767891683,0.019342359767891667
1,numeric_nonpass,-0.9499999999999991,-0.9999999999999991,-0.899999999999999,0,517,15,0.0,0.0
1,numeric_nonpass,-0.849999999999999,-0.899999999999999,-0.7999999999999989,1,517,15,0.0019342359767891683,0.019342359767891667
1,numeric_nonpass,-0.7499999999999989,-0.7999999999999989,-0.6999999999999988,1,517,15,0.0019342359767891683,0.019342359767891667
1,numeric_nonpass,-0.6499999999999988,-0.6999999999999988,-0.5999999999999988,1,517,15,0.0019342359767891683,0.019342359767891667
1,numeric_nonpass,-0.5499999999999987,-0.5999999999999988,-0.49999999999999867,2,517,15,0.0038684719535783366,0.038684719535783334
1,numeric_nonpass,-0.4499999999999986,-0.49999999999999867,-0.3999999999999986,0,517,15,0.0,0.0
1,numeric_nonpass,-0.34999999999999853,-0.3999999999999986,-0.2999999999999985,1,517,15,0.0019342359767891683,0.019342359767891667
1,numeric_nonpass,-0.24999999999999845,-0.2999999999999985,-0.1999999999999984,0,517,15,0.0,0.0
1,numeric_nonpass,-0.14999999999999836,-0.1999999999999984,-0.09999999999999831,3,517,15,0.005802707930367505,0.058027079303675
1,numeric_nonpass,-0.04999999999999827,-0.09999999999999831,1.7763568394002505e-15,0,517,15,0.0,0.0
1,numeric_nonpass,0.05000000000000182,1.7763568394002505e-15,0.10000000000000187,0,517,15,0.0,0.0
1,numeric_nonpass,0.1500000000000019,0.10000000000000187,0.20000000000000195,0,517,15,0.0,0.0
1,numeric_nonpass,0.250000000000002,0.20000000000000195,0.30000000000000204,0,517,15,0.0,0.0
1,numeric_nonpass,0.3500000000000021,0.30000000000000204,0.40000000000000213,0,517,15,0.0,0.0
1,numeric_nonpass,0.4500000000000022,0.40000000000000213,0.5000000000000022,0,517,15,0.0,0.0
1,numeric_nonpass,0.5500000000000023,0.5000000000000022,0.6000000000000023,0,517,15,0.0,0.0
1,numeric_nonpass,0.6500000000000024,0.6000000000000023,0.7000000000000024,0,517,15,0.0,0.0
1,numeric_nonpass,0.7500000000000024,0.7000000000000024,0.8000000000000025,0,517,15,0.0,0.0
1,numeric_nonpass,0.8500000000000025,0.8000000000000025,0.9000000000000026,0,517,15,0.0,0.0
1,numeric_nonpass,0.9500000000000026,0.9000000000000026,1.0000000000000027,0,517,15,0.0,0.0
1,numeric_nonpass,1.0500000000000027,1.0000000000000027,1.1000000000000028,0,517,15,0.0,0.0
1,numeric_nonpass,1.1500000000000028,1.1000000000000028,1.2000000000000028,0,517,15,0.0,0.0
1,numeric_nonpass,1.2500000000000029,1.2000000000000028,1.300000000000003,0,517,15,0.0,0.0
1,numeric_nonpass,1.350000000000003,1.300000000000003,1.400000000000003,0,517,15,0.0,0.0
1,numeric_nonpass,1.450000000000003,1.400000000000003,1.500000000000003,0,517,15,0.0,0.0
1,numeric_nonpass,1.5500000000000032,1.500000000000003,1.6000000000000032,0,517,15,0.0,0.0
1,numeric_nonpass,1.6500000000000032,1.6000000000000032,1.7000000000000033,0,517,15,0.0,0.0
1,numeric_nonpass,1.7500000000000033,1.7000000000000033,1.8000000000000034,0,517,15,0.0,0.0
1,numeric_nonpass,1.8500000000000034,1.8000000000000034,1.9000000000000035,0,517,15,0.0,0.0
1,numeric_nonpass,1.9500000000000035,1.9000000000000035,2.0000000000000036,0,517,15,0.0,0.0
1,BV,-1.95,-2.0,-1.9,1,517,74,0.0019342359767891683,0.019342359767891667
1,BV,-1.8499999999999999,-1.9,-1.7999999999999998,2,517,74,0.0038684719535783366,0.038684719535783334
1,BV,-1.7499999999999998,-1.7999999999999998,-1.6999999999999997,2,517,74,0.0038684719535783366,0.038684719535783334
1,BV,-1.6499999999999997,-1.6999999999999997,-1.5999999999999996,2,517,74,0.0038684719535783366,0.038684719535783334
1,BV,-1.5499999999999996,-1.5999999999999996,-1.4999999999999996,4,517,74,0.007736943907156673,0.07736943907156667
1,BV,-1.4499999999999995,-1.4999999999999996,-1.3999999999999995,2,517,74,0.0038684719535783366,0.038684719535783334
1,BV,-1.3499999999999994,-1.3999999999999995,-1.2999999999999994,7,517,74,0.013539651837524178,0.13539651837524166
1,BV,-1.2499999999999993,-1.2999999999999994,-1.1999999999999993,5,517,74,0.009671179883945842,0.09671179883945834
1,BV,-1.1499999999999992,-1.1999999999999993,-1.0999999999999992,3,517,74,0.005802707930367505,0.058027079303675
1,BV,-1.0499999999999992,-1.0999999999999992,-0.9999999999999991,5,517,74,0.009671179883945842,0.09671179883945834
1,BV,-0.9499999999999991,-0.9999999999999991,-0.899999999999999,3,517,74,0.005802707930367505,0.058027079303675
1,BV,-0.849999999999999,-0.899999999999999,-0.7999999999999989,5,517,74,0.009671179883945842,0.09671179883945834
1,BV,-0.7499999999999989,-0.7999999999999989,-0.6999999999999988,2,517,74,0.0038684719535783366,0.038684719535783334
1,BV,-0.6499999999999988,-0.6999999999999988,-0.5999999999999988,2,517,74,0.0038684719535783366,0.038684719535783334
1,BV,-0.5499999999999987,-0.5999999999999988,-0.49999999999999867,4,517,74,0.007736943907156673,0.07736943907156667
1,BV,-0.4499999999999986,-0.49999999999999867,-0.3999999999999986,3,517,74,0.005802707930367505,0.058027079303675
1,BV,-0.34999999999999853,-0.3999999999999986,-0.2999999999999985,2,517,74,0.0038684719535783366,0.038684719535783334
1,BV,-0.24999999999999845,-0.2999999999999985,-0.1999999999999984,2,517,74,0.0038684719535783366,0.038684719535783334
1,BV,-0.14999999999999836,-0.1999999999999984,-0.09999999999999831,2,517,74,0.0038684719535783366,0.038684719535783334
1,BV,-0.04999999999999827,-0.09999999999999831,1.7763568394002505e-15,3,517,74,0.005802707930367505,0.058027079303675
1,BV,0.05000000000000182,1.7763568394002505e-15,0.10000000000000187,3,517,74,0.005802707930367505,0.058027079303675
1,BV,0.1500000000000019,0.10000000000000187,0.20000000000000195,0,517,74,0.0,0.0
1,BV,0.250000000000002,0.20000000000000195,0.30000000000000204,0,517,74,0.0,0.0
1,BV,0.3500000000000021,0.30000000000000204,0.40000000000000213,0,517,74,0.0,0.0
1,BV,0.4500000000000022,0.40000000000000213,0.5000000000000022,0,517,74,0.0,0.0
1,BV,0.5500000000000023,0.5000000000000022,0.6000000000000023,0,517,74,0.0,0.0
1,BV,0.6500000000000024,0.6000000000000023,0.7000000000000024,0,517,74,0.0,0.0
1,BV,0.7500000000000024,0.7000000000000024,0.8000000000000025,0,517,74,0.0,0.0
1,BV,0.8500000000000025,0.8000000000000025,0.9000000000000026,0,517,74,0.0,0.0
1,BV,0.9500000000000026,0.9000000000000026,1.0000000000000027,0,517,74,0.0,0.0
1,BV,1.0500000000000027,1.0000000000000027,1.1000000000000028,0,517,74,0.0,0.0
1,BV,1.1500000000000028,1.1000000000000028,1.2000000000000028,0,517,74,0.0,0.0
1,BV,1.2500000000000029,1.2000000000000028,1.300000000000003,0,517,74,0.0,0.0
1,BV,1.350000000000003,1.300000000000003,1.400000000000003,0,517,74,0.0,0.0
1,BV,1.450000000000003,1.400000000000003,1.500000000000003,0,517,74,0.0,0.0
1,BV,1.5500000000000032,1.500000000000003,1.6000000000000032,0,517,74,0.0,0.0
1,BV,1.6500000000000032,1.6000000000000032,1.7000000000000033,0,517,74,0.0,0.0
1,BV,1.7500000000000033,1.7000000000000033,1.8000000000000034,0,517,74,0.0,0.0
1,BV,1.8500000000000034,1.8000000000000034,1.9000000000000035,0,517,74,0.0,0.0
1,BV,1.9500000000000035,1.9000000000000035,2.0000000000000036,0,517,74,0.0,0.0
1,RT,-1.95,-2.0,-1.9,0,517,8,0.0,0.0
1,RT,-1.8499999999999999,-1.9,-1.7999999999999998,1,517,8,0.0019342359767891683,0.019342359767891667
1,RT,-1.7499999999999998,-1.7999999999999998,-1.6999999999999997,0,517,8,0.0,0.0
1,RT,-1.6499999999999997,-1.6999999999999997,-1.5999999999999996,0,517,8,0.0,0.0
1,RT,-1.5499999999999996,-1.5999999999999996,-1.4999999999999996,0,517,8,0.0,0.0
1,RT,-1.4499999999999995,-1.4999999999999996,-1.3999999999999995,0,517,8,0.0,0.0
1,RT,-1.3499999999999994,-1.3999999999999995,-1.2999999999999994,3,517,8,0.005802707930367505,0.058027079303675
1,RT,-1.2499999999999993,-1.2999999999999994,-1.1999999999999993,0,517,8,0.0,0.0
1,RT,-1.1499999999999992,-1.1999999999999993,-1.0999999999999992,1,517,8,0.0019342359767891683,0.019342359767891667
1,RT,-1.0499999999999992,-1.0999999999999992,-0.9999999999999991,1,517,8,0.0019342359767891683,0.019342359767891667
1,RT,-0.9499999999999991,-0.9999999999999991,-0.899999999999999,1,517,8,0.0019342359767891683,0.019342359767891667
1,RT,-0.849999999999999,-0.899999999999999,-0.7999999999999989,0,517,8,0.0,0.0
1,RT,-0.7499999999999989,-0.7999999999999989,-0.6999999999999988,0,517,8,0.0,0.0
1,RT,-0.6499999999999988,-0.6999999999999988,-0.5999999999999988,0,517,8,0.0,0.0
1,RT,-0.5499999999999987,-0.5999999999999988,-0.49999999999999867,0,517,8,0.0,0.0
1,RT,-0.4499999999999986,-0.49999999999999867,-0.3999999999999986,0,517,8,0.0,0.0
1,RT,-0.34999999999999853,-0.3999999999999986,-0.2999999999999985,0,517,8,0.0,0.0
1,RT,-0.24999999999999845,-0.2999999999999985,-0.1999999999999984,0,517,8,0.0,0.0
1,RT,-0.14999999999999836,-0.1999999999999984,-0.09999999999999831,1,517,8,0.0019342359767891683,0.019342359767891667
1,RT,-0.04999999999999827,-0.09999999999999831,1.7763568394002505e-15,0,517,8,0.0,0.0
1,RT,0.05000000000000182,1.7763568394002505e-15,0.10000000000000187,0,517,8,0.0,0.0
1,RT,0.1500000000000019,0.10000000000000187,0.20000000000000195,0,517,8,0.0,0.0
1,RT,0.250000000000002,0.20000000000000195,0.30000000000000204,0,517,8,0.0,0.0
1,RT,0.3500000000000021,0.30000000000000204,0.40000000000000213,0,517,8,0.0,0.0
1,RT,0.4500000000000022,0.40000000000000213,0.5000000000000022,0,517,8,0.0,0.0
1,RT,0.5500000000000023,0.5000000000000022,0.6000000000000023,0,517,8,0.0,0.0
1,RT,0.6500000000000024,0.6000000000000023,0.7000000000000024,0,517,8,0.0,0.0
1,RT,0.7500000000000024,0.7000000000000024,0.8000000000000025,0,517,8,0.0,0.0
1,RT,0.8500000000000025,0.8000000000000025,0.9000000000000026,0,517,8,0.0,0.0
1,RT,0.9500000000000026,0.9000000000000026,1.0000000000000027,0,517,8,0.0,0.0
1,RT,1.0500000000000027,1.0000000000000027,1.1000000000000028,0,517,8,0.0,0.0
1,RT,1.1500000000000028,1.1000000000000028,1.2000000000000028,0,517,8,0.0,0.0
1,RT,1.2500000000000029,1.2000000000000028,1.300000000000003,0,517,8,0.0,0.0
1,RT,1.350000000000003,1.300000000000003,1.400000000000003,0,517,8,0.0,0.0
1,RT,1.450000000000003,1.400000000000003,1.500000000000003,0,517,8,0.0,0.0
1,RT,1.5500000000000032,1.500000000000003,1.6000000000000032,0,517,8,0.0,0.0
1,RT,1.6500000000000032,1.6000000000000032,1.7000000000000033,0,517,8,0.0,0.0
1,RT,1.7500000000000033,1.7000000000000033,1.8000000000000034,0,517,8,0.0,0.0
1,RT,1.8500000000000034,1.8000000000000034,1.9000000000000035,0,517,8,0.0,0.0
1,RT,1.9500000000000035,1.9000000000000035,2.0000000000000036,0,517,8,0.0,0.0
1,BA,-1.95,-2.0,-1.9,0,517,1,0.0,0.0
1,BA,-1.8499999999999999,-1.9,-1.7999999999999998,0,517,1,0.0,0.0
1,BA,-1.7499999999999998,-1.7999999999999998,-1.6999999999999997,0,517,1,0.0,0.0
1,BA,-1.6499999999999997,-1.6999999999999997,-1.5999999999999996,0,517,1,0.0,0.0
1,BA,-1.5499999999999996,-1.5999999999999996,-1.4999999999999996,1,517,1,0.0019342359767891683,0.019342359767891667
1,BA,-1.4499999999999995,-1.4999999999999996,-1.3999999999999995,0,517,1,0.0,0.0
1,BA,-1.3499999999999994,-1.3999999999999995,-1.2999999999999994,0,517,1,0.0,0.0
1,BA,-1.2499999999999993,-1.2999999999999994,-1.1999999999999993,0,517,1,0.0,0.0
1,BA,-1.1499999999999992,-1.1999999999999993,-1.0999999999999992,0,517,1,0.0,0.0
1,BA,-1.0499999999999992,-1.0999999999999992,-0.9999999999999991,0,517,1,0.0,0.0
1,BA,-0.9499999999999991,-0.9999999999999991,-0.899999999999999,0,517,1,0.0,0.0
1,BA,-0.849999999999999,-0.899999999999999,-0.7999999999999989,0,517,1,0.0,0.0
1,BA,-0.7499999999999989,-0.7999999999999989,-0.6999999999999988,0,517,1,0.0,0.0
1,BA,-0.6499999999999988,-0.6999999999999988,-0.5999999999999988,0,517,1,0.0,0.0
1,BA,-0.5499999999999987,-0.5999999999999988,-0.49999999999999867,0,517,1,0.0,0.0
1,BA,-0.4499999999999986,-0.49999999999999867,-0.3999999999999986,0,517,1,0.0,0.0
1,BA,-0.34999999999999853,-0.3999999999999986,-0.2999999999999985,0,517,1,0.0,0.0
1,BA,-0.24999999999999845,-0.2999999999999985,-0.1999999999999984,0,517,1,0.0,0.0
1,BA,-0.14999999999999836,-0.1999999999999984,-0.09999999999999831,0,517,1,0.0,0.0
1,BA,-0.04999999999999827,-0.09999999999999831,1.7763568394002505e-15,0,517,1,0.0,0.0
1,BA,0.05000000000000182,1.7763568394002505e-15,0.10000000000000187,0,517,1,0.0,0.0
1,BA,0.1500000000000019,0.10000000000000187,0.20000000000000195,0,517,1,0.0,0.0
1,BA,0.250000000000002,0.20000000000000195,0.30000000000000204,0,517,1,0.0,0.0
1,BA,0.3500000000000021,0.30000000000000204,0.40000000000000213,0,517,1,0.0,0.0
1,BA,0.4500000000000022,0.40000000000000213,0.5000000000000022,0,517,1,0.0,0.0
1,BA,0.5500000000000023,0.5000000000000022,0.6000000000000023,0,517,1,0.0,0.0
1,BA,0.6500000000000024,0.6000000000000023,0.7000000000000024,0,517,1,0.0,0.0
1,BA,0.7500000000000024,0.7000000000000024,0.8000000000000025,0,517,1,0.0,0.0
1,BA,0.8500000000000025,0.8000000000000025,0.9000000000000026,0,517,1,0.0,0.0
1,BA,0.9500000000000026,0.9000000000000026,1.0000000000000027,0,517,1,0.0,0.0
1,BA,1.0500000000000027,1.0000000000000027,1.1000000000000028,0,517,1,0.0,0.0
1,BA,1.1500000000000028,1.1000000000000028,1.2000000000000028,0,517,1,0.0,0.0
1,BA,1.2500000000000029,1.2000000000000028,1.300000000000003,0,517,1,0.0,0.0
1,BA,1.350000000000003,1.300000000000003,1.400000000000003,0,517,1,0.0,0.0
1,BA,1.450000000000003,1.400000000000003,1.500000000000003,0,517,1,0.0,0.0
1,BA,1.5500000000000032,1.500000000000003,1.6000000000000032,0,517,1,0.0,0.0
1,BA,1.6500000000000032,1.6000000000000032,1.7000000000000033,0,517,1,0.0,0.0
1,BA,1.7500000000000033,1.7000000000000033,1.8000000000000034,0,517,1,0.0,0.0
1,BA,1.8500000000000034,1.8000000000000034,1.9000000000000035,0,517,1,0.0,0.0
1,BA,1.9500000000000035,1.9000000000000035,2.0000000000000036,0,517,1,0.0,0.0
2,pass,-1.95,-2.0,-1.9,0,245,198,0.0,0.0
2,pass,-1.8499999999999999,-1.9,-1.7999999999999998,0,245,198,0.0,0.0
2,pass,-1.7499999999999998,-1.7999999999999998,-1.6999999999999997,0,245,198,0.0,0.0
2,pass,-1.6499999999999997,-1.6999999999999997,-1.5999999999999996,0,245,198,0.0,0.0
2,pass,-1.5499999999999996,-1.5999999999999996,-1.4999999999999996,0,245,198,0.0,0.0
2,pass,-1.4499999999999995,-1.4999999999999996,-1.3999999999999995,0,245,198,0.0,0.0
2,pass,-1.3499999999999994,-1.3999999999999995,-1.2999999999999994,0,245,198,0.0,0.0
2,pass,-1.2499999999999993,-1.2999999999999994,-1.1999999999999993,1,245,198,0.004081632653061225,0.040816326530612214
2,pass,-1.1499999999999992,-1.1999999999999993,-1.0999999999999992,0,245,198,0.0,0.0
2,pass,-1.0499999999999992,-1.0999999999999992,-0.9999999999999991,0,245,198,0.0,0.0
2,pass,-0.9499999999999991,-0.9999999999999991,-0.899999999999999,0,245,198,0.0,0.0
2,pass,-0.849999999999999,-0.899999999999999,-0.7999999999999989,0,245,198,0.0,0.0
2,pass,-0.7499999999999989,-0.7999999999999989,-0.6999999999999988,0,245,198,0.0,0.0
2,pass,-0.6499999999999988,-0.6999999999999988,-0.5999999999999988,0,245,198,0.0,0.0
2,pass,-0.5499999999999987,-0.5999999999999988,-0.49999999999999867,0,245,198,0.0,0.0
2,pass,-0.4499999999999986,-0.49999999999999867,-0.3999999999999986,1,245,198,0.004081632653061225,0.040816326530612214
2,pass,-0.34999999999999853,-0.3999999999999986,-0.2999999999999985,1,245,198,0.004081632653061225,0.040816326530612214
2,pass,-0.24999999999999845,-0.2999999999999985,-0.1999999999999984,2,245,198,0.00816326530612245,0.08163265306122443
2,pass,-0.14999999999999836,-0.1999999999999984,-0.09999999999999831,4,245,198,0.0163265306122449,0.16326530612244886
2,pass,-0.04999999999999827,-0.09999999999999831,1.7763568394002505e-15,3,245,198,0.012244897959183673,0.12244897959183662
2,pass,0.05000000000000182,1.7763568394002505e-15,0.10000000000000187,7,245,198,0.02857142857142857,0.2857142857142855
2,pass,0.1500000000000019,0.10000000000000187,0.20000000000000195,15,245,198,0.061224489795918366,0.6122448979591831
2,pass,0.250000000000002,0.20000000000000195,0.30000000000000204,11,245,198,0.044897959183673466,0.44897959183673425
2,pass,0.3500000000000021,0.30000000000000204,0.40000000000000213,16,245,198,0.0653061224489796,0.6530612244897954
2,pass,0.4500000000000022,0.40000000000000213,0.5000000000000022,24,245,198,0.09795918367346938,0.979591836734693
2,pass,0.5500000000000023,0.5000000000000022,0.6000000000000023,29,245,198,0.11836734693877551,1.1836734693877542
2,pass,0.6500000000000024,0.6000000000000023,0.7000000000000024,22,245,198,0.08979591836734693,0.8979591836734685
2,pass,0.7500000000000024,0.7000000000000024,0.8000000000000025,19,245,198,0.07755102040816327,0.775510204081632
2,pass,0.8500000000000025,0.8000000000000025,0.9000000000000026,15,245,198,0.061224489795918366,0.6122448979591831
2,pass,0.9500000000000026,0.9000000000000026,1.0000000000000027,14,245,198,0.05714285714285714,0.571428571428571
2,pass,1.0500000000000027,1.0000000000000027,1.1000000000000028,9,245,198,0.036734693877551024,0.3673469387755099
2,pass,1.1500000000000028,1.1000000000000028,1.2000000000000028,2,245,198,0.00816326530612245,0.08163265306122443
2,pass,1.2500000000000029,1.2000000000000028,1.300000000000003,2,245,198,0.00816326530612245,0.08163265306122443
2,pass,1.350000000000003,1.300000000000003,1.400000000000003,0,245,198,0.0,0.0
2,pass,1.450000000000003,1.400000000000003,1.500000000000003,1,245,198,0.004081632653061225,0.040816326530612214
2,pass,1.5500000000000032,1.500000000000003,1.6000000000000032,0,245,198,0.0,0.0
2,pass,1.6500000000000032,1.6000000000000032,1.7000000000000033,0,245,198,0.0,0.0
2,pass,1.7500000000000033,1.7000000000000033,1.8000000000000034,0,245,198,0.0,0.0
2,pass,1.8500000000000034,1.8000000000000034,1.9000000000000035,0,245,198,0.0,0.0
2,pass,1.9500000000000035,1.9000000000000035,2.0000000000000036,0,245,198,0.0,0.0
2,numeric_nonpass,-1.95,-2.0,-1.9,0,245,11,0.0,0.0
2,numeric_nonpass,-1.8499999999999999,-1.9,-1.7999999999999998,0,245,11,0.0,0.0
2,numeric_nonpass,-1.7499999999999998,-1.7999999999999998,-1.6999999999999997,1,245,11,0.004081632653061225,0.040816326530612214
2,numeric_nonpass,-1.6499999999999997,-1.6999999999999997,-1.5999999999999996,1,245,11,0.004081632653061225,0.040816326530612214
2,numeric_nonpass,-1.5499999999999996,-1.5999999999999996,-1.4999999999999996,1,245,11,0.004081632653061225,0.040816326530612214
2,numeric_nonpass,-1.4499999999999995,-1.4999999999999996,-1.3999999999999995,0,245,11,0.0,0.0
2,numeric_nonpass,-1.3499999999999994,-1.3999999999999995,-1.2999999999999994,0,245,11,0.0,0.0
2,numeric_nonpass,-1.2499999999999993,-1.2999999999999994,-1.1999999999999993,0,245,11,0.0,0.0
2,numeric_nonpass,-1.1499999999999992,-1.1999999999999993,-1.0999999999999992,1,245,11,0.004081632653061225,0.040816326530612214
2,numeric_nonpass,-1.0499999999999992,-1.0999999999999992,-0.9999999999999991,1,245,11,0.004081632653061225,0.040816326530612214
2,numeric_nonpass,-0.9499999999999991,-0.9999999999999991,-0.899999999999999,0,245,11,0.0,0.0
2,numeric_nonpass,-0.849999999999999,-0.899999999999999,-0.7999999999999989,0,245,11,0.0,0.0
2,numeric_nonpass,-0.7499999999999989,-0.7999999999999989,-0.6999999999999988,0,245,11,0.0,0.0
2,numeric_nonpass,-0.6499999999999988,-0.6999999999999988,-0.5999999999999988,1,245,11,0.004081632653061225,0.040816326530612214
2,numeric_nonpass,-0.5499999999999987,-0.5999999999999988,-0.49999999999999867,0,245,11,0.0,0.0
2,numeric_nonpass,-0.4499999999999986,-0.49999999999999867,-0.3999999999999986,0,245,11,0.0,0.0
2,numeric_nonpass,-0.34999999999999853,-0.3999999999999986,-0.2999999999999985,1,245,11,0.004081632653061225,0.040816326530612214
2,numeric_nonpass,-0.24999999999999845,-0.2999999999999985,-0.1999999999999984,2,245,11,0.00816326530612245,0.08163265306122443
2,numeric_nonpass,-0.14999999999999836,-0.1999999999999984,-0.09999999999999831,1,245,11,0.004081632653061225,0.040816326530612214
2,numeric_nonpass,-0.04999999999999827,-0.09999999999999831,1.7763568394002505e-15,0,245,11,0.0,0.0
2,numeric_nonpass,0.05000000000000182,1.7763568394002505e-15,0.10000000000000187,1,245,11,0.004081632653061225,0.040816326530612214
2,numeric_nonpass,0.1500000000000019,0.10000000000000187,0.20000000000000195,0,245,11,0.0,0.0
2,numeric_nonpass,0.250000000000002,0.20000000000000195,0.30000000000000204,0,245,11,0.0,0.0
2,numeric_nonpass,0.3500000000000021,0.30000000000000204,0.40000000000000213,0,245,11,0.0,0.0
2,numeric_nonpass,0.4500000000000022,0.40000000000000213,0.5000000000000022,0,245,11,0.0,0.0
2,numeric_nonpass,0.5500000000000023,0.5000000000000022,0.6000000000000023,0,245,11,0.0,0.0
2,numeric_nonpass,0.6500000000000024,0.6000000000000023,0.7000000000000024,0,245,11,0.0,0.0
2,numeric_nonpass,0.7500000000000024,0.7000000000000024,0.8000000000000025,0,245,11,0.0,0.0
2,numeric_nonpass,0.8500000000000025,0.8000000000000025,0.9000000000000026,0,245,11,0.0,0.0
2,numeric_nonpass,0.9500000000000026,0.9000000000000026,1.0000000000000027,0,245,11,0.0,0.0
2,numeric_nonpass,1.0500000000000027,1.0000000000000027,1.1000000000000028,0,245,11,0.0,0.0
2,numeric_nonpass,1.1500000000000028,1.1000000000000028,1.2000000000000028,0,245,11,0.0,0.0
2,numeric_nonpass,1.2500000000000029,1.2000000000000028,1.300000000000003,0,245,11,0.0,0.0
2,numeric_nonpass,1.350000000000003,1.300000000000003,1.400000000000003,0,245,11,0.0,0.0
2,numeric_nonpass,1.450000000000003,1.400000000000003,1.500000000000003,0,245,11,0.0,0.0
2,numeric_nonpass,1.5500000000000032,1.500000000000003,1.6000000000000032,0,245,11,0.0,0.0
2,numeric_nonpass,1.6500000000000032,1.6000000000000032,1.7000000000000033,0,245,11,0.0,0.0
2,numeric_nonpass,1.7500000000000033,1.7000000000000033,1.8000000000000034,0,245,11,0.0,0.0
2,numeric_nonpass,1.8500000000000034,1.8000000000000034,1.9000000000000035,0,245,11,0.0,0.0
2,numeric_nonpass,1.9500000000000035,1.9000000000000035,2.0000000000000036,0,245,11,0.0,0.0
2,BV,-1.95,-2.0,-1.9,0,245,32,0.0,0.0
2,BV,-1.8499999999999999,-1.9,-1.7999999999999998,1,245,32,0.004081632653061225,0.040816326530612214
2,BV,-1.7499999999999998,-1.7999999999999998,-1.6999999999999997,0,245,32,0.0,0.0
2,BV,-1.6499999999999997,-1.6999999999999997,-1.5999999999999996,0,245,32,0.0,0.0
2,BV,-1.5499999999999996,-1.5999999999999996,-1.4999999999999996,1,245,32,0.004081632653061225,0.040816326530612214
2,BV,-1.4499999999999995,-1.4999999999999996,-1.3999999999999995,1,245,32,0.004081632653061225,0.040816326530612214
2,BV,-1.3499999999999994,-1.3999999999999995,-1.2999999999999994,2,245,32,0.00816326530612245,0.08163265306122443
2,BV,-1.2499999999999993,-1.2999999999999994,-1.1999999999999993,2,245,32,0.00816326530612245,0.08163265306122443
2,BV,-1.1499999999999992,-1.1999999999999993,-1.0999999999999992,5,245,32,0.02040816326530612,0.20408163265306103
2,BV,-1.0499999999999992,-1.0999999999999992,-0.9999999999999991,2,245,32,0.00816326530612245,0.08163265306122443
2,BV,-0.9499999999999991,-0.9999999999999991,-0.899999999999999,0,245,32,0.0,0.0
2,BV,-0.849999999999999,-0.899999999999999,-0.7999999999999989,0,245,32,0.0,0.0
2,BV,-0.7499999999999989,-0.7999999999999989,-0.6999999999999988,1,245,32,0.004081632653061225,0.040816326530612214
2,BV,-0.6499999999999988,-0.6999999999999988,-0.5999999999999988,0,245,32,0.0,0.0
2,BV,-0.5499999999999987,-0.5999999999999988,-0.49999999999999867,2,245,32,0.00816326530612245,0.08163265306122443
2,BV,-0.4499999999999986,-0.49999999999999867,-0.3999999999999986,2,245,32,0.00816326530612245,0.08163265306122443
2,BV,-0.34999999999999853,-0.3999999999999986,-0.2999999999999985,3,245,32,0.012244897959183673,0.12244897959183662
2,BV,-0.24999999999999845,-0.2999999999999985,-0.1999999999999984,0,245,32,0.0,0.0
2,BV,-0.14999999999999836,-0.1999999999999984,-0.09999999999999831,3,245,32,0.012244897959183673,0.12244897959183662
2,BV,-0.04999999999999827,-0.09999999999999831,1.7763568394002505e-15,0,245,32,0.0,0.0
2,BV,0.05000000000000182,1.7763568394002505e-15,0.10000000000000187,0,245,32,0.0,0.0
2,BV,0.1500000000000019,0.10000000000000187,0.20000000000000195,1,245,32,0.004081632653061225,0.040816326530612214
2,BV,0.250000000000002,0.20000000000000195,0.30000000000000204,1,245,32,0.004081632653061225,0.040816326530612214
2,BV,0.3500000000000021,0.30000000000000204,0.40000000000000213,1,245,32,0.004081632653061225,0.040816326530612214
2,BV,0.4500000000000022,0.40000000000000213,0.5000000000000022,0,245,32,0.0,0.0
2,BV,0.5500000000000023,0.5000000000000022,0.6000000000000023,0,245,32,0.0,0.0
2,BV,0.6500000000000024,0.6000000000000023,0.7000000000000024,0,245,32,0.0,0.0
2,BV,0.7500000000000024,0.7000000000000024,0.8000000000000025,0,245,32,0.0,0.0
2,BV,0.8500000000000025,0.8000000000000025,0.9000000000000026,0,245,32,0.0,0.0
2,BV,0.9500000000000026,0.9000000000000026,1.0000000000000027,0,245,32,0.0,0.0
2,BV,1.0500000000000027,1.0000000000000027,1.1000000000000028,0,245,32,0.0,0.0
2,BV,1.1500000000000028,1.1000000000000028,1.2000000000000028,0,245,32,0.0,0.0
2,BV,1.2500000000000029,1.2000000000000028,1.300000000000003,0,245,32,0.0,0.0
2,BV,1.350000000000003,1.300000000000003,1.400000000000003,0,245,32,0.0,0.0
2,BV,1.450000000000003,1.400000000000003,1.500000000000003,0,245,32,0.0,0.0
2,BV,1.5500000000000032,1.500000000000003,1.6000000000000032,0,245,32,0.0,0.0
2,BV,1.6500000000000032,1.6000000000000032,1.7000000000000033,0,245,32,0.0,0.0
2,BV,1.7500000000000033,1.7000000000000033,1.8000000000000034,0,245,32,0.0,0.0
2,BV,1.8500000000000034,1.8000000000000034,1.9000000000000035,0,245,32,0.0,0.0
2,BV,1.9500000000000035,1.9000000000000035,2.0000000000000036,0,245,32,0.0,0.0
2,RT,-1.95,-2.0,-1.9,0,245,3,0.0,0.0
2,RT,-1.8499999999999999,-1.9,-1.7999999999999998,0,245,3,0.0,0.0
2,RT,-1.7499999999999998,-1.7999999999999998,-1.6999999999999997,0,245,3,0.0,0.0
2,RT,-1.6499999999999997,-1.6999999999999997,-1.5999999999999996,0,245,3,0.0,0.0
2,RT,-1.5499999999999996,-1.5999999999999996,-1.4999999999999996,1,245,3,0.004081632653061225,0.040816326530612214
2,RT,-1.4499999999999995,-1.4999999999999996,-1.3999999999999995,0,245,3,0.0,0.0
2,RT,-1.3499999999999994,-1.3999999999999995,-1.2999999999999994,0,245,3,0.0,0.0
2,RT,-1.2499999999999993,-1.2999999999999994,-1.1999999999999993,0,245,3,0.0,0.0
2,RT,-1.1499999999999992,-1.1999999999999993,-1.0999999999999992,0,245,3,0.0,0.0
2,RT,-1.0499999999999992,-1.0999999999999992,-0.9999999999999991,0,245,3,0.0,0.0
2,RT,-0.9499999999999991,-0.9999999999999991,-0.899999999999999,0,245,3,0.0,0.0
2,RT,-0.849999999999999,-0.899999999999999,-0.7999999999999989,1,245,3,0.004081632653061225,0.040816326530612214
2,RT,-0.7499999999999989,-0.7999999999999989,-0.6999999999999988,0,245,3,0.0,0.0
2,RT,-0.6499999999999988,-0.6999999999999988,-0.5999999999999988,0,245,3,0.0,0.0
2,RT,-0.5499999999999987,-0.5999999999999988,-0.49999999999999867,0,245,3,0.0,0.0
2,RT,-0.4499999999999986,-0.49999999999999867,-0.3999999999999986,0,245,3,0.0,0.0
2,RT,-0.34999999999999853,-0.3999999999999986,-0.2999999999999985,0,245,3,0.0,0.0
2,RT,-0.24999999999999845,-0.2999999999999985,-0.1999999999999984,0,245,3,0.0,0.0
2,RT,-0.14999999999999836,-0.1999999999999984,-0.09999999999999831,1,245,3,0.004081632653061225,0.040816326530612214
2,RT,-0.04999999999999827,-0.09999999999999831,1.7763568394002505e-15,0,245,3,0.0,0.0
2,RT,0.05000000000000182,1.7763568394002505e-15,0.10000000000000187,0,245,3,0.0,0.0
2,RT,0.1500000000000019,0.10000000000000187,0.20000000000000195,0,245,3,0.0,0.0
2,RT,0.250000000000002,0.20000000000000195,0.30000000000000204,0,245,3,0.0,0.0
2,RT,0.3500000000000021,0.30000000000000204,0.40000000000000213,0,245,3,0.0,0.0
2,RT,0.4500000000000022,0.40000000000000213,0.5000000000000022,0,245,3,0.0,0.0
2,RT,0.5500000000000023,0.5000000000000022,0.6000000000000023,0,245,3,0.0,0.0
2,RT,0.6500000000000024,0.6000000000000023,0.7000000000000024,0,245,3,0.0,0.0
2,RT,0.7500000000000024,0.7000000000000024,0.8000000000000025,0,245,3,0.0,0.0
2,RT,0.8500000000000025,0.8000000000000025,0.9000000000000026,0,245,3,0.0,0.0
2,RT,0.9500000000000026,0.9000000000000026,1.0000000000000027,0,245,3,0.0,0.0
2,RT,1.0500000000000027,1.0000000000000027,1.1000000000000028,0,245,3,0.0,0.0
2,RT,1.1500000000000028,1.1000000000000028,1.2000000000000028,0,245,3,0.0,0.0
2,RT,1.2500000000000029,1.2000000000000028,1.300000000000003,0,245,3,0.0,0.0
2,RT,1.350000000000003,1.300000000000003,1.400000000000003,0,245,3,0.0,0.0
2,RT,1.450000000000003,1.400000000000003,1.500000000000003,0,245,3,0.0,0.0
2,RT,1.5500000000000032,1.500000000000003,1.6000000000000032,0,245,3,0.0,0.0
2,RT,1.6500000000000032,1.6000000000000032,1.7000000000000033,0,245,3,0.0,0.0
2,RT,1.7500000000000033,1.7000000000000033,1.8000000000000034,0,245,3,0.0,0.0
2,RT,1.8500000000000034,1.8000000000000034,1.9000000000000035,0,245,3,0.0,0.0
2,RT,1.9500000000000035,1.9000000000000035,2.0000000000000036,0,245,3,0.0,0.0
2,BA,-1.95,-2.0,-1.9,0,245,1,0.0,0.0
2,BA,-1.8499999999999999,-1.9,-1.7999999999999998,0,245,1,0.0,0.0
2,BA,-1.7499999999999998,-1.7999999999999998,-1.6999999999999997,0,245,1,0.0,0.0
2,BA,-1.6499999999999997,-1.6999999999999997,-1.5999999999999996,0,245,1,0.0,0.0
2,BA,-1.5499999999999996,-1.5999999999999996,-1.4999999999999996,0,245,1,0.0,0.0
2,BA,-1.4499999999999995,-1.4999999999999996,-1.3999999999999995,0,245,1,0.0,0.0
2,BA,-1.3499999999999994,-1.3999999999999995,-1.2999999999999994,0,245,1,0.0,0.0
2,BA,-1.2499999999999993,-1.2999999999999994,-1.1999999999999993,0,245,1,0.0,0.0
2,BA,-1.1499999999999992,-1.1999999999999993,-1.0999999999999992,0,245,1,0.0,0.0
2,BA,-1.0499999999999992,-1.0999999999999992,-0.9999999999999991,0,245,1,0.0,0.0
2,BA,-0.9499999999999991,-0.9999999999999991,-0.899999999999999,0,245,1,0.0,0.0
2,BA,-0.849999999999999,-0.899999999999999,-0.7999999999999989,0,245,1,0.0,0.0
2,BA,-0.7499999999999989,-0.7999999999999989,-0.6999999999999988,0,245,1,0.0,0.0
2,BA,-0.6499999999999988,-0.6999999999999988,-0.5999999999999988,0,245,1,0.0,0.0
2,BA,-0.5499999999999987,-0.5999999999999988,-0.49999999999999867,0,245,1,0.0,0.0
2,BA,-0.4499999999999986,-0.49999999999999867,-0.3999999999999986,0,245,1,0.0,0.0
2,BA,-0.34999999999999853,-0.3999999999999986,-0.2999999999999985,0,245,1,0.0,0.0
2,BA,-0.24999999999999845,-0.2999999999999985,-0.1999999999999984,0,245,1,0.0,0.0
2,BA,-0.14999999999999836,-0.1999999999999984,-0.09999999999999831,0,245,1,0.0,0.0
2,BA,-0.04999999999999827,-0.09999999999999831,1.7763568394002505e-15,0,245,1,0.0,0.0
2,BA,0.05000000000000182,1.7763568394002505e-15,0.10000000000000187,0,245,1,0.0,0.0
2,BA,0.1500000000000019,0.10000000000000187,0.20000000000000195,0,245,1,0.0,0.0
2,BA,0.250000000000002,0.20000000000000195,0.30000000000000204,0,245,1,0.0,0.0
2,BA,0.3500000000000021,0.30000000000000204,0.40000000000000213,0,245,1,0.0,0.0
2,BA,0.4500000000000022,0.40000000000000213,0.5000000000000022,0,245,1,0.0,0.0
2,BA,0.5500000000000023,0.5000000000000022,0.6000000000000023,0,245,1,0.0,0.0
2,BA,0.6500000000000024,0.6000000000000023,0.7000000000000024,0,245,1,0.0,0.0
2,BA,0.7500000000000024,0.7000000000000024,0.8000000000000025,0,245,1,0.0,0.0
2,BA,0.8500000000000025,0.8000000000000025,0.9000000000000026,0,245,1,0.0,0.0
2,BA,0.9500000000000026,0.9000000000000026,1.0000000000000027,0,245,1,0.0,0.0
2,BA,1.0500000000000027,1.0000000000000027,1.1000000000000028,0,245,1,0.0,0.0
2,BA,1.1500000000000028,1.1000000000000028,1.2000000000000028,0,245,1,0.0,0.0
2,BA,1.2500000000000029,1.2000000000000028,1.300000000000003,0,245,1,0.0,0.0
2,BA,1.350000000000003,1.300000000000003,1.400000000000003,0,245,1,0.0,0.0
2,BA,1.450000000000003,1.400000000000003,1.500000000000003,0,245,1,0.0,0.0
2,BA,1.5500000000000032,1.500000000000003,1.6000000000000032,0,245,1,0.0,0.0
2,BA,1.6500000000000032,1.6000000000000032,1.7000000000000033,0,245,1,0.0,0.0
2,BA,1.7500000000000033,1.7000000000000033,1.8000000000000034,0,245,1,0.0,0.0
2,BA,1.8500000000000034,1.8000000000000034,1.9000000000000035,0,245,1,0.0,0.0
2,BA,1.9500000000000035,1.9000000000000035,2.0000000000000036,0,245,1,0.0,0.0
3,pass,-1.95,-2.0,-1.9,0,170,139,0.0,0.0
3,pass,-1.8499999999999999,-1.9,-1.7999999999999998,0,170,139,0.0,0.0
3,pass,-1.7499999999999998,-1.7999999999999998,-1.6999999999999997,0,170,139,0.0,0.0
3,pass,-1.6499999999999997,-1.6999999999999997,-1.5999999999999996,0,170,139,0.0,0.0
3,pass,-1.5499999999999996,-1.5999999999999996,-1.4999999999999996,0,170,139,0.0,0.0
3,pass,-1.4499999999999995,-1.4999999999999996,-1.3999999999999995,0,170,139,0.0,0.0
3,pass,-1.3499999999999994,-1.3999999999999995,-1.2999999999999994,0,170,139,0.0,0.0
3,pass,-1.2499999999999993,-1.2999999999999994,-1.1999999999999993,0,170,139,0.0,0.0
3,pass,-1.1499999999999992,-1.1999999999999993,-1.0999999999999992,0,170,139,0.0,0.0
3,pass,-1.0499999999999992,-1.0999999999999992,-0.9999999999999991,0,170,139,0.0,0.0
3,pass,-0.9499999999999991,-0.9999999999999991,-0.899999999999999,0,170,139,0.0,0.0
3,pass,-0.849999999999999,-0.899999999999999,-0.7999999999999989,0,170,139,0.0,0.0
3,pass,-0.7499999999999989,-0.7999999999999989,-0.6999999999999988,0,170,139,0.0,0.0
3,pass,-0.6499999999999988,-0.6999999999999988,-0.5999999999999988,0,170,139,0.0,0.0
3,pass,-0.5499999999999987,-0.5999999999999988,-0.49999999999999867,1,170,139,0.0058823529411764705,0.05882352941176465
3,pass,-0.4499999999999986,-0.49999999999999867,-0.3999999999999986,0,170,139,0.0,0.0
3,pass,-0.34999999999999853,-0.3999999999999986,-0.2999999999999985,1,170,139,0.0058823529411764705,0.05882352941176465
3,pass,-0.24999999999999845,-0.2999999999999985,-0.1999999999999984,2,170,139,0.011764705882352941,0.1176470588235293
3,pass,-0.14999999999999836,-0.1999999999999984,-0.09999999999999831,0,170,139,0.0,0.0
3,pass,-0.04999999999999827,-0.09999999999999831,1.7763568394002505e-15,5,170,139,0.029411764705882353,0.29411764705882326
3,pass,0.05000000000000182,1.7763568394002505e-15,0.10000000000000187,5,170,139,0.029411764705882353,0.29411764705882326
3,pass,0.1500000000000019,0.10000000000000187,0.20000000000000195,6,170,139,0.03529411764705882,0.3529411764705879
3,pass,0.250000000000002,0.20000000000000195,0.30000000000000204,4,170,139,0.023529411764705882,0.2352941176470586
3,pass,0.3500000000000021,0.30000000000000204,0.40000000000000213,5,170,139,0.029411764705882353,0.29411764705882326
3,pass,0.4500000000000022,0.40000000000000213,0.5000000000000022,16,170,139,0.09411764705882353,0.9411764705882344
3,pass,0.5500000000000023,0.5000000000000022,0.6000000000000023,25,170,139,0.14705882352941177,1.4705882352941164
3,pass,0.6500000000000024,0.6000000000000023,0.7000000000000024,20,170,139,0.11764705882352941,1.176470588235293
3,pass,0.7500000000000024,0.7000000000000024,0.8000000000000025,14,170,139,0.08235294117647059,0.8235294117647052
3,pass,0.8500000000000025,0.8000000000000025,0.9000000000000026,10,170,139,0.058823529411764705,0.5882352941176465
3,pass,0.9500000000000026,0.9000000000000026,1.0000000000000027,12,170,139,0.07058823529411765,0.7058823529411759
3,pass,1.0500000000000027,1.0000000000000027,1.1000000000000028,4,170,139,0.023529411764705882,0.2352941176470586
3,pass,1.1500000000000028,1.1000000000000028,1.2000000000000028,7,170,139,0.041176470588235294,0.4117647058823526
3,pass,1.2500000000000029,1.2000000000000028,1.300000000000003,1,170,139,0.0058823529411764705,0.05882352941176465
3,pass,1.350000000000003,1.300000000000003,1.400000000000003,0,170,139,0.0,0.0
3,pass,1.450000000000003,1.400000000000003,1.500000000000003,1,170,139,0.0058823529411764705,0.05882352941176465
3,pass,1.5500000000000032,1.500000000000003,1.6000000000000032,0,170,139,0.0,0.0
3,pass,1.6500000000000032,1.6000000000000032,1.7000000000000033,0,170,139,0.0,0.0
3,pass,1.7500000000000033,1.7000000000000033,1.8000000000000034,0,170,139,0.0,0.0
3,pass,1.8500000000000034,1.8000000000000034,1.9000000000000035,0,170,139,0.0,0.0
3,pass,1.9500000000000035,1.9000000000000035,2.0000000000000036,0,170,139,0.0,0.0
3,numeric_nonpass,-1.95,-2.0,-1.9,0,170,5,0.0,0.0
3,numeric_nonpass,-1.8499999999999999,-1.9,-1.7999999999999998,0,170,5,0.0,0.0
3,numeric_nonpass,-1.7499999999999998,-1.7999999999999998,-1.6999999999999997,0,170,5,0.0,0.0
3,numeric_nonpass,-1.6499999999999997,-1.6999999999999997,-1.5999999999999996,0,170,5,0.0,0.0
3,numeric_nonpass,-1.5499999999999996,-1.5999999999999996,-1.4999999999999996,0,170,5,0.0,0.0
3,numeric_nonpass,-1.4499999999999995,-1.4999999999999996,-1.3999999999999995,0,170,5,0.0,0.0
3,numeric_nonpass,-1.3499999999999994,-1.3999999999999995,-1.2999999999999994,1,170,5,0.0058823529411764705,0.05882352941176465
3,numeric_nonpass,-1.2499999999999993,-1.2999999999999994,-1.1999999999999993,0,170,5,0.0,0.0
3,numeric_nonpass,-1.1499999999999992,-1.1999999999999993,-1.0999999999999992,0,170,5,0.0,0.0
3,numeric_nonpass,-1.0499999999999992,-1.0999999999999992,-0.9999999999999991,0,170,5,0.0,0.0
3,numeric_nonpass,-0.9499999999999991,-0.9999999999999991,-0.899999999999999,0,170,5,0.0,0.0
3,numeric_nonpass,-0.849999999999999,-0.899999999999999,-0.7999999999999989,0,170,5,0.0,0.0
3,numeric_nonpass,-0.7499999999999989,-0.7999999999999989,-0.6999999999999988,0,170,5,0.0,0.0
3,numeric_nonpass,-0.6499999999999988,-0.6999999999999988,-0.5999999999999988,0,170,5,0.0,0.0
3,numeric_nonpass,-0.5499999999999987,-0.5999999999999988,-0.49999999999999867,0,170,5,0.0,0.0
3,numeric_nonpass,-0.4499999999999986,-0.49999999999999867,-0.3999999999999986,0,170,5,0.0,0.0
3,numeric_nonpass,-0.34999999999999853,-0.3999999999999986,-0.2999999999999985,0,170,5,0.0,0.0
3,numeric_nonpass,-0.24999999999999845,-0.2999999999999985,-0.1999999999999984,0,170,5,0.0,0.0
3,numeric_nonpass,-0.14999999999999836,-0.1999999999999984,-0.09999999999999831,2,170,5,0.011764705882352941,0.1176470588235293
3,numeric_nonpass,-0.04999999999999827,-0.09999999999999831,1.7763568394002505e-15,2,170,5,0.011764705882352941,0.1176470588235293
3,numeric_nonpass,0.05000000000000182,1.7763568394002505e-15,0.10000000000000187,0,170,5,0.0,0.0
3,numeric_nonpass,0.1500000000000019,0.10000000000000187,0.20000000000000195,0,170,5,0.0,0.0
3,numeric_nonpass,0.250000000000002,0.20000000000000195,0.30000000000000204,0,170,5,0.0,0.0
3,numeric_nonpass,0.3500000000000021,0.30000000000000204,0.40000000000000213,0,170,5,0.0,0.0
3,numeric_nonpass,0.4500000000000022,0.40000000000000213,0.5000000000000022,0,170,5,0.0,0.0
3,numeric_nonpass,0.5500000000000023,0.5000000000000022,0.6000000000000023,0,170,5,0.0,0.0
3,numeric_nonpass,0.6500000000000024,0.6000000000000023,0.7000000000000024,0,170,5,0.0,0.0
3,numeric_nonpass,0.7500000000000024,0.7000000000000024,0.8000000000000025,0,170,5,0.0,0.0
3,numeric_nonpass,0.8500000000000025,0.8000000000000025,0.9000000000000026,0,170,5,0.0,0.0
3,numeric_nonpass,0.9500000000000026,0.9000000000000026,1.0000000000000027,0,170,5,0.0,0.0
3,numeric_nonpass,1.0500000000000027,1.0000000000000027,1.1000000000000028,0,170,5,0.0,0.0
3,numeric_nonpass,1.1500000000000028,1.1000000000000028,1.2000000000000028,0,170,5,0.0,0.0
3,numeric_nonpass,1.2500000000000029,1.2000000000000028,1.300000000000003,0,170,5,0.0,0.0
3,numeric_nonpass,1.350000000000003,1.300000000000003,1.400000000000003,0,170,5,0.0,0.0
3,numeric_nonpass,1.450000000000003,1.400000000000003,1.500000000000003,0,170,5,0.0,0.0
3,numeric_nonpass,1.5500000000000032,1.500000000000003,1.6000000000000032,0,170,5,0.0,0.0
3,numeric_nonpass,1.6500000000000032,1.6000000000000032,1.7000000000000033,0,170,5,0.0,0.0
3,numeric_nonpass,1.7500000000000033,1.7000000000000033,1.8000000000000034,0,170,5,0.0,0.0
3,numeric_nonpass,1.8500000000000034,1.8000000000000034,1.9000000000000035,0,170,5,0.0,0.0
3,numeric_nonpass,1.9500000000000035,1.9000000000000035,2.0000000000000036,0,170,5,0.0,0.0
3,BV,-1.95,-2.0,-1.9,2,170,24,0.011764705882352941,0.1176470588235293
3,BV,-1.8499999999999999,-1.9,-1.7999999999999998,0,170,24,0.0,0.0
3,BV,-1.7499999999999998,-1.7999999999999998,-1.6999999999999997,0,170,24,0.0,0.0
3,BV,-1.6499999999999997,-1.6999999999999997,-1.5999999999999996,0,170,24,0.0,0.0
3,BV,-1.5499999999999996,-1.5999999999999996,-1.4999999999999996,2,170,24,0.011764705882352941,0.1176470588235293
3,BV,-1.4499999999999995,-1.4999999999999996,-1.3999999999999995,2,170,24,0.011764705882352941,0.1176470588235293
3,BV,-1.3499999999999994,-1.3999999999999995,-1.2999999999999994,1,170,24,0.0058823529411764705,0.05882352941176465
3,BV,-1.2499999999999993,-1.2999999999999994,-1.1999999999999993,2,170,24,0.011764705882352941,0.1176470588235293
3,BV,-1.1499999999999992,-1.1999999999999993,-1.0999999999999992,1,170,24,0.0058823529411764705,0.05882352941176465
3,BV,-1.0499999999999992,-1.0999999999999992,-0.9999999999999991,4,170,24,0.023529411764705882,0.2352941176470586
3,BV,-0.9499999999999991,-0.9999999999999991,-0.899999999999999,2,170,24,0.011764705882352941,0.1176470588235293
3,BV,-0.849999999999999,-0.899999999999999,-0.7999999999999989,1,170,24,0.0058823529411764705,0.05882352941176465
3,BV,-0.7499999999999989,-0.7999999999999989,-0.6999999999999988,0,170,24,0.0,0.0
3,BV,-0.6499999999999988,-0.6999999999999988,-0.5999999999999988,0,170,24,0.0,0.0
3,BV,-0.5499999999999987,-0.5999999999999988,-0.49999999999999867,0,170,24,0.0,0.0
3,BV,-0.4499999999999986,-0.49999999999999867,-0.3999999999999986,1,170,24,0.0058823529411764705,0.05882352941176465
3,BV,-0.34999999999999853,-0.3999999999999986,-0.2999999999999985,0,170,24,0.0,0.0
3,BV,-0.24999999999999845,-0.2999999999999985,-0.1999999999999984,0,170,24,0.0,0.0
3,BV,-0.14999999999999836,-0.1999999999999984,-0.09999999999999831,1,170,24,0.0058823529411764705,0.05882352941176465
3,BV,-0.04999999999999827,-0.09999999999999831,1.7763568394002505e-15,2,170,24,0.011764705882352941,0.1176470588235293
3,BV,0.05000000000000182,1.7763568394002505e-15,0.10000000000000187,0,170,24,0.0,0.0
3,BV,0.1500000000000019,0.10000000000000187,0.20000000000000195,0,170,24,0.0,0.0
3,BV,0.250000000000002,0.20000000000000195,0.30000000000000204,0,170,24,0.0,0.0
3,BV,0.3500000000000021,0.30000000000000204,0.40000000000000213,0,170,24,0.0,0.0
3,BV,0.4500000000000022,0.40000000000000213,0.5000000000000022,0,170,24,0.0,0.0
3,BV,0.5500000000000023,0.5000000000000022,0.6000000000000023,0,170,24,0.0,0.0
3,BV,0.6500000000000024,0.6000000000000023,0.7000000000000024,0,170,24,0.0,0.0
3,BV,0.7500000000000024,0.7000000000000024,0.8000000000000025,0,170,24,0.0,0.0
3,BV,0.8500000000000025,0.8000000000000025,0.9000000000000026,0,170,24,0.0,0.0
3,BV,0.9500000000000026,0.9000000000000026,1.0000000000000027,0,170,24,0.0,0.0
3,BV,1.0500000000000027,1.0000000000000027,1.1000000000000028,0,170,24,0.0,0.0
3,BV,1.1500000000000028,1.1000000000000028,1.2000000000000028,0,170,24,0.0,0.0
3,BV,1.2500000000000029,1.2000000000000028,1.300000000000003,0,170,24,0.0,0.0
3,BV,1.350000000000003,1.300000000000003,1.400000000000003,0,170,24,0.0,0.0
3,BV,1.450000000000003,1.400000000000003,1.500000000000003,0,170,24,0.0,0.0
3,BV,1.5500000000000032,1.500000000000003,1.6000000000000032,0,170,24,0.0,0.0
3,BV,1.6500000000000032,1.6000000000000032,1.7000000000000033,0,170,24,0.0,0.0
3,BV,1.7500000000000033,1.7000000000000033,1.8000000000000034,0,170,24,0.0,0.0
3,BV,1.8500000000000034,1.8000000000000034,1.9000000000000035,0,170,24,0.0,0.0
3,BV,1.9500000000000035,1.9000000000000035,2.0000000000000036,0,170,24,0.0,0.0
3,RT,-1.95,-2.0,-1.9,0,170,2,0.0,0.0
3,RT,-1.8499999999999999,-1.9,-1.7999999999999998,0,170,2,0.0,0.0
3,RT,-1.7499999999999998,-1.7999999999999998,-1.6999999999999997,0,170,2,0.0,0.0
3,RT,-1.6499999999999997,-1.6999999999999997,-1.5999999999999996,0,170,2,0.0,0.0
3,RT,-1.5499999999999996,-1.5999999999999996,-1.4999999999999996,0,170,2,0.0,0.0
3,RT,-1.4499999999999995,-1.4999999999999996,-1.3999999999999995,0,170,2,0.0,0.0
3,RT,-1.3499999999999994,-1.3999999999999995,-1.2999999999999994,1,170,2,0.0058823529411764705,0.05882352941176465
3,RT,-1.2499999999999993,-1.2999999999999994,-1.1999999999999993,0,170,2,0.0,0.0
3,RT,-1.1499999999999992,-1.1999999999999993,-1.0999999999999992,1,170,2,0.0058823529411764705,0.05882352941176465
3,RT,-1.0499999999999992,-1.0999999999999992,-0.9999999999999991,0,170,2,0.0,0.0
3,RT,-0.9499999999999991,-0.9999999999999991,-0.899999999999999,0,170,2,0.0,0.0
3,RT,-0.849999999999999,-0.899999999999999,-0.7999999999999989,0,170,2,0.0,0.0
3,RT,-0.7499999999999989,-0.7999999999999989,-0.6999999999999988,0,170,2,0.0,0.0
3,RT,-0.6499999999999988,-0.6999999999999988,-0.5999999999999988,0,170,2,0.0,0.0
3,RT,-0.5499999999999987,-0.5999999999999988,-0.49999999999999867,0,170,2,0.0,0.0
3,RT,-0.4499999999999986,-0.49999999999999867,-0.3999999999999986,0,170,2,0.0,0.0
3,RT,-0.34999999999999853,-0.3999999999999986,-0.2999999999999985,0,170,2,0.0,0.0
3,RT,-0.24999999999999845,-0.2999999999999985,-0.1999999999999984,0,170,2,0.0,0.0
3,RT,-0.14999999999999836,-0.1999999999999984,-0.09999999999999831,0,170,2,0.0,0.0
3,RT,-0.04999999999999827,-0.09999999999999831,1.7763568394002505e-15,0,170,2,0.0,0.0
3,RT,0.05000000000000182,1.7763568394002505e-15,0.10000000000000187,0,170,2,0.0,0.0
3,RT,0.1500000000000019,0.10000000000000187,0.20000000000000195,0,170,2,0.0,0.0
3,RT,0.250000000000002,0.20000000000000195,0.30000000000000204,0,170,2,0.0,0.0
3,RT,0.3500000000000021,0.30000000000000204,0.40000000000000213,0,170,2,0.0,0.0
3,RT,0.4500000000000022,0.40000000000000213,0.5000000000000022,0,170,2,0.0,0.0
3,RT,0.5500000000000023,0.5000000000000022,0.6000000000000023,0,170,2,0.0,0.0
3,RT,0.6500000000000024,0.6000000000000023,0.7000000000000024,0,170,2,0.0,0.0
3,RT,0.7500000000000024,0.7000000000000024,0.8000000000000025,0,170,2,0.0,0.0
3,RT,0.8500000000000025,0.8000000000000025,0.9000000000000026,0,170,2,0.0,0.0
3,RT,0.9500000000000026,0.9000000000000026,1.0000000000000027,0,170,2,0.0,0.0
3,RT,1.0500000000000027,1.0000000000000027,1.1000000000000028,0,170,2,0.0,0.0
3,RT,1.1500000000000028,1.1000000000000028,1.2000000000000028,0,170,2,0.0,0.0
3,RT,1.2500000000000029,1.2000000000000028,1.300000000000003,0,170,2,0.0,0.0
3,RT,1.350000000000003,1.300000000000003,1.400000000000003,0,170,2,0.0,0.0
3,RT,1.450000000000003,1.400000000000003,1.500000000000003,0,170,2,0.0,0.0
3,RT,1.5500000000000032,1.500000000000003,1.6000000000000032,0,170,2,0.0,0.0
3,RT,1.6500000000000032,1.6000000000000032,1.7000000000000033,0,170,2,0.0,0.0
3,RT,1.7500000000000033,1.7000000000000033,1.8000000000000034,0,170,2,0.0,0.0
3,RT,1.8500000000000034,1.8000000000000034,1.9000000000000035,0,170,2,0.0,0.0
3,RT,1.9500000000000035,1.9000000000000035,2.0000000000000036,0,170,2,0.0,0.0
3,BA,-1.95,-2.0,-1.9,0,170,0,0.0,0.0
3,BA,-1.8499999999999999,-1.9,-1.7999999999999998,0,170,0,0.0,0.0
3,BA,-1.7499999999999998,-1.7999999999999998,-1.6999999999999997,0,170,0,0.0,0.0
3,BA,-1.6499999999999997,-1.6999999999999997,-1.5999999999999996,0,170,0,0.0,0.0
3,BA,-1.5499999999999996,-1.5999999999999996,-1.4999999999999996,0,170,0,0.0,0.0
3,BA,-1.4499999999999995,-1.4999999999999996,-1.3999999999999995,0,170,0,0.0,0.0
3,BA,-1.3499999999999994,-1.3999999999999995,-1.2999999999999994,0,170,0,0.0,0.0
3,BA,-1.2499999999999993,-1.2999999999999994,-1.1999999999999993,0,170,0,0.0,0.0
3,BA,-1.1499999999999992,-1.1999999999999993,-1.0999999999999992,0,170,0,0.0,0.0
3,BA,-1.0499999999999992,-1.0999999999999992,-0.9999999999999991,0,170,0,0.0,0.0
3,BA,-0.9499999999999991,-0.9999999999999991,-0.899999999999999,0,170,0,0.0,0.0
3,BA,-0.849999999999999,-0.899999999999999,-0.7999999999999989,0,170,0,0.0,0.0
3,BA,-0.7499999999999989,-0.7999999999999989,-0.6999999999999988,0,170,0,0.0,0.0
3,BA,-0.6499999999999988,-0.6999999999999988,-0.5999999999999988,0,170,0,0.0,0.0
3,BA,-0.5499999999999987,-0.5999999999999988,-0.49999999999999867,0,170,0,0.0,0.0
3,BA,-0.4499999999999986,-0.49999999999999867,-0.3999999999999986,0,170,0,0.0,0.0
3,BA,-0.34999999999999853,-0.3999999999999986,-0.2999999999999985,0,170,0,0.0,0.0
3,BA,-0.24999999999999845,-0.2999999999999985,-0.1999999999999984,0,170,0,0.0,0.0
3,BA,-0.14999999999999836,-0.1999999999999984,-0.09999999999999831,0,170,0,0.0,0.0
3,BA,-0.04999999999999827,-0.09999999999999831,1.7763568394002505e-15,0,170,0,0.0,0.0
3,BA,0.05000000000000182,1.7763568394002505e-15,0.10000000000000187,0,170,0,0.0,0.0
3,BA,0.1500000000000019,0.10000000000000187,0.20000000000000195,0,170,0,0.0,0.0
3,BA,0.250000000000002,0.20000000000000195,0.30000000000000204,0,170,0,0.0,0.0
3,BA,0.3500000000000021,0.30000000000000204,0.40000000000000213,0,170,0,0.0,0.0
3,BA,0.4500000000000022,0.40000000000000213,0.5000000000000022,0,170,0,0.0,0.0
3,BA,0.5500000000000023,0.5000000000000022,0.6000000000000023,0,170,0,0.0,0.0
3,BA,0.6500000000000024,0.6000000000000023,0.7000000000000024,0,170,0,0.0,0.0
3,BA,0.7500000000000024,0.7000000000000024,0.8000000000000025,0,170,0,0.0,0.0
3,BA,0.8500000000000025,0.8000000000000025,0.9000000000000026,0,170,0,0.0,0.0
3,BA,0.9500000000000026,0.9000000000000026,1.0000000000000027,0,170,0,0.0,0.0
3,BA,1.0500000000000027,1.0000000000000027,1.1000000000000028,0,170,0,0.0,0.0
3,BA,1.1500000000000028,1.1000000000000028,1.2000000000000028,0,170,0,0.0,0.0
3,BA,1.2500000000000029,1.2000000000000028,1.300000000000003,0,170,0,0.0,0.0
3,BA,1.350000000000003,1.300000000000003,1.400000000000003,0,170,0,0.0,0.0
3,BA,1.450000000000003,1.400000000000003,1.500000000000003,0,170,0,0.0,0.0
3,BA,1.5500000000000032,1.500000000000003,1.6000000000000032,0,170,0,0.0,0.0
3,BA,1.6500000000000032,1.6000000000000032,1.7000000000000033,0,170,0,0.0,0.0
3,BA,1.7500000000000033,1.7000000000000033,1.8000000000000034,0,170,0,0.0,0.0
3,BA,1.8500000000000034,1.8000000000000034,1.9000000000000035,0,170,0,0.0,0.0
3,BA,1.9500000000000035,1.9000000000000035,2.0000000000000036,0,170,0,0.0,0.0
4,pass,-1.95,-2.0,-1.9,0,96,83,0.0,0.0
4,pass,-1.8499999999999999,-1.9,-1.7999999999999998,0,96,83,0.0,0.0
4,pass,-1.7499999999999998,-1.7999999999999998,-1.6999999999999997,0,96,83,0.0,0.0
4,pass,-1.6499999999999997,-1.6999999999999997,-1.5999999999999996,0,96,83,0.0,0.0
4,pass,-1.5499999999999996,-1.5999999999999996,-1.4999999999999996,0,96,83,0.0,0.0
4,pass,-1.4499999999999995,-1.4999999999999996,-1.3999999999999995,0,96,83,0.0,0.0
4,pass,-1.3499999999999994,-1.3999999999999995,-1.2999999999999994,0,96,83,0.0,0.0
4,pass,-1.2499999999999993,-1.2999999999999994,-1.1999999999999993,0,96,83,0.0,0.0
4,pass,-1.1499999999999992,-1.1999999999999993,-1.0999999999999992,0,96,83,0.0,0.0
4,pass,-1.0499999999999992,-1.0999999999999992,-0.9999999999999991,0,96,83,0.0,0.0
4,pass,-0.9499999999999991,-0.9999999999999991,-0.899999999999999,0,96,83,0.0,0.0
4,pass,-0.849999999999999,-0.899999999999999,-0.7999999999999989,0,96,83,0.0,0.0
4,pass,-0.7499999999999989,-0.7999999999999989,-0.6999999999999988,0,96,83,0.0,0.0
4,pass,-0.6499999999999988,-0.6999999999999988,-0.5999999999999988,1,96,83,0.010416666666666666,0.10416666666666657
4,pass,-0.5499999999999987,-0.5999999999999988,-0.49999999999999867,0,96,83,0.0,0.0
4,pass,-0.4499999999999986,-0.49999999999999867,-0.3999999999999986,1,96,83,0.010416666666666666,0.10416666666666657
4,pass,-0.34999999999999853,-0.3999999999999986,-0.2999999999999985,2,96,83,0.020833333333333332,0.20833333333333315
4,pass,-0.24999999999999845,-0.2999999999999985,-0.1999999999999984,3,96,83,0.03125,0.3124999999999997
4,pass,-0.14999999999999836,-0.1999999999999984,-0.09999999999999831,2,96,83,0.020833333333333332,0.20833333333333315
4,pass,-0.04999999999999827,-0.09999999999999831,1.7763568394002505e-15,3,96,83,0.03125,0.3124999999999997
4,pass,0.05000000000000182,1.7763568394002505e-15,0.10000000000000187,4,96,83,0.041666666666666664,0.4166666666666663
4,pass,0.1500000000000019,0.10000000000000187,0.20000000000000195,2,96,83,0.020833333333333332,0.20833333333333315
4,pass,0.250000000000002,0.20000000000000195,0.30000000000000204,3,96,83,0.03125,0.3124999999999997
4,pass,0.3500000000000021,0.30000000000000204,0.40000000000000213,7,96,83,0.07291666666666667,0.7291666666666661
4,pass,0.4500000000000022,0.40000000000000213,0.5000000000000022,8,96,83,0.08333333333333333,0.8333333333333326
4,pass,0.5500000000000023,0.5000000000000022,0.6000000000000023,11,96,83,0.11458333333333333,1.1458333333333324
4,pass,0.6500000000000024,0.6000000000000023,0.7000000000000024,10,96,83,0.10416666666666667,1.0416666666666659
4,pass,0.7500000000000024,0.7000000000000024,0.8000000000000025,11,96,83,0.11458333333333333,1.1458333333333324
4,pass,0.8500000000000025,0.8000000000000025,0.9000000000000026,6,96,83,0.0625,0.6249999999999994
4,pass,0.9500000000000026,0.9000000000000026,1.0000000000000027,6,96,83,0.0625,0.6249999999999994
4,pass,1.0500000000000027,1.0000000000000027,1.1000000000000028,0,96,83,0.0,0.0
4,pass,1.1500000000000028,1.1000000000000028,1.2000000000000028,2,96,83,0.020833333333333332,0.20833333333333315
4,pass,1.2500000000000029,1.2000000000000028,1.300000000000003,1,96,83,0.010416666666666666,0.10416666666666657
4,pass,1.350000000000003,1.300000000000003,1.400000000000003,0,96,83,0.0,0.0
4,pass,1.450000000000003,1.400000000000003,1.500000000000003,0,96,83,0.0,0.0
4,pass,1.5500000000000032,1.500000000000003,1.6000000000000032,0,96,83,0.0,0.0
4,pass,1.6500000000000032,1.6000000000000032,1.7000000000000033,0,96,83,0.0,0.0
4,pass,1.7500000000000033,1.7000000000000033,1.8000000000000034,0,96,83,0.0,0.0
4,pass,1.8500000000000034,1.8000000000000034,1.9000000000000035,0,96,83,0.0,0.0
4,pass,1.9500000000000035,1.9000000000000035,2.0000000000000036,0,96,83,0.0,0.0
4,numeric_nonpass,-1.95,-2.0,-1.9,0,96,1,0.0,0.0
4,numeric_nonpass,-1.8499999999999999,-1.9,-1.7999999999999998,0,96,1,0.0,0.0
4,numeric_nonpass,-1.7499999999999998,-1.7999999999999998,-1.6999999999999997,0,96,1,0.0,0.0
4,numeric_nonpass,-1.6499999999999997,-1.6999999999999997,-1.5999999999999996,0,96,1,0.0,0.0
4,numeric_nonpass,-1.5499999999999996,-1.5999999999999996,-1.4999999999999996,0,96,1,0.0,0.0
4,numeric_nonpass,-1.4499999999999995,-1.4999999999999996,-1.3999999999999995,0,96,1,0.0,0.0
4,numeric_nonpass,-1.3499999999999994,-1.3999999999999995,-1.2999999999999994,0,96,1,0.0,0.0
4,numeric_nonpass,-1.2499999999999993,-1.2999999999999994,-1.1999999999999993,0,96,1,0.0,0.0
4,numeric_nonpass,-1.1499999999999992,-1.1999999999999993,-1.0999999999999992,0,96,1,0.0,0.0
4,numeric_nonpass,-1.0499999999999992,-1.0999999999999992,-0.9999999999999991,1,96,1,0.010416666666666666,0.10416666666666657
4,numeric_nonpass,-0.9499999999999991,-0.9999999999999991,-0.899999999999999,0,96,1,0.0,0.0
4,numeric_nonpass,-0.849999999999999,-0.899999999999999,-0.7999999999999989,0,96,1,0.0,0.0
4,numeric_nonpass,-0.7499999999999989,-0.7999999999999989,-0.6999999999999988,0,96,1,0.0,0.0
4,numeric_nonpass,-0.6499999999999988,-0.6999999999999988,-0.5999999999999988,0,96,1,0.0,0.0
4,numeric_nonpass,-0.5499999999999987,-0.5999999999999988,-0.49999999999999867,0,96,1,0.0,0.0
4,numeric_nonpass,-0.4499999999999986,-0.49999999999999867,-0.3999999999999986,0,96,1,0.0,0.0
4,numeric_nonpass,-0.34999999999999853,-0.3999999999999986,-0.2999999999999985,0,96,1,0.0,0.0
4,numeric_nonpass,-0.24999999999999845,-0.2999999999999985,-0.1999999999999984,0,96,1,0.0,0.0
4,numeric_nonpass,-0.14999999999999836,-0.1999999999999984,-0.09999999999999831,0,96,1,0.0,0.0
4,numeric_nonpass,-0.04999999999999827,-0.09999999999999831,1.7763568394002505e-15,0,96,1,0.0,0.0
4,numeric_nonpass,0.05000000000000182,1.7763568394002505e-15,0.10000000000000187,0,96,1,0.0,0.0
4,numeric_nonpass,0.1500000000000019,0.10000000000000187,0.20000000000000195,0,96,1,0.0,0.0
4,numeric_nonpass,0.250000000000002,0.20000000000000195,0.30000000000000204,0,96,1,0.0,0.0
4,numeric_nonpass,0.3500000000000021,0.30000000000000204,0.40000000000000213,0,96,1,0.0,0.0
4,numeric_nonpass,0.4500000000000022,0.40000000000000213,0.5000000000000022,0,96,1,0.0,0.0
4,numeric_nonpass,0.5500000000000023,0.5000000000000022,0.6000000000000023,0,96,1,0.0,0.0
4,numeric_nonpass,0.6500000000000024,0.6000000000000023,0.7000000000000024,0,96,1,0.0,0.0
4,numeric_nonpass,0.7500000000000024,0.7000000000000024,0.8000000000000025,0,96,1,0.0,0.0
4,numeric_nonpass,0.8500000000000025,0.8000000000000025,0.9000000000000026,0,96,1,0.0,0.0
4,numeric_nonpass,0.9500000000000026,0.9000000000000026,1.0000000000000027,0,96,1,0.0,0.0
4,numeric_nonpass,1.0500000000000027,1.0000000000000027,1.1000000000000028,0,96,1,0.0,0.0
4,numeric_nonpass,1.1500000000000028,1.1000000000000028,1.2000000000000028,0,96,1,0.0,0.0
4,numeric_nonpass,1.2500000000000029,1.2000000000000028,1.300000000000003,0,96,1,0.0,0.0
4,numeric_nonpass,1.350000000000003,1.300000000000003,1.400000000000003,0,96,1,0.0,0.0
4,numeric_nonpass,1.450000000000003,1.400000000000003,1.500000000000003,0,96,1,0.0,0.0
4,numeric_nonpass,1.5500000000000032,1.500000000000003,1.6000000000000032,0,96,1,0.0,0.0
4,numeric_nonpass,1.6500000000000032,1.6000000000000032,1.7000000000000033,0,96,1,0.0,0.0
4,numeric_nonpass,1.7500000000000033,1.7000000000000033,1.8000000000000034,0,96,1,0.0,0.0
4,numeric_nonpass,1.8500000000000034,1.8000000000000034,1.9000000000000035,0,96,1,0.0,0.0
4,numeric_nonpass,1.9500000000000035,1.9000000000000035,2.0000000000000036,0,96,1,0.0,0.0
4,BV,-1.95,-2.0,-1.9,0,96,10,0.0,0.0
4,BV,-1.8499999999999999,-1.9,-1.7999999999999998,0,96,10,0.0,0.0
4,BV,-1.7499999999999998,-1.7999999999999998,-1.6999999999999997,1,96,10,0.010416666666666666,0.10416666666666657
4,BV,-1.6499999999999997,-1.6999999999999997,-1.5999999999999996,0,96,10,0.0,0.0
4,BV,-1.5499999999999996,-1.5999999999999996,-1.4999999999999996,1,96,10,0.010416666666666666,0.10416666666666657
4,BV,-1.4499999999999995,-1.4999999999999996,-1.3999999999999995,0,96,10,0.0,0.0
4,BV,-1.3499999999999994,-1.3999999999999995,-1.2999999999999994,1,96,10,0.010416666666666666,0.10416666666666657
4,BV,-1.2499999999999993,-1.2999999999999994,-1.1999999999999993,1,96,10,0.010416666666666666,0.10416666666666657
4,BV,-1.1499999999999992,-1.1999999999999993,-1.0999999999999992,0,96,10,0.0,0.0
4,BV,-1.0499999999999992,-1.0999999999999992,-0.9999999999999991,2,96,10,0.020833333333333332,0.20833333333333315
4,BV,-0.9499999999999991,-0.9999999999999991,-0.899999999999999,0,96,10,0.0,0.0
4,BV,-0.849999999999999,-0.899999999999999,-0.7999999999999989,0,96,10,0.0,0.0
4,BV,-0.7499999999999989,-0.7999999999999989,-0.6999999999999988,0,96,10,0.0,0.0
4,BV,-0.6499999999999988,-0.6999999999999988,-0.5999999999999988,0,96,10,0.0,0.0
4,BV,-0.5499999999999987,-0.5999999999999988,-0.49999999999999867,1,96,10,0.010416666666666666,0.10416666666666657
4,BV,-0.4499999999999986,-0.49999999999999867,-0.3999999999999986,0,96,10,0.0,0.0
4,BV,-0.34999999999999853,-0.3999999999999986,-0.2999999999999985,1,96,10,0.010416666666666666,0.10416666666666657
4,BV,-0.24999999999999845,-0.2999999999999985,-0.1999999999999984,0,96,10,0.0,0.0
4,BV,-0.14999999999999836,-0.1999999999999984,-0.09999999999999831,0,96,10,0.0,0.0
4,BV,-0.04999999999999827,-0.09999999999999831,1.7763568394002505e-15,0,96,10,0.0,0.0
4,BV,0.05000000000000182,1.7763568394002505e-15,0.10000000000000187,0,96,10,0.0,0.0
4,BV,0.1500000000000019,0.10000000000000187,0.20000000000000195,0,96,10,0.0,0.0
4,BV,0.250000000000002,0.20000000000000195,0.30000000000000204,0,96,10,0.0,0.0
4,BV,0.3500000000000021,0.30000000000000204,0.40000000000000213,0,96,10,0.0,0.0
4,BV,0.4500000000000022,0.40000000000000213,0.5000000000000022,0,96,10,0.0,0.0
4,BV,0.5500000000000023,0.5000000000000022,0.6000000000000023,0,96,10,0.0,0.0
4,BV,0.6500000000000024,0.6000000000000023,0.7000000000000024,1,96,10,0.010416666666666666,0.10416666666666657
4,BV,0.7500000000000024,0.7000000000000024,0.8000000000000025,0,96,10,0.0,0.0
4,BV,0.8500000000000025,0.8000000000000025,0.9000000000000026,0,96,10,0.0,0.0
4,BV,0.9500000000000026,0.9000000000000026,1.0000000000000027,0,96,10,0.0,0.0
4,BV,1.0500000000000027,1.0000000000000027,1.1000000000000028,0,96,10,0.0,0.0
4,BV,1.1500000000000028,1.1000000000000028,1.2000000000000028,0,96,10,0.0,0.0
4,BV,1.2500000000000029,1.2000000000000028,1.300000000000003,0,96,10,0.0,0.0
4,BV,1.350000000000003,1.300000000000003,1.400000000000003,0,96,10,0.0,0.0
4,BV,1.450000000000003,1.400000000000003,1.500000000000003,0,96,10,0.0,0.0
4,BV,1.5500000000000032,1.500000000000003,1.6000000000000032,0,96,10,0.0,0.0
4,BV,1.6500000000000032,1.6000000000000032,1.7000000000000033,0,96,10,0.0,0.0
4,BV,1.7500000000000033,1.7000000000000033,1.8000000000000034,0,96,10,0.0,0.0
4,BV,1.8500000000000034,1.8000000000000034,1.9000000000000035,0,96,10,0.0,0.0
4,BV,1.9500000000000035,1.9000000000000035,2.0000000000000036,0,96,10,0.0,0.0
4,RT,-1.95,-2.0,-1.9,0,96,2,0.0,0.0
4,RT,-1.8499999999999999,-1.9,-1.7999999999999998,0,96,2,0.0,0.0
4,RT,-1.7499999999999998,-1.7999999999999998,-1.6999999999999997,0,96,2,0.0,0.0
4,RT,-1.6499999999999997,-1.6999999999999997,-1.5999999999999996,0,96,2,0.0,0.0
4,RT,-1.5499999999999996,-1.5999999999999996,-1.4999999999999996,0,96,2,0.0,0.0
4,RT,-1.4499999999999995,-1.4999999999999996,-1.3999999999999995,0,96,2,0.0,0.0
4,RT,-1.3499999999999994,-1.3999999999999995,-1.2999999999999994,0,96,2,0.0,0.0
4,RT,-1.2499999999999993,-1.2999999999999994,-1.1999999999999993,1,96,2,0.010416666666666666,0.10416666666666657
4,RT,-1.1499999999999992,-1.1999999999999993,-1.0999999999999992,0,96,2,0.0,0.0
4,RT,-1.0499999999999992,-1.0999999999999992,-0.9999999999999991,1,96,2,0.010416666666666666,0.10416666666666657
4,RT,-0.9499999999999991,-0.9999999999999991,-0.899999999999999,0,96,2,0.0,0.0
4,RT,-0.849999999999999,-0.899999999999999,-0.7999999999999989,0,96,2,0.0,0.0
4,RT,-0.7499999999999989,-0.7999999999999989,-0.6999999999999988,0,96,2,0.0,0.0
4,RT,-0.6499999999999988,-0.6999999999999988,-0.5999999999999988,0,96,2,0.0,0.0
4,RT,-0.5499999999999987,-0.5999999999999988,-0.49999999999999867,0,96,2,0.0,0.0
4,RT,-0.4499999999999986,-0.49999999999999867,-0.3999999999999986,0,96,2,0.0,0.0
4,RT,-0.34999999999999853,-0.3999999999999986,-0.2999999999999985,0,96,2,0.0,0.0
4,RT,-0.24999999999999845,-0.2999999999999985,-0.1999999999999984,0,96,2,0.0,0.0
4,RT,-0.14999999999999836,-0.1999999999999984,-0.09999999999999831,0,96,2,0.0,0.0
4,RT,-0.04999999999999827,-0.09999999999999831,1.7763568394002505e-15,0,96,2,0.0,0.0
4,RT,0.05000000000000182,1.7763568394002505e-15,0.10000000000000187,0,96,2,0.0,0.0
4,RT,0.1500000000000019,0.10000000000000187,0.20000000000000195,0,96,2,0.0,0.0
4,RT,0.250000000000002,0.20000000000000195,0.30000000000000204,0,96,2,0.0,0.0
4,RT,0.3500000000000021,0.30000000000000204,0.40000000000000213,0,96,2,0.0,0.0
4,RT,0.4500000000000022,0.40000000000000213,0.5000000000000022,0,96,2,0.0,0.0
4,RT,0.5500000000000023,0.5000000000000022,0.6000000000000023,0,96,2,0.0,0.0
4,RT,0.6500000000000024,0.6000000000000023,0.7000000000000024,0,96,2,0.0,0.0
4,RT,0.7500000000000024,0.7000000000000024,0.8000000000000025,0,96,2,0.0,0.0
4,RT,0.8500000000000025,0.8000000000000025,0.9000000000000026,0,96,2,0.0,0.0
4,RT,0.9500000000000026,0.9000000000000026,1.0000000000000027,0,96,2,0.0,0.0
4,RT,1.0500000000000027,1.0000000000000027,1.1000000000000028,0,96,2,0.0,0.0
4,RT,1.1500000000000028,1.1000000000000028,1.2000000000000028,0,96,2,0.0,0.0
4,RT,1.2500000000000029,1.2000000000000028,1.300000000000003,0,96,2,0.0,0.0
4,RT,1.350000000000003,1.300000000000003,1.400000000000003,0,96,2,0.0,0.0
4,RT,1.450000000000003,1.400000000000003,1.500000000000003,0,96,2,0.0,0.0
4,RT,1.5500000000000032,1.500000000000003,1.6000000000000032,0,96,2,0.0,0.0
4,RT,1.6500000000000032,1.6000000000000032,1.7000000000000033,0,96,2,0.0,0.0
4,RT,1.7500000000000033,1.7000000000000033,1.8000000000000034,0,96,2,0.0,0.0
4,RT,1.8500000000000034,1.8000000000000034,1.9000000000000035,0,96,2,0.0,0.0
4,RT,1.9500000000000035,1.9000000000000035,2.0000000000000036,0,96,2,0.0,0.0
4,BA,-1.95,-2.0,-1.9,0,96,0,0.0,0.0
4,BA,-1.8499999999999999,-1.9,-1.7999999999999998,0,96,0,0.0,0.0
4,BA,-1.7499999999999998,-1.7999999999999998,-1.6999999999999997,0,96,0,0.0,0.0
4,BA,-1.6499999999999997,-1.6999999999999997,-1.5999999999999996,0,96,0,0.0,0.0
4,BA,-1.5499999999999996,-1.5999999999999996,-1.4999999999999996,0,96,0,0.0,0.0
4,BA,-1.4499999999999995,-1.4999999999999996,-1.3999999999999995,0,96,0,0.0,0.0
4,BA,-1.3499999999999994,-1.3999999999999995,-1.2999999999999994,0,96,0,0.0,0.0
4,BA,-1.2499999999999993,-1.2999999999999994,-1.1999999999999993,0,96,0,0.0,0.0
4,BA,-1.1499999999999992,-1.1999999999999993,-1.0999999999999992,0,96,0,0.0,0.0
4,BA,-1.0499999999999992,-1.0999999999999992,-0.9999999999999991,0,96,0,0.0,0.0
4,BA,-0.9499999999999991,-0.9999999999999991,-0.899999999999999,0,96,0,0.0,0.0
4,BA,-0.849999999999999,-0.899999999999999,-0.7999999999999989,0,96,0,0.0,0.0
4,BA,-0.7499999999999989,-0.7999999999999989,-0.6999999999999988,0,96,0,0.0,0.0
4,BA,-0.6499999999999988,-0.6999999999999988,-0.5999999999999988,0,96,0,0.0,0.0
4,BA,-0.5499999999999987,-0.5999999999999988,-0.49999999999999867,0,96,0,0.0,0.0
4,BA,-0.4499999999999986,-0.49999999999999867,-0.3999999999999986,0,96,0,0.0,0.0
4,BA,-0.34999999999999853,-0.3999999999999986,-0.2999999999999985,0,96,0,0.0,0.0
4,BA,-0.24999999999999845,-0.2999999999999985,-0.1999999999999984,0,96,0,0.0,0.0
4,BA,-0.14999999999999836,-0.1999999999999984,-0.09999999999999831,0,96,0,0.0,0.0
4,BA,-0.04999999999999827,-0.09999999999999831,1.7763568394002505e-15,0,96,0,0.0,0.0
4,BA,0.05000000000000182,1.7763568394002505e-15,0.10000000000000187,0,96,0,0.0,0.0
4,BA,0.1500000000000019,0.10000000000000187,0.20000000000000195,0,96,0,0.0,0.0
4,BA,0.250000000000002,0.20000000000000195,0.30000000000000204,0,96,0,0.0,0.0
4,BA,0.3500000000000021,0.30000000000000204,0.40000000000000213,0,96,0,0.0,0.0
4,BA,0.4500000000000022,0.40000000000000213,0.5000000000000022,0,96,0,0.0,0.0
4,BA,0.5500000000000023,0.5000000000000022,0.6000000000000023,0,96,0,0.0,0.0
4,BA,0.6500000000000024,0.6000000000000023,0.7000000000000024,0,96,0,0.0,0.0
4,BA,0.7500000000000024,0.7000000000000024,0.8000000000000025,0,96,0,0.0,0.0
4,BA,0.8500000000000025,0.8000000000000025,0.9000000000000026,0,96,0,0.0,0.0
4,BA,0.9500000000000026,0.9000000000000026,1.0000000000000027,0,96,0,0.0,0.0
4,BA,1.0500000000000027,1.0000000000000027,1.1000000000000028,0,96,0,0.0,0.0
4,BA,1.1500000000000028,1.1000000000000028,1.2000000000000028,0,96,0,0.0,0.0
4,BA,1.2500000000000029,1.2000000000000028,1.300000000000003,0,96,0,0.0,0.0
4,BA,1.350000000000003,1.300000000000003,1.400000000000003,0,96,0,0.0,0.0
4,BA,1.450000000000003,1.400000000000003,1.500000000000003,0,96,0,0.0,0.0
4,BA,1.5500000000000032,1.500000000000003,1.6000000000000032,0,96,0,0.0,0.0
4,BA,1.6500000000000032,1.6000000000000032,1.7000000000000033,0,96,0,0.0,0.0
4,BA,1.7500000000000033,1.7000000000000033,1.8000000000000034,0,96,0,0.0,0.0
4,BA,1.8500000000000034,1.8000000000000034,1.9000000000000035,0,96,0,0.0,0.0
4,BA,1.9500000000000035,1.9000000000000035,2.0000000000000036,0,96,0,0.0,0.0
5,pass,-1.95,-2.0,-1.9,0,55,47,0.0,0.0
5,pass,-1.8499999999999999,-1.9,-1.7999999999999998,0,55,47,0.0,0.0
5,pass,-1.7499999999999998,-1.7999999999999998,-1.6999999999999997,0,55,47,0.0,0.0
5,pass,-1.6499999999999997,-1.6999999999999997,-1.5999999999999996,0,55,47,0.0,0.0
5,pass,-1.5499999999999996,-1.5999999999999996,-1.4999999999999996,0,55,47,0.0,0.0
5,pass,-1.4499999999999995,-1.4999999999999996,-1.3999999999999995,0,55,47,0.0,0.0
5,pass,-1.3499999999999994,-1.3999999999999995,-1.2999999999999994,0,55,47,0.0,0.0
5,pass,-1.2499999999999993,-1.2999999999999994,-1.1999999999999993,0,55,47,0.0,0.0
5,pass,-1.1499999999999992,-1.1999999999999993,-1.0999999999999992,0,55,47,0.0,0.0
5,pass,-1.0499999999999992,-1.0999999999999992,-0.9999999999999991,0,55,47,0.0,0.0
5,pass,-0.9499999999999991,-0.9999999999999991,-0.899999999999999,0,55,47,0.0,0.0
5,pass,-0.849999999999999,-0.899999999999999,-0.7999999999999989,0,55,47,0.0,0.0
5,pass,-0.7499999999999989,-0.7999999999999989,-0.6999999999999988,0,55,47,0.0,0.0
5,pass,-0.6499999999999988,-0.6999999999999988,-0.5999999999999988,0,55,47,0.0,0.0
5,pass,-0.5499999999999987,-0.5999999999999988,-0.49999999999999867,0,55,47,0.0,0.0
5,pass,-0.4499999999999986,-0.49999999999999867,-0.3999999999999986,0,55,47,0.0,0.0
5,pass,-0.34999999999999853,-0.3999999999999986,-0.2999999999999985,0,55,47,0.0,0.0
5,pass,-0.24999999999999845,-0.2999999999999985,-0.1999999999999984,0,55,47,0.0,0.0
5,pass,-0.14999999999999836,-0.1999999999999984,-0.09999999999999831,0,55,47,0.0,0.0
5,pass,-0.04999999999999827,-0.09999999999999831,1.7763568394002505e-15,0,55,47,0.0,0.0
5,pass,0.05000000000000182,1.7763568394002505e-15,0.10000000000000187,4,55,47,0.07272727272727272,0.7272727272727266
5,pass,0.1500000000000019,0.10000000000000187,0.20000000000000195,3,55,47,0.05454545454545454,0.545454545454545
5,pass,0.250000000000002,0.20000000000000195,0.30000000000000204,1,55,47,0.01818181818181818,0.18181818181818166
5,pass,0.3500000000000021,0.30000000000000204,0.40000000000000213,6,55,47,0.10909090909090909,1.09090909090909
5,pass,0.4500000000000022,0.40000000000000213,0.5000000000000022,7,55,47,0.12727272727272726,1.2727272727272714
5,pass,0.5500000000000023,0.5000000000000022,0.6000000000000023,6,55,47,0.10909090909090909,1.09090909090909
5,pass,0.6500000000000024,0.6000000000000023,0.7000000000000024,5,55,47,0.09090909090909091,0.9090909090909083
5,pass,0.7500000000000024,0.7000000000000024,0.8000000000000025,4,55,47,0.07272727272727272,0.7272727272727266
5,pass,0.8500000000000025,0.8000000000000025,0.9000000000000026,5,55,47,0.09090909090909091,0.9090909090909083
5,pass,0.9500000000000026,0.9000000000000026,1.0000000000000027,2,55,47,0.03636363636363636,0.3636363636363633
5,pass,1.0500000000000027,1.0000000000000027,1.1000000000000028,1,55,47,0.01818181818181818,0.18181818181818166
5,pass,1.1500000000000028,1.1000000000000028,1.2000000000000028,2,55,47,0.03636363636363636,0.3636363636363633
5,pass,1.2500000000000029,1.2000000000000028,1.300000000000003,0,55,47,0.0,0.0
5,pass,1.350000000000003,1.300000000000003,1.400000000000003,0,55,47,0.0,0.0
5,pass,1.450000000000003,1.400000000000003,1.500000000000003,1,55,47,0.01818181818181818,0.18181818181818166
5,pass,1.5500000000000032,1.500000000000003,1.6000000000000032,0,55,47,0.0,0.0
5,pass,1.6500000000000032,1.6000000000000032,1.7000000000000033,0,55,47,0.0,0.0
5,pass,1.7500000000000033,1.7000000000000033,1.8000000000000034,0,55,47,0.0,0.0
5,pass,1.8500000000000034,1.8000000000000034,1.9000000000000035,0,55,47,0.0,0.0
5,pass,1.9500000000000035,1.9000000000000035,2.0000000000000036,0,55,47,0.0,0.0
5,numeric_nonpass,-1.95,-2.0,-1.9,0,55,2,0.0,0.0
5,numeric_nonpass,-1.8499999999999999,-1.9,-1.7999999999999998,0,55,2,0.0,0.0
5,numeric_nonpass,-1.7499999999999998,-1.7999999999999998,-1.6999999999999997,0,55,2,0.0,0.0
5,numeric_nonpass,-1.6499999999999997,-1.6999999999999997,-1.5999999999999996,0,55,2,0.0,0.0
5,numeric_nonpass,-1.5499999999999996,-1.5999999999999996,-1.4999999999999996,0,55,2,0.0,0.0
5,numeric_nonpass,-1.4499999999999995,-1.4999999999999996,-1.3999999999999995,0,55,2,0.0,0.0
5,numeric_nonpass,-1.3499999999999994,-1.3999999999999995,-1.2999999999999994,0,55,2,0.0,0.0
5,numeric_nonpass,-1.2499999999999993,-1.2999999999999994,-1.1999999999999993,0,55,2,0.0,0.0
5,numeric_nonpass,-1.1499999999999992,-1.1999999999999993,-1.0999999999999992,0,55,2,0.0,0.0
5,numeric_nonpass,-1.0499999999999992,-1.0999999999999992,-0.9999999999999991,0,55,2,0.0,0.0
5,numeric_nonpass,-0.9499999999999991,-0.9999999999999991,-0.899999999999999,0,55,2,0.0,0.0
5,numeric_nonpass,-0.849999999999999,-0.899999999999999,-0.7999999999999989,0,55,2,0.0,0.0
5,numeric_nonpass,-0.7499999999999989,-0.7999999999999989,-0.6999999999999988,0,55,2,0.0,0.0
5,numeric_nonpass,-0.6499999999999988,-0.6999999999999988,-0.5999999999999988,0,55,2,0.0,0.0
5,numeric_nonpass,-0.5499999999999987,-0.5999999999999988,-0.49999999999999867,0,55,2,0.0,0.0
5,numeric_nonpass,-0.4499999999999986,-0.49999999999999867,-0.3999999999999986,0,55,2,0.0,0.0
5,numeric_nonpass,-0.34999999999999853,-0.3999999999999986,-0.2999999999999985,1,55,2,0.01818181818181818,0.18181818181818166
5,numeric_nonpass,-0.24999999999999845,-0.2999999999999985,-0.1999999999999984,0,55,2,0.0,0.0
5,numeric_nonpass,-0.14999999999999836,-0.1999999999999984,-0.09999999999999831,0,55,2,0.0,0.0
5,numeric_nonpass,-0.04999999999999827,-0.09999999999999831,1.7763568394002505e-15,0,55,2,0.0,0.0
5,numeric_nonpass,0.05000000000000182,1.7763568394002505e-15,0.10000000000000187,0,55,2,0.0,0.0
5,numeric_nonpass,0.1500000000000019,0.10000000000000187,0.20000000000000195,0,55,2,0.0,0.0
5,numeric_nonpass,0.250000000000002,0.20000000000000195,0.30000000000000204,0,55,2,0.0,0.0
5,numeric_nonpass,0.3500000000000021,0.30000000000000204,0.40000000000000213,1,55,2,0.01818181818181818,0.18181818181818166
5,numeric_nonpass,0.4500000000000022,0.40000000000000213,0.5000000000000022,0,55,2,0.0,0.0
5,numeric_nonpass,0.5500000000000023,0.5000000000000022,0.6000000000000023,0,55,2,0.0,0.0
5,numeric_nonpass,0.6500000000000024,0.6000000000000023,0.7000000000000024,0,55,2,0.0,0.0
5,numeric_nonpass,0.7500000000000024,0.7000000000000024,0.8000000000000025,0,55,2,0.0,0.0
5,numeric_nonpass,0.8500000000000025,0.8000000000000025,0.9000000000000026,0,55,2,0.0,0.0
5,numeric_nonpass,0.9500000000000026,0.9000000000000026,1.0000000000000027,0,55,2,0.0,0.0
5,numeric_nonpass,1.0500000000000027,1.0000000000000027,1.1000000000000028,0,55,2,0.0,0.0
5,numeric_nonpass,1.1500000000000028,1.1000000000000028,1.2000000000000028,0,55,2,0.0,0.0
5,numeric_nonpass,1.2500000000000029,1.2000000000000028,1.300000000000003,0,55,2,0.0,0.0
5,numeric_nonpass,1.350000000000003,1.300000000000003,1.400000000000003,0,55,2,0.0,0.0
5,numeric_nonpass,1.450000000000003,1.400000000000003,1.500000000000003,0,55,2,0.0,0.0
5,numeric_nonpass,1.5500000000000032,1.500000000000003,1.6000000000000032,0,55,2,0.0,0.0
5,numeric_nonpass,1.6500000000000032,1.6000000000000032,1.7000000000000033,0,55,2,0.0,0.0
5,numeric_nonpass,1.7500000000000033,1.7000000000000033,1.8000000000000034,0,55,2,0.0,0.0
5,numeric_nonpass,1.8500000000000034,1.8000000000000034,1.9000000000000035,0,55,2,0.0,0.0
5,numeric_nonpass,1.9500000000000035,1.9000000000000035,2.0000000000000036,0,55,2,0.0,0.0
5,BV,-1.95,-2.0,-1.9,0,55,5,0.0,0.0
5,BV,-1.8499999999999999,-1.9,-1.7999999999999998,0,55,5,0.0,0.0
5,BV,-1.7499999999999998,-1.7999999999999998,-1.6999999999999997,0,55,5,0.0,0.0
5,BV,-1.6499999999999997,-1.6999999999999997,-1.5999999999999996,0,55,5,0.0,0.0
5,BV,-1.5499999999999996,-1.5999999999999996,-1.4999999999999996,1,55,5,0.01818181818181818,0.18181818181818166
5,BV,-1.4499999999999995,-1.4999999999999996,-1.3999999999999995,0,55,5,0.0,0.0
5,BV,-1.3499999999999994,-1.3999999999999995,-1.2999999999999994,0,55,5,0.0,0.0
5,BV,-1.2499999999999993,-1.2999999999999994,-1.1999999999999993,1,55,5,0.01818181818181818,0.18181818181818166
5,BV,-1.1499999999999992,-1.1999999999999993,-1.0999999999999992,1,55,5,0.01818181818181818,0.18181818181818166
5,BV,-1.0499999999999992,-1.0999999999999992,-0.9999999999999991,0,55,5,0.0,0.0
5,BV,-0.9499999999999991,-0.9999999999999991,-0.899999999999999,1,55,5,0.01818181818181818,0.18181818181818166
5,BV,-0.849999999999999,-0.899999999999999,-0.7999999999999989,0,55,5,0.0,0.0
5,BV,-0.7499999999999989,-0.7999999999999989,-0.6999999999999988,0,55,5,0.0,0.0
5,BV,-0.6499999999999988,-0.6999999999999988,-0.5999999999999988,0,55,5,0.0,0.0
5,BV,-0.5499999999999987,-0.5999999999999988,-0.49999999999999867,0,55,5,0.0,0.0
5,BV,-0.4499999999999986,-0.49999999999999867,-0.3999999999999986,0,55,5,0.0,0.0
5,BV,-0.34999999999999853,-0.3999999999999986,-0.2999999999999985,0,55,5,0.0,0.0
5,BV,-0.24999999999999845,-0.2999999999999985,-0.1999999999999984,0,55,5,0.0,0.0
5,BV,-0.14999999999999836,-0.1999999999999984,-0.09999999999999831,0,55,5,0.0,0.0
5,BV,-0.04999999999999827,-0.09999999999999831,1.7763568394002505e-15,0,55,5,0.0,0.0
5,BV,0.05000000000000182,1.7763568394002505e-15,0.10000000000000187,0,55,5,0.0,0.0
5,BV,0.1500000000000019,0.10000000000000187,0.20000000000000195,1,55,5,0.01818181818181818,0.18181818181818166
5,BV,0.250000000000002,0.20000000000000195,0.30000000000000204,0,55,5,0.0,0.0
5,BV,0.3500000000000021,0.30000000000000204,0.40000000000000213,0,55,5,0.0,0.0
5,BV,0.4500000000000022,0.40000000000000213,0.5000000000000022,0,55,5,0.0,0.0
5,BV,0.5500000000000023,0.5000000000000022,0.6000000000000023,0,55,5,0.0,0.0
5,BV,0.6500000000000024,0.6000000000000023,0.7000000000000024,0,55,5,0.0,0.0
5,BV,0.7500000000000024,0.7000000000000024,0.8000000000000025,0,55,5,0.0,0.0
5,BV,0.8500000000000025,0.8000000000000025,0.9000000000000026,0,55,5,0.0,0.0
5,BV,0.9500000000000026,0.9000000000000026,1.0000000000000027,0,55,5,0.0,0.0
5,BV,1.0500000000000027,1.0000000000000027,1.1000000000000028,0,55,5,0.0,0.0
5,BV,1.1500000000000028,1.1000000000000028,1.2000000000000028,0,55,5,0.0,0.0
5,BV,1.2500000000000029,1.2000000000000028,1.300000000000003,0,55,5,0.0,0.0
5,BV,1.350000000000003,1.300000000000003,1.400000000000003,0,55,5,0.0,0.0
5,BV,1.450000000000003,1.400000000000003,1.500000000000003,0,55,5,0.0,0.0
5,BV,1.5500000000000032,1.500000000000003,1.6000000000000032,0,55,5,0.0,0.0
5,BV,1.6500000000000032,1.6000000000000032,1.7000000000000033,0,55,5,0.0,0.0
5,BV,1.7500000000000033,1.7000000000000033,1.8000000000000034,0,55,5,0.0,0.0
5,BV,1.8500000000000034,1.8000000000000034,1.9000000000000035,0,55,5,0.0,0.0
5,BV,1.9500000000000035,1.9000000000000035,2.0000000000000036,0,55,5,0.0,0.0
5,RT,-1.95,-2.0,-1.9,0,55,1,0.0,0.0
5,RT,-1.8499999999999999,-1.9,-1.7999999999999998,0,55,1,0.0,0.0
5,RT,-1.7499999999999998,-1.7999999999999998,-1.6999999999999997,0,55,1,0.0,0.0
5,RT,-1.6499999999999997,-1.6999999999999997,-1.5999999999999996,0,55,1,0.0,0.0
5,RT,-1.5499999999999996,-1.5999999999999996,-1.4999999999999996,0,55,1,0.0,0.0
5,RT,-1.4499999999999995,-1.4999999999999996,-1.3999999999999995,0,55,1,0.0,0.0
5,RT,-1.3499999999999994,-1.3999999999999995,-1.2999999999999994,0,55,1,0.0,0.0
5,RT,-1.2499999999999993,-1.2999999999999994,-1.1999999999999993,0,55,1,0.0,0.0
5,RT,-1.1499999999999992,-1.1999999999999993,-1.0999999999999992,0,55,1,0.0,0.0
5,RT,-1.0499999999999992,-1.0999999999999992,-0.9999999999999991,1,55,1,0.01818181818181818,0.18181818181818166
5,RT,-0.9499999999999991,-0.9999999999999991,-0.899999999999999,0,55,1,0.0,0.0
5,RT,-0.849999999999999,-0.899999999999999,-0.7999999999999989,0,55,1,0.0,0.0
5,RT,-0.7499999999999989,-0.7999999999999989,-0.6999999999999988,0,55,1,0.0,0.0
5,RT,-0.6499999999999988,-0.6999999999999988,-0.5999999999999988,0,55,1,0.0,0.0
5,RT,-0.5499999999999987,-0.5999999999999988,-0.49999999999999867,0,55,1,0.0,0.0
5,RT,-0.4499999999999986,-0.49999999999999867,-0.3999999999999986,0,55,1,0.0,0.0
5,RT,-0.34999999999999853,-0.3999999999999986,-0.2999999999999985,0,55,1,0.0,0.0
5,RT,-0.24999999999999845,-0.2999999999999985,-0.1999999999999984,0,55,1,0.0,0.0
5,RT,-0.14999999999999836,-0.1999999999999984,-0.09999999999999831,0,55,1,0.0,0.0
5,RT,-0.04999999999999827,-0.09999999999999831,1.7763568394002505e-15,0,55,1,0.0,0.0
5,RT,0.05000000000000182,1.7763568394002505e-15,0.10000000000000187,0,55,1,0.0,0.0
5,RT,0.1500000000000019,0.10000000000000187,0.20000000000000195,0,55,1,0.0,0.0
5,RT,0.250000000000002,0.20000000000000195,0.30000000000000204,0,55,1,0.0,0.0
5,RT,0.3500000000000021,0.30000000000000204,0.40000000000000213,0,55,1,0.0,0.0
5,RT,0.4500000000000022,0.40000000000000213,0.5000000000000022,0,55,1,0.0,0.0
5,RT,0.5500000000000023,0.5000000000000022,0.6000000000000023,0,55,1,0.0,0.0
5,RT,0.6500000000000024,0.6000000000000023,0.7000000000000024,0,55,1,0.0,0.0
5,RT,0.7500000000000024,0.7000000000000024,0.8000000000000025,0,55,1,0.0,0.0
5,RT,0.8500000000000025,0.8000000000000025,0.9000000000000026,0,55,1,0.0,0.0
5,RT,0.9500000000000026,0.9000000000000026,1.0000000000000027,0,55,1,0.0,0.0
5,RT,1.0500000000000027,1.0000000000000027,1.1000000000000028,0,55,1,0.0,0.0
5,RT,1.1500000000000028,1.1000000000000028,1.2000000000000028,0,55,1,0.0,0.0
5,RT,1.2500000000000029,1.2000000000000028,1.300000000000003,0,55,1,0.0,0.0
5,RT,1.350000000000003,1.300000000000003,1.400000000000003,0,55,1,0.0,0.0
5,RT,1.450000000000003,1.400000000000003,1.500000000000003,0,55,1,0.0,0.0
5,RT,1.5500000000000032,1.500000000000003,1.6000000000000032,0,55,1,0.0,0.0
5,RT,1.6500000000000032,1.6000000000000032,1.7000000000000033,0,55,1,0.0,0.0
5,RT,1.7500000000000033,1.7000000000000033,1.8000000000000034,0,55,1,0.0,0.0
5,RT,1.8500000000000034,1.8000000000000034,1.9000000000000035,0,55,1,0.0,0.0
5,RT,1.9500000000000035,1.9000000000000035,2.0000000000000036,0,55,1,0.0,0.0
5,BA,-1.95,-2.0,-1.9,0,55,0,0.0,0.0
5,BA,-1.8499999999999999,-1.9,-1.7999999999999998,0,55,0,0.0,0.0
5,BA,-1.7499999999999998,-1.7999999999999998,-1.6999999999999997,0,55,0,0.0,0.0
5,BA,-1.6499999999999997,-1.6999999999999997,-1.5999999999999996,0,55,0,0.0,0.0
5,BA,-1.5499999999999996,-1.5999999999999996,-1.4999999999999996,0,55,0,0.0,0.0
5,BA,-1.4499999999999995,-1.4999999999999996,-1.3999999999999995,0,55,0,0.0,0.0
5,BA,-1.3499999999999994,-1.3999999999999995,-1.2999999999999994,0,55,0,0.0,0.0
5,BA,-1.2499999999999993,-1.2999999999999994,-1.1999999999999993,0,55,0,0.0,0.0
5,BA,-1.1499999999999992,-1.1999999999999993,-1.0999999999999992,0,55,0,0.0,0.0
5,BA,-1.0499999999999992,-1.0999999999999992,-0.9999999999999991,0,55,0,0.0,0.0
5,BA,-0.9499999999999991,-0.9999999999999991,-0.899999999999999,0,55,0,0.0,0.0
5,BA,-0.849999999999999,-0.899999999999999,-0.7999999999999989,0,55,0,0.0,0.0
5,BA,-0.7499999999999989,-0.7999999999999989,-0.6999999999999988,0,55,0,0.0,0.0
5,BA,-0.6499999999999988,-0.6999999999999988,-0.5999999999999988,0,55,0,0.0,0.0
5,BA,-0.5499999999999987,-0.5999999999999988,-0.49999999999999867,0,55,0,0.0,0.0
5,BA,-0.4499999999999986,-0.49999999999999867,-0.3999999999999986,0,55,0,0.0,0.0
5,BA,-0.34999999999999853,-0.3999999999999986,-0.2999999999999985,0,55,0,0.0,0.0
5,BA,-0.24999999999999845,-0.2999999999999985,-0.1999999999999984,0,55,0,0.0,0.0
5,BA,-0.14999999999999836,-0.1999999999999984,-0.09999999999999831,0,55,0,0.0,0.0
5,BA,-0.04999999999999827,-0.09999999999999831,1.7763568394002505e-15,0,55,0,0.0,0.0
5,BA,0.05000000000000182,1.7763568394002505e-15,0.10000000000000187,0,55,0,0.0,0.0
5,BA,0.1500000000000019,0.10000000000000187,0.20000000000000195,0,55,0,0.0,0.0
5,BA,0.250000000000002,0.20000000000000195,0.30000000000000204,0,55,0,0.0,0.0
5,BA,0.3500000000000021,0.30000000000000204,0.40000000000000213,0,55,0,0.0,0.0
5,BA,0.4500000000000022,0.40000000000000213,0.5000000000000022,0,55,0,0.0,0.0
5,BA,0.5500000000000023,0.5000000000000022,0.6000000000000023,0,55,0,0.0,0.0
5,BA,0.6500000000000024,0.6000000000000023,0.7000000000000024,0,55,0,0.0,0.0
5,BA,0.7500000000000024,0.7000000000000024,0.8000000000000025,0,55,0,0.0,0.0
5,BA,0.8500000000000025,0.8000000000000025,0.9000000000000026,0,55,0,0.0,0.0
5,BA,0.9500000000000026,0.9000000000000026,1.0000000000000027,0,55,0,0.0,0.0
5,BA,1.0500000000000027,1.0000000000000027,1.1000000000000028,0,55,0,0.0,0.0
5,BA,1.1500000000000028,1.1000000000000028,1.2000000000000028,0,55,0,0.0,0.0
5,BA,1.2500000000000029,1.2000000000000028,1.300000000000003,0,55,0,0.0,0.0
5,BA,1.350000000000003,1.300000000000003,1.400000000000003,0,55,0,0.0,0.0
5,BA,1.450000000000003,1.400000000000003,1.500000000000003,0,55,0,0.0,0.0
5,BA,1.5500000000000032,1.500000000000003,1.6000000000000032,0,55,0,0.0,0.0
5,BA,1.6500000000000032,1.6000000000000032,1.7000000000000033,0,55,0,0.0,0.0
5,BA,1.7500000000000033,1.7000000000000033,1.8000000000000034,0,55,0,0.0,0.0
5,BA,1.8500000000000034,1.8000000000000034,1.9000000000000035,0,55,0,0.0,0.0
5,BA,1.9500000000000035,1.9000000000000035,2.0000000000000036,0,55,0,0.0,0.0
6,pass,-1.95,-2.0,-1.9,0,50,41,0.0,0.0
6,pass,-1.8499999999999999,-1.9,-1.7999999999999998,0,50,41,0.0,0.0
6,pass,-1.7499999999999998,-1.7999999999999998,-1.6999999999999997,0,50,41,0.0,0.0
6,pass,-1.6499999999999997,-1.6999999999999997,-1.5999999999999996,0,50,41,0.0,0.0
6,pass,-1.5499999999999996,-1.5999999999999996,-1.4999999999999996,0,50,41,0.0,0.0
6,pass,-1.4499999999999995,-1.4999999999999996,-1.3999999999999995,0,50,41,0.0,0.0
6,pass,-1.3499999999999994,-1.3999999999999995,-1.2999999999999994,0,50,41,0.0,0.0
6,pass,-1.2499999999999993,-1.2999999999999994,-1.1999999999999993,0,50,41,0.0,0.0
6,pass,-1.1499999999999992,-1.1999999999999993,-1.0999999999999992,0,50,41,0.0,0.0
6,pass,-1.0499999999999992,-1.0999999999999992,-0.9999999999999991,0,50,41,0.0,0.0
6,pass,-0.9499999999999991,-0.9999999999999991,-0.899999999999999,0,50,41,0.0,0.0
6,pass,-0.849999999999999,-0.899999999999999,-0.7999999999999989,0,50,41,0.0,0.0
6,pass,-0.7499999999999989,-0.7999999999999989,-0.6999999999999988,1,50,41,0.02,0.19999999999999982
6,pass,-0.6499999999999988,-0.6999999999999988,-0.5999999999999988,0,50,41,0.0,0.0
6,pass,-0.5499999999999987,-0.5999999999999988,-0.49999999999999867,0,50,41,0.0,0.0
6,pass,-0.4499999999999986,-0.49999999999999867,-0.3999999999999986,0,50,41,0.0,0.0
6,pass,-0.34999999999999853,-0.3999999999999986,-0.2999999999999985,0,50,41,0.0,0.0
6,pass,-0.24999999999999845,-0.2999999999999985,-0.1999999999999984,1,50,41,0.02,0.19999999999999982
6,pass,-0.14999999999999836,-0.1999999999999984,-0.09999999999999831,0,50,41,0.0,0.0
6,pass,-0.04999999999999827,-0.09999999999999831,1.7763568394002505e-15,1,50,41,0.02,0.19999999999999982
6,pass,0.05000000000000182,1.7763568394002505e-15,0.10000000000000187,2,50,41,0.04,0.39999999999999963
6,pass,0.1500000000000019,0.10000000000000187,0.20000000000000195,2,50,41,0.04,0.39999999999999963
6,pass,0.250000000000002,0.20000000000000195,0.30000000000000204,2,50,41,0.04,0.39999999999999963
6,pass,0.3500000000000021,0.30000000000000204,0.40000000000000213,4,50,41,0.08,0.7999999999999993
6,pass,0.4500000000000022,0.40000000000000213,0.5000000000000022,3,50,41,0.06,0.5999999999999994
6,pass,0.5500000000000023,0.5000000000000022,0.6000000000000023,2,50,41,0.04,0.39999999999999963
6,pass,0.6500000000000024,0.6000000000000023,0.7000000000000024,2,50,41,0.04,0.39999999999999963
6,pass,0.7500000000000024,0.7000000000000024,0.8000000000000025,7,50,41,0.14,1.3999999999999988
6,pass,0.8500000000000025,0.8000000000000025,0.9000000000000026,5,50,41,0.1,0.9999999999999992
6,pass,0.9500000000000026,0.9000000000000026,1.0000000000000027,3,50,41,0.06,0.5999999999999994
6,pass,1.0500000000000027,1.0000000000000027,1.1000000000000028,3,50,41,0.06,0.5999999999999994
6,pass,1.1500000000000028,1.1000000000000028,1.2000000000000028,1,50,41,0.02,0.19999999999999982
6,pass,1.2500000000000029,1.2000000000000028,1.300000000000003,1,50,41,0.02,0.19999999999999982
6,pass,1.350000000000003,1.300000000000003,1.400000000000003,0,50,41,0.0,0.0
6,pass,1.450000000000003,1.400000000000003,1.500000000000003,1,50,41,0.02,0.19999999999999982
6,pass,1.5500000000000032,1.500000000000003,1.6000000000000032,0,50,41,0.0,0.0
6,pass,1.6500000000000032,1.6000000000000032,1.7000000000000033,0,50,41,0.0,0.0
6,pass,1.7500000000000033,1.7000000000000033,1.8000000000000034,0,50,41,0.0,0.0
6,pass,1.8500000000000034,1.8000000000000034,1.9000000000000035,0,50,41,0.0,0.0
6,pass,1.9500000000000035,1.9000000000000035,2.0000000000000036,0,50,41,0.0,0.0
6,numeric_nonpass,-1.95,-2.0,-1.9,0,50,2,0.0,0.0
6,numeric_nonpass,-1.8499999999999999,-1.9,-1.7999999999999998,0,50,2,0.0,0.0
6,numeric_nonpass,-1.7499999999999998,-1.7999999999999998,-1.6999999999999997,0,50,2,0.0,0.0
6,numeric_nonpass,-1.6499999999999997,-1.6999999999999997,-1.5999999999999996,0,50,2,0.0,0.0
6,numeric_nonpass,-1.5499999999999996,-1.5999999999999996,-1.4999999999999996,0,50,2,0.0,0.0
6,numeric_nonpass,-1.4499999999999995,-1.4999999999999996,-1.3999999999999995,0,50,2,0.0,0.0
6,numeric_nonpass,-1.3499999999999994,-1.3999999999999995,-1.2999999999999994,0,50,2,0.0,0.0
6,numeric_nonpass,-1.2499999999999993,-1.2999999999999994,-1.1999999999999993,0,50,2,0.0,0.0
6,numeric_nonpass,-1.1499999999999992,-1.1999999999999993,-1.0999999999999992,0,50,2,0.0,0.0
6,numeric_nonpass,-1.0499999999999992,-1.0999999999999992,-0.9999999999999991,0,50,2,0.0,0.0
6,numeric_nonpass,-0.9499999999999991,-0.9999999999999991,-0.899999999999999,0,50,2,0.0,0.0
6,numeric_nonpass,-0.849999999999999,-0.899999999999999,-0.7999999999999989,0,50,2,0.0,0.0
6,numeric_nonpass,-0.7499999999999989,-0.7999999999999989,-0.6999999999999988,0,50,2,0.0,0.0
6,numeric_nonpass,-0.6499999999999988,-0.6999999999999988,-0.5999999999999988,0,50,2,0.0,0.0
6,numeric_nonpass,-0.5499999999999987,-0.5999999999999988,-0.49999999999999867,0,50,2,0.0,0.0
6,numeric_nonpass,-0.4499999999999986,-0.49999999999999867,-0.3999999999999986,0,50,2,0.0,0.0
6,numeric_nonpass,-0.34999999999999853,-0.3999999999999986,-0.2999999999999985,1,50,2,0.02,0.19999999999999982
6,numeric_nonpass,-0.24999999999999845,-0.2999999999999985,-0.1999999999999984,0,50,2,0.0,0.0
6,numeric_nonpass,-0.14999999999999836,-0.1999999999999984,-0.09999999999999831,0,50,2,0.0,0.0
6,numeric_nonpass,-0.04999999999999827,-0.09999999999999831,1.7763568394002505e-15,0,50,2,0.0,0.0
6,numeric_nonpass,0.05000000000000182,1.7763568394002505e-15,0.10000000000000187,0,50,2,0.0,0.0
6,numeric_nonpass,0.1500000000000019,0.10000000000000187,0.20000000000000195,1,50,2,0.02,0.19999999999999982
6,numeric_nonpass,0.250000000000002,0.20000000000000195,0.30000000000000204,0,50,2,0.0,0.0
6,numeric_nonpass,0.3500000000000021,0.30000000000000204,0.40000000000000213,0,50,2,0.0,0.0
6,numeric_nonpass,0.4500000000000022,0.40000000000000213,0.5000000000000022,0,50,2,0.0,0.0
6,numeric_nonpass,0.5500000000000023,0.5000000000000022,0.6000000000000023,0,50,2,0.0,0.0
6,numeric_nonpass,0.6500000000000024,0.6000000000000023,0.7000000000000024,0,50,2,0.0,0.0
6,numeric_nonpass,0.7500000000000024,0.7000000000000024,0.8000000000000025,0,50,2,0.0,0.0
6,numeric_nonpass,0.8500000000000025,0.8000000000000025,0.9000000000000026,0,50,2,0.0,0.0
6,numeric_nonpass,0.9500000000000026,0.9000000000000026,1.0000000000000027,0,50,2,0.0,0.0
6,numeric_nonpass,1.0500000000000027,1.0000000000000027,1.1000000000000028,0,50,2,0.0,0.0
6,numeric_nonpass,1.1500000000000028,1.1000000000000028,1.2000000000000028,0,50,2,0.0,0.0
6,numeric_nonpass,1.2500000000000029,1.2000000000000028,1.300000000000003,0,50,2,0.0,0.0
6,numeric_nonpass,1.350000000000003,1.300000000000003,1.400000000000003,0,50,2,0.0,0.0
6,numeric_nonpass,1.450000000000003,1.400000000000003,1.500000000000003,0,50,2,0.0,0.0
6,numeric_nonpass,1.5500000000000032,1.500000000000003,1.6000000000000032,0,50,2,0.0,0.0
6,numeric_nonpass,1.6500000000000032,1.6000000000000032,1.7000000000000033,0,50,2,0.0,0.0
6,numeric_nonpass,1.7500000000000033,1.7000000000000033,1.8000000000000034,0,50,2,0.0,0.0
6,numeric_nonpass,1.8500000000000034,1.8000000000000034,1.9000000000000035,0,50,2,0.0,0.0
6,numeric_nonpass,1.9500000000000035,1.9000000000000035,2.0000000000000036,0,50,2,0.0,0.0
6,BV,-1.95,-2.0,-1.9,1,50,7,0.02,0.19999999999999982
6,BV,-1.8499999999999999,-1.9,-1.7999999999999998,0,50,7,0.0,0.0
6,BV,-1.7499999999999998,-1.7999999999999998,-1.6999999999999997,0,50,7,0.0,0.0
6,BV,-1.6499999999999997,-1.6999999999999997,-1.5999999999999996,0,50,7,0.0,0.0
6,BV,-1.5499999999999996,-1.5999999999999996,-1.4999999999999996,0,50,7,0.0,0.0
6,BV,-1.4499999999999995,-1.4999999999999996,-1.3999999999999995,0,50,7,0.0,0.0
6,BV,-1.3499999999999994,-1.3999999999999995,-1.2999999999999994,0,50,7,0.0,0.0
6,BV,-1.2499999999999993,-1.2999999999999994,-1.1999999999999993,0,50,7,0.0,0.0
6,BV,-1.1499999999999992,-1.1999999999999993,-1.0999999999999992,1,50,7,0.02,0.19999999999999982
6,BV,-1.0499999999999992,-1.0999999999999992,-0.9999999999999991,1,50,7,0.02,0.19999999999999982
6,BV,-0.9499999999999991,-0.9999999999999991,-0.899999999999999,0,50,7,0.0,0.0
6,BV,-0.849999999999999,-0.899999999999999,-0.7999999999999989,0,50,7,0.0,0.0
6,BV,-0.7499999999999989,-0.7999999999999989,-0.6999999999999988,0,50,7,0.0,0.0
6,BV,-0.6499999999999988,-0.6999999999999988,-0.5999999999999988,1,50,7,0.02,0.19999999999999982
6,BV,-0.5499999999999987,-0.5999999999999988,-0.49999999999999867,1,50,7,0.02,0.19999999999999982
6,BV,-0.4499999999999986,-0.49999999999999867,-0.3999999999999986,0,50,7,0.0,0.0
6,BV,-0.34999999999999853,-0.3999999999999986,-0.2999999999999985,0,50,7,0.0,0.0
6,BV,-0.24999999999999845,-0.2999999999999985,-0.1999999999999984,0,50,7,0.0,0.0
6,BV,-0.14999999999999836,-0.1999999999999984,-0.09999999999999831,0,50,7,0.0,0.0
6,BV,-0.04999999999999827,-0.09999999999999831,1.7763568394002505e-15,0,50,7,0.0,0.0
6,BV,0.05000000000000182,1.7763568394002505e-15,0.10000000000000187,0,50,7,0.0,0.0
6,BV,0.1500000000000019,0.10000000000000187,0.20000000000000195,0,50,7,0.0,0.0
6,BV,0.250000000000002,0.20000000000000195,0.30000000000000204,0,50,7,0.0,0.0
6,BV,0.3500000000000021,0.30000000000000204,0.40000000000000213,0,50,7,0.0,0.0
6,BV,0.4500000000000022,0.40000000000000213,0.5000000000000022,0,50,7,0.0,0.0
6,BV,0.5500000000000023,0.5000000000000022,0.6000000000000023,0,50,7,0.0,0.0
6,BV,0.6500000000000024,0.6000000000000023,0.7000000000000024,0,50,7,0.0,0.0
6,BV,0.7500000000000024,0.7000000000000024,0.8000000000000025,0,50,7,0.0,0.0
6,BV,0.8500000000000025,0.8000000000000025,0.9000000000000026,0,50,7,0.0,0.0
6,BV,0.9500000000000026,0.9000000000000026,1.0000000000000027,0,50,7,0.0,0.0
6,BV,1.0500000000000027,1.0000000000000027,1.1000000000000028,0,50,7,0.0,0.0
6,BV,1.1500000000000028,1.1000000000000028,1.2000000000000028,0,50,7,0.0,0.0
6,BV,1.2500000000000029,1.2000000000000028,1.300000000000003,0,50,7,0.0,0.0
6,BV,1.350000000000003,1.300000000000003,1.400000000000003,0,50,7,0.0,0.0
6,BV,1.450000000000003,1.400000000000003,1.500000000000003,0,50,7,0.0,0.0
6,BV,1.5500000000000032,1.500000000000003,1.6000000000000032,0,50,7,0.0,0.0
6,BV,1.6500000000000032,1.6000000000000032,1.7000000000000033,0,50,7,0.0,0.0
6,BV,1.7500000000000033,1.7000000000000033,1.8000000000000034,0,50,7,0.0,0.0
6,BV,1.8500000000000034,1.8000000000000034,1.9000000000000035,0,50,7,0.0,0.0
6,BV,1.9500000000000035,1.9000000000000035,2.0000000000000036,0,50,7,0.0,0.0
6,RT,-1.95,-2.0,-1.9,0,50,0,0.0,0.0
6,RT,-1.8499999999999999,-1.9,-1.7999999999999998,0,50,0,0.0,0.0
6,RT,-1.7499999999999998,-1.7999999999999998,-1.6999999999999997,0,50,0,0.0,0.0
6,RT,-1.6499999999999997,-1.6999999999999997,-1.5999999999999996,0,50,0,0.0,0.0
6,RT,-1.5499999999999996,-1.5999999999999996,-1.4999999999999996,0,50,0,0.0,0.0
6,RT,-1.4499999999999995,-1.4999999999999996,-1.3999999999999995,0,50,0,0.0,0.0
6,RT,-1.3499999999999994,-1.3999999999999995,-1.2999999999999994,0,50,0,0.0,0.0
6,RT,-1.2499999999999993,-1.2999999999999994,-1.1999999999999993,0,50,0,0.0,0.0
6,RT,-1.1499999999999992,-1.1999999999999993,-1.0999999999999992,0,50,0,0.0,0.0
6,RT,-1.0499999999999992,-1.0999999999999992,-0.9999999999999991,0,50,0,0.0,0.0
6,RT,-0.9499999999999991,-0.9999999999999991,-0.899999999999999,0,50,0,0.0,0.0
6,RT,-0.849999999999999,-0.899999999999999,-0.7999999999999989,0,50,0,0.0,0.0
6,RT,-0.7499999999999989,-0.7999999999999989,-0.6999999999999988,0,50,0,0.0,0.0
6,RT,-0.6499999999999988,-0.6999999999999988,-0.5999999999999988,0,50,0,0.0,0.0
6,RT,-0.5499999999999987,-0.5999999999999988,-0.49999999999999867,0,50,0,0.0,0.0
6,RT,-0.4499999999999986,-0.49999999999999867,-0.3999999999999986,0,50,0,0.0,0.0
6,RT,-0.34999999999999853,-0.3999999999999986,-0.2999999999999985,0,50,0,0.0,0.0
6,RT,-0.24999999999999845,-0.2999999999999985,-0.1999999999999984,0,50,0,0.0,0.0
6,RT,-0.14999999999999836,-0.1999999999999984,-0.09999999999999831,0,50,0,0.0,0.0
6,RT,-0.04999999999999827,-0.09999999999999831,1.7763568394002505e-15,0,50,0,0.0,0.0
6,RT,0.05000000000000182,1.7763568394002505e-15,0.10000000000000187,0,50,0,0.0,0.0
6,RT,0.1500000000000019,0.10000000000000187,0.20000000000000195,0,50,0,0.0,0.0
6,RT,0.250000000000002,0.20000000000000195,0.30000000000000204,0,50,0,0.0,0.0
6,RT,0.3500000000000021,0.30000000000000204,0.40000000000000213,0,50,0,0.0,0.0
6,RT,0.4500000000000022,0.40000000000000213,0.5000000000000022,0,50,0,0.0,0.0
6,RT,0.5500000000000023,0.5000000000000022,0.6000000000000023,0,50,0,0.0,0.0
6,RT,0.6500000000000024,0.6000000000000023,0.7000000000000024,0,50,0,0.0,0.0
6,RT,0.7500000000000024,0.7000000000000024,0.8000000000000025,0,50,0,0.0,0.0
6,RT,0.8500000000000025,0.8000000000000025,0.9000000000000026,0,50,0,0.0,0.0
6,RT,0.9500000000000026,0.9000000000000026,1.0000000000000027,0,50,0,0.0,0.0
6,RT,1.0500000000000027,1.0000000000000027,1.1000000000000028,0,50,0,0.0,0.0
6,RT,1.1500000000000028,1.1000000000000028,1.2000000000000028,0,50,0,0.0,0.0
6,RT,1.2500000000000029,1.2000000000000028,1.300000000000003,0,50,0,0.0,0.0
6,RT,1.350000000000003,1.300000000000003,1.400000000000003,0,50,0,0.0,0.0
6,RT,1.450000000000003,1.400000000000003,1.500000000000003,0,50,0,0.0,0.0
6,RT,1.5500000000000032,1.500000000000003,1.6000000000000032,0,50,0,0.0,0.0
6,RT,1.6500000000000032,1.6000000000000032,1.7000000000000033,0,50,0,0.0,0.0
6,RT,1.7500000000000033,1.7000000000000033,1.8000000000000034,0,50,0,0.0,0.0
6,RT,1.8500000000000034,1.8000000000000034,1.9000000000000035,0,50,0,0.0,0.0
6,RT,1.9500000000000035,1.9000000000000035,2.0000000000000036,0,50,0,0.0,0.0
6,BA,-1.95,-2.0,-1.9,0,50,0,0.0,0.0
6,BA,-1.8499999999999999,-1.9,-1.7999999999999998,0,50,0,0.0,0.0
6,BA,-1.7499999999999998,-1.7999999999999998,-1.6999999999999997,0,50,0,0.0,0.0
6,BA,-1.6499999999999997,-1.6999999999999997,-1.5999999999999996,0,50,0,0.0,0.0
6,BA,-1.5499999999999996,-1.5999999999999996,-1.4999999999999996,0,50,0,0.0,0.0
6,BA,-1.4499999999999995,-1.4999999999999996,-1.3999999999999995,0,50,0,0.0,0.0
6,BA,-1.3499999999999994,-1.3999999999999995,-1.2999999999999994,0,50,0,0.0,0.0
6,BA,-1.2499999999999993,-1.2999999999999994,-1.1999999999999993,0,50,0,0.0,0.0
6,BA,-1.1499999999999992,-1.1999999999999993,-1.0999999999999992,0,50,0,0.0,0.0
6,BA,-1.0499999999999992,-1.0999999999999992,-0.9999999999999991,0,50,0,0.0,0.0
6,BA,-0.9499999999999991,-0.9999999999999991,-0.899999999999999,0,50,0,0.0,0.0
6,BA,-0.849999999999999,-0.899999999999999,-0.7999999999999989,0,50,0,0.0,0.0
6,BA,-0.7499999999999989,-0.7999999999999989,-0.6999999999999988,0,50,0,0.0,0.0
6,BA,-0.6499999999999988,-0.6999999999999988,-0.5999999999999988,0,50,0,0.0,0.0
6,BA,-0.5499999999999987,-0.5999999999999988,-0.49999999999999867,0,50,0,0.0,0.0
6,BA,-0.4499999999999986,-0.49999999999999867,-0.3999999999999986,0,50,0,0.0,0.0
6,BA,-0.34999999999999853,-0.3999999999999986,-0.2999999999999985,0,50,0,0.0,0.0
6,BA,-0.24999999999999845,-0.2999999999999985,-0.1999999999999984,0,50,0,0.0,0.0
6,BA,-0.14999999999999836,-0.1999999999999984,-0.09999999999999831,0,50,0,0.0,0.0
6,BA,-0.04999999999999827,-0.09999999999999831,1.7763568394002505e-15,0,50,0,0.0,0.0
6,BA,0.05000000000000182,1.7763568394002505e-15,0.10000000000000187,0,50,0,0.0,0.0
6,BA,0.1500000000000019,0.10000000000000187,0.20000000000000195,0,50,0,0.0,0.0
6,BA,0.250000000000002,0.20000000000000195,0.30000000000000204,0,50,0,0.0,0.0
6,BA,0.3500000000000021,0.30000000000000204,0.40000000000000213,0,50,0,0.0,0.0
6,BA,0.4500000000000022,0.40000000000000213,0.5000000000000022,0,50,0,0.0,0.0
6,BA,0.5500000000000023,0.5000000000000022,0.6000000000000023,0,50,0,0.0,0.0
6,BA,0.6500000000000024,0.6000000000000023,0.7000000000000024,0,50,0,0.0,0.0
6,BA,0.7500000000000024,0.7000000000000024,0.8000000000000025,0,50,0,0.0,0.0
6,BA,0.8500000000000025,0.8000000000000025,0.9000000000000026,0,50,0,0.0,0.0
6,BA,0.9500000000000026,0.9000000000000026,1.0000000000000027,0,50,0,0.0,0.0
6,BA,1.0500000000000027,1.0000000000000027,1.1000000000000028,0,50,0,0.0,0.0
6,BA,1.1500000000000028,1.1000000000000028,1.2000000000000028,0,50,0,0.0,0.0
6,BA,1.2500000000000029,1.2000000000000028,1.300000000000003,0,50,0,0.0,0.0
6,BA,1.350000000000003,1.300000000000003,1.400000000000003,0,50,0,0.0,0.0
6,BA,1.450000000000003,1.400000000000003,1.500000000000003,0,50,0,0.0,0.0
6,BA,1.5500000000000032,1.500000000000003,1.6000000000000032,0,50,0,0.0,0.0
6,BA,1.6500000000000032,1.6000000000000032,1.7000000000000033,0,50,0,0.0,0.0
6,BA,1.7500000000000033,1.7000000000000033,1.8000000000000034,0,50,0,0.0,0.0
6,BA,1.8500000000000034,1.8000000000000034,1.9000000000000035,0,50,0,0.0,0.0
6,BA,1.9500000000000035,1.9000000000000035,2.0000000000000036,0,50,0,0.0,0.0
7+,pass,-1.95,-2.0,-1.9,0,101,90,0.0,0.0
7+,pass,-1.8499999999999999,-1.9,-1.7999999999999998,0,101,90,0.0,0.0
7+,pass,-1.7499999999999998,-1.7999999999999998,-1.6999999999999997,0,101,90,0.0,0.0
7+,pass,-1.6499999999999997,-1.6999999999999997,-1.5999999999999996,0,101,90,0.0,0.0
7+,pass,-1.5499999999999996,-1.5999999999999996,-1.4999999999999996,0,101,90,0.0,0.0
7+,pass,-1.4499999999999995,-1.4999999999999996,-1.3999999999999995,0,101,90,0.0,0.0
7+,pass,-1.3499999999999994,-1.3999999999999995,-1.2999999999999994,0,101,90,0.0,0.0
7+,pass,-1.2499999999999993,-1.2999999999999994,-1.1999999999999993,0,101,90,0.0,0.0
7+,pass,-1.1499999999999992,-1.1999999999999993,-1.0999999999999992,0,101,90,0.0,0.0
7+,pass,-1.0499999999999992,-1.0999999999999992,-0.9999999999999991,0,101,90,0.0,0.0
7+,pass,-0.9499999999999991,-0.9999999999999991,-0.899999999999999,0,101,90,0.0,0.0
7+,pass,-0.849999999999999,-0.899999999999999,-0.7999999999999989,0,101,90,0.0,0.0
7+,pass,-0.7499999999999989,-0.7999999999999989,-0.6999999999999988,0,101,90,0.0,0.0
7+,pass,-0.6499999999999988,-0.6999999999999988,-0.5999999999999988,0,101,90,0.0,0.0
7+,pass,-0.5499999999999987,-0.5999999999999988,-0.49999999999999867,1,101,90,0.009900990099009901,0.09900990099009892
7+,pass,-0.4499999999999986,-0.49999999999999867,-0.3999999999999986,1,101,90,0.009900990099009901,0.09900990099009892
7+,pass,-0.34999999999999853,-0.3999999999999986,-0.2999999999999985,0,101,90,0.0,0.0
7+,pass,-0.24999999999999845,-0.2999999999999985,-0.1999999999999984,0,101,90,0.0,0.0
7+,pass,-0.14999999999999836,-0.1999999999999984,-0.09999999999999831,1,101,90,0.009900990099009901,0.09900990099009892
7+,pass,-0.04999999999999827,-0.09999999999999831,1.7763568394002505e-15,0,101,90,0.0,0.0
7+,pass,0.05000000000000182,1.7763568394002505e-15,0.10000000000000187,3,101,90,0.0297029702970297,0.29702970297029674
7+,pass,0.1500000000000019,0.10000000000000187,0.20000000000000195,4,101,90,0.039603960396039604,0.39603960396039567
7+,pass,0.250000000000002,0.20000000000000195,0.30000000000000204,9,101,90,0.0891089108910891,0.8910891089108902
7+,pass,0.3500000000000021,0.30000000000000204,0.40000000000000213,6,101,90,0.0594059405940594,0.5940594059405935
7+,pass,0.4500000000000022,0.40000000000000213,0.5000000000000022,6,101,90,0.0594059405940594,0.5940594059405935
7+,pass,0.5500000000000023,0.5000000000000022,0.6000000000000023,9,101,90,0.0891089108910891,0.8910891089108902
7+,pass,0.6500000000000024,0.6000000000000023,0.7000000000000024,11,101,90,0.10891089108910891,1.089108910891088
7+,pass,0.7500000000000024,0.7000000000000024,0.8000000000000025,8,101,90,0.07920792079207921,0.7920792079207913
7+,pass,0.8500000000000025,0.8000000000000025,0.9000000000000026,6,101,90,0.0594059405940594,0.5940594059405935
7+,pass,0.9500000000000026,0.9000000000000026,1.0000000000000027,10,101,90,0.09900990099009901,0.9900990099009893
7+,pass,1.0500000000000027,1.0000000000000027,1.1000000000000028,9,101,90,0.0891089108910891,0.8910891089108902
7+,pass,1.1500000000000028,1.1000000000000028,1.2000000000000028,3,101,90,0.0297029702970297,0.29702970297029674
7+,pass,1.2500000000000029,1.2000000000000028,1.300000000000003,2,101,90,0.019801980198019802,0.19801980198019783
7+,pass,1.350000000000003,1.300000000000003,1.400000000000003,0,101,90,0.0,0.0
7+,pass,1.450000000000003,1.400000000000003,1.500000000000003,0,101,90,0.0,0.0
7+,pass,1.5500000000000032,1.500000000000003,1.6000000000000032,0,101,90,0.0,0.0
7+,pass,1.6500000000000032,1.6000000000000032,1.7000000000000033,1,101,90,0.009900990099009901,0.09900990099009892
7+,pass,1.7500000000000033,1.7000000000000033,1.8000000000000034,0,101,90,0.0,0.0
7+,pass,1.8500000000000034,1.8000000000000034,1.9000000000000035,0,101,90,0.0,0.0
7+,pass,1.9500000000000035,1.9000000000000035,2.0000000000000036,0,101,90,0.0,0.0
7+,numeric_nonpass,-1.95,-2.0,-1.9,1,101,3,0.009900990099009901,0.09900990099009892
7+,numeric_nonpass,-1.8499999999999999,-1.9,-1.7999999999999998,0,101,3,0.0,0.0
7+,numeric_nonpass,-1.7499999999999998,-1.7999999999999998,-1.6999999999999997,0,101,3,0.0,0.0
7+,numeric_nonpass,-1.6499999999999997,-1.6999999999999997,-1.5999999999999996,0,101,3,0.0,0.0
7+,numeric_nonpass,-1.5499999999999996,-1.5999999999999996,-1.4999999999999996,0,101,3,0.0,0.0
7+,numeric_nonpass,-1.4499999999999995,-1.4999999999999996,-1.3999999999999995,0,101,3,0.0,0.0
7+,numeric_nonpass,-1.3499999999999994,-1.3999999999999995,-1.2999999999999994,0,101,3,0.0,0.0
7+,numeric_nonpass,-1.2499999999999993,-1.2999999999999994,-1.1999999999999993,0,101,3,0.0,0.0
7+,numeric_nonpass,-1.1499999999999992,-1.1999999999999993,-1.0999999999999992,0,101,3,0.0,0.0
7+,numeric_nonpass,-1.0499999999999992,-1.0999999999999992,-0.9999999999999991,0,101,3,0.0,0.0
7+,numeric_nonpass,-0.9499999999999991,-0.9999999999999991,-0.899999999999999,0,101,3,0.0,0.0
7+,numeric_nonpass,-0.849999999999999,-0.899999999999999,-0.7999999999999989,0,101,3,0.0,0.0
7+,numeric_nonpass,-0.7499999999999989,-0.7999999999999989,-0.6999999999999988,0,101,3,0.0,0.0
7+,numeric_nonpass,-0.6499999999999988,-0.6999999999999988,-0.5999999999999988,0,101,3,0.0,0.0
7+,numeric_nonpass,-0.5499999999999987,-0.5999999999999988,-0.49999999999999867,0,101,3,0.0,0.0
7+,numeric_nonpass,-0.4499999999999986,-0.49999999999999867,-0.3999999999999986,0,101,3,0.0,0.0
7+,numeric_nonpass,-0.34999999999999853,-0.3999999999999986,-0.2999999999999985,2,101,3,0.019801980198019802,0.19801980198019783
7+,numeric_nonpass,-0.24999999999999845,-0.2999999999999985,-0.1999999999999984,0,101,3,0.0,0.0
7+,numeric_nonpass,-0.14999999999999836,-0.1999999999999984,-0.09999999999999831,0,101,3,0.0,0.0
7+,numeric_nonpass,-0.04999999999999827,-0.09999999999999831,1.7763568394002505e-15,0,101,3,0.0,0.0
7+,numeric_nonpass,0.05000000000000182,1.7763568394002505e-15,0.10000000000000187,0,101,3,0.0,0.0
7+,numeric_nonpass,0.1500000000000019,0.10000000000000187,0.20000000000000195,0,101,3,0.0,0.0
7+,numeric_nonpass,0.250000000000002,0.20000000000000195,0.30000000000000204,0,101,3,0.0,0.0
7+,numeric_nonpass,0.3500000000000021,0.30000000000000204,0.40000000000000213,0,101,3,0.0,0.0
7+,numeric_nonpass,0.4500000000000022,0.40000000000000213,0.5000000000000022,0,101,3,0.0,0.0
7+,numeric_nonpass,0.5500000000000023,0.5000000000000022,0.6000000000000023,0,101,3,0.0,0.0
7+,numeric_nonpass,0.6500000000000024,0.6000000000000023,0.7000000000000024,0,101,3,0.0,0.0
7+,numeric_nonpass,0.7500000000000024,0.7000000000000024,0.8000000000000025,0,101,3,0.0,0.0
7+,numeric_nonpass,0.8500000000000025,0.8000000000000025,0.9000000000000026,0,101,3,0.0,0.0
7+,numeric_nonpass,0.9500000000000026,0.9000000000000026,1.0000000000000027,0,101,3,0.0,0.0
7+,numeric_nonpass,1.0500000000000027,1.0000000000000027,1.1000000000000028,0,101,3,0.0,0.0
7+,numeric_nonpass,1.1500000000000028,1.1000000000000028,1.2000000000000028,0,101,3,0.0,0.0
7+,numeric_nonpass,1.2500000000000029,1.2000000000000028,1.300000000000003,0,101,3,0.0,0.0
7+,numeric_nonpass,1.350000000000003,1.300000000000003,1.400000000000003,0,101,3,0.0,0.0
7+,numeric_nonpass,1.450000000000003,1.400000000000003,1.500000000000003,0,101,3,0.0,0.0
7+,numeric_nonpass,1.5500000000000032,1.500000000000003,1.6000000000000032,0,101,3,0.0,0.0
7+,numeric_nonpass,1.6500000000000032,1.6000000000000032,1.7000000000000033,0,101,3,0.0,0.0
7+,numeric_nonpass,1.7500000000000033,1.7000000000000033,1.8000000000000034,0,101,3,0.0,0.0
7+,numeric_nonpass,1.8500000000000034,1.8000000000000034,1.9000000000000035,0,101,3,0.0,0.0
7+,numeric_nonpass,1.9500000000000035,1.9000000000000035,2.0000000000000036,0,101,3,0.0,0.0
7+,BV,-1.95,-2.0,-1.9,0,101,7,0.0,0.0
7+,BV,-1.8499999999999999,-1.9,-1.7999999999999998,0,101,7,0.0,0.0
7+,BV,-1.7499999999999998,-1.7999999999999998,-1.6999999999999997,0,101,7,0.0,0.0
7+,BV,-1.6499999999999997,-1.6999999999999997,-1.5999999999999996,0,101,7,0.0,0.0
7+,BV,-1.5499999999999996,-1.5999999999999996,-1.4999999999999996,0,101,7,0.0,0.0
7+,BV,-1.4499999999999995,-1.4999999999999996,-1.3999999999999995,2,101,7,0.019801980198019802,0.19801980198019783
7+,BV,-1.3499999999999994,-1.3999999999999995,-1.2999999999999994,0,101,7,0.0,0.0
7+,BV,-1.2499999999999993,-1.2999999999999994,-1.1999999999999993,0,101,7,0.0,0.0
7+,BV,-1.1499999999999992,-1.1999999999999993,-1.0999999999999992,1,101,7,0.009900990099009901,0.09900990099009892
7+,BV,-1.0499999999999992,-1.0999999999999992,-0.9999999999999991,2,101,7,0.019801980198019802,0.19801980198019783
7+,BV,-0.9499999999999991,-0.9999999999999991,-0.899999999999999,0,101,7,0.0,0.0
7+,BV,-0.849999999999999,-0.899999999999999,-0.7999999999999989,0,101,7,0.0,0.0
7+,BV,-0.7499999999999989,-0.7999999999999989,-0.6999999999999988,1,101,7,0.009900990099009901,0.09900990099009892
7+,BV,-0.6499999999999988,-0.6999999999999988,-0.5999999999999988,0,101,7,0.0,0.0
7+,BV,-0.5499999999999987,-0.5999999999999988,-0.49999999999999867,0,101,7,0.0,0.0
7+,BV,-0.4499999999999986,-0.49999999999999867,-0.3999999999999986,0,101,7,0.0,0.0
7+,BV,-0.34999999999999853,-0.3999999999999986,-0.2999999999999985,0,101,7,0.0,0.0
7+,BV,-0.24999999999999845,-0.2999999999999985,-0.1999999999999984,1,101,7,0.009900990099009901,0.09900990099009892
7+,BV,-0.14999999999999836,-0.1999999999999984,-0.09999999999999831,0,101,7,0.0,0.0
7+,BV,-0.04999999999999827,-0.09999999999999831,1.7763568394002505e-15,0,101,7,0.0,0.0
7+,BV,0.05000000000000182,1.7763568394002505e-15,0.10000000000000187,0,101,7,0.0,0.0
7+,BV,0.1500000000000019,0.10000000000000187,0.20000000000000195,0,101,7,0.0,0.0
7+,BV,0.250000000000002,0.20000000000000195,0.30000000000000204,0,101,7,0.0,0.0
7+,BV,0.3500000000000021,0.30000000000000204,0.40000000000000213,0,101,7,0.0,0.0
7+,BV,0.4500000000000022,0.40000000000000213,0.5000000000000022,0,101,7,0.0,0.0
7+,BV,0.5500000000000023,0.5000000000000022,0.6000000000000023,0,101,7,0.0,0.0
7+,BV,0.6500000000000024,0.6000000000000023,0.7000000000000024,0,101,7,0.0,0.0
7+,BV,0.7500000000000024,0.7000000000000024,0.8000000000000025,0,101,7,0.0,0.0
7+,BV,0.8500000000000025,0.8000000000000025,0.9000000000000026,0,101,7,0.0,0.0
7+,BV,0.9500000000000026,0.9000000000000026,1.0000000000000027,0,101,7,0.0,0.0
7+,BV,1.0500000000000027,1.0000000000000027,1.1000000000000028,0,101,7,0.0,0.0
7+,BV,1.1500000000000028,1.1000000000000028,1.2000000000000028,0,101,7,0.0,0.0
7+,BV,1.2500000000000029,1.2000000000000028,1.300000000000003,0,101,7,0.0,0.0
7+,BV,1.350000000000003,1.300000000000003,1.400000000000003,0,101,7,0.0,0.0
7+,BV,1.450000000000003,1.400000000000003,1.500000000000003,0,101,7,0.0,0.0
7+,BV,1.5500000000000032,1.500000000000003,1.6000000000000032,0,101,7,0.0,0.0
7+,BV,1.6500000000000032,1.6000000000000032,1.7000000000000033,0,101,7,0.0,0.0
7+,BV,1.7500000000000033,1.7000000000000033,1.8000000000000034,0,101,7,0.0,0.0
7+,BV,1.8500000000000034,1.8000000000000034,1.9000000000000035,0,101,7,0.0,0.0
7+,BV,1.9500000000000035,1.9000000000000035,2.0000000000000036,0,101,7,0.0,0.0
7+,RT,-1.95,-2.0,-1.9,0,101,1,0.0,0.0
7+,RT,-1.8499999999999999,-1.9,-1.7999999999999998,0,101,1,0.0,0.0
7+,RT,-1.7499999999999998,-1.7999999999999998,-1.6999999999999997,0,101,1,0.0,0.0
7+,RT,-1.6499999999999997,-1.6999999999999997,-1.5999999999999996,0,101,1,0.0,0.0
7+,RT,-1.5499999999999996,-1.5999999999999996,-1.4999999999999996,0,101,1,0.0,0.0
7+,RT,-1.4499999999999995,-1.4999999999999996,-1.3999999999999995,0,101,1,0.0,0.0
7+,RT,-1.3499999999999994,-1.3999999999999995,-1.2999999999999994,0,101,1,0.0,0.0
7+,RT,-1.2499999999999993,-1.2999999999999994,-1.1999999999999993,0,101,1,0.0,0.0
7+,RT,-1.1499999999999992,-1.1999999999999993,-1.0999999999999992,0,101,1,0.0,0.0
7+,RT,-1.0499999999999992,-1.0999999999999992,-0.9999999999999991,0,101,1,0.0,0.0
7+,RT,-0.9499999999999991,-0.9999999999999991,-0.899999999999999,0,101,1,0.0,0.0
7+,RT,-0.849999999999999,-0.899999999999999,-0.7999999999999989,0,101,1,0.0,0.0
7+,RT,-0.7499999999999989,-0.7999999999999989,-0.6999999999999988,0,101,1,0.0,0.0
7+,RT,-0.6499999999999988,-0.6999999999999988,-0.5999999999999988,0,101,1,0.0,0.0
7+,RT,-0.5499999999999987,-0.5999999999999988,-0.49999999999999867,0,101,1,0.0,0.0
7+,RT,-0.4499999999999986,-0.49999999999999867,-0.3999999999999986,0,101,1,0.0,0.0
7+,RT,-0.34999999999999853,-0.3999999999999986,-0.2999999999999985,0,101,1,0.0,0.0
7+,RT,-0.24999999999999845,-0.2999999999999985,-0.1999999999999984,0,101,1,0.0,0.0
7+,RT,-0.14999999999999836,-0.1999999999999984,-0.09999999999999831,0,101,1,0.0,0.0
7+,RT,-0.04999999999999827,-0.09999999999999831,1.7763568394002505e-15,1,101,1,0.009900990099009901,0.09900990099009892
7+,RT,0.05000000000000182,1.7763568394002505e-15,0.10000000000000187,0,101,1,0.0,0.0
7+,RT,0.1500000000000019,0.10000000000000187,0.20000000000000195,0,101,1,0.0,0.0
7+,RT,0.250000000000002,0.20000000000000195,0.30000000000000204,0,101,1,0.0,0.0
7+,RT,0.3500000000000021,0.30000000000000204,0.40000000000000213,0,101,1,0.0,0.0
7+,RT,0.4500000000000022,0.40000000000000213,0.5000000000000022,0,101,1,0.0,0.0
7+,RT,0.5500000000000023,0.5000000000000022,0.6000000000000023,0,101,1,0.0,0.0
7+,RT,0.6500000000000024,0.6000000000000023,0.7000000000000024,0,101,1,0.0,0.0
7+,RT,0.7500000000000024,0.7000000000000024,0.8000000000000025,0,101,1,0.0,0.0
7+,RT,0.8500000000000025,0.8000000000000025,0.9000000000000026,0,101,1,0.0,0.0
7+,RT,0.9500000000000026,0.9000000000000026,1.0000000000000027,0,101,1,0.0,0.0
7+,RT,1.0500000000000027,1.0000000000000027,1.1000000000000028,0,101,1,0.0,0.0
7+,RT,1.1500000000000028,1.1000000000000028,1.2000000000000028,0,101,1,0.0,0.0
7+,RT,1.2500000000000029,1.2000000000000028,1.300000000000003,0,101,1,0.0,0.0
7+,RT,1.350000000000003,1.300000000000003,1.400000000000003,0,101,1,0.0,0.0
7+,RT,1.450000000000003,1.400000000000003,1.500000000000003,0,101,1,0.0,0.0
7+,RT,1.5500000000000032,1.500000000000003,1.6000000000000032,0,101,1,0.0,0.0
7+,RT,1.6500000000000032,1.6000000000000032,1.7000000000000033,0,101,1,0.0,0.0
7+,RT,1.7500000000000033,1.7000000000000033,1.8000000000000034,0,101,1,0.0,0.0
7+,RT,1.8500000000000034,1.8000000000000034,1.9000000000000035,0,101,1,0.0,0.0
7+,RT,1.9500000000000035,1.9000000000000035,2.0000000000000036,0,101,1,0.0,0.0
7+,BA,-1.95,-2.0,-1.9,0,101,0,0.0,0.0
7+,BA,-1.8499999999999999,-1.9,-1.7999999999999998,0,101,0,0.0,0.0
7+,BA,-1.7499999999999998,-1.7999999999999998,-1.6999999999999997,0,101,0,0.0,0.0
7+,BA,-1.6499999999999997,-1.6999999999999997,-1.5999999999999996,0,101,0,0.0,0.0
7+,BA,-1.5499999999999996,-1.5999999999999996,-1.4999999999999996,0,101,0,0.0,0.0
7+,BA,-1.4499999999999995,-1.4999999999999996,-1.3999999999999995,0,101,0,0.0,0.0
7+,BA,-1.3499999999999994,-1.3999999999999995,-1.2999999999999994,0,101,0,0.0,0.0
7+,BA,-1.2499999999999993,-1.2999999999999994,-1.1999999999999993,0,101,0,0.0,0.0
7+,BA,-1.1499999999999992,-1.1999999999999993,-1.0999999999999992,0,101,0,0.0,0.0
7+,BA,-1.0499999999999992,-1.0999999999999992,-0.9999999999999991,0,101,0,0.0,0.0
7+,BA,-0.9499999999999991,-0.9999999999999991,-0.899999999999999,0,101,0,0.0,0.0
7+,BA,-0.849999999999999,-0.899999999999999,-0.7999999999999989,0,101,0,0.0,0.0
7+,BA,-0.7499999999999989,-0.7999999999999989,-0.6999999999999988,0,101,0,0.0,0.0
7+,BA,-0.6499999999999988,-0.6999999999999988,-0.5999999999999988,0,101,0,0.0,0.0
7+,BA,-0.5499999999999987,-0.5999999999999988,-0.49999999999999867,0,101,0,0.0,0.0
7+,BA,-0.4499999999999986,-0.49999999999999867,-0.3999999999999986,0,101,0,0.0,0.0
7+,BA,-0.34999999999999853,-0.3999999999999986,-0.2999999999999985,0,101,0,0.0,0.0
7+,BA,-0.24999999999999845,-0.2999999999999985,-0.1999999999999984,0,101,0,0.0,0.0
7+,BA,-0.14999999999999836,-0.1999999999999984,-0.09999999999999831,0,101,0,0.0,0.0
7+,BA,-0.04999999999999827,-0.09999999999999831,1.7763568394002505e-15,0,101,0,0.0,0.0
7+,BA,0.05000000000000182,1.7763568394002505e-15,0.10000000000000187,0,101,0,0.0,0.0
7+,BA,0.1500000000000019,0.10000000000000187,0.20000000000000195,0,101,0,0.0,0.0
7+,BA,0.250000000000002,0.20000000000000195,0.30000000000000204,0,101,0,0.0,0.0
7+,BA,0.3500000000000021,0.30000000000000204,0.40000000000000213,0,101,0,0.0,0.0
7+,BA,0.4500000000000022,0.40000000000000213,0.5000000000000022,0,101,0,0.0,0.0
7+,BA,0.5500000000000023,0.5000000000000022,0.6000000000000023,0,101,0,0.0,0.0
7+,BA,0.6500000000000024,0.6000000000000023,0.7000000000000024,0,101,0,0.0,0.0
7+,BA,0.7500000000000024,0.7000000000000024,0.8000000000000025,0,101,0,0.0,0.0
7+,BA,0.8500000000000025,0.8000000000000025,0.9000000000000026,0,101,0,0.0,0.0
7+,BA,0.9500000000000026,0.9000000000000026,1.0000000000000027,0,101,0,0.0,0.0
7+,BA,1.0500000000000027,1.0000000000000027,1.1000000000000028,0,101,0,0.0,0.0
7+,BA,1.1500000000000028,1.1000000000000028,1.2000000000000028,0,101,0,0.0,0.0
7+,BA,1.2500000000000029,1.2000000000000028,1.300000000000003,0,101,0,0.0,0.0
7+,BA,1.350000000000003,1.300000000000003,1.400000000000003,0,101,0,0.0,0.0
7+,BA,1.450000000000003,1.400000000000003,1.500000000000003,0,101,0,0.0,0.0
7+,BA,1.5500000000000032,1.500000000000003,1.6000000000000032,0,101,0,0.0,0.0
7+,BA,1.6500000000000032,1.6000000000000032,1.7000000000000033,0,101,0,0.0,0.0
7+,BA,1.7500000000000033,1.7000000000000033,1.8000000000000034,0,101,0,0.0,0.0
7+,BA,1.8500000000000034,1.8000000000000034,1.9000000000000035,0,101,0,0.0,0.0
7+,BA,1.9500000000000035,1.9000000000000035,2.0000000000000036,0,101,0,0.0,0.0
