group,component,x,density_component,density_total,component_share,n_group,n_component,bandwidth
0,all,-7.970167272796567,9.909030559614342e-08,9.909030559614342e-08,1.0,4467,4467,0.19421232143704575
0,all,-7.949294312340722,1.5322213246830635e-07,1.5322213246830635e-07,1.0,4467,4467,0.19421232143704575
0,all,-7.928421351884877,2.342045669937439e-07,2.342045669937439e-07,1.0,4467,4467,0.19421232143704575
0,all,-7.9075483914290325,3.53877328058877e-07,3.53877328058877e-07,1.0,4467,4467,0.19421232143704575
0,all,-7.886675430973187,5.285592068174269e-07,5.285592068174269e-07,1.0,4467,4467,0.19421232143704575
0,all,-7.865802470517343,7.804014494609705e-07,7.804014494609705e-07,1.0,4467,4467,0.19421232143704575
0,all,-7.8449295100614975,1.1390060090846225e-06,1.1390060090846225e-06,1.0,4467,4467,0.19421232143704575
0,all,-7.824056549605653,1.6433023864264768e-06,1.6433023864264768e-06,1.0,4467,4467,0.19421232143704575
0,all,-7.803183589149808,2.3436485131391366e-06,2.3436485131391366e-06,1.0,4467,4467,0.19421232143704575
0,all,-7.782310628693963,3.3040833560232507e-06,3.3040833560232507e-06,1.0,4467,4467,0.19421232143704575
0,all,-7.761437668238118,4.604611925284199e-06,4.604611925284199e-06,1.0,4467,4467,0.19421232143704575
0,all,-7.740564707782274,6.343348840767375e-06,6.343348840767375e-06,1.0,4467,4467,0.19421232143704575
0,all,-7.719691747326429,8.63828800017859e-06,8.63828800017859e-06,1.0,4467,4467,0.19421232143704575
0,all,-7.698818786870584,1.1628408663910549e-05,1.1628408663910549e-05,1.0,4467,4467,0.19421232143704575
0,all,-7.6779458264147395,1.5473779910388982e-05,1.5473779910388982e-05,1.0,4467,4467,0.19421232143704575
0,all,-7.657072865958894,2.035429513751217e-05,2.035429513751217e-05,1.0,4467,4467,0.19421232143704575
0,all,-7.63619990550305,2.646666633460949e-05,2.646666633460949e-05,1.0,4467,4467,0.19421232143704575
0,all,-7.6153269450472045,3.4019344384028436e-05,3.4019344384028436e-05,1.0,4467,4467,0.19421232143704575
0,all,-7.59445398459136,4.3225115241774145e-05,4.3225115241774145e-05,1.0,4467,4467,0.19421232143704575
0,all,-7.573581024135515,5.4291257707824176e-05,5.4291257707824176e-05,1.0,4467,4467,0.19421232143704575
0,all,-7.55270806367967,6.740733667184409e-05,6.740733667184409e-05,1.0,4467,4467,0.19421232143704575
0,all,-7.531835103223825,8.273093950087432e-05,8.273093950087432e-05,1.0,4467,4467,0.19421232143704575
0,all,-7.510962142767981,0.00010037192815852566,0.00010037192815852566,1.0,4467,4467,0.19421232143704575
0,all,-7.490089182312136,0.00012037605339612319,0.00012037605339612319,1.0,4467,4467,0.19421232143704575
0,all,-7.469216221856291,0.00014270903084781354,0.00014270903084781354,1.0,4467,4467,0.19421232143704575
0,all,-7.448343261400447,0.0001672423786123971,0.0001672423786123971,1.0,4467,4467,0.19421232143704575
0,all,-7.427470300944601,0.00019374242764728388,0.00019374242764728388,1.0,4467,4467,0.19421232143704575
0,all,-7.406597340488757,0.00022186390951830048,0.00022186390951830048,1.0,4467,4467,0.19421232143704575
0,all,-7.3857243800329115,0.00025114937891058676,0.00025114937891058676,1.0,4467,4467,0.19421232143704575
0,all,-7.364851419577067,0.00028103543227694857,0.00028103543227694857,1.0,4467,4467,0.19421232143704575
0,all,-7.343978459121222,0.0003108662473483186,0.0003108662473483186,1.0,4467,4467,0.19421232143704575
0,all,-7.323105498665377,0.0003399144176580462,0.0003399144176580462,1.0,4467,4467,0.19421232143704575
0,all,-7.302232538209532,0.0003674084360789128,0.0003674084360789128,1.0,4467,4467,0.19421232143704575
0,all,-7.281359577753688,0.0003925655501546601,0.0003925655501546601,1.0,4467,4467,0.19421232143704575
0,all,-7.260486617297843,0.0004146281364609928,0.0004146281364609928,1.0,4467,4467,0.19421232143704575
0,all,-7.239613656841998,0.00043290128847358185,0.00043290128847358185,1.0,4467,4467,0.19421232143704575
0,all,-7.218740696386154,0.00044678904124819524,0.00044678904124819524,1.0,4467,4467,0.19421232143704575
0,all,-7.197867735930308,0.000455826608766771,0.000455826608766771,1.0,4467,4467,0.19421232143704575
0,all,-7.176994775474464,0.0004597062048927059,0.0004597062048927059,1.0,4467,4467,0.19421232143704575
0,all,-7.1561218150186185,0.0004582944481659273,0.0004582944481659273,1.0,4467,4467,0.19421232143704575
0,all,-7.135248854562774,0.00045163997836591345,0.00045163997836591345,1.0,4467,4467,0.19421232143704575
0,all,-7.114375894106929,0.00043997067914844454,0.00043997067914844454,1.0,4467,4467,0.19421232143704575
0,all,-7.093502933651084,0.00042368072935098055,0.00042368072935098055,1.0,4467,4467,0.19421232143704575
0,all,-7.072629973195239,0.0004033085113285582,0.0004033085113285582,1.0,4467,4467,0.19421232143704575
0,all,-7.051757012739395,0.0003795071063227973,0.0003795071063227973,1.0,4467,4467,0.19421232143704575
0,all,-7.03088405228355,0.0003530096356870471,0.0003530096356870471,1.0,4467,4467,0.19421232143704575
0,all,-7.010011091827705,0.0003245920152091317,0.0003245920152091317,1.0,4467,4467,0.19421232143704575
0,all,-6.989138131371861,0.0002950357564895755,0.0002950357564895755,1.0,4467,4467,0.19421232143704575
0,all,-6.968265170916015,0.00026509328081591554,0.00026509328081591554,1.0,4467,4467,0.19421232143704575
0,all,-6.947392210460171,0.0002354578392000955,0.0002354578392000955,1.0,4467,4467,0.19421232143704575
0,all,-6.926519250004326,0.00020673960921453348,0.00020673960921453348,1.0,4467,4467,0.19421232143704575
0,all,-6.905646289548481,0.00017944892925520048,0.00017944892925520048,1.0,4467,4467,0.19421232143704575
0,all,-6.884773329092637,0.00015398700170446054,0.00015398700170446054,1.0,4467,4467,0.19421232143704575
0,all,-6.863900368636791,0.0001306438111051804,0.0001306438111051804,1.0,4467,4467,0.19421232143704575
0,all,-6.843027408180946,0.00010960251296331379,0.00010960251296331379,1.0,4467,4467,0.19421232143704575
0,all,-6.822154447725102,9.09491876508437e-05,9.09491876508437e-05,1.0,4467,4467,0.19421232143704575
0,all,-6.801281487269257,7.468663791058244e-05,7.468663791058244e-05,1.0,4467,4467,0.19421232143704575
0,all,-6.780408526813412,6.075083539265212e-05,6.075083539265212e-05,1.0,4467,4467,0.19421232143704575
0,all,-6.759535566357568,4.902867386388279e-05,4.902867386388279e-05,1.0,4467,4467,0.19421232143704575
0,all,-6.738662605901722,3.937583557862392e-05,3.937583557862392e-05,1.0,4467,4467,0.19421232143704575
0,all,-6.717789645445878,3.163378817566223e-05,3.163378817566223e-05,1.0,4467,4467,0.19421232143704575
0,all,-6.696916684990033,2.5645166880399862e-05,2.5645166880399862e-05,1.0,4467,4467,0.19421232143704575
0,all,-6.676043724534188,2.126702881732025e-05,2.126702881732025e-05,1.0,4467,4467,0.19421232143704575
0,all,-6.655170764078344,1.8381667892071455e-05,1.8381667892071455e-05,1.0,4467,4467,0.19421232143704575
0,all,-6.634297803622498,1.6904834035668884e-05,1.6904834035668884e-05,1.0,4467,4467,0.19421232143704575
0,all,-6.613424843166653,1.6791303467115077e-05,1.6791303467115077e-05,1.0,4467,4467,0.19421232143704575
0,all,-6.592551882710809,1.8037800244656778e-05,1.8037800244656778e-05,1.0,4467,4467,0.19421232143704575
0,all,-6.571678922254964,2.0683284901526926e-05,2.0683284901526926e-05,1.0,4467,4467,0.19421232143704575
0,all,-6.550805961799119,2.4806620335727762e-05,2.4806620335727762e-05,1.0,4467,4467,0.19421232143704575
0,all,-6.529933001343275,3.052161839922976e-05,3.052161839922976e-05,1.0,4467,4467,0.19421232143704575
0,all,-6.509060040887429,3.796948307222643e-05,3.796948307222643e-05,1.0,4467,4467,0.19421232143704575
0,all,-6.488187080431585,4.7308715246505654e-05,4.7308715246505654e-05,1.0,4467,4467,0.19421232143704575
0,all,-6.46731411997574,5.870264204364227e-05,5.870264204364227e-05,1.0,4467,4467,0.19421232143704575
0,all,-6.446441159519895,7.230488454998304e-05,7.230488454998304e-05,1.0,4467,4467,0.19421232143704575
0,all,-6.425568199064051,8.824327676592017e-05,8.824327676592017e-05,1.0,4467,4467,0.19421232143704575
0,all,-6.404695238608205,0.00010660298029915777,0.00010660298029915777,1.0,4467,4467,0.19421232143704575
0,all,-6.38382227815236,0.00012740977921701002,0.00012740977921701002,1.0,4467,4467,0.19421232143704575
0,all,-6.362949317696516,0.00015061475519198946,0.00015061475519198946,1.0,4467,4467,0.19421232143704575
0,all,-6.342076357240671,0.0001760816978746987,0.0001760816978746987,1.0,4467,4467,0.19421232143704575
0,all,-6.321203396784826,0.00020357866252514295,0.00020357866252514295,1.0,4467,4467,0.19421232143704575
0,all,-6.300330436328982,0.00023277501471198004,0.00023277501471198004,1.0,4467,4467,0.19421232143704575
0,all,-6.279457475873136,0.0002632450792904845,0.0002632450792904845,1.0,4467,4467,0.19421232143704575
0,all,-6.258584515417292,0.0002944791322226047,0.0002944791322226047,1.0,4467,4467,0.19421232143704575
0,all,-6.237711554961447,0.00032590195227800203,0.00032590195227800203,1.0,4467,4467,0.19421232143704575
0,all,-6.216838594505602,0.00035689851860952503,0.00035689851860952503,1.0,4467,4467,0.19421232143704575
0,all,-6.195965634049758,0.0003868457518745292,0.0003868457518745292,1.0,4467,4467,0.19421232143704575
0,all,-6.1750926735939125,0.00041514851798336264,0.00041514851798336264,1.0,4467,4467,0.19421232143704575
0,all,-6.154219713138067,0.00044127751976142293,0.00044127751976142293,1.0,4467,4467,0.19421232143704575
0,all,-6.133346752682223,0.0004648062673052452,0.0004648062673052452,1.0,4467,4467,0.19421232143704575
0,all,-6.112473792226378,0.00048544410703861996,0.00048544410703861996,1.0,4467,4467,0.19421232143704575
0,all,-6.091600831770533,0.0005030623477721462,0.0005030623477721462,1.0,4467,4467,0.19421232143704575
0,all,-6.070727871314689,0.0005177108683964936,0.0005177108683964936,1.0,4467,4467,0.19421232143704575
0,all,-6.049854910858843,0.0005296232144260541,0.0005296232144260541,1.0,4467,4467,0.19421232143704575
0,all,-6.028981950402999,0.0005392090463425356,0.0005392090463425356,1.0,4467,4467,0.19421232143704575
0,all,-6.008108989947154,0.0005470338204957215,0.0005470338204957215,1.0,4467,4467,0.19421232143704575
0,all,-5.987236029491309,0.0005537866712398896,0.0005537866712398896,1.0,4467,4467,0.19421232143704575
0,all,-5.966363069035465,0.0005602385180551015,0.0005602385180551015,1.0,4467,4467,0.19421232143704575
0,all,-5.9454901085796195,0.000567193341063707,0.000567193341063707,1.0,4467,4467,0.19421232143704575
0,all,-5.924617148123774,0.0005754362618627931,0.0005754362618627931,1.0,4467,4467,0.19421232143704575
0,all,-5.90374418766793,0.0005856824649373617,0.0005856824649373617,1.0,4467,4467,0.19421232143704575
0,all,-5.882871227212085,0.000598531057948343,0.000598531057948343,1.0,4467,4467,0.19421232143704575
0,all,-5.86199826675624,0.0006144276891674516,0.0006144276891674516,1.0,4467,4467,0.19421232143704575
0,all,-5.841125306300396,0.0006336391415961368,0.0006336391415961368,1.0,4467,4467,0.19421232143704575
0,all,-5.820252345844551,0.0006562422583370455,0.0006562422583370455,1.0,4467,4467,0.19421232143704575
0,all,-5.799379385388706,0.0006821284964422758,0.0006821284964422758,1.0,4467,4467,0.19421232143704575
0,all,-5.778506424932861,0.0007110242435181392,0.0007110242435181392,1.0,4467,4467,0.19421232143704575
0,all,-5.757633464477016,0.0007425258536077807,0.0007425258536077807,1.0,4467,4467,0.19421232143704575
0,all,-5.736760504021172,0.0007761472529506886,0.0007761472529506886,1.0,4467,4467,0.19421232143704575
0,all,-5.7158875435653265,0.0008113770081861482,0.0008113770081861482,1.0,4467,4467,0.19421232143704575
0,all,-5.695014583109481,0.0008477410006501602,0.0008477410006501602,1.0,4467,4467,0.19421232143704575
0,all,-5.674141622653637,0.0008848663550675915,0.0008848663550675915,1.0,4467,4467,0.19421232143704575
0,all,-5.653268662197792,0.0009225420568432077,0.0009225420568432077,1.0,4467,4467,0.19421232143704575
0,all,-5.632395701741947,0.000960771771445436,0.000960771771445436,1.0,4467,4467,0.19421232143704575
0,all,-5.611522741286103,0.000999814750285113,0.000999814750285113,1.0,4467,4467,0.19421232143704575
0,all,-5.590649780830258,0.0010402113555848978,0.0010402113555848978,1.0,4467,4467,0.19421232143704575
0,all,-5.569776820374413,0.0010827906352494081,0.0010827906352494081,1.0,4467,4467,0.19421232143704575
0,all,-5.548903859918568,0.0011286584878902083,0.0011286584878902083,1.0,4467,4467,0.19421232143704575
0,all,-5.528030899462723,0.0011791662237500787,0.0011791662237500787,1.0,4467,4467,0.19421232143704575
0,all,-5.507157939006879,0.001235860679490986,0.001235860679490986,1.0,4467,4467,0.19421232143704575
0,all,-5.4862849785510335,0.0013004183981566591,0.0013004183981566591,1.0,4467,4467,0.19421232143704575
0,all,-5.465412018095188,0.0013745676411284157,0.0013745676411284157,1.0,4467,4467,0.19421232143704575
0,all,-5.444539057639344,0.001460003049459264,0.001460003049459264,1.0,4467,4467,0.19421232143704575
0,all,-5.423666097183499,0.0015582985110601238,0.0015582985110601238,1.0,4467,4467,0.19421232143704575
0,all,-5.402793136727654,0.0016708241234769895,0.0016708241234769895,1.0,4467,4467,0.19421232143704575
0,all,-5.38192017627181,0.0017986730005741826,0.0017986730005741826,1.0,4467,4467,0.19421232143704575
0,all,-5.361047215815965,0.001942603024971364,0.001942603024971364,1.0,4467,4467,0.19421232143704575
0,all,-5.34017425536012,0.0021029975151643536,0.0021029975151643536,1.0,4467,4467,0.19421232143704575
0,all,-5.319301294904275,0.0022798472299717953,0.0022798472299717953,1.0,4467,4467,0.19421232143704575
0,all,-5.29842833444843,0.0024727542996568707,0.0024727542996568707,1.0,4467,4467,0.19421232143704575
0,all,-5.277555373992586,0.0026809567235656076,0.0026809567235656076,1.0,4467,4467,0.19421232143704575
0,all,-5.2566824135367405,0.0029033702073652883,0.0029033702073652883,1.0,4467,4467,0.19421232143704575
0,all,-5.235809453080895,0.0031386425340297476,0.0031386425340297476,1.0,4467,4467,0.19421232143704575
0,all,-5.214936492625051,0.0033852145576138025,0.0033852145576138025,1.0,4467,4467,0.19421232143704575
0,all,-5.194063532169206,0.0036413814197503226,0.0036413814197503226,1.0,4467,4467,0.19421232143704575
0,all,-5.173190571713361,0.003905347793303547,0.003905347793303547,1.0,4467,4467,0.19421232143704575
0,all,-5.152317611257517,0.004175271855460777,0.004175271855460777,1.0,4467,4467,0.19421232143704575
0,all,-5.131444650801672,0.004449294201984982,0.004449294201984982,1.0,4467,4467,0.19421232143704575
0,all,-5.110571690345827,0.004725549879123255,0.004725549879123255,1.0,4467,4467,0.19421232143704575
0,all,-5.089698729889982,0.0050021639159463435,0.0050021639159463435,1.0,4467,4467,0.19421232143704575
0,all,-5.068825769434137,0.005277232941002028,0.005277232941002028,1.0,4467,4467,0.19421232143704575
0,all,-5.047952808978293,0.005548797412728664,0.005548797412728664,1.0,4467,4467,0.19421232143704575
0,all,-5.0270798485224475,0.005814810458702234,0.005814810458702234,1.0,4467,4467,0.19421232143704575
0,all,-5.006206888066602,0.006073110132315724,0.006073110132315724,1.0,4467,4467,0.19421232143704575
0,all,-4.985333927610758,0.006321401956470629,0.006321401956470629,1.0,4467,4467,0.19421232143704575
0,all,-4.964460967154913,0.0065572579140646126,0.0065572579140646126,1.0,4467,4467,0.19421232143704575
0,all,-4.943588006699068,0.0067781366290297395,0.0067781366290297395,1.0,4467,4467,0.19421232143704575
0,all,-4.922715046243224,0.006981427497826158,0.006981427497826158,1.0,4467,4467,0.19421232143704575
0,all,-4.901842085787379,0.0071645191751818615,0.0071645191751818615,1.0,4467,4467,0.19421232143704575
0,all,-4.880969125331534,0.007324890320118327,0.007324890320118327,1.0,4467,4467,0.19421232143704575
0,all,-4.860096164875689,0.007460218110105092,0.007460218110105092,1.0,4467,4467,0.19421232143704575
0,all,-4.839223204419844,0.007568497960226811,0.007568497960226811,1.0,4467,4467,0.19421232143704575
0,all,-4.818350243964,0.007648166333574575,0.007648166333574575,1.0,4467,4467,0.19421232143704575
0,all,-4.7974772835081545,0.007698217640790041,0.007698217640790041,1.0,4467,4467,0.19421232143704575
0,all,-4.776604323052309,0.007718306081556005,0.007718306081556005,1.0,4467,4467,0.19421232143704575
0,all,-4.755731362596465,0.007708823894149552,0.007708823894149552,1.0,4467,4467,0.19421232143704575
0,all,-4.73485840214062,0.007670948802675625,0.007670948802675625,1.0,4467,4467,0.19421232143704575
0,all,-4.713985441684775,0.007606655380421171,0.007606655380421171,1.0,4467,4467,0.19421232143704575
0,all,-4.693112481228931,0.007518687431453903,0.007518687431453903,1.0,4467,4467,0.19421232143704575
0,all,-4.672239520773086,0.0074104911486861744,0.0074104911486861744,1.0,4467,4467,0.19421232143704575
0,all,-4.651366560317241,0.00728611153558187,0.00728611153558187,1.0,4467,4467,0.19421232143704575
0,all,-4.630493599861396,0.007150057178772482,0.007150057178772482,1.0,4467,4467,0.19421232143704575
0,all,-4.609620639405551,0.007007140740106609,0.007007140740106609,1.0,4467,4467,0.19421232143704575
0,all,-4.588747678949707,0.006862304333110565,0.006862304333110565,1.0,4467,4467,0.19421232143704575
0,all,-4.5678747184938615,0.00672044012853678,0.00672044012853678,1.0,4467,4467,0.19421232143704575
0,all,-4.547001758038016,0.00658621700635098,0.00658621700635098,1.0,4467,4467,0.19421232143704575
0,all,-4.526128797582172,0.006463923793821061,0.006463923793821061,1.0,4467,4467,0.19421232143704575
0,all,-4.505255837126327,0.006357338607815823,0.006357338607815823,1.0,4467,4467,0.19421232143704575
0,all,-4.484382876670482,0.006269632110896668,0.006269632110896668,1.0,4467,4467,0.19421232143704575
0,all,-4.463509916214638,0.0062033102007142986,0.0062033102007142986,1.0,4467,4467,0.19421232143704575
0,all,-4.442636955758793,0.006160198930008411,0.006160198930008411,1.0,4467,4467,0.19421232143704575
0,all,-4.421763995302948,0.006141471485989766,0.006141471485989766,1.0,4467,4467,0.19421232143704575
0,all,-4.400891034847103,0.006147714054553874,0.006147714054553874,1.0,4467,4467,0.19421232143704575
0,all,-4.380018074391258,0.006179024579791878,0.006179024579791878,1.0,4467,4467,0.19421232143704575
0,all,-4.359145113935414,0.0062351360207385425,0.0062351360207385425,1.0,4467,4467,0.19421232143704575
0,all,-4.3382721534795685,0.006315553899974945,0.006315553899974945,1.0,4467,4467,0.19421232143704575
0,all,-4.317399193023723,0.006419696885746537,0.006419696885746537,1.0,4467,4467,0.19421232143704575
0,all,-4.296526232567879,0.006547028946315665,0.006547028946315665,1.0,4467,4467,0.19421232143704575
0,all,-4.275653272112034,0.0066971722891519736,0.0066971722891519736,1.0,4467,4467,0.19421232143704575
0,all,-4.254780311656189,0.006869991801537369,0.006869991801537369,1.0,4467,4467,0.19421232143704575
0,all,-4.233907351200345,0.007065643926095665,0.007065643926095665,1.0,4467,4467,0.19421232143704575
0,all,-4.2130343907445,0.007284585658255909,0.007284585658255909,1.0,4467,4467,0.19421232143704575
0,all,-4.192161430288655,0.007527542424944962,0.007527542424944962,1.0,4467,4467,0.19421232143704575
0,all,-4.17128846983281,0.007795436757930046,0.007795436757930046,1.0,4467,4467,0.19421232143704575
0,all,-4.150415509376965,0.008089282678345322,0.008089282678345322,1.0,4467,4467,0.19421232143704575
0,all,-4.129542548921121,0.008410053353139536,0.008410053353139536,1.0,4467,4467,0.19421232143704575
0,all,-4.1086695884652755,0.008758531701960556,0.008758531701960556,1.0,4467,4467,0.19421232143704575
0,all,-4.08779662800943,0.009135155105383553,0.009135155105383553,1.0,4467,4467,0.19421232143704575
0,all,-4.066923667553587,0.009539866122581094,0.009539866122581094,1.0,4467,4467,0.19421232143704575
0,all,-4.046050707097741,0.00997198114225687,0.00997198114225687,1.0,4467,4467,0.19421232143704575
0,all,-4.025177746641896,0.010430088173039623,0.010430088173039623,1.0,4467,4467,0.19421232143704575
0,all,-4.004304786186052,0.010911983561721666,0.010911983561721666,1.0,4467,4467,0.19421232143704575
0,all,-3.983431825730207,0.01141465536155502,0.01141465536155502,1.0,4467,4467,0.19421232143704575
0,all,-3.962558865274362,0.011934318427571942,0.011934318427571942,1.0,4467,4467,0.19421232143704575
0,all,-3.9416859048185175,0.012466503182753105,0.012466503182753105,1.0,4467,4467,0.19421232143704575
0,all,-3.9208129443626722,0.013006196499640053,0.013006196499640053,1.0,4467,4467,0.19421232143704575
0,all,-3.899939983906828,0.013548029439099432,0.013548029439099432,1.0,4467,4467,0.19421232143704575
0,all,-3.8790670234509825,0.014086502891498197,0.014086502891498197,1.0,4467,4467,0.19421232143704575
0,all,-3.858194062995138,0.014616238733302858,0.014616238733302858,1.0,4467,4467,0.19421232143704575
0,all,-3.837321102539293,0.015132241239106291,0.015132241239106291,1.0,4467,4467,0.19421232143704575
0,all,-3.8164481420834484,0.015630151485428016,0.015630151485428016,1.0,4467,4467,0.19421232143704575
0,all,-3.795575181627603,0.01610647664060157,0.01610647664060157,1.0,4467,4467,0.19421232143704575
0,all,-3.7747022211717587,0.016558776588883363,0.016558776588883363,1.0,4467,4467,0.19421232143704575
0,all,-3.7538292607159134,0.01698579242098625,0.01698579242098625,1.0,4467,4467,0.19421232143704575
0,all,-3.732956300260069,0.017387504935487064,0.017387504935487064,1.0,4467,4467,0.19421232143704575
0,all,-3.7120833398042246,0.017765116272944144,0.017765116272944144,1.0,4467,4467,0.19421232143704575
0,all,-3.6912103793483793,0.018120953816390593,0.018120953816390593,1.0,4467,4467,0.19421232143704575
0,all,-3.670337418892535,0.01845830205450862,0.01845830205450862,1.0,4467,4467,0.19421232143704575
0,all,-3.6494644584366895,0.018781174617395743,0.018781174617395743,1.0,4467,4467,0.19421232143704575
0,all,-3.628591497980845,0.019094044499549108,0.019094044499549108,1.0,4467,4467,0.19421232143704575
0,all,-3.607718537525,0.019401554930770552,0.019401554930770552,1.0,4467,4467,0.19421232143704575
0,all,-3.5868455770691554,0.01970823587964075,0.01970823587964075,1.0,4467,4467,0.19421232143704575
0,all,-3.56597261661331,0.020018251371760814,0.020018251371760814,1.0,4467,4467,0.19421232143704575
0,all,-3.5450996561574657,0.02033520049137605,0.02033520049137605,1.0,4467,4467,0.19421232143704575
0,all,-3.5242266957016204,0.0206619901843008,0.0206619901843008,1.0,4467,4467,0.19421232143704575
0,all,-3.503353735245776,0.021000791136814575,0.021000791136814575,1.0,4467,4467,0.19421232143704575
0,all,-3.4824807747899316,0.021353079665510748,0.021353079665510748,1.0,4467,4467,0.19421232143704575
0,all,-3.4616078143340863,0.02171975951501661,0.02171975951501661,1.0,4467,4467,0.19421232143704575
0,all,-3.440734853878242,0.02210134864784185,0.02210134864784185,1.0,4467,4467,0.19421232143704575
0,all,-3.4198618934223965,0.022498208477272127,0.022498208477272127,1.0,4467,4467,0.19421232143704575
0,all,-3.398988932966552,0.02291078741959992,0.02291078741959992,1.0,4467,4467,0.19421232143704575
0,all,-3.378115972510707,0.023339847828972613,0.023339847828972613,1.0,4467,4467,0.19421232143704575
0,all,-3.3572430120548624,0.023786645766033447,0.023786645766033447,1.0,4467,4467,0.19421232143704575
0,all,-3.336370051599017,0.024253036754756988,0.024253036754756988,1.0,4467,4467,0.19421232143704575
0,all,-3.3154970911431727,0.024741487462793258,0.024741487462793258,1.0,4467,4467,0.19421232143704575
0,all,-3.2946241306873274,0.02525498252089089,0.02525498252089089,1.0,4467,4467,0.19421232143704575
0,all,-3.273751170231483,0.025796826607283947,0.025796826607283947,1.0,4467,4467,0.19421232143704575
0,all,-3.2528782097756386,0.026370353386518008,0.026370353386518008,1.0,4467,4467,0.19421232143704575
0,all,-3.2320052493197933,0.026978563733026133,0.026978563733026133,1.0,4467,4467,0.19421232143704575
0,all,-3.211132288863949,0.027623724733906268,0.027623724733906268,1.0,4467,4467,0.19421232143704575
0,all,-3.1902593284081036,0.028306967242183907,0.028306967242183907,1.0,4467,4467,0.19421232143704575
0,all,-3.169386367952259,0.029027922482324286,0.029027922482324286,1.0,4467,4467,0.19421232143704575
0,all,-3.148513407496414,0.029784436970536517,0.029784436970536517,1.0,4467,4467,0.19421232143704575
0,all,-3.1276404470405694,0.030572399767515128,0.030572399767515128,1.0,4467,4467,0.19421232143704575
0,all,-3.106767486584724,0.031385707196633084,0.031385707196633084,1.0,4467,4467,0.19421232143704575
0,all,-3.0858945261288797,0.03221637838011643,0.03221637838011643,1.0,4467,4467,0.19421232143704575
0,all,-3.0650215656730353,0.03305482133085726,0.03305482133085726,1.0,4467,4467,0.19421232143704575
0,all,-3.04414860521719,0.03389023517514095,0.03389023517514095,1.0,4467,4467,0.19421232143704575
0,all,-3.0232756447613456,0.03471112076707056,0.03471112076707056,1.0,4467,4467,0.19421232143704575
0,all,-3.0024026843055003,0.035505860859815316,0.035505860859815316,1.0,4467,4467,0.19421232143704575
0,all,-2.981529723849656,0.03626332332999989,0.03626332332999989,1.0,4467,4467,0.19421232143704575
0,all,-2.9606567633938106,0.03697343762256153,0.03697343762256153,1.0,4467,4467,0.19421232143704575
0,all,-2.939783802937966,0.037627696099521636,0.037627696099521636,1.0,4467,4467,0.19421232143704575
0,all,-2.918910842482121,0.03821953835535337,0.03821953835535337,1.0,4467,4467,0.19421232143704575
0,all,-2.8980378820262764,0.038744587300585796,0.038744587300585796,1.0,4467,4467,0.19421232143704575
0,all,-2.877164921570431,0.03920071991045298,0.03920071991045298,1.0,4467,4467,0.19421232143704575
0,all,-2.8562919611145867,0.03958797156440998,0.03958797156440998,1.0,4467,4467,0.19421232143704575
0,all,-2.8354190006587423,0.03990828916304969,0.03990828916304969,1.0,4467,4467,0.19421232143704575
0,all,-2.814546040202897,0.040165162905388116,0.040165162905388116,1.0,4467,4467,0.19421232143704575
0,all,-2.7936730797470526,0.04036317806542586,0.04036317806542586,1.0,4467,4467,0.19421232143704575
0,all,-2.7728001192912073,0.0405075349806201,0.0405075349806201,1.0,4467,4467,0.19421232143704575
0,all,-2.751927158835363,0.04060358693491717,0.04060358693491717,1.0,4467,4467,0.19421232143704575
0,all,-2.7310541983795176,0.040656441511200715,0.040656441511200715,1.0,4467,4467,0.19421232143704575
0,all,-2.710181237923673,0.04067066182080857,0.04067066182080857,1.0,4467,4467,0.19421232143704575
0,all,-2.689308277467828,0.040650090952332255,0.040650090952332255,1.0,4467,4467,0.19421232143704575
0,all,-2.6684353170119834,0.040597807679019764,0.040597807679019764,1.0,4467,4467,0.19421232143704575
0,all,-2.647562356556138,0.04051620586435714,0.04051620586435714,1.0,4467,4467,0.19421232143704575
0,all,-2.6266893961002937,0.04040717606321874,0.04040717606321874,1.0,4467,4467,0.19421232143704575
0,all,-2.6058164356444493,0.04027235722707263,0.04027235722707263,1.0,4467,4467,0.19421232143704575
0,all,-2.584943475188604,0.04011342038671234,0.04011342038671234,1.0,4467,4467,0.19421232143704575
0,all,-2.5640705147327596,0.039932345247996236,0.039932345247996236,1.0,4467,4467,0.19421232143704575
0,all,-2.5431975542769143,0.03973165461903989,0.03973165461903989,1.0,4467,4467,0.19421232143704575
0,all,-2.52232459382107,0.03951457964477649,0.03951457964477649,1.0,4467,4467,0.19421232143704575
0,all,-2.5014516333652246,0.03928513959069308,0.03928513959069308,1.0,4467,4467,0.19421232143704575
0,all,-2.48057867290938,0.039048131732710996,0.039048131732710996,1.0,4467,4467,0.19421232143704575
0,all,-2.459705712453535,0.03880903808597934,0.03880903808597934,1.0,4467,4467,0.19421232143704575
0,all,-2.4388327519976905,0.03857386477974991,0.03857386477974991,1.0,4467,4467,0.19421232143704575
0,all,-2.417959791541845,0.03834893582940884,0.03834893582940884,1.0,4467,4467,0.19421232143704575
0,all,-2.3970868310860007,0.03814066539845739,0.03814066539845739,1.0,4467,4467,0.19421232143704575
0,all,-2.3762138706301563,0.037955331494367014,0.037955331494367014,1.0,4467,4467,0.19421232143704575
0,all,-2.355340910174311,0.037798870026559836,0.037798870026559836,1.0,4467,4467,0.19421232143704575
0,all,-2.3344679497184666,0.03767670225867106,0.03767670225867106,1.0,4467,4467,0.19421232143704575
0,all,-2.3135949892626213,0.03759360206329649,0.03759360206329649,1.0,4467,4467,0.19421232143704575
0,all,-2.292722028806777,0.03755360314894485,0.03755360314894485,1.0,4467,4467,0.19421232143704575
0,all,-2.2718490683509316,0.037559941472460015,0.037559941472460015,1.0,4467,4467,0.19421232143704575
0,all,-2.250976107895087,0.03761502493474126,0.03761502493474126,1.0,4467,4467,0.19421232143704575
0,all,-2.230103147439242,0.03772042135649052,0.03772042135649052,1.0,4467,4467,0.19421232143704575
0,all,-2.2092301869833975,0.037876856457196094,0.037876856457196094,1.0,4467,4467,0.19421232143704575
0,all,-2.188357226527552,0.038084215654026025,0.038084215654026025,1.0,4467,4467,0.19421232143704575
0,all,-2.1674842660717077,0.0383415463469391,0.0383415463469391,1.0,4467,4467,0.19421232143704575
0,all,-2.1466113056158633,0.038647060334021356,0.038647060334021356,1.0,4467,4467,0.19421232143704575
0,all,-2.125738345160018,0.038998138576892764,0.038998138576892764,1.0,4467,4467,0.19421232143704575
0,all,-2.1048653847041736,0.03939134235602376,0.03939134235602376,1.0,4467,4467,0.19421232143704575
0,all,-2.0839924242483283,0.039822435771842704,0.039822435771842704,1.0,4467,4467,0.19421232143704575
0,all,-2.063119463792484,0.04028642460035123,0.04028642460035123,1.0,4467,4467,0.19421232143704575
0,all,-2.0422465033366386,0.040777615878023726,0.040777615878023726,1.0,4467,4467,0.19421232143704575
0,all,-2.021373542880794,0.0412897015099777,0.0412897015099777,1.0,4467,4467,0.19421232143704575
0,all,-2.000500582424949,0.0418158678993421,0.0418158678993421,1.0,4467,4467,0.19421232143704575
0,all,-1.9796276219691045,0.0423489322529681,0.0423489322529681,1.0,4467,4467,0.19421232143704575
0,all,-1.95875466151326,0.04288150490820101,0.04288150490820101,1.0,4467,4467,0.19421232143704575
0,all,-1.9378817010574148,0.04340617574182387,0.04340617574182387,1.0,4467,4467,0.19421232143704575
0,all,-1.9170087406015703,0.04391572140680375,0.04391572140680375,1.0,4467,4467,0.19421232143704575
0,all,-1.896135780145725,0.04440332873034787,0.04440332873034787,1.0,4467,4467,0.19421232143704575
0,all,-1.8752628196898806,0.0448628280757438,0.0448628280757438,1.0,4467,4467,0.19421232143704575
0,all,-1.8543898592340353,0.04528892887698808,0.04528892887698808,1.0,4467,4467,0.19421232143704575
0,all,-1.833516898778191,0.04567744804802347,0.04567744804802347,1.0,4467,4467,0.19421232143704575
0,all,-1.8126439383223456,0.04602552077471895,0.04602552077471895,1.0,4467,4467,0.19421232143704575
0,all,-1.7917709778665012,0.04633178258421849,0.04633178258421849,1.0,4467,4467,0.19421232143704575
0,all,-1.770898017410656,0.04659651180300528,0.04659651180300528,1.0,4467,4467,0.19421232143704575
0,all,-1.7500250569548115,0.04682172273443042,0.04682172273443042,1.0,4467,4467,0.19421232143704575
0,all,-1.729152096498967,0.04701120215139657,0.04701120215139657,1.0,4467,4467,0.19421232143704575
0,all,-1.7082791360431218,0.047170484892732595,0.047170484892732595,1.0,4467,4467,0.19421232143704575
0,all,-1.6874061755872773,0.04730676819287151,0.04730676819287151,1.0,4467,4467,0.19421232143704575
0,all,-1.666533215131432,0.047428768452077226,0.047428768452077226,1.0,4467,4467,0.19421232143704575
0,all,-1.6456602546755876,0.0475465279826598,0.0475465279826598,1.0,4467,4467,0.19421232143704575
0,all,-1.6247872942197423,0.047671182360684385,0.047671182360684385,1.0,4467,4467,0.19421232143704575
0,all,-1.603914333763898,0.047814700969415154,0.047814700969415154,1.0,4467,4467,0.19421232143704575
0,all,-1.5830413733080526,0.047989613888496443,0.047989613888496443,1.0,4467,4467,0.19421232143704575
0,all,-1.5621684128522082,0.04820873740842508,0.04820873740842508,1.0,4467,4467,0.19421232143704575
0,all,-1.541295452396363,0.048484908293017395,0.048484908293017395,1.0,4467,4467,0.19421232143704575
0,all,-1.5204224919405185,0.04883073382531001,0.04883073382531001,1.0,4467,4467,0.19421232143704575
0,all,-1.499549531484674,0.04925836114570263,0.04925836114570263,1.0,4467,4467,0.19421232143704575
0,all,-1.4786765710288288,0.049779265978845216,0.049779265978845216,1.0,4467,4467,0.19421232143704575
0,all,-1.4578036105729844,0.05040405807765522,0.05040405807765522,1.0,4467,4467,0.19421232143704575
0,all,-1.436930650117139,0.05114229901320431,0.05114229901320431,1.0,4467,4467,0.19421232143704575
0,all,-1.4160576896612946,0.052002327563475566,0.052002327563475566,1.0,4467,4467,0.19421232143704575
0,all,-1.3951847292054493,0.05299108895404448,0.05299108895404448,1.0,4467,4467,0.19421232143704575
0,all,-1.374311768749605,0.05411396642638072,0.05411396642638072,1.0,4467,4467,0.19421232143704575
0,all,-1.3534388082937596,0.055374616726634684,0.055374616726634684,1.0,4467,4467,0.19421232143704575
0,all,-1.3325658478379152,0.05677481467135528,0.05677481467135528,1.0,4467,4467,0.19421232143704575
0,all,-1.31169288738207,0.058314315456967566,0.058314315456967566,1.0,4467,4467,0.19421232143704575
0,all,-1.2908199269262255,0.059990746355496685,0.059990746355496685,1.0,4467,4467,0.19421232143704575
0,all,-1.269946966470381,0.06179954147582251,0.06179954147582251,1.0,4467,4467,0.19421232143704575
0,all,-1.2490740060145358,0.06373393408160502,0.06373393408160502,1.0,4467,4467,0.19421232143704575
0,all,-1.2282010455586914,0.06578502039454105,0.06578502039454105,1.0,4467,4467,0.19421232143704575
0,all,-1.207328085102846,0.06794190685995247,0.06794190685995247,1.0,4467,4467,0.19421232143704575
0,all,-1.1864551246470016,0.07019194961310467,0.07019194961310467,1.0,4467,4467,0.19421232143704575
0,all,-1.1655821641911563,0.0725210905532149,0.0725210905532149,1.0,4467,4467,0.19421232143704575
0,all,-1.144709203735312,0.07491428926822088,0.07491428926822088,1.0,4467,4467,0.19421232143704575
0,all,-1.1238362432794666,0.07735604436348227,0.07735604436348227,1.0,4467,4467,0.19421232143704575
0,all,-1.1029632828236222,0.07983099187093344,0.07983099187093344,1.0,4467,4467,0.19421232143704575
0,all,-1.082090322367777,0.08232456271631984,0.08232456271631984,1.0,4467,4467,0.19421232143704575
0,all,-1.0612173619119325,0.0848236760839295,0.0848236760839295,1.0,4467,4467,0.19421232143704575
0,all,-1.040344401456088,0.08731744133036588,0.08731744133036588,1.0,4467,4467,0.19421232143704575
0,all,-1.0194714410002428,0.08979783823638965,0.08979783823638965,1.0,4467,4467,0.19421232143704575
0,all,-0.9985984805443984,0.09226034417617114,0.09226034417617114,1.0,4467,4467,0.19421232143704575
0,all,-0.9777255200885531,0.0947044774642147,0.0947044774642147,1.0,4467,4467,0.19421232143704575
0,all,-0.9568525596327087,0.09713422881503099,0.09713422881503099,1.0,4467,4467,0.19421232143704575
0,all,-0.9359795991768634,0.09955835745018567,0.09955835745018567,1.0,4467,4467,0.19421232143704575
0,all,-0.9151066387210189,0.10199053464925283,0.10199053464925283,1.0,4467,4467,0.19421232143704575
0,all,-0.8942336782651736,0.10444932501502706,0.10444932501502706,1.0,4467,4467,0.19421232143704575
0,all,-0.8733607178093292,0.10695800380581671,0.10695800380581671,1.0,4467,4467,0.19421232143704575
0,all,-0.8524877573534839,0.10954421668667438,0.10954421668667438,1.0,4467,4467,0.19421232143704575
0,all,-0.8316147968976395,0.11223949547090953,0.11223949547090953,1.0,4467,4467,0.19421232143704575
0,all,-0.8107418364417951,0.11507864925620385,0.11507864925620385,1.0,4467,4467,0.19421232143704575
0,all,-0.7898688759859498,0.11809905437383147,0.11809905437383147,1.0,4467,4467,0.19421232143704575
0,all,-0.7689959155301054,0.12133986857043974,0.12133986857043974,1.0,4467,4467,0.19421232143704575
0,all,-0.7481229550742601,0.12484119490143894,0.12484119490143894,1.0,4467,4467,0.19421232143704575
0,all,-0.7272499946184157,0.1286432192594177,0.1286432192594177,1.0,4467,4467,0.19421232143704575
0,all,-0.7063770341625704,0.13278534281876953,0.13278534281876953,1.0,4467,4467,0.19421232143704575
0,all,-0.685504073706726,0.13730532759607003,0.13730532759607003,1.0,4467,4467,0.19421232143704575
0,all,-0.6646311132508806,0.1422384704677205,0.1422384704677205,1.0,4467,4467,0.19421232143704575
0,all,-0.6437581527950362,0.14761681892475575,0.14761681892475575,1.0,4467,4467,0.19421232143704575
0,all,-0.6228851923391909,0.15346844096924467,0.15346844096924467,1.0,4467,4467,0.19421232143704575
0,all,-0.6020122318833465,0.15981676200745945,0.15981676200745945,1.0,4467,4467,0.19421232143704575
0,all,-0.5811392714275021,0.1666799832319996,0.1666799832319996,1.0,4467,4467,0.19421232143704575
0,all,-0.5602663109716568,0.17407059839742145,0.17407059839742145,1.0,4467,4467,0.19421232143704575
0,all,-0.5393933505158124,0.18199502844800197,0.18199502844800197,1.0,4467,4467,0.19421232143704575
0,all,-0.5185203900599671,0.19045339537636344,0.19045339537636344,1.0,4467,4467,0.19421232143704575
0,all,-0.49764742960412267,0.19943945716476644,0.19943945716476644,1.0,4467,4467,0.19421232143704575
0,all,-0.47677446914827737,0.20894072395335586,0.20894072395335586,1.0,4467,4467,0.19421232143704575
0,all,-0.45590150869243296,0.21893877115342084,0.21893877115342084,1.0,4467,4467,0.19421232143704575
0,all,-0.43502854823658765,0.2294097578388475,0.2294097578388475,1.0,4467,4467,0.19421232143704575
0,all,-0.41415558778074324,0.24032514853883225,0.24032514853883225,1.0,4467,4467,0.19421232143704575
0,all,-0.3932826273248988,0.25165262406378175,0.25165262406378175,1.0,4467,4467,0.19421232143704575
0,all,-0.3724096668690535,0.26335715316763403,0.26335715316763403,1.0,4467,4467,0.19421232143704575
0,all,-0.3515367064132091,0.2754021829618953,0.2754021829618953,1.0,4467,4467,0.19421232143704575
0,all,-0.3306637459573638,0.28775089354367456,0.28775089354367456,1.0,4467,4467,0.19421232143704575
0,all,-0.3097907855015194,0.30036745282677346,0.30036745282677346,1.0,4467,4467,0.19421232143704575
0,all,-0.2889178250456741,0.3132182024701132,0.3132182024701132,1.0,4467,4467,0.19421232143704575
0,all,-0.2680448645898297,0.32627270612802806,0.32627270612802806,1.0,4467,4467,0.19421232143704575
0,all,-0.24717190413398438,0.3395045975112864,0.3395045975112864,1.0,4467,4467,0.19421232143704575
0,all,-0.22629894367813996,0.3528921777819864,0.3528921777819864,1.0,4467,4467,0.19421232143704575
0,all,-0.20542598322229466,0.3664187287162107,0.3664187287162107,1.0,4467,4467,0.19421232143704575
0,all,-0.18455302276645025,0.38007252827370036,0.38007252827370036,1.0,4467,4467,0.19421232143704575
0,all,-0.16368006231060583,0.39384657659081007,0.39384657659081007,1.0,4467,4467,0.19421232143704575
0,all,-0.14280710185476053,0.4077380605386068,0.4077380605386068,1.0,4467,4467,0.19421232143704575
0,all,-0.12193414139891612,0.421747601450188,0.421747601450188,1.0,4467,4467,0.19421232143704575
0,all,-0.10106118094307082,0.43587834135695364,0.43587834135695364,1.0,4467,4467,0.19421232143704575
0,all,-0.0801882204872264,0.45013492668507454,0.45013492668507454,1.0,4467,4467,0.19421232143704575
0,all,-0.0593152600313811,0.46452244436284207,0.46452244436284207,1.0,4467,4467,0.19421232143704575
0,all,-0.03844229957553669,0.4790453542274402,0.4790453542274402,1.0,4467,4467,0.19421232143704575
0,all,-0.017569339119691385,0.49370644507208594,0.49370644507208594,1.0,4467,4467,0.19421232143704575
0,all,0.0033036213361530287,0.5085058220810676,0.5085058220810676,1.0,4467,4467,0.19421232143704575
0,all,0.02417658179199833,0.5234399137720619,0.5234399137720619,1.0,4467,4467,0.19421232143704575
0,all,0.045049542247842744,0.5385004700980006,0.5385004700980006,1.0,4467,4467,0.19421232143704575
0,all,0.06592250270368805,0.5536735130093671,0.5536735130093671,1.0,4467,4467,0.19421232143704575
0,all,0.08679546315953157,0.5689381988473383,0.5689381988473383,1.0,4467,4467,0.19421232143704575
0,all,0.10766842361537687,0.5842655597522715,0.5842655597522715,1.0,4467,4467,0.19421232143704575
0,all,0.12854138407122218,0.5996171089583027,0.5996171089583027,1.0,4467,4467,0.19421232143704575
0,all,0.14941434452706748,0.614943321266964,0.614943321266964,1.0,4467,4467,0.19421232143704575
0,all,0.170287304982911,0.6301820328309722,0.6301820328309722,1.0,4467,4467,0.19421232143704575
0,all,0.1911602654387563,0.6452568403480393,0.6452568403480393,1.0,4467,4467,0.19421232143704575
0,all,0.2120332258946016,0.6600756149326611,0.6600756149326611,1.0,4467,4467,0.19421232143704575
0,all,0.2329061863504469,0.6745292761123944,0.6745292761123944,1.0,4467,4467,0.19421232143704575
0,all,0.25377914680629043,0.6884909925465185,0.6884909925465185,1.0,4467,4467,0.19421232143704575
0,all,0.27465210726213574,0.7018159846986314,0.7018159846986314,1.0,4467,4467,0.19421232143704575
0,all,0.29552506771798104,0.7143420982152228,0.7143420982152228,1.0,4467,4467,0.19421232143704575
0,all,0.31639802817382456,0.7258912937498954,0.7258912937498954,1.0,4467,4467,0.19421232143704575
0,all,0.33727098862966987,0.736272159378658,0.736272159378658,1.0,4467,4467,0.19421232143704575
0,all,0.35814394908551517,0.7452834969980554,0.7452834969980554,1.0,4467,4467,0.19421232143704575
0,all,0.37901690954136047,0.7527189670749718,0.7527189670749718,1.0,4467,4467,0.19421232143704575
0,all,0.399889869997204,0.7583727010675022,0.7583727010675022,1.0,4467,4467,0.19421232143704575
0,all,0.4207628304530493,0.7620457131234085,0.7620457131234085,1.0,4467,4467,0.19421232143704575
0,all,0.4416357909088946,0.7635528684181008,0.7635528684181008,1.0,4467,4467,0.19421232143704575
0,all,0.4625087513647399,0.7627301011569048,0.7627301011569048,1.0,4467,4467,0.19421232143704575
0,all,0.4833817118205834,0.7594415270330426,0.7594415270330426,1.0,4467,4467,0.19421232143704575
0,all,0.5042546722764287,0.7535860681593637,0.7535860681593637,1.0,4467,4467,0.19421232143704575
0,all,0.525127632732274,0.745103207104452,0.745103207104452,1.0,4467,4467,0.19421232143704575
0,all,0.5460005931881176,0.7339775126468446,0.7339775126468446,1.0,4467,4467,0.19421232143704575
0,all,0.5668735536439629,0.7202416328973422,0.7202416328973422,1.0,4467,4467,0.19421232143704575
0,all,0.5877465140998082,0.7039775287650426,0.7039775287650426,1.0,4467,4467,0.19421232143704575
0,all,0.6086194745556535,0.6853158172632349,0.6853158172632349,1.0,4467,4467,0.19421232143704575
0,all,0.629492435011497,0.6644332028285125,0.6644332028285125,1.0,4467,4467,0.19421232143704575
0,all,0.6503653954673423,0.6415480873095895,0.6415480873095895,1.0,4467,4467,0.19421232143704575
0,all,0.6712383559231876,0.6169145567183892,0.6169145567183892,1.0,4467,4467,0.19421232143704575
0,all,0.6921113163790329,0.5908150367613758,0.5908150367613758,1.0,4467,4467,0.19421232143704575
0,all,0.7129842768348764,0.5635519823706471,0.5635519823706471,1.0,4467,4467,0.19421232143704575
0,all,0.7338572372907217,0.5354390136848097,0.5354390136848097,1.0,4467,4467,0.19421232143704575
0,all,0.754730197746567,0.5067919293880416,0.5067919293880416,1.0,4467,4467,0.19421232143704575
0,all,0.7756031582024105,0.47792001783081134,0.47792001783081134,1.0,4467,4467,0.19421232143704575
0,all,0.7964761186582558,0.44911804926376886,0.44911804926376886,1.0,4467,4467,0.19421232143704575
0,all,0.8173490791141012,0.4206592732612091,0.4206592732612091,1.0,4467,4467,0.19421232143704575
0,all,0.8382220395699465,0.3927896699404154,0.3927896699404154,1.0,4467,4467,0.19421232143704575
0,all,0.85909500002579,0.3657236186372483,0.3657236186372483,1.0,4467,4467,0.19421232143704575
0,all,0.8799679604816353,0.3396410600852711,0.3396410600852711,1.0,4467,4467,0.19421232143704575
0,all,0.9008409209374806,0.31468614410977724,0.31468614410977724,1.0,4467,4467,0.19421232143704575
0,all,0.9217138813933259,0.29096727958608554,0.29096727958608554,1.0,4467,4467,0.19421232143704575
0,all,0.9425868418491694,0.26855844078096897,0.26855844078096897,1.0,4467,4467,0.19421232143704575
0,all,0.9634598023050147,0.24750153661214372,0.24750153661214372,1.0,4467,4467,0.19421232143704575
0,all,0.98433276276086,0.2278096178591682,0.2278096178591682,1.0,4467,4467,0.19421232143704575
0,all,1.0052057232167035,0.20947068177567713,0.20947068177567713,1.0,4467,4467,0.19421232143704575
0,all,1.0260786836725488,0.19245183277025474,0.19245183277025474,1.0,4467,4467,0.19421232143704575
0,all,1.0469516441283941,0.17670357003207676,0.17670357003207676,1.0,4467,4467,0.19421232143704575
0,all,1.0678246045842394,0.16216399591830127,0.16216399591830127,1.0,4467,4467,0.19421232143704575
0,all,1.088697565040083,0.14876277008283015,0.14876277008283015,1.0,4467,4467,0.19421232143704575
0,all,1.1095705254959283,0.1364246711015741,0.1364246711015741,1.0,4467,4467,0.19421232143704575
0,all,1.1304434859517736,0.12507266714391393,0.12507266714391393,1.0,4467,4467,0.19421232143704575
0,all,1.1513164464076189,0.11463043756228085,0.11463043756228085,1.0,4467,4467,0.19421232143704575
0,all,1.1721894068634624,0.10502432581142042,0.10502432581142042,1.0,4467,4467,0.19421232143704575
0,all,1.1930623673193077,0.09618473881532297,0.09618473881532297,1.0,4467,4467,0.19421232143704575
0,all,1.213935327775153,0.08804703706656143,0.08804703706656143,1.0,4467,4467,0.19421232143704575
0,all,1.2348082882309965,0.08055198209209215,0.08055198209209215,1.0,4467,4467,0.19421232143704575
0,all,1.2556812486868418,0.0736458226782864,0.0736458226782864,1.0,4467,4467,0.19421232143704575
0,all,1.2765542091426871,0.06728010819955954,0.06728010819955954,1.0,4467,4467,0.19421232143704575
0,all,1.2974271695985324,0.061411316895575205,0.061411316895575205,1.0,4467,4467,0.19421232143704575
0,all,1.318300130054376,0.05600037988942733,0.05600037988942733,1.0,4467,4467,0.19421232143704575
0,all,1.3391730905102213,0.05101216949153045,0.05101216949153045,1.0,4467,4467,0.19421232143704575
0,all,1.3600460509660666,0.04641500458201621,0.04641500458201621,1.0,4467,4467,0.19421232143704575
0,all,1.3809190114219119,0.042180208468356066,0.042180208468356066,1.0,4467,4467,0.19421232143704575
0,all,1.4017919718777554,0.03828173742282563,0.03828173742282563,1.0,4467,4467,0.19421232143704575
0,all,1.4226649323336007,0.034695882772932014,0.034695882772932014,1.0,4467,4467,0.19421232143704575
0,all,1.443537892789446,0.03140103725657904,0.03140103725657904,1.0,4467,4467,0.19421232143704575
0,all,1.4644108532452895,0.02837750821077432,0.02837750821077432,1.0,4467,4467,0.19421232143704575
0,all,1.4852838137011348,0.02560735636625396,0.02560735636625396,1.0,4467,4467,0.19421232143704575
0,all,1.5061567741569801,0.023074239380565208,0.023074239380565208,1.0,4467,4467,0.19421232143704575
0,all,1.5270297346128254,0.020763243112109107,0.020763243112109107,1.0,4467,4467,0.19421232143704575
0,all,1.547902695068669,0.01866069002429529,0.01866069002429529,1.0,4467,4467,0.19421232143704575
0,all,1.5687756555245143,0.016753921817034705,0.016753921817034705,1.0,4467,4467,0.19421232143704575
0,all,1.5896486159803596,0.015031061173372712,0.015031061173372712,1.0,4467,4467,0.19421232143704575
0,all,1.610521576436203,0.013480764251632549,0.013480764251632549,1.0,4467,4467,0.19421232143704575
0,all,1.6313945368920484,0.012091980353549196,0.012091980353549196,1.0,4467,4467,0.19421232143704575
0,all,1.6522674973478937,0.010853737486950921,0.010853737486950921,1.0,4467,4467,0.19421232143704575
0,all,1.673140457803739,0.009754972115197292,0.009754972115197292,1.0,4467,4467,0.19421232143704575
0,all,1.6940134182595825,0.008784418403777024,0.008784418403777024,1.0,4467,4467,0.19421232143704575
0,all,1.7148863787154278,0.00793056720852334,0.00793056720852334,1.0,4467,4467,0.19421232143704575
0,all,1.7357593391712731,0.007181698601219347,0.007181698601219347,1.0,4467,4467,0.19421232143704575
0,all,1.7566322996271184,0.006525984725763717,0.006525984725763717,1.0,4467,4467,0.19421232143704575
0,all,1.777505260082962,0.005951653069117986,0.005951653069117986,1.0,4467,4467,0.19421232143704575
0,all,1.7983782205388072,0.0054471945808338244,0.0054471945808338244,1.0,4467,4467,0.19421232143704575
0,all,1.8192511809946526,0.005001597082296128,0.005001597082296128,1.0,4467,4467,0.19421232143704575
0,all,1.840124141450496,0.0046045824486898815,0.0046045824486898815,1.0,4467,4467,0.19421232143704575
0,all,1.8609971019063414,0.0042468262508079425,0.0042468262508079425,1.0,4467,4467,0.19421232143704575
0,all,1.8818700623621867,0.003920140792463745,0.003920140792463745,1.0,4467,4467,0.19421232143704575
0,all,1.902743022818032,0.003617606440246832,0.003617606440246832,1.0,4467,4467,0.19421232143704575
0,all,1.9236159832738755,0.0033336413211997344,0.0033336413211997344,1.0,4467,4467,0.19421232143704575
0,all,1.9444889437297208,0.0030640052700867467,0.0030640052700867467,1.0,4467,4467,0.19421232143704575
0,all,1.965361904185566,0.0028057397260514328,0.0028057397260514328,1.0,4467,4467,0.19421232143704575
0,all,1.9862348646414114,0.0025570505374306746,0.0025570505374306746,1.0,4467,4467,0.19421232143704575
0,all,2.007107825097255,0.002317144864503691,0.002317144864503691,1.0,4467,4467,0.19421232143704575
0,all,2.0279807855531002,0.002086036248850884,0.002086036248850884,1.0,4467,4467,0.19421232143704575
0,all,2.0488537460089455,0.0018643332879387908,0.0018643332879387908,1.0,4467,4467,0.19421232143704575
0,all,2.069726706464789,0.0016530272269326706,0.0016530272269326706,1.0,4467,4467,0.19421232143704575
0,all,2.0905996669206344,0.0014532923208749656,0.0014532923208749656,1.0,4467,4467,0.19421232143704575
0,all,2.1114726273764797,0.0012663103124829083,0.0012663103124829083,1.0,4467,4467,0.19421232143704575
0,all,2.132345587832325,0.001093127172743249,0.001093127172743249,1.0,4467,4467,0.19421232143704575
0,all,2.1532185482881685,0.0009345467501528339,0.0009345467501528339,1.0,4467,4467,0.19421232143704575
0,all,2.174091508744014,0.0007910625394077524,0.0007910625394077524,1.0,4467,4467,0.19421232143704575
0,all,2.194964469199859,0.0006628257255753973,0.0006628257255753973,1.0,4467,4467,0.19421232143704575
0,all,2.2158374296557044,0.000549645216798015,0.000549645216798015,1.0,4467,4467,0.19421232143704575
0,all,2.236710390111548,0.00045101368264363064,0.00045101368264363064,1.0,4467,4467,0.19421232143704575
0,all,2.2575833505673932,0.00036615270480830234,0.00036615270480830234,1.0,4467,4467,0.19421232143704575
0,all,2.2784563110232385,0.000294069974532591,0.000294069974532591,1.0,4467,4467,0.19421232143704575
0,all,2.299329271479082,0.00023362192272818598,0.00023362192272818598,1.0,4467,4467,0.19421232143704575
0,all,2.3202022319349274,0.00018357608762511224,0.00018357608762511224,1.0,4467,4467,0.19421232143704575
0,all,2.3410751923907727,0.00014266873608564319,0.00014266873608564319,1.0,4467,4467,0.19421232143704575
0,all,2.361948152846618,0.00010965458849875425,0.00010965458849875425,1.0,4467,4467,0.19421232143704575
0,all,2.3828211133024615,8.334680549245195e-05,8.334680549245195e-05,1.0,4467,4467,0.19421232143704575
0,all,2.403694073758307,6.264656345585697e-05,6.264656345585697e-05,1.0,4467,4467,0.19421232143704575
0,all,2.424567034214152,4.6562499874452526e-05,4.6562499874452526e-05,1.0,4467,4467,0.19421232143704575
0,all,2.4454399946699974,3.422101204543379e-05,3.422101204543379e-05,1.0,4467,4467,0.19421232143704575
0,all,2.466312955125841,2.4868840754483858e-05,2.4868840754483858e-05,1.0,4467,4467,0.19421232143704575
0,all,2.4871859155816862,1.7869586806912077e-05,1.7869586806912077e-05,1.0,4467,4467,0.19421232143704575
0,all,2.5080588760375315,1.2695832876257727e-05,1.2695832876257727e-05,1.0,4467,4467,0.19421232143704575
0,all,2.528931836493375,8.918424413577635e-06,8.918424413577635e-06,1.0,4467,4467,0.19421232143704575
0,all,2.5498047969492204,6.19425089931486e-06,6.19425089931486e-06,1.0,4467,4467,0.19421232143704575
0,all,2.5706777574050657,4.253607598344961e-06,4.253607598344961e-06,1.0,4467,4467,0.19421232143704575
0,all,2.591550717860911,2.8879452773837704e-06,2.8879452773837704e-06,1.0,4467,4467,0.19421232143704575
0,all,2.6124236783167545,1.938558512254063e-06,1.938558512254063e-06,1.0,4467,4467,0.19421232143704575
0,all,2.6332966387726,1.2865400085923396e-06,1.2865400085923396e-06,1.0,4467,4467,0.19421232143704575
0,all,2.654169599228445,8.441479060189488e-07,8.441479060189488e-07,1.0,4467,4467,0.19421232143704575
0,all,2.6750425596842904,5.475975307877565e-07,5.475975307877565e-07,1.0,4467,4467,0.19421232143704575
0,all,2.695915520140134,3.511957368208662e-07,3.511957368208662e-07,1.0,4467,4467,0.19421232143704575
1,all,-7.970167272796567,1.7975053196121973e-93,1.7975053196121973e-93,1.0,433,433,0.19447607780887977
1,all,-7.949294312340722,1.5971344776084055e-92,1.5971344776084055e-92,1.0,433,433,0.19447607780887977
1,all,-7.928421351884877,1.4028457028231252e-91,1.4028457028231252e-91,1.0,433,433,0.19447607780887977
1,all,-7.9075483914290325,1.2180789775996949e-90,1.2180789775996949e-90,1.0,433,433,0.19447607780887977
1,all,-7.886675430973187,1.0455338794072382e-89,1.0455338794072382e-89,1.0,433,433,0.19447607780887977
1,all,-7.865802470517343,8.871517081574322e-89,8.871517081574322e-89,1.0,433,433,0.19447607780887977
1,all,-7.8449295100614975,7.44140251140887e-88,7.44140251140887e-88,1.0,433,433,0.19447607780887977
1,all,-7.824056549605653,6.170336095102456e-87,6.170336095102456e-87,1.0,433,433,0.19447607780887977
1,all,-7.803183589149808,5.0577803522018106e-86,5.0577803522018106e-86,1.0,433,433,0.19447607780887977
1,all,-7.782310628693963,4.098342314587679e-85,4.098342314587679e-85,1.0,433,433,0.19447607780887977
1,all,-7.761437668238118,3.282869474583112e-84,3.282869474583112e-84,1.0,433,433,0.19447607780887977
1,all,-7.740564707782274,2.5995377101901793e-83,2.5995377101901793e-83,1.0,433,433,0.19447607780887977
1,all,-7.719691747326429,2.0348656875223747e-82,2.0348656875223747e-82,1.0,433,433,0.19447607780887977
1,all,-7.698818786870584,1.574608153537206e-81,1.574608153537206e-81,1.0,433,433,0.19447607780887977
1,all,-7.6779458264147395,1.2044987781952767e-80,1.2044987781952767e-80,1.0,433,433,0.19447607780887977
1,all,-7.657072865958894,9.108300538459445e-80,9.108300538459445e-80,1.0,433,433,0.19447607780887977
1,all,-7.63619990550305,6.808719787307738e-79,6.808719787307738e-79,1.0,433,433,0.19447607780887977
1,all,-7.6153269450472045,5.031421377730807e-78,5.031421377730807e-78,1.0,433,433,0.19447607780887977
1,all,-7.59445398459136,3.6754713410628164e-77,3.6754713410628164e-77,1.0,433,433,0.19447607780887977
1,all,-7.573581024135515,2.6541930728412848e-76,2.6541930728412848e-76,1.0,433,433,0.19447607780887977
1,all,-7.55270806367967,1.8947377266224323e-75,1.8947377266224323e-75,1.0,433,433,0.19447607780887977
1,all,-7.531835103223825,1.3370966917947763e-74,1.3370966917947763e-74,1.0,433,433,0.19447607780887977
1,all,-7.510962142767981,9.327680172395022e-74,9.327680172395022e-74,1.0,433,433,0.19447607780887977
1,all,-7.490089182312136,6.432526727715127e-73,6.432526727715127e-73,1.0,433,433,0.19447607780887977
1,all,-7.469216221856291,4.3851724079912977e-72,4.3851724079912977e-72,1.0,433,433,0.19447607780887977
1,all,-7.448343261400447,2.9552135321267426e-71,2.9552135321267426e-71,1.0,433,433,0.19447607780887977
1,all,-7.427470300944601,1.9687391662672618e-70,1.9687391662672618e-70,1.0,433,433,0.19447607780887977
1,all,-7.406597340488757,1.2965361083961448e-69,1.2965361083961448e-69,1.0,433,433,0.19447607780887977
1,all,-7.3857243800329115,8.440694307902114e-69,8.440694307902114e-69,1.0,433,433,0.19447607780887977
1,all,-7.364851419577067,5.432113656136428e-68,5.432113656136428e-68,1.0,433,433,0.19447607780887977
1,all,-7.343978459121222,3.4558640131877424e-67,3.4558640131877424e-67,1.0,433,433,0.19447607780887977
1,all,-7.323105498665377,2.1734095053941217e-66,2.1734095053941217e-66,1.0,433,433,0.19447607780887977
1,all,-7.302232538209532,1.3512123311406994e-65,1.3512123311406994e-65,1.0,433,433,0.19447607780887977
1,all,-7.281359577753688,8.30429480436234e-65,8.30429480436234e-65,1.0,433,433,0.19447607780887977
1,all,-7.260486617297843,5.0452075535267433e-64,5.0452075535267433e-64,1.0,433,433,0.19447607780887977
1,all,-7.239613656841998,3.0300684313978123e-63,3.0300684313978123e-63,1.0,433,433,0.19447607780887977
1,all,-7.218740696386154,1.7989660060023464e-62,1.7989660060023464e-62,1.0,433,433,0.19447607780887977
1,all,-7.197867735930308,1.0558217333904585e-61,1.0558217333904585e-61,1.0,433,433,0.19447607780887977
1,all,-7.176994775474464,6.125694847801003e-61,6.125694847801003e-61,1.0,433,433,0.19447607780887977
1,all,-7.1561218150186185,3.51331621656248e-60,3.51331621656248e-60,1.0,433,433,0.19447607780887977
1,all,-7.135248854562774,1.991939953345675e-59,1.991939953345675e-59,1.0,433,433,0.19447607780887977
1,all,-7.114375894106929,1.1164322296048433e-58,1.1164322296048433e-58,1.0,433,433,0.19447607780887977
1,all,-7.093502933651084,6.185653787141971e-58,6.185653787141971e-58,1.0,433,433,0.19447607780887977
1,all,-7.072629973195239,3.387942045923032e-57,3.387942045923032e-57,1.0,433,433,0.19447607780887977
1,all,-7.051757012739395,1.8343552928723371e-56,1.8343552928723371e-56,1.0,433,433,0.19447607780887977
1,all,-7.03088405228355,9.818113813348367e-56,9.818113813348367e-56,1.0,433,433,0.19447607780887977
1,all,-7.010011091827705,5.194811434534722e-55,5.194811434534722e-55,1.0,433,433,0.19447607780887977
1,all,-6.989138131371861,2.7171188410319466e-54,2.7171188410319466e-54,1.0,433,433,0.19447607780887977
1,all,-6.968265170916015,1.4048973737689008e-53,1.4048973737689008e-53,1.0,433,433,0.19447607780887977
1,all,-6.947392210460171,7.180880308236917e-53,7.180880308236917e-53,1.0,433,433,0.19447607780887977
1,all,-6.926519250004326,3.628339324132461e-52,3.628339324132461e-52,1.0,433,433,0.19447607780887977
1,all,-6.905646289548481,1.8123214226963468e-51,1.8123214226963468e-51,1.0,433,433,0.19447607780887977
1,all,-6.884773329092637,8.948694316281457e-51,8.948694316281457e-51,1.0,433,433,0.19447607780887977
1,all,-6.863900368636791,4.367986047917455e-50,4.367986047917455e-50,1.0,433,433,0.19447607780887977
1,all,-6.843027408180946,2.1076569868539562e-49,2.1076569868539562e-49,1.0,433,433,0.19447607780887977
1,all,-6.822154447725102,1.0053464370035021e-48,1.0053464370035021e-48,1.0,433,433,0.19447607780887977
1,all,-6.801281487269257,4.7405493742206227e-48,4.7405493742206227e-48,1.0,433,433,0.19447607780887977
1,all,-6.780408526813412,2.2097275276567245e-47,2.2097275276567245e-47,1.0,433,433,0.19447607780887977
1,all,-6.759535566357568,1.0182300227890899e-46,1.0182300227890899e-46,1.0,433,433,0.19447607780887977
1,all,-6.738662605901722,4.638207683330699e-46,4.638207683330699e-46,1.0,433,433,0.19447607780887977
1,all,-6.717789645445878,2.088582353612988e-45,2.088582353612988e-45,1.0,433,433,0.19447607780887977
1,all,-6.696916684990033,9.297156429457694e-45,9.297156429457694e-45,1.0,433,433,0.19447607780887977
1,all,-6.676043724534188,4.091153671351001e-44,4.091153671351001e-44,1.0,433,433,0.19447607780887977
1,all,-6.655170764078344,1.7796662634212252e-43,1.7796662634212252e-43,1.0,433,433,0.19447607780887977
1,all,-6.634297803622498,7.652942729356566e-43,7.652942729356566e-43,1.0,433,433,0.19447607780887977
1,all,-6.613424843166653,3.2532353252222235e-42,3.2532353252222235e-42,1.0,433,433,0.19447607780887977
1,all,-6.592551882710809,1.3670978997985304e-41,1.3670978997985304e-41,1.0,433,433,0.19447607780887977
1,all,-6.571678922254964,5.679117749743888e-41,5.679117749743888e-41,1.0,433,433,0.19447607780887977
1,all,-6.550805961799119,2.332164880593871e-40,2.332164880593871e-40,1.0,433,433,0.19447607780887977
1,all,-6.529933001343275,9.467487698434597e-40,9.467487698434597e-40,1.0,433,433,0.19447607780887977
1,all,-6.509060040887429,3.7993330750463736e-39,3.7993330750463736e-39,1.0,433,433,0.19447607780887977
1,all,-6.488187080431585,1.5072215947215416e-38,1.5072215947215416e-38,1.0,433,433,0.19447607780887977
1,all,-6.46731411997574,5.910768740471428e-38,5.910768740471428e-38,1.0,433,433,0.19447607780887977
1,all,-6.446441159519895,2.2914371425833146e-37,2.2914371425833146e-37,1.0,433,433,0.19447607780887977
1,all,-6.425568199064051,8.781506953211726e-37,8.781506953211726e-37,1.0,433,433,0.19447607780887977
1,all,-6.404695238608205,3.3268044306968505e-36,3.3268044306968505e-36,1.0,433,433,0.19447607780887977
1,all,-6.38382227815236,1.24589835793493e-35,1.24589835793493e-35,1.0,433,433,0.19447607780887977
1,all,-6.362949317696516,4.612486161859507e-35,4.612486161859507e-35,1.0,433,433,0.19447607780887977
1,all,-6.342076357240671,1.6880474862999432e-34,1.6880474862999432e-34,1.0,433,433,0.19447607780887977
1,all,-6.321203396784826,6.107048421624415e-34,6.107048421624415e-34,1.0,433,433,0.19447607780887977
1,all,-6.300330436328982,2.1841134228298678e-33,2.1841134228298678e-33,1.0,433,433,0.19447607780887977
1,all,-6.279457475873136,7.721757043178803e-33,7.721757043178803e-33,1.0,433,433,0.19447607780887977
1,all,-6.258584515417292,2.698697448497285e-32,2.698697448497285e-32,1.0,433,433,0.19447607780887977
1,all,-6.237711554961447,9.323723473144926e-32,9.323723473144926e-32,1.0,433,433,0.19447607780887977
1,all,-6.216838594505602,3.1843565632180705e-31,3.1843565632180705e-31,1.0,433,433,0.19447607780887977
1,all,-6.195965634049758,1.075105586184331e-30,1.075105586184331e-30,1.0,433,433,0.19447607780887977
1,all,-6.1750926735939125,3.588208463266034e-30,3.588208463266034e-30,1.0,433,433,0.19447607780887977
1,all,-6.154219713138067,1.1838626920532101e-29,1.1838626920532101e-29,1.0,433,433,0.19447607780887977
1,all,-6.133346752682223,3.8611984520604296e-29,3.8611984520604296e-29,1.0,433,433,0.19447607780887977
1,all,-6.112473792226378,1.2449159547061612e-28,1.2449159547061612e-28,1.0,433,433,0.19447607780887977
1,all,-6.091600831770533,3.967848328470189e-28,3.967848328470189e-28,1.0,433,433,0.19447607780887977
1,all,-6.070727871314689,1.2501646467435825e-27,1.2501646467435825e-27,1.0,433,433,0.19447607780887977
1,all,-6.049854910858843,3.893825496093928e-27,3.893825496093928e-27,1.0,433,433,0.19447607780887977
1,all,-6.028981950402999,1.1988997679256259e-26,1.1988997679256259e-26,1.0,433,433,0.19447607780887977
1,all,-6.008108989947154,3.649105237995637e-26,3.649105237995637e-26,1.0,433,433,0.19447607780887977
1,all,-5.987236029491309,1.0979612705572305e-25,1.0979612705572305e-25,1.0,433,433,0.19447607780887977
1,all,-5.966363069035465,3.265763827887704e-25,3.265763827887704e-25,1.0,433,433,0.19447607780887977
1,all,-5.9454901085796195,9.602396798273673e-25,9.602396798273673e-25,1.0,433,433,0.19447607780887977
1,all,-5.924617148123774,2.7910758738807788e-24,2.7910758738807788e-24,1.0,433,433,0.19447607780887977
1,all,-5.90374418766793,8.019748660695284e-24,8.019748660695284e-24,1.0,433,433,0.19447607780887977
1,all,-5.882871227212085,2.2779647177234972e-23,2.2779647177234972e-23,1.0,433,433,0.19447607780887977
1,all,-5.86199826675624,6.396322451846766e-23,6.396322451846766e-23,1.0,433,433,0.19447607780887977
1,all,-5.841125306300396,1.775459728490387e-22,1.775459728490387e-22,1.0,433,433,0.19447607780887977
1,all,-5.820252345844551,4.871788468973662e-22,4.871788468973662e-22,1.0,433,433,0.19447607780887977
1,all,-5.799379385388706,1.321487747749946e-21,1.321487747749946e-21,1.0,433,433,0.19447607780887977
1,all,-5.778506424932861,3.543520741656431e-21,3.543520741656431e-21,1.0,433,433,0.19447607780887977
1,all,-5.757633464477016,9.39299168892928e-21,9.39299168892928e-21,1.0,433,433,0.19447607780887977
1,all,-5.736760504021172,2.4613309767176695e-20,2.4613309767176695e-20,1.0,433,433,0.19447607780887977
1,all,-5.7158875435653265,6.37577844951936e-20,6.37577844951936e-20,1.0,433,433,0.19447607780887977
1,all,-5.695014583109481,1.6326516740718694e-19,1.6326516740718694e-19,1.0,433,433,0.19447607780887977
1,all,-5.674141622653637,4.132862713842746e-19,4.132862713842746e-19,1.0,433,433,0.19447607780887977
1,all,-5.653268662197792,1.0342023985950108e-18,1.0342023985950108e-18,1.0,433,433,0.19447607780887977
1,all,-5.632395701741947,2.5583338837728207e-18,2.5583338837728207e-18,1.0,433,433,0.19447607780887977
1,all,-5.611522741286103,6.256133759662919e-18,6.256133759662919e-18,1.0,433,433,0.19447607780887977
1,all,-5.590649780830258,1.5123487402587533e-17,1.5123487402587533e-17,1.0,433,433,0.19447607780887977
1,all,-5.569776820374413,3.6140569575178197e-17,3.6140569575178197e-17,1.0,433,433,0.19447607780887977
1,all,-5.548903859918568,8.537587292676551e-17,8.537587292676551e-17,1.0,433,433,0.19447607780887977
1,all,-5.528030899462723,1.9937579958669145e-16,1.9937579958669145e-16,1.0,433,433,0.19447607780887977
1,all,-5.507157939006879,4.60263830624184e-16,4.60263830624184e-16,1.0,433,433,0.19447607780887977
1,all,-5.4862849785510335,1.0503604817432527e-15,1.0503604817432527e-15,1.0,433,433,0.19447607780887977
1,all,-5.465412018095188,2.3695562369842034e-15,2.3695562369842034e-15,1.0,433,433,0.19447607780887977
1,all,-5.444539057639344,5.284364757508751e-15,5.284364757508751e-15,1.0,433,433,0.19447607780887977
1,all,-5.423666097183499,1.1649725042333126e-14,1.1649725042333126e-14,1.0,433,433,0.19447607780887977
1,all,-5.402793136727654,2.5388420543329848e-14,2.5388420543329848e-14,1.0,433,433,0.19447607780887977
1,all,-5.38192017627181,5.469565308909915e-14,5.469565308909915e-14,1.0,433,433,0.19447607780887977
1,all,-5.361047215815965,1.164842108384201e-13,1.164842108384201e-13,1.0,433,433,0.19447607780887977
1,all,-5.34017425536012,2.4523272935054923e-13,2.4523272935054923e-13,1.0,433,433,0.19447607780887977
1,all,-5.319301294904275,5.103720964561167e-13,5.103720964561167e-13,1.0,433,433,0.19447607780887977
1,all,-5.29842833444843,1.0500078193842781e-12,1.0500078193842781e-12,1.0,433,433,0.19447607780887977
1,all,-5.277555373992586,2.135478802736463e-12,2.135478802736463e-12,1.0,433,433,0.19447607780887977
1,all,-5.2566824135367405,4.293338362599827e-12,4.293338362599827e-12,1.0,433,433,0.19447607780887977
1,all,-5.235809453080895,8.532810283985527e-12,8.532810283985527e-12,1.0,433,433,0.19447607780887977
1,all,-5.214936492625051,1.676432929966048e-11,1.676432929966048e-11,1.0,433,433,0.19447607780887977
1,all,-5.194063532169206,3.255947524788415e-11,3.255947524788415e-11,1.0,433,433,0.19447607780887977
1,all,-5.173190571713361,6.251233644042829e-11,6.251233644042829e-11,1.0,433,433,0.19447607780887977
1,all,-5.152317611257517,1.1864547685981203e-10,1.1864547685981203e-10,1.0,433,433,0.19447607780887977
1,all,-5.131444650801672,2.2260440888497724e-10,2.2260440888497724e-10,1.0,433,433,0.19447607780887977
1,all,-5.110571690345827,4.128701240239947e-10,4.128701240239947e-10,1.0,433,433,0.19447607780887977
1,all,-5.089698729889982,7.56990229941878e-10,7.56990229941878e-10,1.0,433,433,0.19447607780887977
1,all,-5.068825769434137,1.3720319081361264e-09,1.3720319081361264e-09,1.0,433,433,0.19447607780887977
1,all,-5.047952808978293,2.458302196543052e-09,2.458302196543052e-09,1.0,433,433,0.19447607780887977
1,all,-5.0270798485224475,4.354150612651225e-09,4.354150612651225e-09,1.0,433,433,0.19447607780887977
1,all,-5.006206888066602,7.623751754076638e-09,7.623751754076638e-09,1.0,433,433,0.19447607780887977
1,all,-4.985333927610758,1.3195661479632455e-08,1.3195661479632455e-08,1.0,433,433,0.19447607780887977
1,all,-4.964460967154913,2.257827225575748e-08,2.257827225575748e-08,1.0,433,433,0.19447607780887977
1,all,-4.943588006699068,3.818979842560905e-08,3.818979842560905e-08,1.0,433,433,0.19447607780887977
1,all,-4.922715046243224,6.385591717184835e-08,6.385591717184835e-08,1.0,433,433,0.19447607780887977
1,all,-4.901842085787379,1.0554849586425381e-07,1.0554849586425381e-07,1.0,433,433,0.19447607780887977
1,all,-4.880969125331534,1.7246464184348846e-07,1.7246464184348846e-07,1.0,433,433,0.19447607780887977
1,all,-4.860096164875689,2.785769720336872e-07,2.785769720336872e-07,1.0,433,433,0.19447607780887977
1,all,-4.839223204419844,4.4482324790806554e-07,4.4482324790806554e-07,1.0,433,433,0.19447607780887977
1,all,-4.818350243964,7.021450857688103e-07,7.021450857688103e-07,1.0,433,433,0.19447607780887977
1,all,-4.7974772835081545,1.0956286114619337e-06,1.0956286114619337e-06,1.0,433,433,0.19447607780887977
1,all,-4.776604323052309,1.690040024318768e-06,1.690040024318768e-06,1.0,433,433,0.19447607780887977
1,all,-4.755731362596465,2.577079020066324e-06,2.577079020066324e-06,1.0,433,433,0.19447607780887977
1,all,-4.73485840214062,3.884683146260527e-06,3.884683146260527e-06,1.0,433,433,0.19447607780887977
1,all,-4.713985441684775,5.788693937875079e-06,5.788693937875079e-06,1.0,433,433,0.19447607780887977
1,all,-4.693112481228931,8.527126290427041e-06,8.527126290427041e-06,1.0,433,433,0.19447607780887977
1,all,-4.672239520773086,1.2417149867120522e-05,1.2417149867120522e-05,1.0,433,433,0.19447607780887977
1,all,-4.651366560317241,1.7874679812117246e-05,1.7874679812117246e-05,1.0,433,433,0.19447607780887977
1,all,-4.630493599861396,2.543617122835187e-05,2.543617122835187e-05,1.0,433,433,0.19447607780887977
1,all,-4.609620639405551,3.57818119703228e-05,3.57818119703228e-05,1.0,433,433,0.19447607780887977
1,all,-4.588747678949707,4.975881614370381e-05,4.975881614370381e-05,1.0,433,433,0.19447607780887977
1,all,-4.5678747184938615,6.840295594245944e-05,6.840295594245944e-05,1.0,433,433,0.19447607780887977
1,all,-4.547001758038016,9.295587014805125e-05,9.295587014805125e-05,1.0,433,433,0.19447607780887977
1,all,-4.526128797582172,0.00012487511240842232,0.00012487511240842232,1.0,433,433,0.19447607780887977
1,all,-4.505255837126327,0.00016583343029764753,0.00016583343029764753,1.0,433,433,0.19447607780887977
1,all,-4.484382876670482,0.00021770349286556723,0.00021770349286556723,1.0,433,433,0.19447607780887977
1,all,-4.463509916214638,0.0002825243147368091,0.0002825243147368091,1.0,433,433,0.19447607780887977
1,all,-4.442636955758793,0.00036244606077141757,0.00036244606077141757,1.0,433,433,0.19447607780887977
1,all,-4.421763995302948,0.00045965084024644667,0.00045965084024644667,1.0,433,433,0.19447607780887977
1,all,-4.400891034847103,0.0005762485601535151,0.0005762485601535151,1.0,433,433,0.19447607780887977
1,all,-4.380018074391258,0.0007141488952492583,0.0007141488952492583,1.0,433,433,0.19447607780887977
1,all,-4.359145113935414,0.000874912869279406,0.000874912869279406,1.0,433,433,0.19447607780887977
1,all,-4.3382721534795685,0.0010595902691790068,0.0010595902691790068,1.0,433,433,0.19447607780887977
1,all,-4.317399193023723,0.0012685518949345528,0.0012685518949345528,1.0,433,433,0.19447607780887977
1,all,-4.296526232567879,0.001501328178808785,0.001501328178808785,1.0,433,433,0.19447607780887977
1,all,-4.275653272112034,0.001756467645011267,0.001756467645011267,1.0,433,433,0.19447607780887977
1,all,-4.254780311656189,0.0020314296785555077,0.0020314296785555077,1.0,433,433,0.19447607780887977
1,all,-4.233907351200345,0.002322525828432415,0.002322525828432415,1.0,433,433,0.19447607780887977
1,all,-4.2130343907445,0.002624922178380276,0.002624922178380276,1.0,433,433,0.19447607780887977
1,all,-4.192161430288655,0.0029327121118439448,0.0029327121118439448,1.0,433,433,0.19447607780887977
1,all,-4.17128846983281,0.003239064183443282,0.003239064183443282,1.0,433,433,0.19447607780887977
1,all,-4.150415509376965,0.0035364440822289946,0.0035364440822289946,1.0,433,433,0.19447607780887977
1,all,-4.129542548921121,0.0038169033031820554,0.0038169033031820554,1.0,433,433,0.19447607780887977
1,all,-4.1086695884652755,0.004072420741541596,0.004072420741541596,1.0,433,433,0.19447607780887977
1,all,-4.08779662800943,0.0042952776729612155,0.0042952776729612155,1.0,433,433,0.19447607780887977
1,all,-4.066923667553587,0.004478442158042545,0.004478442158042545,1.0,433,433,0.19447607780887977
1,all,-4.046050707097741,0.00461593639429809,0.00461593639429809,1.0,433,433,0.19447607780887977
1,all,-4.025177746641896,0.004703160335674774,0.004703160335674774,1.0,433,433,0.19447607780887977
1,all,-4.004304786186052,0.004737147170148547,0.004737147170148547,1.0,433,433,0.19447607780887977
1,all,-3.983431825730207,0.004716730872281261,0.004716730872281261,1.0,433,433,0.19447607780887977
1,all,-3.962558865274362,0.004642612636220962,0.004642612636220962,1.0,433,433,0.19447607780887977
1,all,-3.9416859048185175,0.004517320914823712,0.004517320914823712,1.0,433,433,0.19447607780887977
1,all,-3.9208129443626722,0.004345068248326265,0.004345068248326265,1.0,433,433,0.19447607780887977
1,all,-3.899939983906828,0.004131516200801599,0.004131516200801599,1.0,433,433,0.19447607780887977
1,all,-3.8790670234509825,0.0038834667142416575,0.0038834667142416575,1.0,433,433,0.19447607780887977
1,all,-3.858194062995138,0.0036085033594041,0.0036085033594041,1.0,433,433,0.19447607780887977
1,all,-3.837321102539293,0.0033146088519103384,0.0033146088519103384,1.0,433,433,0.19447607780887977
1,all,-3.8164481420834484,0.0030097856241488932,0.0030097856241488932,1.0,433,433,0.19447607780887977
1,all,-3.795575181627603,0.002701704292395757,0.002701704292395757,1.0,433,433,0.19447607780887977
1,all,-3.7747022211717587,0.0023974008832470953,0.0023974008832470953,1.0,433,433,0.19447607780887977
1,all,-3.7538292607159134,0.002103038229646023,0.002103038229646023,1.0,433,433,0.19447607780887977
1,all,-3.732956300260069,0.0018237406769064618,0.0018237406769064618,1.0,433,433,0.19447607780887977
1,all,-3.7120833398042246,0.0015635048436785286,0.0015635048436785286,1.0,433,433,0.19447607780887977
1,all,-3.6912103793483793,0.0013251832959073576,0.0013251832959073576,1.0,433,433,0.19447607780887977
1,all,-3.670337418892535,0.0011105331224295803,0.0011105331224295803,1.0,433,433,0.19447607780887977
1,all,-3.6494644584366895,0.000920317887079457,0.000920317887079457,1.0,433,433,0.19447607780887977
1,all,-3.628591497980845,0.0007544494226820791,0.0007544494226820791,1.0,433,433,0.19447607780887977
1,all,-3.607718537525,0.0006121553934623398,0.0006121553934623398,1.0,433,433,0.19447607780887977
1,all,-3.5868455770691554,0.0004921592970108252,0.0004921592970108252,1.0,433,433,0.19447607780887977
1,all,-3.56597261661331,0.0003928613075737986,0.0003928613075737986,1.0,433,433,0.19447607780887977
1,all,-3.5450996561574657,0.0003125107213739742,0.0003125107213739742,1.0,433,433,0.19447607780887977
1,all,-3.5242266957016204,0.0002493633832030387,0.0002493633832030387,1.0,433,433,0.19447607780887977
1,all,-3.503353735245776,0.00020182001443006247,0.00020182001443006247,1.0,433,433,0.19447607780887977
1,all,-3.4824807747899316,0.00016854355201494098,0.00016854355201494098,1.0,433,433,0.19447607780887977
1,all,-3.4616078143340863,0.00014855525540908486,0.00014855525540908486,1.0,433,433,0.19447607780887977
1,all,-3.440734853878242,0.00014131034375136048,0.00014131034375136048,1.0,433,433,0.19447607780887977
1,all,-3.4198618934223965,0.00014675427897604417,0.00014675427897604417,1.0,433,433,0.19447607780887977
1,all,-3.398988932966552,0.00016536058040677847,0.00016536058040677847,1.0,433,433,0.19447607780887977
1,all,-3.378115972510707,0.00019815037749352436,0.00019815037749352436,1.0,433,433,0.19447607780887977
1,all,-3.3572430120548624,0.0002466929622043665,0.0002466929622043665,1.0,433,433,0.19447607780887977
1,all,-3.336370051599017,0.00031308560373730776,0.00031308560373730776,1.0,433,433,0.19447607780887977
1,all,-3.3154970911431727,0.0003999100590066791,0.0003999100590066791,1.0,433,433,0.19447607780887977
1,all,-3.2946241306873274,0.0005101627673398339,0.0005101627673398339,1.0,433,433,0.19447607780887977
1,all,-3.273751170231483,0.0006471558426576091,0.0006471558426576091,1.0,433,433,0.19447607780887977
1,all,-3.2528782097756386,0.0008143868075436747,0.0008143868075436747,1.0,433,433,0.19447607780887977
1,all,-3.2320052493197933,0.0010153766185544391,0.0010153766185544391,1.0,433,433,0.19447607780887977
1,all,-3.211132288863949,0.0012534778921424923,0.0012534778921424923,1.0,433,433,0.19447607780887977
1,all,-3.1902593284081036,0.0015316582380850955,0.0015316582380850955,1.0,433,433,0.19447607780887977
1,all,-3.169386367952259,0.0018522670210273475,0.0018522670210273475,1.0,433,433,0.19447607780887977
1,all,-3.148513407496414,0.0022167973813509104,0.0022167973813509104,1.0,433,433,0.19447607780887977
1,all,-3.1276404470405694,0.0026256585552450235,0.0026256585552450235,1.0,433,433,0.19447607780887977
1,all,-3.106767486584724,0.0030779759945367057,0.0030779759945367057,1.0,433,433,0.19447607780887977
1,all,-3.0858945261288797,0.0035714380512746513,0.0035714380512746513,1.0,433,433,0.19447607780887977
1,all,-3.0650215656730353,0.004102207664437721,0.004102207664437721,1.0,433,433,0.19447607780887977
1,all,-3.04414860521719,0.004664915281903412,0.004664915281903412,1.0,433,433,0.19447607780887977
1,all,-3.0232756447613456,0.005252745052562781,0.005252745052562781,1.0,433,433,0.19447607780887977
1,all,-3.0024026843055003,0.005857620225619913,0.005857620225619913,1.0,433,433,0.19447607780887977
1,all,-2.981529723849656,0.00647048602825101,0.00647048602825101,1.0,433,433,0.19447607780887977
1,all,-2.9606567633938106,0.007081679626886197,0.007081679626886197,1.0,433,433,0.19447607780887977
1,all,-2.939783802937966,0.007681367884574009,0.007681367884574009,1.0,433,433,0.19447607780887977
1,all,-2.918910842482121,0.008260025423360332,0.008260025423360332,1.0,433,433,0.19447607780887977
1,all,-2.8980378820262764,0.008808918955859885,0.008808918955859885,1.0,433,433,0.19447607780887977
1,all,-2.877164921570431,0.009320559877858956,0.009320559877858956,1.0,433,433,0.19447607780887977
1,all,-2.8562919611145867,0.00978908645447637,0.00978908645447637,1.0,433,433,0.19447607780887977
1,all,-2.8354190006587423,0.010210540042940676,0.010210540042940676,1.0,433,433,0.19447607780887977
1,all,-2.814546040202897,0.010583006759180466,0.010583006759180466,1.0,433,433,0.19447607780887977
1,all,-2.7936730797470526,0.010906606470457615,0.010906606470457615,1.0,433,433,0.19447607780887977
1,all,-2.7728001192912073,0.01118332420641792,0.01118332420641792,1.0,433,433,0.19447607780887977
1,all,-2.751927158835363,0.011416693863768567,0.011416693863768567,1.0,433,433,0.19447607780887977
1,all,-2.7310541983795176,0.011611358985377325,0.011611358985377325,1.0,433,433,0.19447607780887977
1,all,-2.710181237923673,0.011772548829915087,0.011772548829915087,1.0,433,433,0.19447607780887977
1,all,-2.689308277467828,0.011905518352754517,0.011905518352754517,1.0,433,433,0.19447607780887977
1,all,-2.6684353170119834,0.012015006751674604,0.012015006751674604,1.0,433,433,0.19447607780887977
1,all,-2.647562356556138,0.012104769945575479,0.012104769945575479,1.0,433,433,0.19447607780887977
1,all,-2.6266893961002937,0.01217723733871528,0.01217723733871528,1.0,433,433,0.19447607780887977
1,all,-2.6058164356444493,0.012233332682533463,0.012233332682533463,1.0,433,433,0.19447607780887977
1,all,-2.584943475188604,0.012272483617880454,0.012272483617880454,1.0,433,433,0.19447607780887977
1,all,-2.5640705147327596,0.012292825964499484,0.012292825964499484,1.0,433,433,0.19447607780887977
1,all,-2.5431975542769143,0.01229158885312941,0.01229158885312941,1.0,433,433,0.19447607780887977
1,all,-2.52232459382107,0.012265627433761889,0.012265627433761889,1.0,433,433,0.19447607780887977
1,all,-2.5014516333652246,0.01221205321000189,0.01221205321000189,1.0,433,433,0.19447607780887977
1,all,-2.48057867290938,0.012128899879276907,0.012128899879276907,1.0,433,433,0.19447607780887977
1,all,-2.459705712453535,0.012015756290394924,0.012015756290394924,1.0,433,433,0.19447607780887977
1,all,-2.4388327519976905,0.011874298543969168,0.011874298543969168,1.0,433,433,0.19447607780887977
1,all,-2.417959791541845,0.01170866043971582,0.01170866043971582,1.0,433,433,0.19447607780887977
1,all,-2.3970868310860007,0.01152559479428332,0.01152559479428332,1.0,433,433,0.19447607780887977
1,all,-2.3762138706301563,0.011334396359374171,0.011334396359374171,1.0,433,433,0.19447607780887977
1,all,-2.355340910174311,0.011146578420110137,0.011146578420110137,1.0,433,433,0.19447607780887977
1,all,-2.3344679497184666,0.010975317610711487,0.010975317610711487,1.0,433,433,0.19447607780887977
1,all,-2.3135949892626213,0.010834702932884206,0.010834702932884206,1.0,433,433,0.19447607780887977
1,all,-2.292722028806777,0.010738843420473175,0.010738843420473175,1.0,433,433,0.19447607780887977
1,all,-2.2718490683509316,0.010700902700944976,0.010700902700944976,1.0,433,433,0.19447607780887977
1,all,-2.250976107895087,0.010732136661031538,0.010732136661031538,1.0,433,433,0.19447607780887977
1,all,-2.230103147439242,0.010841011880548323,0.010841011880548323,1.0,433,433,0.19447607780887977
1,all,-2.2092301869833975,0.01103247738549358,0.01103247738549358,1.0,433,433,0.19447607780887977
1,all,-2.188357226527552,0.011307451079231319,0.011307451079231319,1.0,433,433,0.19447607780887977
1,all,-2.1674842660717077,0.011662565925055914,0.011662565925055914,1.0,433,433,0.19447607780887977
1,all,-2.1466113056158633,0.012090200960629576,0.012090200960629576,1.0,433,433,0.19447607780887977
1,all,-2.125738345160018,0.012578800191519132,0.012578800191519132,1.0,433,433,0.19447607780887977
1,all,-2.1048653847041736,0.013113460152589846,0.013113460152589846,1.0,433,433,0.19447607780887977
1,all,-2.0839924242483283,0.013676746266712728,0.013676746266712728,1.0,433,433,0.19447607780887977
1,all,-2.063119463792484,0.01424968076370081,0.01424968076370081,1.0,433,433,0.19447607780887977
1,all,-2.0422465033366386,0.014812832277346422,0.014812832277346422,1.0,433,433,0.19447607780887977
1,all,-2.021373542880794,0.015347430358262673,0.015347430358262673,1.0,433,433,0.19447607780887977
1,all,-2.000500582424949,0.0158364275856461,0.0158364275856461,1.0,433,433,0.19447607780887977
1,all,-1.9796276219691045,0.016265437746733075,0.016265437746733075,1.0,433,433,0.19447607780887977
1,all,-1.95875466151326,0.016623490128371374,0.016623490128371374,1.0,433,433,0.19447607780887977
1,all,-1.9378817010574148,0.016903556249101642,0.016903556249101642,1.0,433,433,0.19447607780887977
1,all,-1.9170087406015703,0.017102824828191247,0.017102824828191247,1.0,433,433,0.19447607780887977
1,all,-1.896135780145725,0.017222721613441072,0.017222721613441072,1.0,433,433,0.19447607780887977
1,all,-1.8752628196898806,0.017268690922720757,0.017268690922720757,1.0,433,433,0.19447607780887977
1,all,-1.8543898592340353,0.017249773523115672,0.017249773523115672,1.0,433,433,0.19447607780887977
1,all,-1.833516898778191,0.01717802917962601,0.01717802917962601,1.0,433,433,0.19447607780887977
1,all,-1.8126439383223456,0.0170678607012337,0.0170678607012337,1.0,433,433,0.19447607780887977
1,all,-1.7917709778665012,0.01693529901000768,0.01693529901000768,1.0,433,433,0.19447607780887977
1,all,-1.770898017410656,0.01679730569262553,0.01679730569262553,1.0,433,433,0.19447607780887977
1,all,-1.7500250569548115,0.016671141298232633,0.016671141298232633,1.0,433,433,0.19447607780887977
1,all,-1.729152096498967,0.016573835469750893,0.016573835469750893,1.0,433,433,0.19447607780887977
1,all,-1.7082791360431218,0.016521780352881266,0.016521780352881266,1.0,433,433,0.19447607780887977
1,all,-1.6874061755872773,0.016530453318298947,0.016530453318298947,1.0,433,433,0.19447607780887977
1,all,-1.666533215131432,0.016614260546865628,0.016614260546865628,1.0,433,433,0.19447607780887977
1,all,-1.6456602546755876,0.016786480957095454,0.016786480957095454,1.0,433,433,0.19447607780887977
1,all,-1.6247872942197423,0.01705928143928695,0.01705928143928695,1.0,433,433,0.19447607780887977
1,all,-1.603914333763898,0.017443770083333282,0.017443770083333282,1.0,433,433,0.19447607780887977
1,all,-1.5830413733080526,0.017950054217740326,0.017950054217740326,1.0,433,433,0.19447607780887977
1,all,-1.5621684128522082,0.018587274280677656,0.018587274280677656,1.0,433,433,0.19447607780887977
1,all,-1.541295452396363,0.019363592038781317,0.019363592038781317,1.0,433,433,0.19447607780887977
1,all,-1.5204224919405185,0.020286121334096657,0.020286121334096657,1.0,433,433,0.19447607780887977
1,all,-1.499549531484674,0.021360800051220822,0.021360800051220822,1.0,433,433,0.19447607780887977
1,all,-1.4786765710288288,0.022592211991609556,0.022592211991609556,1.0,433,433,0.19447607780887977
1,all,-1.4578036105729844,0.023983375579935972,0.023983375579935972,1.0,433,433,0.19447607780887977
1,all,-1.436930650117139,0.025535521843772807,0.025535521843772807,1.0,433,433,0.19447607780887977
1,all,-1.4160576896612946,0.027247886336104955,0.027247886336104955,1.0,433,433,0.19447607780887977
1,all,-1.3951847292054493,0.029117538517562765,0.029117538517562765,1.0,433,433,0.19447607780887977
1,all,-1.374311768749605,0.031139267979030907,0.031139267979030907,1.0,433,433,0.19447607780887977
1,all,-1.3534388082937596,0.033305540600875976,0.033305540600875976,1.0,433,433,0.19447607780887977
1,all,-1.3325658478379152,0.03560653046676082,0.03560653046676082,1.0,433,433,0.19447607780887977
1,all,-1.31169288738207,0.038030226374938164,0.038030226374938164,1.0,433,433,0.19447607780887977
1,all,-1.2908199269262255,0.040562606346122486,0.040562606346122486,1.0,433,433,0.19447607780887977
1,all,-1.269946966470381,0.04318787055728423,0.04318787055728423,1.0,433,433,0.19447607780887977
1,all,-1.2490740060145358,0.04588872310725403,0.04588872310725403,1.0,433,433,0.19447607780887977
1,all,-1.2282010455586914,0.04864669582664928,0.04864669582664928,1.0,433,433,0.19447607780887977
1,all,-1.207328085102846,0.05144251225388281,0.05144251225388281,1.0,433,433,0.19447607780887977
1,all,-1.1864551246470016,0.0542564956594037,0.0542564956594037,1.0,433,433,0.19447607780887977
1,all,-1.1655821641911563,0.05706903002923028,0.05706903002923028,1.0,433,433,0.19447607780887977
1,all,-1.144709203735312,0.059861085576662955,0.059861085576662955,1.0,433,433,0.19447607780887977
1,all,-1.1238362432794666,0.06261481925462874,0.06261481925462874,1.0,433,433,0.19447607780887977
1,all,-1.1029632828236222,0.06531425506207002,0.06531425506207002,1.0,433,433,0.19447607780887977
1,all,-1.082090322367777,0.06794603863026955,0.06794603863026955,1.0,433,433,0.19447607780887977
1,all,-1.0612173619119325,0.07050024648387143,0.07050024648387143,1.0,433,433,0.19447607780887977
1,all,-1.040344401456088,0.07297121419166296,0.07297121419166296,1.0,433,433,0.19447607780887977
1,all,-1.0194714410002428,0.07535833170425955,0.07535833170425955,1.0,433,433,0.19447607780887977
1,all,-0.9985984805443984,0.07766674119917556,0.07766674119917556,1.0,433,433,0.19447607780887977
1,all,-0.9777255200885531,0.07990786531683017,0.07990786531683017,1.0,433,433,0.19447607780887977
1,all,-0.9568525596327087,0.08209969386239659,0.08209969386239659,1.0,433,433,0.19447607780887977
1,all,-0.9359795991768634,0.08426676607035986,0.08426676607035986,1.0,433,433,0.19447607780887977
1,all,-0.9151066387210189,0.08643980343855236,0.08643980343855236,1.0,433,433,0.19447607780887977
1,all,-0.8942336782651736,0.08865497375492096,0.08865497375492096,1.0,433,433,0.19447607780887977
1,all,-0.8733607178093292,0.09095279793481095,0.09095279793481095,1.0,433,433,0.19447607780887977
1,all,-0.8524877573534839,0.09337674445079033,0.09337674445079033,1.0,433,433,0.19447607780887977
1,all,-0.8316147968976395,0.09597158778710753,0.09597158778710753,1.0,433,433,0.19447607780887977
1,all,-0.8107418364417951,0.09878163380813829,0.09878163380813829,1.0,433,433,0.19447607780887977
1,all,-0.7898688759859498,0.10184893300560167,0.10184893300560167,1.0,433,433,0.19447607780887977
1,all,-0.7689959155301054,0.105211609999761,0.105211609999761,1.0,433,433,0.19447607780887977
1,all,-0.7481229550742601,0.10890243332584575,0.10890243332584575,1.0,433,433,0.19447607780887977
1,all,-0.7272499946184157,0.1129477336642681,0.1129477336642681,1.0,433,433,0.19447607780887977
1,all,-0.7063770341625704,0.11736675275624375,0.11736675275624375,1.0,433,433,0.19447607780887977
1,all,-0.685504073706726,0.12217147181009722,0.12217147181009722,1.0,433,433,0.19447607780887977
1,all,-0.6646311132508806,0.12736693047411346,0.12736693047411346,1.0,433,433,0.19447607780887977
1,all,-0.6437581527950362,0.13295200895247217,0.13295200895247217,1.0,433,433,0.19447607780887977
1,all,-0.6228851923391909,0.13892060998492736,0.13892060998492736,1.0,433,433,0.19447607780887977
1,all,-0.6020122318833465,0.14526314715017732,0.14526314715017732,1.0,433,433,0.19447607780887977
1,all,-0.5811392714275021,0.15196822352487346,0.15196822352487346,1.0,433,433,0.19447607780887977
1,all,-0.5602663109716568,0.15902437152767393,0.15902437152767393,1.0,433,433,0.19447607780887977
1,all,-0.5393933505158124,0.16642172134037247,0.16642172134037247,1.0,433,433,0.19447607780887977
1,all,-0.5185203900599671,0.17415347140459342,0.17415347140459342,1.0,433,433,0.19447607780887977
1,all,-0.49764742960412267,0.18221704931599456,0.18221704931599456,1.0,433,433,0.19447607780887977
1,all,-0.47677446914827737,0.19061487372066868,0.19061487372066868,1.0,433,433,0.19447607780887977
1,all,-0.45590150869243296,0.1993546560247176,0.1993546560247176,1.0,433,433,0.19447607780887977
1,all,-0.43502854823658765,0.20844921314728898,0.20844921314728898,1.0,433,433,0.19447607780887977
1,all,-0.41415558778074324,0.21791579733805516,0.21791579733805516,1.0,433,433,0.19447607780887977
1,all,-0.3932826273248988,0.227774984266751,0.227774984266751,1.0,433,433,0.19447607780887977
1,all,-0.3724096668690535,0.2380491940457616,0.2380491940457616,1.0,433,433,0.19447607780887977
1,all,-0.3515367064132091,0.24876094928863426,0.24876094928863426,1.0,433,433,0.19447607780887977
1,all,-0.3306637459573638,0.259930997378315,0.259930997378315,1.0,433,433,0.19447607780887977
1,all,-0.3097907855015194,0.2715764385365751,0.2715764385365751,1.0,433,433,0.19447607780887977
1,all,-0.2889178250456741,0.28370900509659497,0.28370900509659497,1.0,433,433,0.19447607780887977
1,all,-0.2680448645898297,0.2963336292764034,0.2963336292764034,1.0,433,433,0.19447607780887977
1,all,-0.24717190413398438,0.30944741640172474,0.30944741640172474,1.0,433,433,0.19447607780887977
1,all,-0.22629894367813996,0.3230391088500438,0.3230391088500438,1.0,433,433,0.19447607780887977
1,all,-0.20542598322229466,0.33708908528037757,0.33708908528037757,1.0,433,433,0.19447607780887977
1,all,-0.18455302276645025,0.35156989358107066,0.35156989358107066,1.0,433,433,0.19447607780887977
1,all,-0.16368006231060583,0.36644726902061453,0.36644726902061453,1.0,433,433,0.19447607780887977
1,all,-0.14280710185476053,0.38168154640982876,0.38168154640982876,1.0,433,433,0.19447607780887977
1,all,-0.12193414139891612,0.3972293415526569,0.3972293415526569,1.0,433,433,0.19447607780887977
1,all,-0.10106118094307082,0.41304535679885557,0.41304535679885557,1.0,433,433,0.19447607780887977
1,all,-0.0801882204872264,0.42908416041865355,0.42908416041865355,1.0,433,433,0.19447607780887977
1,all,-0.0593152600313811,0.44530180002969355,0.44530180002969355,1.0,433,433,0.19447607780887977
1,all,-0.03844229957553669,0.4616571344475403,0.4616571344475403,1.0,433,433,0.19447607780887977
1,all,-0.017569339119691385,0.4781128021662522,0.4781128021662522,1.0,433,433,0.19447607780887977
1,all,0.0033036213361530287,0.4946357829068857,0.4946357829068857,1.0,433,433,0.19447607780887977
1,all,0.02417658179199833,0.5111975455189897,0.5111975455189897,1.0,433,433,0.19447607780887977
1,all,0.045049542247842744,0.5277738057262528,0.5277738057262528,1.0,433,433,0.19447607780887977
1,all,0.06592250270368805,0.5443439369898633,0.5443439369898633,1.0,433,433,0.19447607780887977
1,all,0.08679546315953157,0.5608900855203616,0.5608900855203616,1.0,433,433,0.19447607780887977
1,all,0.10766842361537687,0.5773960370971545,0.5773960370971545,1.0,433,433,0.19447607780887977
1,all,0.12854138407122218,0.5938458720909437,0.5938458720909437,1.0,433,433,0.19447607780887977
1,all,0.14941434452706748,0.6102224308847709,0.6102224308847709,1.0,433,433,0.19447607780887977
1,all,0.170287304982911,0.6265056004459527,0.6265056004459527,1.0,433,433,0.19447607780887977
1,all,0.1911602654387563,0.6426704293710865,0.6426704293710865,1.0,433,433,0.19447607780887977
1,all,0.2120332258946016,0.6586850869959031,0.6586850869959031,1.0,433,433,0.19447607780887977
1,all,0.2329061863504469,0.6745087033695065,0.6745087033695065,1.0,433,433,0.19447607780887977
1,all,0.25377914680629043,0.6900891593889809,0.6900891593889809,1.0,433,433,0.19447607780887977
1,all,0.27465210726213574,0.7053609357390492,0.7053609357390492,1.0,433,433,0.19447607780887977
1,all,0.29552506771798104,0.7202431688986582,0.7202431688986582,1.0,433,433,0.19447607780887977
1,all,0.31639802817382456,0.7346380947091757,0.7346380947091757,1.0,433,433,0.19447607780887977
1,all,0.33727098862966987,0.7484300774522208,0.7484300774522208,1.0,433,433,0.19447607780887977
1,all,0.35814394908551517,0.7614854192622413,0.7614854192622413,1.0,433,433,0.19447607780887977
1,all,0.37901690954136047,0.7736531179105318,0.7736531179105318,1.0,433,433,0.19447607780887977
1,all,0.399889869997204,0.7847666908386646,0.7847666908386646,1.0,433,433,0.19447607780887977
1,all,0.4207628304530493,0.794647113589453,0.794647113589453,1.0,433,433,0.19447607780887977
1,all,0.4416357909088946,0.8031068383219067,0.8031068383219067,1.0,433,433,0.19447607780887977
1,all,0.4625087513647399,0.8099547718157826,0.8099547718157826,1.0,433,433,0.19447607780887977
1,all,0.4833817118205834,0.8150020119514905,0.8150020119514905,1.0,433,433,0.19447607780887977
1,all,0.5042546722764287,0.8180680761196273,0.8180680761196273,1.0,433,433,0.19447607780887977
1,all,0.525127632732274,0.8189873114469368,0.8189873114469368,1.0,433,433,0.19447607780887977
1,all,0.5460005931881176,0.8176151592816708,0.8176151592816708,1.0,433,433,0.19447607780887977
1,all,0.5668735536439629,0.8138339558228636,0.8138339558228636,1.0,433,433,0.19447607780887977
1,all,0.5877465140998082,0.8075579845326413,0.8075579845326413,1.0,433,433,0.19447607780887977
1,all,0.6086194745556535,0.7987375487093992,0.7987375487093992,1.0,433,433,0.19447607780887977
1,all,0.629492435011497,0.7873618972111489,0.7873618972111489,1.0,433,433,0.19447607780887977
1,all,0.6503653954673423,0.7734609050989597,0.7734609050989597,1.0,433,433,0.19447607780887977
1,all,0.6712383559231876,0.7571054768218216,0.7571054768218216,1.0,433,433,0.19447607780887977
1,all,0.6921113163790329,0.7384066969945872,0.7384066969945872,1.0,433,433,0.19447607780887977
1,all,0.7129842768348764,0.7175137995911699,0.7175137995911699,1.0,433,433,0.19447607780887977
1,all,0.7338572372907217,0.6946110596987054,0.6946110596987054,1.0,433,433,0.19447607780887977
1,all,0.754730197746567,0.6699137342632725,0.6699137342632725,1.0,433,433,0.19447607780887977
1,all,0.7756031582024105,0.6436631924683254,0.6436631924683254,1.0,433,433,0.19447607780887977
1,all,0.7964761186582558,0.6161213861629818,0.6161213861629818,1.0,433,433,0.19447607780887977
1,all,0.8173490791141012,0.5875648194695704,0.5875648194695704,1.0,433,433,0.19447607780887977
1,all,0.8382220395699465,0.5582781866305765,0.5582781866305765,1.0,433,433,0.19447607780887977
1,all,0.85909500002579,0.5285478589578143,0.5285478589578143,1.0,433,433,0.19447607780887977
1,all,0.8799679604816353,0.4986554142843836,0.4986554142843836,1.0,433,433,0.19447607780887977
1,all,0.9008409209374806,0.4688714129077536,0.4688714129077536,1.0,433,433,0.19447607780887977
1,all,0.9217138813933259,0.439449629003875,0.439449629003875,1.0,433,433,0.19447607780887977
1,all,0.9425868418491694,0.4106219420927441,0.4106219420927441,1.0,433,433,0.19447607780887977
1,all,0.9634598023050147,0.3825940762713478,0.3825940762713478,1.0,433,433,0.19447607780887977
1,all,0.98433276276086,0.35554234400418533,0.35554234400418533,1.0,433,433,0.19447607780887977
1,all,1.0052057232167035,0.3296115066469011,0.3296115066469011,1.0,433,433,0.19447607780887977
1,all,1.0260786836725488,0.30491380805013824,0.30491380805013824,1.0,433,433,0.19447607780887977
1,all,1.0469516441283941,0.28152917487556256,0.28152917487556256,1.0,433,433,0.19447607780887977
1,all,1.0678246045842394,0.25950651325055585,0.25950651325055585,1.0,433,433,0.19447607780887977
1,all,1.088697565040083,0.23886597215233565,0.23886597215233565,1.0,433,433,0.19447607780887977
1,all,1.1095705254959283,0.21960199508948275,0.21960199508948275,1.0,433,433,0.19447607780887977
1,all,1.1304434859517736,0.20168694766899137,0.20168694766899137,1.0,433,433,0.19447607780887977
1,all,1.1513164464076189,0.1850750921330426,0.1850750921330426,1.0,433,433,0.19447607780887977
1,all,1.1721894068634624,0.16970668147790235,0.16970668147790235,1.0,433,433,0.19447607780887977
1,all,1.1930623673193077,0.1555119638532174,0.1555119638532174,1.0,433,433,0.19447607780887977
1,all,1.213935327775153,0.14241491942183193,0.14241491942183193,1.0,433,433,0.19447607780887977
1,all,1.2348082882309965,0.13033659244423834,0.13033659244423834,1.0,433,433,0.19447607780887977
1,all,1.2556812486868418,0.11919792627190247,0.11919792627190247,1.0,433,433,0.19447607780887977
1,all,1.2765542091426871,0.10892205359839167,0.10892205359839167,1.0,433,433,0.19447607780887977
1,all,1.2974271695985324,0.09943603484595552,0.09943603484595552,1.0,433,433,0.19447607780887977
1,all,1.318300130054376,0.09067207114700074,0.09067207114700074,1.0,433,433,0.19447607780887977
1,all,1.3391730905102213,0.08256824342705694,0.08256824342705694,1.0,433,433,0.19447607780887977
1,all,1.3600460509660666,0.07506884520532921,0.07506884520532921,1.0,433,433,0.19447607780887977
1,all,1.3809190114219119,0.06812438449136542,0.06812438449136542,1.0,433,433,0.19447607780887977
1,all,1.4017919718777554,0.061691330872722855,0.061691330872722855,1.0,433,433,0.19447607780887977
1,all,1.4226649323336007,0.05573167925506323,0.05573167925506323,1.0,433,433,0.19447607780887977
1,all,1.443537892789446,0.05021239353235231,0.05021239353235231,1.0,433,433,0.19447607780887977
1,all,1.4644108532452895,0.04510478340044498,0.04510478340044498,1.0,433,433,0.19447607780887977
1,all,1.4852838137011348,0.04038385696754751,0.04038385696754751,1.0,433,433,0.19447607780887977
1,all,1.5061567741569801,0.036027681784370866,0.036027681784370866,1.0,433,433,0.19447607780887977
1,all,1.5270297346128254,0.03201677806988566,0.03201677806988566,1.0,433,433,0.19447607780887977
1,all,1.547902695068669,0.028333560568755398,0.028333560568755398,1.0,433,433,0.19447607780887977
1,all,1.5687756555245143,0.02496183970161965,0.02496183970161965,1.0,433,433,0.19447607780887977
1,all,1.5896486159803596,0.02188638832810607,0.02188638832810607,1.0,433,433,0.19447607780887977
1,all,1.610521576436203,0.01909257728768684,0.01909257728768684,1.0,433,433,0.19447607780887977
1,all,1.6313945368920484,0.016566080616453233,0.016566080616453233,1.0,433,433,0.19447607780887977
1,all,1.6522674973478937,0.014292649658997863,0.014292649658997863,1.0,433,433,0.19447607780887977
1,all,1.673140457803739,0.012257953941663334,0.012257953941663334,1.0,433,433,0.19447607780887977
1,all,1.6940134182595825,0.010447485447164822,0.010447485447164822,1.0,433,433,0.19447607780887977
1,all,1.7148863787154278,0.008846521708678853,0.008846521708678853,1.0,433,433,0.19447607780887977
1,all,1.7357593391712731,0.007440141881780638,0.007440141881780638,1.0,433,433,0.19447607780887977
1,all,1.7566322996271184,0.006213288686099275,0.006213288686099275,1.0,433,433,0.19447607780887977
1,all,1.777505260082962,0.00515086792350438,0.00515086792350438,1.0,433,433,0.19447607780887977
1,all,1.7983782205388072,0.004237876298698919,0.004237876298698919,1.0,433,433,0.19447607780887977
1,all,1.8192511809946526,0.0034595476219292814,0.0034595476219292814,1.0,433,433,0.19447607780887977
1,all,1.840124141450496,0.0028015072743892934,0.0028015072743892934,1.0,433,433,0.19447607780887977
1,all,1.8609971019063414,0.0022499251364916364,0.0022499251364916364,1.0,433,433,0.19447607780887977
1,all,1.8818700623621867,0.0017916580338744924,0.0017916580338744924,1.0,433,433,0.19447607780887977
1,all,1.902743022818032,0.00141437410167663,0.00141437410167663,1.0,433,433,0.19447607780887977
1,all,1.9236159832738755,0.0011066532043392829,0.0011066532043392829,1.0,433,433,0.19447607780887977
1,all,1.9444889437297208,0.0008580595335809389,0.0008580595335809389,1.0,433,433,0.19447607780887977
1,all,1.965361904185566,0.0006591845755541005,0.0006591845755541005,1.0,433,433,0.19447607780887977
1,all,1.9862348646414114,0.0005016606220711995,0.0005016606220711995,1.0,433,433,0.19447607780887977
1,all,2.007107825097255,0.00037814675127811534,0.00037814675127811534,1.0,433,433,0.19447607780887977
1,all,2.0279807855531002,0.0002822906059753601,0.0002822906059753601,1.0,433,433,0.19447607780887977
1,all,2.0488537460089455,0.00020867028315232832,0.00020867028315232832,1.0,433,433,0.19447607780887977
1,all,2.069726706464789,0.00015272119384471917,0.00015272119384471917,1.0,433,433,0.19447607780887977
1,all,2.0905996669206344,0.00011065287970766951,0.00011065287970766951,1.0,433,433,0.19447607780887977
1,all,2.1114726273764797,7.936053866519792e-05,7.936053866519792e-05,1.0,433,433,0.19447607780887977
1,all,2.132345587832325,5.633549741424694e-05,5.633549741424694e-05,1.0,433,433,0.19447607780887977
1,all,2.1532185482881685,3.957816547281307e-05,3.957816547281307e-05,1.0,433,433,0.19447607780887977
1,all,2.174091508744014,2.7516205556670584e-05,2.7516205556670584e-05,1.0,433,433,0.19447607780887977
1,all,2.194964469199859,1.892984032045297e-05,1.892984032045297e-05,1.0,433,433,0.19447607780887977
1,all,2.2158374296557044,1.2885451822460686e-05,1.2885451822460686e-05,1.0,433,433,0.19447607780887977
1,all,2.236710390111548,8.677964189137912e-06,8.677964189137912e-06,1.0,433,433,0.19447607780887977
1,all,2.2575833505673932,5.781959126689395e-06,5.781959126689395e-06,1.0,433,433,0.19447607780887977
1,all,2.2784563110232385,3.811067931061146e-06,3.811067931061146e-06,1.0,433,433,0.19447607780887977
1,all,2.299329271479082,2.4849081932844693e-06,2.4849081932844693e-06,1.0,433,433,0.19447607780887977
1,all,2.3202022319349274,1.6026742045290421e-06,1.6026742045290421e-06,1.0,433,433,0.19447607780887977
1,all,2.3410751923907727,1.0224269327708832e-06,1.0224269327708832e-06,1.0,433,433,0.19447607780887977
1,all,2.361948152846618,6.451398271095343e-07,6.451398271095343e-07,1.0,433,433,0.19447607780887977
1,all,2.3828211133024615,4.0261852430337987e-07,4.0261852430337987e-07,1.0,433,433,0.19447607780887977
1,all,2.403694073758307,2.485060924374669e-07,2.485060924374669e-07,1.0,433,433,0.19447607780887977
1,all,2.424567034214152,1.516945389736073e-07,1.516945389736073e-07,1.0,433,433,0.19447607780887977
1,all,2.4454399946699974,9.157559966727188e-08,9.157559966727188e-08,1.0,433,433,0.19447607780887977
1,all,2.466312955125841,5.4670720517561354e-08,5.4670720517561354e-08,1.0,433,433,0.19447607780887977
1,all,2.4871859155816862,3.2276334499451486e-08,3.2276334499451486e-08,1.0,433,433,0.19447607780887977
1,all,2.5080588760375315,1.884334536163068e-08,1.884334536163068e-08,1.0,433,433,0.19447607780887977
1,all,2.528931836493375,1.087844849574386e-08,1.087844849574386e-08,1.0,433,433,0.19447607780887977
1,all,2.5498047969492204,6.210156095491381e-09,6.210156095491381e-09,1.0,433,433,0.19447607780887977
1,all,2.5706777574050657,3.5055548314120634e-09,3.5055548314120634e-09,1.0,433,433,0.19447607780887977
1,all,2.591550717860911,1.9566915552680328e-09,1.9566915552680328e-09,1.0,433,433,0.19447607780887977
1,all,2.6124236783167545,1.0799223623553049e-09,1.0799223623553049e-09,1.0,433,433,0.19447607780887977
1,all,2.6332966387726,5.893332470227871e-10,5.893332470227871e-10,1.0,433,433,0.19447607780887977
1,all,2.654169599228445,3.179960525313517e-10,3.179960525313517e-10,1.0,433,433,0.19447607780887977
1,all,2.6750425596842904,1.6965608410690754e-10,1.6965608410690754e-10,1.0,433,433,0.19447607780887977
1,all,2.695915520140134,8.949504555903777e-11,8.949504555903777e-11,1.0,433,433,0.19447607780887977
2,all,-7.970167272796567,8.22850335386779e-121,8.22850335386779e-121,1.0,209,209,0.21891886550997905
2,all,-7.949294312340722,7.56345413250014e-120,7.56345413250014e-120,1.0,209,209,0.21891886550997905
2,all,-7.928421351884877,6.889241732808376e-119,6.889241732808376e-119,1.0,209,209,0.21891886550997905
2,all,-7.9075483914290325,6.218341787959639e-118,6.218341787959639e-118,1.0,209,209,0.21891886550997905
2,all,-7.886675430973187,5.561983212461706e-117,5.561983212461706e-117,1.0,209,209,0.21891886550997905
2,all,-7.865802470517343,4.9298837390356336e-116,4.9298837390356336e-116,1.0,209,209,0.21891886550997905
2,all,-7.8449295100614975,4.330076811664473e-115,4.330076811664473e-115,1.0,209,209,0.21891886550997905
2,all,-7.824056549605653,3.768829082696532e-114,3.768829082696532e-114,1.0,209,209,0.21891886550997905
2,all,-7.803183589149808,3.250642460099673e-113,3.250642460099673e-113,1.0,209,209,0.21891886550997905
2,all,-7.782310628693963,2.7783303578106124e-112,2.7783303578106124e-112,1.0,209,209,0.21891886550997905
2,all,-7.761437668238118,2.3531547254255233e-111,2.3531547254255233e-111,1.0,209,209,0.21891886550997905
2,all,-7.740564707782274,1.9750086535575208e-110,1.9750086535575208e-110,1.0,209,209,0.21891886550997905
2,all,-7.719691747326429,1.6426288298128171e-109,1.6426288298128171e-109,1.0,209,209,0.21891886550997905
2,all,-7.698818786870584,1.353822719628441e-108,1.353822719628441e-108,1.0,209,209,0.21891886550997905
2,all,-7.6779458264147395,1.1056968554278091e-107,1.1056968554278091e-107,1.0,209,209,0.21891886550997905
2,all,-7.657072865958894,8.948747828619388e-107,8.948747828619388e-107,1.0,209,209,0.21891886550997905
2,all,-7.63619990550305,7.176957670795108e-106,7.176957670795108e-106,1.0,209,209,0.21891886550997905
2,all,-7.6153269450472045,5.7038805072139025e-105,5.7038805072139025e-105,1.0,209,209,0.21891886550997905
2,all,-7.59445398459136,4.492130577352113e-104,4.492130577352113e-104,1.0,209,209,0.21891886550997905
2,all,-7.573581024135515,3.5057927950629097e-103,3.5057927950629097e-103,1.0,209,209,0.21891886550997905
2,all,-7.55270806367967,2.71126542378611e-102,2.71126542378611e-102,1.0,209,209,0.21891886550997905
2,all,-7.531835103223825,2.0778287269390167e-101,2.0778287269390167e-101,1.0,209,209,0.21891886550997905
2,all,-7.510962142767981,1.5779723031956457e-100,1.5779723031956457e-100,1.0,209,209,0.21891886550997905
2,all,-7.490089182312136,1.1875199794781961e-99,1.1875199794781961e-99,1.0,209,209,0.21891886550997905
2,all,-7.469216221856291,8.855934451119555e-99,8.855934451119555e-99,1.0,209,209,0.21891886550997905
2,all,-7.448343261400447,6.544549860093718e-98,6.544549860093718e-98,1.0,209,209,0.21891886550997905
2,all,-7.427470300944601,4.792665152259372e-97,4.792665152259372e-97,1.0,209,209,0.21891886550997905
2,all,-7.406597340488757,3.477973855977235e-96,3.477973855977235e-96,1.0,209,209,0.21891886550997905
2,all,-7.3857243800329115,2.5010792780134436e-95,2.5010792780134436e-95,1.0,209,209,0.21891886550997905
2,all,-7.364851419577067,1.7822988304873079e-94,1.7822988304873079e-94,1.0,209,209,0.21891886550997905
2,all,-7.343978459121222,1.2585935605944966e-93,1.2585935605944966e-93,1.0,209,209,0.21891886550997905
2,all,-7.323105498665377,8.807292254689703e-93,8.807292254689703e-93,1.0,209,209,0.21891886550997905
2,all,-7.302232538209532,6.1073277850763886e-92,6.1073277850763886e-92,1.0,209,209,0.21891886550997905
2,all,-7.281359577753688,4.1967390928166843e-91,4.1967390928166843e-91,1.0,209,209,0.21891886550997905
2,all,-7.260486617297843,2.8577526122302365e-90,2.8577526122302365e-90,1.0,209,209,0.21891886550997905
2,all,-7.239613656841998,1.9283648632788286e-89,1.9283648632788286e-89,1.0,209,209,0.21891886550997905
2,all,-7.218740696386154,1.289453567305857e-88,1.289453567305857e-88,1.0,209,209,0.21891886550997905
2,all,-7.197867735930308,8.544253511158331e-88,8.544253511158331e-88,1.0,209,209,0.21891886550997905
2,all,-7.176994775474464,5.610408221393661e-87,5.610408221393661e-87,1.0,209,209,0.21891886550997905
2,all,-7.1561218150186185,3.6506207520242366e-86,3.6506207520242366e-86,1.0,209,209,0.21891886550997905
2,all,-7.135248854562774,2.3539156338295126e-85,2.3539156338295126e-85,1.0,209,209,0.21891886550997905
2,all,-7.114375894106929,1.504066324333548e-84,1.504066324333548e-84,1.0,209,209,0.21891886550997905
2,all,-7.093502933651084,9.52346524233739e-84,9.52346524233739e-84,1.0,209,209,0.21891886550997905
2,all,-7.072629973195239,5.9755093976422866e-83,5.9755093976422866e-83,1.0,209,209,0.21891886550997905
2,all,-7.051757012739395,3.715410341486952e-82,3.715410341486952e-82,1.0,209,209,0.21891886550997905
2,all,-7.03088405228355,2.2892359456542556e-81,2.2892359456542556e-81,1.0,209,209,0.21891886550997905
2,all,-7.010011091827705,1.3977395267943242e-80,1.3977395267943242e-80,1.0,209,209,0.21891886550997905
2,all,-6.989138131371861,8.456951815822922e-80,8.456951815822922e-80,1.0,209,209,0.21891886550997905
2,all,-6.968265170916015,5.0705303286397823e-79,5.0705303286397823e-79,1.0,209,209,0.21891886550997905
2,all,-6.947392210460171,3.0126233125678513e-78,3.0126233125678513e-78,1.0,209,209,0.21891886550997905
2,all,-6.926519250004326,1.773732809341378e-77,1.773732809341378e-77,1.0,209,209,0.21891886550997905
2,all,-6.905646289548481,1.0348644912667836e-76,1.0348644912667836e-76,1.0,209,209,0.21891886550997905
2,all,-6.884773329092637,5.983161019487054e-76,5.983161019487054e-76,1.0,209,209,0.21891886550997905
2,all,-6.863900368636791,3.427913190969711e-75,3.427913190969711e-75,1.0,209,209,0.21891886550997905
2,all,-6.843027408180946,1.9461703819086374e-74,1.9461703819086374e-74,1.0,209,209,0.21891886550997905
2,all,-6.822154447725102,1.094923612766645e-73,1.094923612766645e-73,1.0,209,209,0.21891886550997905
2,all,-6.801281487269257,6.104339841808335e-73,6.104339841808335e-73,1.0,209,209,0.21891886550997905
2,all,-6.780408526813412,3.372449886554701e-72,3.372449886554701e-72,1.0,209,209,0.21891886550997905
2,all,-6.759535566357568,1.8463083138226212e-71,1.8463083138226212e-71,1.0,209,209,0.21891886550997905
2,all,-6.738662605901722,1.0016473926168516e-70,1.0016473926168516e-70,1.0,209,209,0.21891886550997905
2,all,-6.717789645445878,5.384897283620157e-70,5.384897283620157e-70,1.0,209,209,0.21891886550997905
2,all,-6.696916684990033,2.868744706489564e-69,2.868744706489564e-69,1.0,209,209,0.21891886550997905
2,all,-6.676043724534188,1.514461713577598e-68,1.514461713577598e-68,1.0,209,209,0.21891886550997905
2,all,-6.655170764078344,7.922762090875756e-68,7.922762090875756e-68,1.0,209,209,0.21891886550997905
2,all,-6.634297803622498,4.1072094479140746e-67,4.1072094479140746e-67,1.0,209,209,0.21891886550997905
2,all,-6.613424843166653,2.109934653301506e-66,2.109934653301506e-66,1.0,209,209,0.21891886550997905
2,all,-6.592551882710809,1.0740959494644796e-65,1.0740959494644796e-65,1.0,209,209,0.21891886550997905
2,all,-6.571678922254964,5.418375162450554e-65,5.418375162450554e-65,1.0,209,209,0.21891886550997905
2,all,-6.550805961799119,2.708613158878556e-64,2.708613158878556e-64,1.0,209,209,0.21891886550997905
2,all,-6.529933001343275,1.3417661007328104e-63,1.3417661007328104e-63,1.0,209,209,0.21891886550997905
2,all,-6.509060040887429,6.586558689025703e-63,6.586558689025703e-63,1.0,209,209,0.21891886550997905
2,all,-6.488187080431585,3.203997995125468e-62,3.203997995125468e-62,1.0,209,209,0.21891886550997905
2,all,-6.46731411997574,1.5444641237876996e-61,1.5444641237876996e-61,1.0,209,209,0.21891886550997905
2,all,-6.446441159519895,7.377603869553157e-61,7.377603869553157e-61,1.0,209,209,0.21891886550997905
2,all,-6.425568199064051,3.492245448002918e-60,3.492245448002918e-60,1.0,209,209,0.21891886550997905
2,all,-6.404695238608205,1.6381214849658931e-59,1.6381214849658931e-59,1.0,209,209,0.21891886550997905
2,all,-6.38382227815236,7.6144646012672475e-59,7.6144646012672475e-59,1.0,209,209,0.21891886550997905
2,all,-6.362949317696516,3.5073940173212656e-58,3.5073940173212656e-58,1.0,209,209,0.21891886550997905
2,all,-6.342076357240671,1.6009643486063118e-57,1.6009643486063118e-57,1.0,209,209,0.21891886550997905
2,all,-6.321203396784826,7.241535833215166e-57,7.241535833215166e-57,1.0,209,209,0.21891886550997905
2,all,-6.300330436328982,3.2458737701635896e-56,3.2458737701635896e-56,1.0,209,209,0.21891886550997905
2,all,-6.279457475873136,1.4417318339732184e-55,1.4417318339732184e-55,1.0,209,209,0.21891886550997905
2,all,-6.258584515417292,6.345842203402572e-55,6.345842203402572e-55,1.0,209,209,0.21891886550997905
2,all,-6.237711554961447,2.7678717848443254e-54,2.7678717848443254e-54,1.0,209,209,0.21891886550997905
2,all,-6.216838594505602,1.1963399006109478e-53,1.1963399006109478e-53,1.0,209,209,0.21891886550997905
2,all,-6.195965634049758,5.124070848585651e-53,5.124070848585651e-53,1.0,209,209,0.21891886550997905
2,all,-6.1750926735939125,2.1748413589835987e-52,2.1748413589835987e-52,1.0,209,209,0.21891886550997905
2,all,-6.154219713138067,9.1472797240574e-52,9.1472797240574e-52,1.0,209,209,0.21891886550997905
2,all,-6.133346752682223,3.812485984849487e-51,3.812485984849487e-51,1.0,209,209,0.21891886550997905
2,all,-6.112473792226378,1.574622565231388e-50,1.574622565231388e-50,1.0,209,209,0.21891886550997905
2,all,-6.091600831770533,6.444609468128841e-50,6.444609468128841e-50,1.0,209,209,0.21891886550997905
2,all,-6.070727871314689,2.6137777602157577e-49,2.6137777602157577e-49,1.0,209,209,0.21891886550997905
2,all,-6.049854910858843,1.0504917134128613e-48,1.0504917134128613e-48,1.0,209,209,0.21891886550997905
2,all,-6.028981950402999,4.183776947411027e-48,4.183776947411027e-48,1.0,209,209,0.21891886550997905
2,all,-6.008108989947154,1.651187276906346e-47,1.651187276906346e-47,1.0,209,209,0.21891886550997905
2,all,-5.987236029491309,6.457673207330762e-47,6.457673207330762e-47,1.0,209,209,0.21891886550997905
2,all,-5.966363069035465,2.502693772132228e-46,2.502693772132228e-46,1.0,209,209,0.21891886550997905
2,all,-5.9454901085796195,9.611502457832297e-46,9.611502457832297e-46,1.0,209,209,0.21891886550997905
2,all,-5.924617148123774,3.6578573854977563e-45,3.6578573854977563e-45,1.0,209,209,0.21891886550997905
2,all,-5.90374418766793,1.3794760848418992e-44,1.3794760848418992e-44,1.0,209,209,0.21891886550997905
2,all,-5.882871227212085,5.15529476169208e-44,5.15529476169208e-44,1.0,209,209,0.21891886550997905
2,all,-5.86199826675624,1.9091706397813374e-43,1.9091706397813374e-43,1.0,209,209,0.21891886550997905
2,all,-5.841125306300396,7.006286804017577e-43,7.006286804017577e-43,1.0,209,209,0.21891886550997905
2,all,-5.820252345844551,2.547903614069862e-42,2.547903614069862e-42,1.0,209,209,0.21891886550997905
2,all,-5.799379385388706,9.181845854978114e-42,9.181845854978114e-42,1.0,209,209,0.21891886550997905
2,all,-5.778506424932861,3.2789056451057743e-41,3.2789056451057743e-41,1.0,209,209,0.21891886550997905
2,all,-5.757633464477016,1.1603252965814074e-40,1.1603252965814074e-40,1.0,209,209,0.21891886550997905
2,all,-5.736760504021172,4.068951570164549e-40,4.068951570164549e-40,1.0,209,209,0.21891886550997905
2,all,-5.7158875435653265,1.4139602490644583e-39,1.4139602490644583e-39,1.0,209,209,0.21891886550997905
2,all,-5.695014583109481,4.8690451178647444e-39,4.8690451178647444e-39,1.0,209,209,0.21891886550997905
2,all,-5.674141622653637,1.6615075407259234e-38,1.6615075407259234e-38,1.0,209,209,0.21891886550997905
2,all,-5.653268662197792,5.618401270869963e-38,5.618401270869963e-38,1.0,209,209,0.21891886550997905
2,all,-5.632395701741947,1.8826739342600194e-37,1.8826739342600194e-37,1.0,209,209,0.21891886550997905
2,all,-5.611522741286103,6.2515741276235365e-37,6.2515741276235365e-37,1.0,209,209,0.21891886550997905
2,all,-5.590649780830258,2.057100831321537e-36,2.057100831321537e-36,1.0,209,209,0.21891886550997905
2,all,-5.569776820374413,6.707700968963971e-36,6.707700968963971e-36,1.0,209,209,0.21891886550997905
2,all,-5.548903859918568,2.1674232427921664e-35,2.1674232427921664e-35,1.0,209,209,0.21891886550997905
2,all,-5.528030899462723,6.940099202898329e-35,6.940099202898329e-35,1.0,209,209,0.21891886550997905
2,all,-5.507157939006879,2.2021127408138545e-34,2.2021127408138545e-34,1.0,209,209,0.21891886550997905
2,all,-5.4862849785510335,6.9241320239224676e-34,6.9241320239224676e-34,1.0,209,209,0.21891886550997905
2,all,-5.465412018095188,2.1574614763390222e-33,2.1574614763390222e-33,1.0,209,209,0.21891886550997905
2,all,-5.444539057639344,6.661509912772482e-33,6.661509912772482e-33,1.0,209,209,0.21891886550997905
2,all,-5.423666097183499,2.038234866573772e-32,2.038234866573772e-32,1.0,209,209,0.21891886550997905
2,all,-5.402793136727654,6.179988879935806e-32,6.179988879935806e-32,1.0,209,209,0.21891886550997905
2,all,-5.38192017627181,1.8568340008830918e-31,1.8568340008830918e-31,1.0,209,209,0.21891886550997905
2,all,-5.361047215815965,5.528539100828991e-31,5.528539100828991e-31,1.0,209,209,0.21891886550997905
2,all,-5.34017425536012,1.6311714452232643e-30,1.6311714452232643e-30,1.0,209,209,0.21891886550997905
2,all,-5.319301294904275,4.769147495813308e-30,4.769147495813308e-30,1.0,209,209,0.21891886550997905
2,all,-5.29842833444843,1.381763820668602e-29,1.381763820668602e-29,1.0,209,209,0.21891886550997905
2,all,-5.277555373992586,3.9671516236048226e-29,3.9671516236048226e-29,1.0,209,209,0.21891886550997905
2,all,-5.2566824135367405,1.1286926601662316e-28,1.1286926601662316e-28,1.0,209,209,0.21891886550997905
2,all,-5.235809453080895,3.182178385086157e-28,3.182178385086157e-28,1.0,209,209,0.21891886550997905
2,all,-5.214936492625051,8.890481063684508e-28,8.890481063684508e-28,1.0,209,209,0.21891886550997905
2,all,-5.194063532169206,2.4613757654463465e-27,2.4613757654463465e-27,1.0,209,209,0.21891886550997905
2,all,-5.173190571713361,6.75277840484e-27,6.75277840484e-27,1.0,209,209,0.21891886550997905
2,all,-5.152317611257517,1.8358576170273567e-26,1.8358576170273567e-26,1.0,209,209,0.21891886550997905
2,all,-5.131444650801672,4.945923699808369e-26,4.945923699808369e-26,1.0,209,209,0.21891886550997905
2,all,-5.110571690345827,1.320406786987164e-25,1.320406786987164e-25,1.0,209,209,0.21891886550997905
2,all,-5.089698729889982,3.4931722614113345e-25,3.4931722614113345e-25,1.0,209,209,0.21891886550997905
2,all,-5.068825769434137,9.157652865423168e-25,9.157652865423168e-25,1.0,209,209,0.21891886550997905
2,all,-5.047952808978293,2.3790319258327388e-24,2.3790319258327388e-24,1.0,209,209,0.21891886550997905
2,all,-5.0270798485224475,6.124466769942895e-24,6.124466769942895e-24,1.0,209,209,0.21891886550997905
2,all,-5.006206888066602,1.5623855520026167e-23,1.5623855520026167e-23,1.0,209,209,0.21891886550997905
2,all,-4.985333927610758,3.9496632129654407e-23,3.9496632129654407e-23,1.0,209,209,0.21891886550997905
2,all,-4.964460967154913,9.894271766222873e-23,9.894271766222873e-23,1.0,209,209,0.21891886550997905
2,all,-4.943588006699068,2.4561762301258e-22,2.4561762301258e-22,1.0,209,209,0.21891886550997905
2,all,-4.922715046243224,6.042089199173057e-22,6.042089199173057e-22,1.0,209,209,0.21891886550997905
2,all,-4.901842085787379,1.4728776089828457e-21,1.4728776089828457e-21,1.0,209,209,0.21891886550997905
2,all,-4.880969125331534,3.557935794609542e-21,3.557935794609542e-21,1.0,209,209,0.21891886550997905
2,all,-4.860096164875689,8.5168985191947e-21,8.5168985191947e-21,1.0,209,209,0.21891886550997905
2,all,-4.839223204419844,2.0203041578001456e-20,2.0203041578001456e-20,1.0,209,209,0.21891886550997905
2,all,-4.818350243964,4.749019598603967e-20,4.749019598603967e-20,1.0,209,209,0.21891886550997905
2,all,-4.7974772835081545,1.1062240225460474e-19,1.1062240225460474e-19,1.0,209,209,0.21891886550997905
2,all,-4.776604323052309,2.5534898029803395e-19,2.5534898029803395e-19,1.0,209,209,0.21891886550997905
2,all,-4.755731362596465,5.840863940042284e-19,5.840863940042284e-19,1.0,209,209,0.21891886550997905
2,all,-4.73485840214062,1.323951178906151e-18,1.323951178906151e-18,1.0,209,209,0.21891886550997905
2,all,-4.713985441684775,2.97384802616741e-18,2.97384802616741e-18,1.0,209,209,0.21891886550997905
2,all,-4.693112481228931,6.619382693573917e-18,6.619382693573917e-18,1.0,209,209,0.21891886550997905
2,all,-4.672239520773086,1.4600513449113147e-17,1.4600513449113147e-17,1.0,209,209,0.21891886550997905
2,all,-4.651366560317241,3.191322442802408e-17,3.191322442802408e-17,1.0,209,209,0.21891886550997905
2,all,-4.630493599861396,6.91234113734401e-17,6.91234113734401e-17,1.0,209,209,0.21891886550997905
2,all,-4.609620639405551,1.4836503362405805e-16,1.4836503362405805e-16,1.0,209,209,0.21891886550997905
2,all,-4.588747678949707,3.155657599967577e-16,3.155657599967577e-16,1.0,209,209,0.21891886550997905
2,all,-4.5678747184938615,6.651201560425727e-16,6.651201560425727e-16,1.0,209,209,0.21891886550997905
2,all,-4.547001758038016,1.38919196491729e-15,1.38919196491729e-15,1.0,209,209,0.21891886550997905
2,all,-4.526128797582172,2.8752547892395995e-15,2.8752547892395995e-15,1.0,209,209,0.21891886550997905
2,all,-4.505255837126327,5.89715207613638e-15,5.89715207613638e-15,1.0,209,209,0.21891886550997905
2,all,-4.484382876670482,1.198561266815934e-14,1.198561266815934e-14,1.0,209,209,0.21891886550997905
2,all,-4.463509916214638,2.413959998513716e-14,2.413959998513716e-14,1.0,209,209,0.21891886550997905
2,all,-4.442636955758793,4.817833851660965e-14,4.817833851660965e-14,1.0,209,209,0.21891886550997905
2,all,-4.421763995302948,9.528520828263279e-14,9.528520828263279e-14,1.0,209,209,0.21891886550997905
2,all,-4.400891034847103,1.8674590000490398e-13,1.8674590000490398e-13,1.0,209,209,0.21891886550997905
2,all,-4.380018074391258,3.6268415541244727e-13,3.6268415541244727e-13,1.0,209,209,0.21891886550997905
2,all,-4.359145113935414,6.980041576381753e-13,6.980041576381753e-13,1.0,209,209,0.21891886550997905
2,all,-4.3382721534795685,1.3311878812534128e-12,1.3311878812534128e-12,1.0,209,209,0.21891886550997905
2,all,-4.317399193023723,2.5157797688508196e-12,2.5157797688508196e-12,1.0,209,209,0.21891886550997905
2,all,-4.296526232567879,4.711484912226237e-12,4.711484912226237e-12,1.0,209,209,0.21891886550997905
2,all,-4.275653272112034,8.74369315521952e-12,8.74369315521952e-12,1.0,209,209,0.21891886550997905
2,all,-4.254780311656189,1.6079921767213948e-11,1.6079921767213948e-11,1.0,209,209,0.21891886550997905
2,all,-4.233907351200345,2.930386291199722e-11,2.930386291199722e-11,1.0,209,209,0.21891886550997905
2,all,-4.2130343907445,5.2919744162606626e-11,5.2919744162606626e-11,1.0,209,209,0.21891886550997905
2,all,-4.192161430288655,9.470273411952944e-11,9.470273411952944e-11,1.0,209,209,0.21891886550997905
2,all,-4.17128846983281,1.6794196051262082e-10,1.6794196051262082e-10,1.0,209,209,0.21891886550997905
2,all,-4.150415509376965,2.951262501425252e-10,2.951262501425252e-10,1.0,209,209,0.21891886550997905
2,all,-4.129542548921121,5.139352197609752e-10,5.139352197609752e-10,1.0,209,209,0.21891886550997905
2,all,-4.1086695884652755,8.868717919700633e-10,8.868717919700633e-10,1.0,209,209,0.21891886550997905
2,all,-4.08779662800943,1.5165796473240925e-09,1.5165796473240925e-09,1.0,209,209,0.21891886550997905
2,all,-4.066923667553587,2.5699313702362417e-09,2.5699313702362417e-09,1.0,209,209,0.21891886550997905
2,all,-4.046050707097741,4.315486368509567e-09,4.315486368509567e-09,1.0,209,209,0.21891886550997905
2,all,-4.025177746641896,7.181082137147391e-09,7.181082137147391e-09,1.0,209,209,0.21891886550997905
2,all,-4.004304786186052,1.184137027643712e-08,1.184137027643712e-08,1.0,209,209,0.21891886550997905
2,all,-3.983431825730207,1.9349330917431324e-08,1.9349330917431324e-08,1.0,209,209,0.21891886550997905
2,all,-3.962558865274362,3.133154901813164e-08,3.133154901813164e-08,1.0,209,209,0.21891886550997905
2,all,-3.9416859048185175,5.0274725360399225e-08,5.0274725360399225e-08,1.0,209,209,0.21891886550997905
2,all,-3.9208129443626722,7.994098110023857e-08,7.994098110023857e-08,1.0,209,209,0.21891886550997905
2,all,-3.899939983906828,1.2596247061173036e-07,1.2596247061173036e-07,1.0,209,209,0.21891886550997905
2,all,-3.8790670234509825,1.9668208260135458e-07,1.9668208260135458e-07,1.0,209,209,0.21891886550997905
2,all,-3.858194062995138,3.043269133952073e-07,3.043269133952073e-07,1.0,209,209,0.21891886550997905
2,all,-3.837321102539293,4.66624850033685e-07,4.66624850033685e-07,1.0,209,209,0.21891886550997905
2,all,-3.8164481420834484,7.090017543650386e-07,7.090017543650386e-07,1.0,209,209,0.21891886550997905
2,all,-3.795575181627603,1.0675266044949083e-06,1.0675266044949083e-06,1.0,209,209,0.21891886550997905
2,all,-3.7747022211717587,1.5928029951258545e-06,1.5928029951258545e-06,1.0,209,209,0.21891886550997905
2,all,-3.7538292607159134,2.3550351296058566e-06,2.3550351296058566e-06,1.0,209,209,0.21891886550997905
2,all,-3.732956300260069,3.4505211892381157e-06,3.4505211892381157e-06,1.0,209,209,0.21891886550997905
2,all,-3.7120833398042246,5.009841741983795e-06,5.009841741983795e-06,1.0,209,209,0.21891886550997905
2,all,-3.6912103793483793,7.208009254034655e-06,7.208009254034655e-06,1.0,209,209,0.21891886550997905
2,all,-3.670337418892535,1.0276819075791154e-05,1.0276819075791154e-05,1.0,209,209,0.21891886550997905
2,all,-3.6494644584366895,1.4519583747799315e-05,1.4519583747799315e-05,1.0,209,209,0.21891886550997905
2,all,-3.628591497980845,2.032833191946367e-05,2.032833191946367e-05,1.0,209,209,0.21891886550997905
2,all,-3.607718537525,2.820340184207811e-05,2.820340184207811e-05,1.0,209,209,0.21891886550997905
2,all,-3.5868455770691554,3.877515021273511e-05,3.877515021273511e-05,1.0,209,209,0.21891886550997905
2,all,-3.56597261661331,5.28272262657689e-05,5.28272262657689e-05,1.0,209,209,0.21891886550997905
2,all,-3.5450996561574657,7.132052962581075e-05,7.132052962581075e-05,1.0,209,209,0.21891886550997905
2,all,-3.5242266957016204,9.541658667113503e-05,9.541658667113503e-05,1.0,209,209,0.21891886550997905
2,all,-3.503353735245776,0.0001264986608201944,0.0001264986608201944,1.0,209,209,0.21891886550997905
2,all,-3.4824807747899316,0.00016618848409838744,0.00016618848409838744,1.0,209,209,0.21891886550997905
2,all,-3.4616078143340863,0.00021635609803622062,0.00021635609803622062,1.0,209,209,0.21891886550997905
2,all,-3.440734853878242,0.00027911996894718,0.00027911996894718,1.0,209,209,0.21891886550997905
2,all,-3.4198618934223965,0.0003568343515897189,0.0003568343515897189,1.0,209,209,0.21891886550997905
2,all,-3.398988932966552,0.00045206087624369295,0.00045206087624369295,1.0,209,209,0.21891886550997905
2,all,-3.378115972510707,0.000567521586516132,0.000567521586516132,1.0,209,209,0.21891886550997905
2,all,-3.3572430120548624,0.0007060312100582788,0.0007060312100582788,1.0,209,209,0.21891886550997905
2,all,-3.336370051599017,0.0008704073372205639,0.0008704073372205639,1.0,209,209,0.21891886550997905
2,all,-3.3154970911431727,0.0010633584244969714,0.0010633584244969714,1.0,209,209,0.21891886550997905
2,all,-3.2946241306873274,0.0012873511091646694,0.0012873511091646694,1.0,209,209,0.21891886550997905
2,all,-3.273751170231483,0.0015444601592149746,0.0015444601592149746,1.0,209,209,0.21891886550997905
2,all,-3.2528782097756386,0.0018362063875016674,0.0018362063875016674,1.0,209,209,0.21891886550997905
2,all,-3.2320052493197933,0.0021633898896897016,0.0021633898896897016,1.0,209,209,0.21891886550997905
2,all,-3.211132288863949,0.0025259278465349917,0.0025259278465349917,1.0,209,209,0.21891886550997905
2,all,-3.1902593284081036,0.0029227076639200696,0.0029227076639200696,1.0,209,209,0.21891886550997905
2,all,-3.169386367952259,0.0033514672042146204,0.0033514672042146204,1.0,209,209,0.21891886550997905
2,all,-3.148513407496414,0.003808714099310784,0.003808714099310784,1.0,209,209,0.21891886550997905
2,all,-3.1276404470405694,0.0042896954751936575,0.0042896954751936575,1.0,209,209,0.21891886550997905
2,all,-3.106767486584724,0.004788427765387186,0.004788427765387186,1.0,209,209,0.21891886550997905
2,all,-3.0858945261288797,0.005297793629881196,0.005297793629881196,1.0,209,209,0.21891886550997905
2,all,-3.0650215656730353,0.005809709403245561,0.005809709403245561,1.0,209,209,0.21891886550997905
2,all,-3.04414860521719,0.006315362144182883,0.006315362144182883,1.0,209,209,0.21891886550997905
2,all,-3.0232756447613456,0.0068055105152704356,0.0068055105152704356,1.0,209,209,0.21891886550997905
2,all,-3.0024026843055003,0.007270838730113891,0.007270838730113891,1.0,209,209,0.21891886550997905
2,all,-2.981529723849656,0.007702348061683121,0.007702348061683121,1.0,209,209,0.21891886550997905
2,all,-2.9606567633938106,0.008091766324891203,0.008091766324891203,1.0,209,209,0.21891886550997905
2,all,-2.939783802937966,0.00843195272328872,0.00843195272328872,1.0,209,209,0.21891886550997905
2,all,-2.918910842482121,0.008717273819631494,0.008717273819631494,1.0,209,209,0.21891886550997905
2,all,-2.8980378820262764,0.008943926393496955,0.008943926393496955,1.0,209,209,0.21891886550997905
2,all,-2.877164921570431,0.009110184703262619,0.009110184703262619,1.0,209,209,0.21891886550997905
2,all,-2.8562919611145867,0.009216553151431245,0.009216553151431245,1.0,209,209,0.21891886550997905
2,all,-2.8354190006587423,0.009265810394103466,0.009265810394103466,1.0,209,209,0.21891886550997905
2,all,-2.814546040202897,0.00926293723578769,0.00926293723578769,1.0,209,209,0.21891886550997905
2,all,-2.7936730797470526,0.009214927796827657,0.009214927796827657,1.0,209,209,0.21891886550997905
2,all,-2.7728001192912073,0.009130490941549755,0.009130490941549755,1.0,209,209,0.21891886550997905
2,all,-2.751927158835363,0.009019656281648216,0.009019656281648216,1.0,209,209,0.21891886550997905
2,all,-2.7310541983795176,0.008893305696462328,0.008893305696462328,1.0,209,209,0.21891886550997905
2,all,-2.710181237923673,0.008762656759771306,0.008762656759771306,1.0,209,209,0.21891886550997905
2,all,-2.689308277467828,0.008638728331968404,0.008638728331968404,1.0,209,209,0.21891886550997905
2,all,-2.6684353170119834,0.008531820574942386,0.008531820574942386,1.0,209,209,0.21891886550997905
2,all,-2.647562356556138,0.008451041607764508,0.008451041607764508,1.0,209,209,0.21891886550997905
2,all,-2.6266893961002937,0.008403910910170974,0.008403910910170974,1.0,209,209,0.21891886550997905
2,all,-2.6058164356444493,0.00839606549481939,0.00839606549481939,1.0,209,209,0.21891886550997905
2,all,-2.584943475188604,0.008431089027183652,0.008431089027183652,1.0,209,209,0.21891886550997905
2,all,-2.5640705147327596,0.008510476799053104,0.008510476799053104,1.0,209,209,0.21891886550997905
2,all,-2.5431975542769143,0.00863374117024571,0.00863374117024571,1.0,209,209,0.21891886550997905
2,all,-2.52232459382107,0.008798653260377345,0.008798653260377345,1.0,209,209,0.21891886550997905
2,all,-2.5014516333652246,0.009001607816044775,0.009001607816044775,1.0,209,209,0.21891886550997905
2,all,-2.48057867290938,0.009238089831610336,0.009238089831610336,1.0,209,209,0.21891886550997905
2,all,-2.459705712453535,0.009503214186017293,0.009503214186017293,1.0,209,209,0.21891886550997905
2,all,-2.4388327519976905,0.009792303757861335,0.009792303757861335,1.0,209,209,0.21891886550997905
2,all,-2.417959791541845,0.010101467615181983,0.010101467615181983,1.0,209,209,0.21891886550997905
2,all,-2.3970868310860007,0.010428139271988317,0.010428139271988317,1.0,209,209,0.21891886550997905
2,all,-2.3762138706301563,0.010771535870423385,0.010771535870423385,1.0,209,209,0.21891886550997905
2,all,-2.355340910174311,0.011133002557795422,0.011133002557795422,1.0,209,209,0.21891886550997905
2,all,-2.3344679497184666,0.011516212200431811,0.011516212200431811,1.0,209,209,0.21891886550997905
2,all,-2.3135949892626213,0.011927198670104727,0.011927198670104727,1.0,209,209,0.21891886550997905
2,all,-2.292722028806777,0.012374211854683704,0.012374211854683704,1.0,209,209,0.21891886550997905
2,all,-2.2718490683509316,0.012867393739892994,0.012867393739892994,1.0,209,209,0.21891886550997905
2,all,-2.250976107895087,0.013418286722141567,0.013418286722141567,1.0,209,209,0.21891886550997905
2,all,-2.230103147439242,0.014039196999202714,0.014039196999202714,1.0,209,209,0.21891886550997905
2,all,-2.2092301869833975,0.014742446664180332,0.014742446664180332,1.0,209,209,0.21891886550997905
2,all,-2.188357226527552,0.015539557230517911,0.015539557230517911,1.0,209,209,0.21891886550997905
2,all,-2.1674842660717077,0.016440414041638464,0.016440414041638464,1.0,209,209,0.21891886550997905
2,all,-2.1466113056158633,0.017452464789589176,0.017452464789589176,1.0,209,209,0.21891886550997905
2,all,-2.125738345160018,0.018580005774386642,0.018580005774386642,1.0,209,209,0.21891886550997905
2,all,-2.1048653847041736,0.019823606381045432,0.019823606381045432,1.0,209,209,0.21891886550997905
2,all,-2.0839924242483283,0.02117971557296104,0.02117971557296104,1.0,209,209,0.21891886550997905
2,all,-2.063119463792484,0.02264048428561563,0.02264048428561563,1.0,209,209,0.21891886550997905
2,all,-2.0422465033366386,0.024193824983724993,0.024193824983724993,1.0,209,209,0.21891886550997905
2,all,-2.021373542880794,0.02582371506704181,0.02582371506704181,1.0,209,209,0.21891886550997905
2,all,-2.000500582424949,0.027510735200819206,0.027510735200819206,1.0,209,209,0.21891886550997905
2,all,-1.9796276219691045,0.029232818050288087,0.029232818050288087,1.0,209,209,0.21891886550997905
2,all,-1.95875466151326,0.03096616840501788,0.03096616840501788,1.0,209,209,0.21891886550997905
2,all,-1.9378817010574148,0.03268630334635327,0.03268630334635327,1.0,209,209,0.21891886550997905
2,all,-1.9170087406015703,0.03436915188206072,0.03436915188206072,1.0,209,209,0.21891886550997905
2,all,-1.896135780145725,0.03599214809734608,0.03599214809734608,1.0,209,209,0.21891886550997905
2,all,-1.8752628196898806,0.03753525084265315,0.03753525084265315,1.0,209,209,0.21891886550997905
2,all,-1.8543898592340353,0.038981826481847434,0.038981826481847434,1.0,209,209,0.21891886550997905
2,all,-1.833516898778191,0.04031933911402272,0.04031933911402272,1.0,209,209,0.21891886550997905
2,all,-1.8126439383223456,0.04153980448347845,0.04153980448347845,1.0,209,209,0.21891886550997905
2,all,-1.7917709778665012,0.04263997873096891,0.04263997873096891,1.0,209,209,0.21891886550997905
2,all,-1.770898017410656,0.04362127019675555,0.04362127019675555,1.0,209,209,0.21891886550997905
2,all,-1.7500250569548115,0.044489380477226795,0.044489380477226795,1.0,209,209,0.21891886550997905
2,all,-1.729152096498967,0.0452536986023435,0.0452536986023435,1.0,209,209,0.21891886550997905
2,all,-1.7082791360431218,0.04592648830556574,0.04592648830556574,1.0,209,209,0.21891886550997905
2,all,-1.6874061755872773,0.04652192178621834,0.04652192178621834,1.0,209,209,0.21891886550997905
2,all,-1.666533215131432,0.0470550232065279,0.0470550232065279,1.0,209,209,0.21891886550997905
2,all,-1.6456602546755876,0.047540590782837906,0.047540590782837906,1.0,209,209,0.21891886550997905
2,all,-1.6247872942197423,0.047992167396351065,0.047992167396351065,1.0,209,209,0.21891886550997905
2,all,-1.603914333763898,0.04842112616387212,0.04842112616387212,1.0,209,209,0.21891886550997905
2,all,-1.5830413733080526,0.048835929689033476,0.048835929689033476,1.0,209,209,0.21891886550997905
2,all,-1.5621684128522082,0.049241610353483706,0.049241610353483706,1.0,209,209,0.21891886550997905
2,all,-1.541295452396363,0.04963950482254058,0.04963950482254058,1.0,209,209,0.21891886550997905
2,all,-1.5204224919405185,0.05002725990230855,0.05002725990230855,1.0,209,209,0.21891886550997905
2,all,-1.499549531484674,0.05039911004651356,0.05039911004651356,1.0,209,209,0.21891886550997905
2,all,-1.4786765710288288,0.05074641022826541,0.05074641022826541,1.0,209,209,0.21891886550997905
2,all,-1.4578036105729844,0.0510583925591703,0.0510583925591703,1.0,209,209,0.21891886550997905
2,all,-1.436930650117139,0.051323101830034926,0.051323101830034926,1.0,209,209,0.21891886550997905
2,all,-1.4160576896612946,0.05152845477318849,0.05152845477318849,1.0,209,209,0.21891886550997905
2,all,-1.3951847292054493,0.051663360819937644,0.051663360819937644,1.0,209,209,0.21891886550997905
2,all,-1.374311768749605,0.05171883874949181,0.05171883874949181,1.0,209,209,0.21891886550997905
2,all,-1.3534388082937596,0.051689063984124095,0.051689063984124095,1.0,209,209,0.21891886550997905
2,all,-1.3325658478379152,0.05157228525875707,0.05157228525875707,1.0,209,209,0.21891886550997905
2,all,-1.31169288738207,0.05137155667261178,0.05137155667261178,1.0,209,209,0.21891886550997905
2,all,-1.2908199269262255,0.05109524124539207,0.05109524124539207,1.0,209,209,0.21891886550997905
2,all,-1.269946966470381,0.05075725445143158,0.05075725445143158,1.0,209,209,0.21891886550997905
2,all,-1.2490740060145358,0.05037703010187787,0.05037703010187787,1.0,209,209,0.21891886550997905
2,all,-1.2282010455586914,0.04997920564556571,0.04997920564556571,1.0,209,209,0.21891886550997905
2,all,-1.207328085102846,0.04959303871070602,0.04959303871070602,1.0,209,209,0.21891886550997905
2,all,-1.1864551246470016,0.049251580785563534,0.049251580785563534,1.0,209,209,0.21891886550997905
2,all,-1.1655821641911563,0.04899064667103817,0.04899064667103817,1.0,209,209,0.21891886550997905
2,all,-1.144709203735312,0.0488476291536198,0.0488476291536198,1.0,209,209,0.21891886550997905
2,all,-1.1238362432794666,0.04886021677367564,0.04886021677367564,1.0,209,209,0.21891886550997905
2,all,-1.1029632828236222,0.0490650782514802,0.0490650782514802,1.0,209,209,0.21891886550997905
2,all,-1.082090322367777,0.049496579855873614,0.049496579855873614,1.0,209,209,0.21891886550997905
2,all,-1.0612173619119325,0.050185601653690064,0.050185601653690064,1.0,209,209,0.21891886550997905
2,all,-1.040344401456088,0.0511585151726869,0.0511585151726869,1.0,209,209,0.21891886550997905
2,all,-1.0194714410002428,0.05243637866290704,0.05243637866290704,1.0,209,209,0.21891886550997905
2,all,-0.9985984805443984,0.05403439706417919,0.05403439706417919,1.0,209,209,0.21891886550997905
2,all,-0.9777255200885531,0.05596168228308754,0.05596168228308754,1.0,209,209,0.21891886550997905
2,all,-0.9568525596327087,0.05822133583795463,0.05822133583795463,1.0,209,209,0.21891886550997905
2,all,-0.9359795991768634,0.06081086081357237,0.06081086081357237,1.0,209,209,0.21891886550997905
2,all,-0.9151066387210189,0.06372289392648767,0.06372289392648767,1.0,209,209,0.21891886550997905
2,all,-0.8942336782651736,0.06694623196039584,0.06694623196039584,1.0,209,209,0.21891886550997905
2,all,-0.8733607178093292,0.07046711058146383,0.07046711058146383,1.0,209,209,0.21891886550997905
2,all,-0.8524877573534839,0.07427067833100302,0.07427067833100302,1.0,209,209,0.21891886550997905
2,all,-0.8316147968976395,0.07834259519533082,0.07834259519533082,1.0,209,209,0.21891886550997905
2,all,-0.8107418364417951,0.08267067434857038,0.08267067434857038,1.0,209,209,0.21891886550997905
2,all,-0.7898688759859498,0.08724647819502739,0.08724647819502739,1.0,209,209,0.21891886550997905
2,all,-0.7689959155301054,0.09206677636424877,0.09206677636424877,1.0,209,209,0.21891886550997905
2,all,-0.7481229550742601,0.09713477436692948,0.09713477436692948,1.0,209,209,0.21891886550997905
2,all,-0.7272499946184157,0.10246102756299982,0.10246102756299982,1.0,209,209,0.21891886550997905
2,all,-0.7063770341625704,0.10806396606833887,0.10806396606833887,1.0,209,209,0.21891886550997905
2,all,-0.685504073706726,0.11396997212625337,0.11396997212625337,1.0,209,209,0.21891886550997905
2,all,-0.6646311132508806,0.1202129719094151,0.1202129719094151,1.0,209,209,0.21891886550997905
2,all,-0.6437581527950362,0.12683352801991568,0.12683352801991568,1.0,209,209,0.21891886550997905
2,all,-0.6228851923391909,0.13387744614738706,0.13387744614738706,1.0,209,209,0.21891886550997905
2,all,-0.6020122318833465,0.14139393817377233,0.14139393817377233,1.0,209,209,0.21891886550997905
2,all,-0.5811392714275021,0.14943341297333335,0.14943341297333335,1.0,209,209,0.21891886550997905
2,all,-0.5602663109716568,0.1580449935426687,0.1580449935426687,1.0,209,209,0.21891886550997905
2,all,-0.5393933505158124,0.16727388307695537,0.16727388307695537,1.0,209,209,0.21891886550997905
2,all,-0.5185203900599671,0.17715872132728067,0.17715872132728067,1.0,209,209,0.21891886550997905
2,all,-0.49764742960412267,0.18772908426774237,0.18772908426774237,1.0,209,209,0.21891886550997905
2,all,-0.47677446914827737,0.19900328324687022,0.19900328324687022,1.0,209,209,0.21891886550997905
2,all,-0.45590150869243296,0.21098661326618548,0.21098661326618548,1.0,209,209,0.21891886550997905
2,all,-0.43502854823658765,0.22367018323657117,0.22367018323657117,1.0,209,209,0.21891886550997905
2,all,-0.41415558778074324,0.23703043410903013,0.23703043410903013,1.0,209,209,0.21891886550997905
2,all,-0.3932826273248988,0.25102941453716193,0.25102941453716193,1.0,209,209,0.21891886550997905
2,all,-0.3724096668690535,0.26561583989830434,0.26561583989830434,1.0,209,209,0.21891886550997905
2,all,-0.3515367064132091,0.28072691155615753,0.28072691155615753,1.0,209,209,0.21891886550997905
2,all,-0.3306637459573638,0.29629082233275333,0.29629082233275333,1.0,209,209,0.21891886550997905
2,all,-0.3097907855015194,0.31222982487949275,0.31222982487949275,1.0,209,209,0.21891886550997905
2,all,-0.2889178250456741,0.3284636957941612,0.3284636957941612,1.0,209,209,0.21891886550997905
2,all,-0.2680448645898297,0.3449133935873782,0.3449133935873782,1.0,209,209,0.21891886550997905
2,all,-0.24717190413398438,0.3615046861429615,0.3615046861429615,1.0,209,209,0.21891886550997905
2,all,-0.22629894367813996,0.3781715155202288,0.3781715155202288,1.0,209,209,0.21891886550997905
2,all,-0.20542598322229466,0.39485887611254267,0.39485887611254267,1.0,209,209,0.21891886550997905
2,all,-0.18455302276645025,0.4115250063469063,0.4115250063469063,1.0,209,209,0.21891886550997905
2,all,-0.16368006231060583,0.4281427330044363,0.4281427330044363,1.0,209,209,0.21891886550997905
2,all,-0.14280710185476053,0.4446998583266607,0.4446998583266607,1.0,209,209,0.21891886550997905
2,all,-0.12193414139891612,0.4611985397546496,0.4611985397546496,1.0,209,209,0.21891886550997905
2,all,-0.10106118094307082,0.47765367608009485,0.47765367608009485,1.0,209,209,0.21891886550997905
2,all,-0.0801882204872264,0.4940903772540924,0.4940903772540924,1.0,209,209,0.21891886550997905
2,all,-0.0593152600313811,0.5105406534391997,0.5105406534391997,1.0,209,209,0.21891886550997905
2,all,-0.03844229957553669,0.5270395079111753,0.5270395079111753,1.0,209,209,0.21891886550997905
2,all,-0.017569339119691385,0.5436206547596817,0.5436206547596817,1.0,209,209,0.21891886550997905
2,all,0.0033036213361530287,0.5603121037494423,0.5603121037494423,1.0,209,209,0.21891886550997905
2,all,0.02417658179199833,0.5771318601964874,0.5771318601964874,1.0,209,209,0.21891886550997905
2,all,0.045049542247842744,0.5940839775914218,0.5940839775914218,1.0,209,209,0.21891886550997905
2,all,0.06592250270368805,0.6111551764596777,0.6111551764596777,1.0,209,209,0.21891886550997905
2,all,0.08679546315953157,0.6283122070669046,0.6283122070669046,1.0,209,209,0.21891886550997905
2,all,0.10766842361537687,0.6455000892268182,0.6455000892268182,1.0,209,209,0.21891886550997905
2,all,0.12854138407122218,0.6626413131715175,0.6626413131715175,1.0,209,209,0.21891886550997905
2,all,0.14941434452706748,0.6796360347302183,0.6796360347302183,1.0,209,209,0.21891886550997905
2,all,0.170287304982911,0.6963632491536836,0.6963632491536836,1.0,209,209,0.21891886550997905
2,all,0.1911602654387563,0.7126828834849132,0.7126828834849132,1.0,209,209,0.21891886550997905
2,all,0.2120332258946016,0.7284387093613865,0.7284387093613865,1.0,209,209,0.21891886550997905
2,all,0.2329061863504469,0.7434619477131436,0.7434619477131436,1.0,209,209,0.21891886550997905
2,all,0.25377914680629043,0.7575754144280453,0.7575754144280453,1.0,209,209,0.21891886550997905
2,all,0.27465210726213574,0.7705980415095706,0.7705980415095706,1.0,209,209,0.21891886550997905
2,all,0.29552506771798104,0.7823496009397,0.7823496009397,1.0,209,209,0.21891886550997905
2,all,0.31639802817382456,0.7926554575445125,0.7926554575445125,1.0,209,209,0.21891886550997905
2,all,0.33727098862966987,0.801351181787972,0.801351181787972,1.0,209,209,0.21891886550997905
2,all,0.35814394908551517,0.8082868628767713,0.8082868628767713,1.0,209,209,0.21891886550997905
2,all,0.37901690954136047,0.8133309763675224,0.8133309763675224,1.0,209,209,0.21891886550997905
2,all,0.399889869997204,0.8163736783948565,0.8163736783948565,1.0,209,209,0.21891886550997905
2,all,0.4207628304530493,0.8173294206277364,0.8173294206277364,1.0,209,209,0.21891886550997905
2,all,0.4416357909088946,0.8161388060890702,0.8161388060890702,1.0,209,209,0.21891886550997905
2,all,0.4625087513647399,0.8127696358726022,0.8127696358726022,1.0,209,209,0.21891886550997905
2,all,0.4833817118205834,0.8072171300628218,0.8072171300628218,1.0,209,209,0.21891886550997905
2,all,0.5042546722764287,0.7995033418310789,0.7995033418310789,1.0,209,209,0.21891886550997905
2,all,0.525127632732274,0.7896758202112708,0.7896758202112708,1.0,209,209,0.21891886550997905
2,all,0.5460005931881176,0.7778056123848887,0.7778056123848887,1.0,209,209,0.21891886550997905
2,all,0.5668735536439629,0.7639847279590936,0.7639847279590936,1.0,209,209,0.21891886550997905
2,all,0.5877465140998082,0.7483232130648652,0.7483232130648652,1.0,209,209,0.21891886550997905
2,all,0.6086194745556535,0.7309459986362143,0.7309459986362143,1.0,209,209,0.21891886550997905
2,all,0.629492435011497,0.7119896929385929,0.7119896929385929,1.0,209,209,0.21891886550997905
2,all,0.6503653954673423,0.6915994820837037,0.6915994820837037,1.0,209,209,0.21891886550997905
2,all,0.6712383559231876,0.6699262837494917,0.6699262837494917,1.0,209,209,0.21891886550997905
2,all,0.6921113163790329,0.6471242696704114,0.6471242696704114,1.0,209,209,0.21891886550997905
2,all,0.7129842768348764,0.6233488339228995,0.6233488339228995,1.0,209,209,0.21891886550997905
2,all,0.7338572372907217,0.5987550398873168,0.5987550398873168,1.0,209,209,0.21891886550997905
2,all,0.754730197746567,0.5734965330328023,0.5734965330328023,1.0,209,209,0.21891886550997905
2,all,0.7756031582024105,0.547724863671321,0.547724863671321,1.0,209,209,0.21891886550997905
2,all,0.7964761186582558,0.5215891277279135,0.5215891277279135,1.0,209,209,0.21891886550997905
2,all,0.8173490791141012,0.49523580790995125,0.49523580790995125,1.0,209,209,0.21891886550997905
2,all,0.8382220395699465,0.46880868492367217,0.46880868492367217,1.0,209,209,0.21891886550997905
2,all,0.85909500002579,0.44244868974587204,0.44244868974587204,1.0,209,209,0.21891886550997905
2,all,0.8799679604816353,0.4162935831096509,0.4162935831096509,1.0,209,209,0.21891886550997905
2,all,0.9008409209374806,0.3904773755722629,0.3904773755722629,1.0,209,209,0.21891886550997905
2,all,0.9217138813933259,0.3651294378356954,0.3651294378356954,1.0,209,209,0.21891886550997905
2,all,0.9425868418491694,0.34037329252982285,0.34037329252982285,1.0,209,209,0.21891886550997905
2,all,0.9634598023050147,0.31632512112489786,0.31632512112489786,1.0,209,209,0.21891886550997905
2,all,0.98433276276086,0.2930920587048348,0.2930920587048348,1.0,209,209,0.21891886550997905
2,all,1.0052057232167035,0.27077038115503455,0.27077038115503455,1.0,209,209,0.21891886550997905
2,all,1.0260786836725488,0.24944371089144782,0.24944371089144782,1.0,209,209,0.21891886550997905
2,all,1.0469516441283941,0.22918137668955074,0.22918137668955074,1.0,209,209,0.21891886550997905
2,all,1.0678246045842394,0.21003705982715234,0.21003705982715234,1.0,209,209,0.21891886550997905
2,all,1.088697565040083,0.1920478432536984,0.1920478432536984,1.0,209,209,0.21891886550997905
2,all,1.1095705254959283,0.17523375458736223,0.17523375458736223,1.0,209,209,0.21891886550997905
2,all,1.1304434859517736,0.15959786005846466,0.15959786005846466,1.0,209,209,0.21891886550997905
2,all,1.1513164464076189,0.14512692828728288,0.14512692828728288,1.0,209,209,0.21891886550997905
2,all,1.1721894068634624,0.13179264347480332,0.13179264347480332,1.0,209,209,0.21891886550997905
2,all,1.1930623673193077,0.11955331057214467,0.11955331057214467,1.0,209,209,0.21891886550997905
2,all,1.213935327775153,0.10835596326076591,0.10835596326076591,1.0,209,209,0.21891886550997905
2,all,1.2348082882309965,0.09813876147066417,0.09813876147066417,1.0,209,209,0.21891886550997905
2,all,1.2556812486868418,0.08883355024350444,0.08883355024350444,1.0,209,209,0.21891886550997905
2,all,1.2765542091426871,0.08036844669786479,0.08036844669786479,1.0,209,209,0.21891886550997905
2,all,1.2974271695985324,0.072670326498045,0.072670326498045,1.0,209,209,0.21891886550997905
2,all,1.318300130054376,0.06566709460904264,0.06566709460904264,1.0,209,209,0.21891886550997905
2,all,1.3391730905102213,0.059289645642138684,0.059289645642138684,1.0,209,209,0.21891886550997905
2,all,1.3600460509660666,0.05347344470714239,0.05347344470714239,1.0,209,209,0.21891886550997905
2,all,1.3809190114219119,0.04815968808947609,0.04815968808947609,1.0,209,209,0.21891886550997905
2,all,1.4017919718777554,0.04329603192585483,0.04329603192585483,1.0,209,209,0.21891886550997905
2,all,1.4226649323336007,0.038836904181804445,0.038836904181804445,1.0,209,209,0.21891886550997905
2,all,1.443537892789446,0.03474343878206865,0.03474343878206865,1.0,209,209,0.21891886550997905
2,all,1.4644108532452895,0.030983089304002568,0.030983089304002568,1.0,209,209,0.21891886550997905
2,all,1.4852838137011348,0.027528992332258098,0.027528992332258098,1.0,209,209,0.21891886550997905
2,all,1.5061567741569801,0.02435915705804539,0.02435915705804539,1.0,209,209,0.21891886550997905
2,all,1.5270297346128254,0.021455558180832012,0.021455558180832012,1.0,209,209,0.21891886550997905
2,all,1.547902695068669,0.018803204284519814,0.018803204284519814,1.0,209,209,0.21891886550997905
2,all,1.5687756555245143,0.01638924461930191,0.01638924461930191,1.0,209,209,0.21891886550997905
2,all,1.5896486159803596,0.014202164862172833,0.014202164862172833,1.0,209,209,0.21891886550997905
2,all,1.610521576436203,0.01223110829171533,0.01223110829171533,1.0,209,209,0.21891886550997905
2,all,1.6313945368920484,0.010465344208843114,0.010465344208843114,1.0,209,209,0.21891886550997905
2,all,1.6522674973478937,0.008893891541310444,0.008893891541310444,1.0,209,209,0.21891886550997905
2,all,1.673140457803739,0.007505293342294298,0.007505293342294298,1.0,209,209,0.21891886550997905
2,all,1.6940134182595825,0.0062875280143088914,0.0062875280143088914,1.0,209,209,0.21891886550997905
2,all,1.7148863787154278,0.005228035945677665,0.005228035945677665,1.0,209,209,0.21891886550997905
2,all,1.7357593391712731,0.0043138359380873,0.0043138359380873,1.0,209,209,0.21891886550997905
2,all,1.7566322996271184,0.0035317041792578985,0.0035317041792578985,1.0,209,209,0.21891886550997905
2,all,1.777505260082962,0.002868389225382634,0.002868389225382634,1.0,209,209,0.21891886550997905
2,all,1.7983782205388072,0.0023108390204505326,0.0023108390204505326,1.0,209,209,0.21891886550997905
2,all,1.8192511809946526,0.0018464198427173178,0.0018464198427173178,1.0,209,209,0.21891886550997905
2,all,1.840124141450496,0.0014631116748339641,0.0014631116748339641,1.0,209,209,0.21891886550997905
2,all,1.8609971019063414,0.0011496693307050405,0.0011496693307050405,1.0,209,209,0.21891886550997905
2,all,1.8818700623621867,0.0008957433085792244,0.0008957433085792244,1.0,209,209,0.21891886550997905
2,all,1.902743022818032,0.0006919584505465849,0.0006919584505465849,1.0,209,209,0.21891886550997905
2,all,1.9236159832738755,0.0005299518606792565,0.0005299518606792565,1.0,209,209,0.21891886550997905
2,all,1.9444889437297208,0.00040237406289384,0.00040237406289384,1.0,209,209,0.21891886550997905
2,all,1.965361904185566,0.00030285905487407175,0.00030285905487407175,1.0,209,209,0.21891886550997905
2,all,1.9862348646414114,0.0002259697998986099,0.0002259697998986099,1.0,209,209,0.21891886550997905
2,all,2.007107825097255,0.00016712590948331527,0.00016712590948331527,1.0,209,209,0.21891886550997905
2,all,2.0279807855531002,0.0001225199507122097,0.0001225199507122097,1.0,209,209,0.21891886550997905
2,all,2.0488537460089455,8.902811644153675e-05,8.902811644153675e-05,1.0,209,209,0.21891886550997905
2,all,2.069726706464789,6.412007078698056e-05,6.412007078698056e-05,1.0,209,209,0.21891886550997905
2,all,2.0905996669206344,4.5771754802453626e-05,4.5771754802453626e-05,1.0,209,209,0.21891886550997905
2,all,2.1114726273764797,3.2383911460820235e-05,3.2383911460820235e-05,1.0,209,209,0.21891886550997905
2,all,2.132345587832325,2.2708140874070967e-05,2.2708140874070967e-05,1.0,209,209,0.21891886550997905
2,all,2.1532185482881685,1.5781475271803233e-05,1.5781475271803233e-05,1.0,209,209,0.21891886550997905
2,all,2.174091508744014,1.0869793986362321e-05,1.0869793986362321e-05,1.0,209,209,0.21891886550997905
2,all,2.194964469199859,7.419887673427432e-06,7.419887673427432e-06,1.0,209,209,0.21891886550997905
2,all,2.2158374296557044,5.019620029084346e-06,5.019620029084346e-06,1.0,209,209,0.21891886550997905
2,all,2.236710390111548,3.3654067261737477e-06,3.3654067261737477e-06,1.0,209,209,0.21891886550997905
2,all,2.2575833505673932,2.2361124485391084e-06,2.2361124485391084e-06,1.0,209,209,0.21891886550997905
2,all,2.2784563110232385,1.4724333867661198e-06,1.4724333867661198e-06,1.0,209,209,0.21891886550997905
2,all,2.299329271479082,9.608609410625225e-07,9.608609410625225e-07,1.0,209,209,0.21891886550997905
2,all,2.3202022319349274,6.213918324023555e-07,6.213918324023555e-07,1.0,209,209,0.21891886550997905
2,all,2.3410751923907727,3.98243040919286e-07,3.98243040919286e-07,1.0,209,209,0.21891886550997905
2,all,2.361948152846618,2.5293346600864217e-07,2.5293346600864217e-07,1.0,209,209,0.21891886550997905
2,all,2.3828211133024615,1.591980917767466e-07,1.591980917767466e-07,1.0,209,209,0.21891886550997905
2,all,2.403694073758307,9.929813759718189e-08,9.929813759718189e-08,1.0,209,209,0.21891886550997905
2,all,2.424567034214152,6.137824018247846e-08,6.137824018247846e-08,1.0,209,209,0.21891886550997905
2,all,2.4454399946699974,3.7597278398677496e-08,3.7597278398677496e-08,1.0,209,209,0.21891886550997905
2,all,2.466312955125841,2.2822632563545264e-08,2.2822632563545264e-08,1.0,209,209,0.21891886550997905
2,all,2.4871859155816862,1.3729074431785235e-08,1.3729074431785235e-08,1.0,209,209,0.21891886550997905
2,all,2.5080588760375315,8.184307248890744e-09,8.184307248890744e-09,1.0,209,209,0.21891886550997905
2,all,2.528931836493375,4.83489215846459e-09,4.83489215846459e-09,1.0,209,209,0.21891886550997905
2,all,2.5498047969492204,2.830446888734587e-09,2.830446888734587e-09,1.0,209,209,0.21891886550997905
2,all,2.5706777574050657,1.6420478724860532e-09,1.6420478724860532e-09,1.0,209,209,0.21891886550997905
2,all,2.591550717860911,9.440141720893318e-10,9.440141720893318e-10,1.0,209,209,0.21891886550997905
2,all,2.6124236783167545,5.378144745552063e-10,5.378144745552063e-10,1.0,209,209,0.21891886550997905
2,all,2.6332966387726,3.0363174053024657e-10,3.0363174053024657e-10,1.0,209,209,0.21891886550997905
2,all,2.654169599228445,1.6987209959600657e-10,1.6987209959600657e-10,1.0,209,209,0.21891886550997905
2,all,2.6750425596842904,9.417956599931075e-11,9.417956599931075e-11,1.0,209,209,0.21891886550997905
2,all,2.695915520140134,5.174288569093942e-11,5.174288569093942e-11,1.0,209,209,0.21891886550997905
3,all,-7.970167272796567,5.391054891389765e-176,5.391054891389765e-176,1.0,144,144,0.19145797185613275
3,all,-7.949294312340722,1.1672432406521376e-174,1.1672432406521376e-174,1.0,144,144,0.19145797185613275
3,all,-7.928421351884877,2.4973943799246467e-173,2.4973943799246467e-173,1.0,144,144,0.19145797185613275
3,all,-7.9075483914290325,5.280208124080833e-172,5.280208124080833e-172,1.0,144,144,0.19145797185613275
3,all,-7.886675430973187,1.1031970717747465e-170,1.1031970717747465e-170,1.0,144,144,0.19145797185613275
3,all,-7.865802470517343,2.2776831470490822e-169,2.2776831470490822e-169,1.0,144,144,0.19145797185613275
3,all,-7.8449295100614975,4.646989218738611e-168,4.646989218738611e-168,1.0,144,144,0.19145797185613275
3,all,-7.824056549605653,9.368890646969076e-167,9.368890646969076e-167,1.0,144,144,0.19145797185613275
3,all,-7.803183589149808,1.8665637337505211e-165,1.8665637337505211e-165,1.0,144,144,0.19145797185613275
3,all,-7.782310628693963,3.674816228169612e-164,3.674816228169612e-164,1.0,144,144,0.19145797185613275
3,all,-7.761437668238118,7.149350288099227e-163,7.149350288099227e-163,1.0,144,144,0.19145797185613275
3,all,-7.740564707782274,1.3744712982901926e-161,1.3744712982901926e-161,1.0,144,144,0.19145797185613275
3,all,-7.719691747326429,2.6112167505332057e-160,2.6112167505332057e-160,1.0,144,144,0.19145797185613275
3,all,-7.698818786870584,4.902169450834597e-159,4.902169450834597e-159,1.0,144,144,0.19145797185613275
3,all,-7.6779458264147395,9.094354182774598e-158,9.094354182774598e-158,1.0,144,144,0.19145797185613275
3,all,-7.657072865958894,1.6672224789964461e-156,1.6672224789964461e-156,1.0,144,144,0.19145797185613275
3,all,-7.63619990550305,3.0203230636230424e-155,3.0203230636230424e-155,1.0,144,144,0.19145797185613275
3,all,-7.6153269450472045,5.4069379957501286e-154,5.4069379957501286e-154,1.0,144,144,0.19145797185613275
3,all,-7.59445398459136,9.565056245658246e-153,9.565056245658246e-153,1.0,144,144,0.19145797185613275
3,all,-7.573581024135515,1.6720983392909615e-151,1.6720983392909615e-151,1.0,144,144,0.19145797185613275
3,all,-7.55270806367967,2.888512501065072e-150,2.888512501065072e-150,1.0,144,144,0.19145797185613275
3,all,-7.531835103223825,4.9308845687027715e-149,4.9308845687027715e-149,1.0,144,144,0.19145797185613275
3,all,-7.510962142767981,8.317897586463986e-148,8.317897586463986e-148,1.0,144,144,0.19145797185613275
3,all,-7.490089182312136,1.3865656924763352e-146,1.3865656924763352e-146,1.0,144,144,0.19145797185613275
3,all,-7.469216221856291,2.2840493350248706e-145,2.2840493350248706e-145,1.0,144,144,0.19145797185613275
3,all,-7.448343261400447,3.7179937801289185e-144,3.7179937801289185e-144,1.0,144,144,0.19145797185613275
3,all,-7.427470300944601,5.980672014744727e-143,5.980672014744727e-143,1.0,144,144,0.19145797185613275
3,all,-7.406597340488757,9.506692827855901e-142,9.506692827855901e-142,1.0,144,144,0.19145797185613275
3,all,-7.3857243800329115,1.4933000709072735e-140,1.4933000709072735e-140,1.0,144,144,0.19145797185613275
3,all,-7.364851419577067,2.3179435671304815e-139,2.3179435671304815e-139,1.0,144,144,0.19145797185613275
3,all,-7.343978459121222,3.55546804361517e-138,3.55546804361517e-138,1.0,144,144,0.19145797185613275
3,all,-7.323105498665377,5.389256439145751e-137,5.389256439145751e-137,1.0,144,144,0.19145797185613275
3,all,-7.302232538209532,8.072332970723778e-136,8.072332970723778e-136,1.0,144,144,0.19145797185613275
3,all,-7.281359577753688,1.1948336203441264e-134,1.1948336203441264e-134,1.0,144,144,0.19145797185613275
3,all,-7.260486617297843,1.747647940932426e-133,1.747647940932426e-133,1.0,144,144,0.19145797185613275
3,all,-7.239613656841998,2.5260306362396185e-132,2.5260306362396185e-132,1.0,144,144,0.19145797185613275
3,all,-7.218740696386154,3.6079576056063684e-131,3.6079576056063684e-131,1.0,144,144,0.19145797185613275
3,all,-7.197867735930308,5.092398560753523e-130,5.092398560753523e-130,1.0,144,144,0.19145797185613275
3,all,-7.176994775474464,7.102667692994671e-129,7.102667692994671e-129,1.0,144,144,0.19145797185613275
3,all,-7.1561218150186185,9.789460403777547e-128,9.789460403777547e-128,1.0,144,144,0.19145797185613275
3,all,-7.135248854562774,1.3333192844784701e-126,1.3333192844784701e-126,1.0,144,144,0.19145797185613275
3,all,-7.114375894106929,1.794517573097788e-125,1.794517573097788e-125,1.0,144,144,0.19145797185613275
3,all,-7.093502933651084,2.386708716080923e-124,2.386708716080923e-124,1.0,144,144,0.19145797185613275
3,all,-7.072629973195239,3.1368176372718495e-123,3.1368176372718495e-123,1.0,144,144,0.19145797185613275
3,all,-7.051757012739395,4.0739647954069485e-122,4.0739647954069485e-122,1.0,144,144,0.19145797185613275
3,all,-7.03088405228355,5.22857594965525e-121,5.22857594965525e-121,1.0,144,144,0.19145797185613275
3,all,-7.010011091827705,6.631132694005077e-120,6.631132694005077e-120,1.0,144,144,0.19145797185613275
3,all,-6.989138131371861,8.310557615857563e-119,8.310557615857563e-119,1.0,144,144,0.19145797185613275
3,all,-6.968265170916015,1.0292260254950922e-117,1.0292260254950922e-117,1.0,144,144,0.19145797185613275
3,all,-6.947392210460171,1.2595908660810933e-116,1.2595908660810933e-116,1.0,144,144,0.19145797185613275
3,all,-6.926519250004326,1.5233033404804794e-115,1.5233033404804794e-115,1.0,144,144,0.19145797185613275
3,all,-6.905646289548481,1.8204612319652635e-114,1.8204612319652635e-114,1.0,144,144,0.19145797185613275
3,all,-6.884773329092637,2.1498820000726497e-113,2.1498820000726497e-113,1.0,144,144,0.19145797185613275
3,all,-6.863900368636791,2.5089150745960954e-112,2.5089150745960954e-112,1.0,144,144,0.19145797185613275
3,all,-6.843027408180946,2.8933131894586067e-111,2.8933131894586067e-111,1.0,144,144,0.19145797185613275
3,all,-6.822154447725102,3.297183221949711e-110,3.297183221949711e-110,1.0,144,144,0.19145797185613275
3,all,-6.801281487269257,3.713033470919884e-109,3.713033470919884e-109,1.0,144,144,0.19145797185613275
3,all,-6.780408526813412,4.1319284797337164e-108,4.1319284797337164e-108,1.0,144,144,0.19145797185613275
3,all,-6.759535566357568,4.543754681163374e-107,4.543754681163374e-107,1.0,144,144,0.19145797185613275
3,all,-6.738662605901722,4.93759090204847e-106,4.93759090204847e-106,1.0,144,144,0.19145797185613275
3,all,-6.717789645445878,5.3021679622798085e-105,5.3021679622798085e-105,1.0,144,144,0.19145797185613275
3,all,-6.696916684990033,5.626392257814672e-104,5.626392257814672e-104,1.0,144,144,0.19145797185613275
3,all,-6.676043724534188,5.899900410969595e-103,5.899900410969595e-103,1.0,144,144,0.19145797185613275
3,all,-6.655170764078344,6.113606802116577e-102,6.113606802116577e-102,1.0,144,144,0.19145797185613275
3,all,-6.634297803622498,6.260203841603306e-101,6.260203841603306e-101,1.0,144,144,0.19145797185613275
3,all,-6.613424843166653,6.334576632941137e-100,6.334576632941137e-100,1.0,144,144,0.19145797185613275
3,all,-6.592551882710809,6.3340992285109e-99,6.3340992285109e-99,1.0,144,144,0.19145797185613275
3,all,-6.571678922254964,6.258788550265296e-98,6.258788550265296e-98,1.0,144,144,0.19145797185613275
3,all,-6.550805961799119,6.111303393978795e-97,6.111303393978795e-97,1.0,144,144,0.19145797185613275
3,all,-6.529933001343275,5.896788598758487e-96,5.896788598758487e-96,1.0,144,144,0.19145797185613275
3,all,-6.509060040887429,5.622577118095041e-95,5.622577118095041e-95,1.0,144,144,0.19145797185613275
3,all,-6.488187080431585,5.297774050125652e-94,5.297774050125652e-94,1.0,144,144,0.19145797185613275
3,all,-6.46731411997574,4.932755518447945e-93,4.932755518447945e-93,1.0,144,144,0.19145797185613275
3,all,-6.446441159519895,4.538620799127623e-92,4.538620799127623e-92,1.0,144,144,0.19145797185613275
3,all,-6.425568199064051,4.126637833259145e-91,4.126637833259145e-91,1.0,144,144,0.19145797185613275
3,all,-6.404695238608205,3.707720263551224e-90,3.707720263551224e-90,1.0,144,144,0.19145797185613275
3,all,-6.38382227815236,3.291968826626688e-89,3.291968826626688e-89,1.0,144,144,0.19145797185613275
3,all,-6.362949317696516,2.8883021002094533e-88,2.8883021002094533e-88,1.0,144,144,0.19145797185613275
3,all,-6.342076357240671,2.504192246886922e-87,2.504192246886922e-87,1.0,144,144,0.19145797185613275
3,all,-6.321203396784826,2.1455115939127562e-86,2.1455115939127562e-86,1.0,144,144,0.19145797185613275
3,all,-6.300330436328982,1.8164866622019555e-85,1.8164866622019555e-85,1.0,144,144,0.19145797185613275
3,all,-6.279457475873136,1.5197484513504053e-84,1.5197484513504053e-84,1.0,144,144,0.19145797185613275
3,all,-6.258584515417292,1.2564619876017601e-83,1.2564619876017601e-83,1.0,144,144,0.19145797185613275
3,all,-6.237711554961447,1.0265146395555124e-82,1.0265146395555124e-82,1.0,144,144,0.19145797185613275
3,all,-6.216838594505602,8.287415039376921e-82,8.287415039376921e-82,1.0,144,144,0.19145797185613275
3,all,-6.195965634049758,6.611670158032609e-81,6.611670158032609e-81,1.0,144,144,0.19145797185613275
3,all,-6.1750926735939125,5.212444192894131e-80,5.212444192894131e-80,1.0,144,144,0.19145797185613275
3,all,-6.154219713138067,4.060783217517704e-79,4.060783217517704e-79,1.0,144,144,0.19145797185613275
3,all,-6.133346752682223,3.1261969959021735e-78,3.1261969959021735e-78,1.0,144,144,0.19145797185613275
3,all,-6.112473792226378,2.3782692781513955e-77,2.3782692781513955e-77,1.0,144,144,0.19145797185613275
3,all,-6.091600831770533,1.7879026114605484e-76,1.7879026114605484e-76,1.0,144,144,0.19145797185613275
3,all,-6.070727871314689,1.3282041723334076e-75,1.3282041723334076e-75,1.0,144,144,0.19145797185613275
3,all,-6.049854910858843,9.75043452094178e-75,9.75043452094178e-75,1.0,144,144,0.19145797185613275
3,all,-6.028981950402999,7.073286488984856e-74,7.073286488984856e-74,1.0,144,144,0.19145797185613275
3,all,-6.008108989947154,5.070568751709519e-73,5.070568751709519e-73,1.0,144,144,0.19145797185613275
3,all,-5.987236029491309,3.591949740208064e-72,3.591949740208064e-72,1.0,144,144,0.19145797185613275
3,all,-5.966363069035465,2.5144440438814132e-71,2.5144440438814132e-71,1.0,144,144,0.19145797185613275
3,all,-5.9454901085796195,1.739369490131212e-70,1.739369490131212e-70,1.0,144,144,0.19145797185613275
3,all,-5.924617148123774,1.1889945641004388e-69,1.1889945641004388e-69,1.0,144,144,0.19145797185613275
3,all,-5.90374418766793,8.031673377149942e-69,8.031673377149942e-69,1.0,144,144,0.19145797185613275
3,all,-5.882871227212085,5.361303054590159e-68,5.361303054590159e-68,1.0,144,144,0.19145797185613275
3,all,-5.86199826675624,3.5364931703263284e-67,3.5364931703263284e-67,1.0,144,144,0.19145797185613275
3,all,-5.841125306300396,2.305225627109809e-66,2.305225627109809e-66,1.0,144,144,0.19145797185613275
3,all,-5.820252345844551,1.4848828892184023e-65,1.4848828892184023e-65,1.0,144,144,0.19145797185613275
3,all,-5.799379385388706,9.451682296632531e-65,9.451682296632531e-65,1.0,144,144,0.19145797185613275
3,all,-5.778506424932861,5.945168607862123e-64,5.945168607862123e-64,1.0,144,144,0.19145797185613275
3,all,-5.757633464477016,3.695365375743598e-63,3.695365375743598e-63,1.0,144,144,0.19145797185613275
3,all,-5.736760504021172,2.269806018414941e-62,2.269806018414941e-62,1.0,144,144,0.19145797185613275
3,all,-5.7158875435653265,1.3777113924423285e-61,1.3777113924423285e-61,1.0,144,144,0.19145797185613275
3,all,-5.695014583109481,8.263535641911776e-61,8.263535641911776e-61,1.0,144,144,0.19145797185613275
3,all,-5.674141622653637,4.897920234482599e-60,4.897920234482599e-60,1.0,144,144,0.19145797185613275
3,all,-5.653268662197792,2.8687695342650036e-59,2.8687695342650036e-59,1.0,144,144,0.19145797185613275
3,all,-5.632395701741947,1.660419253689658e-58,1.660419253689658e-58,1.0,144,144,0.19145797185613275
3,all,-5.611522741286103,9.496815695759759e-58,9.496815695759759e-58,1.0,144,144,0.19145797185613275
3,all,-5.590649780830258,5.367553815024498e-57,5.367553815024498e-57,1.0,144,144,0.19145797185613275
3,all,-5.569776820374413,2.9978710863371877e-56,2.9978710863371877e-56,1.0,144,144,0.19145797185613275
3,all,-5.548903859918568,1.654579534221645e-55,1.654579534221645e-55,1.0,144,144,0.19145797185613275
3,all,-5.528030899462723,9.024029187971448e-55,9.024029187971448e-55,1.0,144,144,0.19145797185613275
3,all,-5.507157939006879,4.863528700649532e-54,4.863528700649532e-54,1.0,144,144,0.19145797185613275
3,all,-5.4862849785510335,2.590243683564753e-53,2.590243683564753e-53,1.0,144,144,0.19145797185613275
3,all,-5.465412018095188,1.3632261618607969e-52,1.3632261618607969e-52,1.0,144,144,0.19145797185613275
3,all,-5.444539057639344,7.089789638745448e-52,7.089789638745448e-52,1.0,144,144,0.19145797185613275
3,all,-5.423666097183499,3.6436523676212325e-51,3.6436523676212325e-51,1.0,144,144,0.19145797185613275
3,all,-5.402793136727654,1.8504556024047832e-50,1.8504556024047832e-50,1.0,144,144,0.19145797185613275
3,all,-5.38192017627181,9.286638764562872e-50,9.286638764562872e-50,1.0,144,144,0.19145797185613275
3,all,-5.361047215815965,4.605497850428629e-49,4.605497850428629e-49,1.0,144,144,0.19145797185613275
3,all,-5.34017425536012,2.2570062613361553e-48,2.2570062613361553e-48,1.0,144,144,0.19145797185613275
3,all,-5.319301294904275,1.0930174421056318e-47,1.0930174421056318e-47,1.0,144,144,0.19145797185613275
3,all,-5.29842833444843,5.230697073684593e-47,5.230697073684593e-47,1.0,144,144,0.19145797185613275
3,all,-5.277555373992586,2.4736041161544694e-46,2.4736041161544694e-46,1.0,144,144,0.19145797185613275
3,all,-5.2566824135367405,1.1559497861897252e-45,1.1559497861897252e-45,1.0,144,144,0.19145797185613275
3,all,-5.235809453080895,5.338089998517329e-45,5.338089998517329e-45,1.0,144,144,0.19145797185613275
3,all,-5.214936492625051,2.4359645437253715e-44,2.4359645437253715e-44,1.0,144,144,0.19145797185613275
3,all,-5.194063532169206,1.098485130078948e-43,1.098485130078948e-43,1.0,144,144,0.19145797185613275
3,all,-5.173190571713361,4.895032172516218e-43,4.895032172516218e-43,1.0,144,144,0.19145797185613275
3,all,-5.152317611257517,2.1555349416782078e-42,2.1555349416782078e-42,1.0,144,144,0.19145797185613275
3,all,-5.131444650801672,9.37978173308664e-42,9.37978173308664e-42,1.0,144,144,0.19145797185613275
3,all,-5.110571690345827,4.03337448153096e-41,4.03337448153096e-41,1.0,144,144,0.19145797185613275
3,all,-5.089698729889982,1.7138882783523942e-40,1.7138882783523942e-40,1.0,144,144,0.19145797185613275
3,all,-5.068825769434137,7.1967202203084496e-40,7.1967202203084496e-40,1.0,144,144,0.19145797185613275
3,all,-5.047952808978293,2.986241170972044e-39,2.986241170972044e-39,1.0,144,144,0.19145797185613275
3,all,-5.0270798485224475,1.2244844847584988e-38,1.2244844847584988e-38,1.0,144,144,0.19145797185613275
3,all,-5.006206888066602,4.96157822654461e-38,4.96157822654461e-38,1.0,144,144,0.19145797185613275
3,all,-4.985333927610758,1.9866645759253866e-37,1.9866645759253866e-37,1.0,144,144,0.19145797185613275
3,all,-4.964460967154913,7.86081184934321e-37,7.86081184934321e-37,1.0,144,144,0.19145797185613275
3,all,-4.943588006699068,3.073607473028807e-36,3.073607473028807e-36,1.0,144,144,0.19145797185613275
3,all,-4.922715046243224,1.1875927946076628e-35,1.1875927946076628e-35,1.0,144,144,0.19145797185613275
3,all,-4.901842085787379,4.534452459877773e-35,4.534452459877773e-35,1.0,144,144,0.19145797185613275
3,all,-4.880969125331534,1.7108829590424437e-34,1.7108829590424437e-34,1.0,144,144,0.19145797185613275
3,all,-4.860096164875689,6.379019014966024e-34,6.379019014966024e-34,1.0,144,144,0.19145797185613275
3,all,-4.839223204419844,2.3503126678078672e-33,2.3503126678078672e-33,1.0,144,144,0.19145797185613275
3,all,-4.818350243964,8.557275899727779e-33,8.557275899727779e-33,1.0,144,144,0.19145797185613275
3,all,-4.7974772835081545,3.078814875648285e-32,3.078814875648285e-32,1.0,144,144,0.19145797185613275
3,all,-4.776604323052309,1.0946360995609913e-31,1.0946360995609913e-31,1.0,144,144,0.19145797185613275
3,all,-4.755731362596465,3.8458656192863645e-31,3.8458656192863645e-31,1.0,144,144,0.19145797185613275
3,all,-4.73485840214062,1.335231571003191e-30,1.335231571003191e-30,1.0,144,144,0.19145797185613275
3,all,-4.713985441684775,4.5809676863666784e-30,4.5809676863666784e-30,1.0,144,144,0.19145797185613275
3,all,-4.693112481228931,1.5530878159935235e-29,1.5530878159935235e-29,1.0,144,144,0.19145797185613275
3,all,-4.672239520773086,5.203229065045407e-29,5.203229065045407e-29,1.0,144,144,0.19145797185613275
3,all,-4.651366560317241,1.7226142159864126e-28,1.7226142159864126e-28,1.0,144,144,0.19145797185613275
3,all,-4.630493599861396,5.6356142275513655e-28,5.6356142275513655e-28,1.0,144,144,0.19145797185613275
3,all,-4.609620639405551,1.8219339782995275e-27,1.8219339782995275e-27,1.0,144,144,0.19145797185613275
3,all,-4.588747678949707,5.820525045325371e-27,5.820525045325371e-27,1.0,144,144,0.19145797185613275
3,all,-4.5678747184938615,1.8375105355302172e-26,1.8375105355302172e-26,1.0,144,144,0.19145797185613275
3,all,-4.547001758038016,5.732389104524727e-26,5.732389104524727e-26,1.0,144,144,0.19145797185613275
3,all,-4.526128797582172,1.7671753070087942e-25,1.7671753070087942e-25,1.0,144,144,0.19145797185613275
3,all,-4.505255837126327,5.383463285261579e-25,5.383463285261579e-25,1.0,144,144,0.19145797185613275
3,all,-4.484382876670482,1.620623100852636e-24,1.620623100852636e-24,1.0,144,144,0.19145797185613275
3,all,-4.463509916214638,4.8210367642778235e-24,4.8210367642778235e-24,1.0,144,144,0.19145797185613275
3,all,-4.442636955758793,1.4172191433968003e-23,1.4172191433968003e-23,1.0,144,144,0.19145797185613275
3,all,-4.421763995302948,4.116913339452673e-23,4.116913339452673e-23,1.0,144,144,0.19145797185613275
3,all,-4.400891034847103,1.181801641827464e-22,1.181801641827464e-22,1.0,144,144,0.19145797185613275
3,all,-4.380018074391258,3.352398219047514e-22,3.352398219047514e-22,1.0,144,144,0.19145797185613275
3,all,-4.359145113935414,9.397336147523316e-22,9.397336147523316e-22,1.0,144,144,0.19145797185613275
3,all,-4.3382721534795685,2.6031073079014964e-21,2.6031073079014964e-21,1.0,144,144,0.19145797185613275
3,all,-4.317399193023723,7.125535846995639e-21,7.125535846995639e-21,1.0,144,144,0.19145797185613275
3,all,-4.296526232567879,1.927441189557858e-20,1.927441189557858e-20,1.0,144,144,0.19145797185613275
3,all,-4.275653272112034,5.1520834707578815e-20,5.1520834707578815e-20,1.0,144,144,0.19145797185613275
3,all,-4.254780311656189,1.3608892829848932e-19,1.3608892829848932e-19,1.0,144,144,0.19145797185613275
3,all,-4.233907351200345,3.552228104451673e-19,3.552228104451673e-19,1.0,144,144,0.19145797185613275
3,all,-4.2130343907445,9.162564534080582e-19,9.162564534080582e-19,1.0,144,144,0.19145797185613275
3,all,-4.192161430288655,2.3354544186649508e-18,2.3354544186649508e-18,1.0,144,144,0.19145797185613275
3,all,-4.17128846983281,5.8825265108547656e-18,5.8825265108547656e-18,1.0,144,144,0.19145797185613275
3,all,-4.150415509376965,1.464180232225334e-17,1.464180232225334e-17,1.0,144,144,0.19145797185613275
3,all,-4.129542548921121,3.60133344119544e-17,3.60133344119544e-17,1.0,144,144,0.19145797185613275
3,all,-4.1086695884652755,8.753269036519255e-17,8.753269036519255e-17,1.0,144,144,0.19145797185613275
3,all,-4.08779662800943,2.1024001004441828e-16,2.1024001004441828e-16,1.0,144,144,0.19145797185613275
3,all,-4.066923667553587,4.989977746537539e-16,4.989977746537539e-16,1.0,144,144,0.19145797185613275
3,all,-4.046050707097741,1.1703614210118317e-15,1.1703614210118317e-15,1.0,144,144,0.19145797185613275
3,all,-4.025177746641896,2.712561134055626e-15,2.712561134055626e-15,1.0,144,144,0.19145797185613275
3,all,-4.004304786186052,6.212654763990098e-15,6.212654763990098e-15,1.0,144,144,0.19145797185613275
3,all,-3.983431825730207,1.4060897907250736e-14,1.4060897907250736e-14,1.0,144,144,0.19145797185613275
3,all,-3.962558865274362,3.1447566038437504e-14,3.1447566038437504e-14,1.0,144,144,0.19145797185613275
3,all,-3.9416859048185175,6.950229879737139e-14,6.950229879737139e-14,1.0,144,144,0.19145797185613275
3,all,-3.9208129443626722,1.5179219777029504e-13,1.5179219777029504e-13,1.0,144,144,0.19145797185613275
3,all,-3.899939983906828,3.275954623233028e-13,3.275954623233028e-13,1.0,144,144,0.19145797185613275
3,all,-3.8790670234509825,6.986577074743464e-13,6.986577074743464e-13,1.0,144,144,0.19145797185613275
3,all,-3.858194062995138,1.4724114295087856e-12,1.4724114295087856e-12,1.0,144,144,0.19145797185613275
3,all,-3.837321102539293,3.0664229312970665e-12,3.0664229312970665e-12,1.0,144,144,0.19145797185613275
3,all,-3.8164481420834484,6.3106352142924745e-12,6.3106352142924745e-12,1.0,144,144,0.19145797185613275
3,all,-3.795575181627603,1.2833710774202722e-11,1.2833710774202722e-11,1.0,144,144,0.19145797185613275
3,all,-3.7747022211717587,2.5791082295805096e-11,2.5791082295805096e-11,1.0,144,144,0.19145797185613275
3,all,-3.7538292607159134,5.1218285350351596e-11,5.1218285350351596e-11,1.0,144,144,0.19145797185613275
3,all,-3.732956300260069,1.0051217064327905e-10,1.0051217064327905e-10,1.0,144,144,0.19145797185613275
3,all,-3.7120833398042246,1.949173136171025e-10,1.949173136171025e-10,1.0,144,144,0.19145797185613275
3,all,-3.6912103793483793,3.7352556466752457e-10,3.7352556466752457e-10,1.0,144,144,0.19145797185613275
3,all,-3.670337418892535,7.073402852269012e-10,7.073402852269012e-10,1.0,144,144,0.19145797185613275
3,all,-3.6494644584366895,1.3236543888764306e-09,1.3236543888764306e-09,1.0,144,144,0.19145797185613275
3,all,-3.628591497980845,2.4477043704584565e-09,2.4477043704584565e-09,1.0,144,144,0.19145797185613275
3,all,-3.607718537525,4.472820514474411e-09,4.472820514474411e-09,1.0,144,144,0.19145797185613275
3,all,-3.5868455770691554,8.076852047380281e-09,8.076852047380281e-09,1.0,144,144,0.19145797185613275
3,all,-3.56597261661331,1.4412553499113375e-08,1.4412553499113375e-08,1.0,144,144,0.19145797185613275
3,all,-3.5450996561574657,2.5414284412430248e-08,2.5414284412430248e-08,1.0,144,144,0.19145797185613275
3,all,-3.5242266957016204,4.428462666522947e-08,4.428462666522947e-08,1.0,144,144,0.19145797185613275
3,all,-3.503353735245776,7.625463353085467e-08,7.625463353085467e-08,1.0,144,144,0.19145797185613275
3,all,-3.4824807747899316,1.2975306852932676e-07,1.2975306852932676e-07,1.0,144,144,0.19145797185613275
3,all,-3.4616078143340863,2.1817610529430048e-07,2.1817610529430048e-07,1.0,144,144,0.19145797185613275
3,all,-3.440734853878242,3.625224287107222e-07,3.625224287107222e-07,1.0,144,144,0.19145797185613275
3,all,-3.4198618934223965,5.952518111272772e-07,5.952518111272772e-07,1.0,144,144,0.19145797185613275
3,all,-3.398988932966552,9.658389569226916e-07,9.658389569226916e-07,1.0,144,144,0.19145797185613275
3,all,-3.378115972510707,1.5486271191830206e-06,1.5486271191830206e-06,1.0,144,144,0.19145797185613275
3,all,-3.3572430120548624,2.453732133899933e-06,2.453732133899933e-06,1.0,144,144,0.19145797185613275
3,all,-3.336370051599017,3.841895865552923e-06,3.841895865552923e-06,1.0,144,144,0.19145797185613275
3,all,-3.3154970911431727,5.944319940809017e-06,5.944319940809017e-06,1.0,144,144,0.19145797185613275
3,all,-3.2946241306873274,9.088598370348537e-06,9.088598370348537e-06,1.0,144,144,0.19145797185613275
3,all,-3.273751170231483,1.3731873578064446e-05,1.3731873578064446e-05,1.0,144,144,0.19145797185613275
3,all,-3.2528782097756386,2.0502217160933805e-05,2.0502217160933805e-05,1.0,144,144,0.19145797185613275
3,all,-3.2320052493197933,3.0248929564329552e-05,3.0248929564329552e-05,1.0,144,144,0.19145797185613275
3,all,-3.211132288863949,4.410190409848892e-05,4.410190409848892e-05,1.0,144,144,0.19145797185613275
3,all,-3.1902593284081036,6.353935749156505e-05,6.353935749156505e-05,1.0,144,144,0.19145797185613275
3,all,-3.169386367952259,9.046205429546426e-05,9.046205429546426e-05,1.0,144,144,0.19145797185613275
3,all,-3.148513407496414,0.00012727063804204546,0.00012727063804204546,1.0,144,144,0.19145797185613275
3,all,-3.1276404470405694,0.00017694086471512426,0.00017694086471512426,1.0,144,144,0.19145797185613275
3,all,-3.106767486584724,0.0002430895098132084,0.0002430895098132084,1.0,144,144,0.19145797185613275
3,all,-3.0858945261288797,0.0003300216558072912,0.0003300216558072912,1.0,144,144,0.19145797185613275
3,all,-3.0650215656730353,0.0004427482043702868,0.0004427482043702868,1.0,144,144,0.19145797185613275
3,all,-3.04414860521719,0.0005869611090208991,0.0005869611090208991,1.0,144,144,0.19145797185613275
3,all,-3.0232756447613456,0.0007689533499455579,0.0007689533499455579,1.0,144,144,0.19145797185613275
3,all,-3.0024026843055003,0.000995471448674662,0.000995471448674662,1.0,144,144,0.19145797185613275
3,all,-2.981529723849656,0.0012734906835493332,0.0012734906835493332,1.0,144,144,0.19145797185613275
3,all,-2.9606567633938106,0.0016099073545679343,0.0016099073545679343,1.0,144,144,0.19145797185613275
3,all,-2.939783802937966,0.0020111485266100836,0.0020111485266100836,1.0,144,144,0.19145797185613275
3,all,-2.918910842482121,0.0024827074898822314,0.0024827074898822314,1.0,144,144,0.19145797185613275
3,all,-2.8980378820262764,0.0030286222753877143,0.0030286222753877143,1.0,144,144,0.19145797185613275
3,all,-2.877164921570431,0.0036509242193953143,0.0036509242193953143,1.0,144,144,0.19145797185613275
3,all,-2.8562919611145867,0.0043490927881229555,0.0043490927881229555,1.0,144,144,0.19145797185613275
3,all,-2.8354190006587423,0.005119560467658853,0.005119560467658853,1.0,144,144,0.19145797185613275
3,all,-2.814546040202897,0.005955316245451969,0.005955316245451969,1.0,144,144,0.19145797185613275
3,all,-2.7936730797470526,0.006845656907403876,0.006845656907403876,1.0,144,144,0.19145797185613275
3,all,-2.7728001192912073,0.007776131178179379,0.007776131178179379,1.0,144,144,0.19145797185613275
3,all,-2.751927158835363,0.008728712228774683,0.008728712228774683,1.0,144,144,0.19145797185613275
3,all,-2.7310541983795176,0.009682219449775677,0.009682219449775677,1.0,144,144,0.19145797185613275
3,all,-2.710181237923673,0.010612991499415447,0.010612991499415447,1.0,144,144,0.19145797185613275
3,all,-2.689308277467828,0.011495791000065063,0.011495791000065063,1.0,144,144,0.19145797185613275
3,all,-2.6684353170119834,0.01230489893758369,0.01230489893758369,1.0,144,144,0.19145797185613275
3,all,-2.647562356556138,0.0130153362118013,0.0130153362118013,1.0,144,144,0.19145797185613275
3,all,-2.6266893961002937,0.013604133339147138,0.013604133339147138,1.0,144,144,0.19145797185613275
3,all,-2.6058164356444493,0.0140515591917487,0.0140515591917487,1.0,144,144,0.19145797185613275
3,all,-2.584943475188604,0.01434221745469443,0.01434221745469443,1.0,144,144,0.19145797185613275
3,all,-2.5640705147327596,0.014465925935279083,0.014465925935279083,1.0,144,144,0.19145797185613275
3,all,-2.5431975542769143,0.014418308711810277,0.014418308711810277,1.0,144,144,0.19145797185613275
3,all,-2.52232459382107,0.014201053100608879,0.014201053100608879,1.0,144,144,0.19145797185613275
3,all,-2.5014516333652246,0.01382181039827301,0.01382181039827301,1.0,144,144,0.19145797185613275
3,all,-2.48057867290938,0.0132937485415828,0.0132937485415828,1.0,144,144,0.19145797185613275
3,all,-2.459705712453535,0.012634793157315869,0.012634793157315869,1.0,144,144,0.19145797185613275
3,all,-2.4388327519976905,0.011866617995848351,0.011866617995848351,1.0,144,144,0.19145797185613275
3,all,-2.417959791541845,0.01101346398697214,0.01101346398697214,1.0,144,144,0.19145797185613275
3,all,-2.3970868310860007,0.010100876441491168,0.010100876441491168,1.0,144,144,0.19145797185613275
3,all,-2.3762138706301563,0.009154451538159783,0.009154451538159783,1.0,144,144,0.19145797185613275
3,all,-2.355340910174311,0.008198676491854786,0.008198676491854786,1.0,144,144,0.19145797185613275
3,all,-2.3344679497184666,0.0072559339300079006,0.0072559339300079006,1.0,144,144,0.19145797185613275
3,all,-2.3135949892626213,0.006345721956504872,0.006345721956504872,1.0,144,144,0.19145797185613275
3,all,-2.292722028806777,0.0054841195198578096,0.0054841195198578096,1.0,144,144,0.19145797185613275
3,all,-2.2718490683509316,0.004683504482675948,0.004683504482675948,1.0,144,144,0.19145797185613275
3,all,-2.250976107895087,0.003952511454858319,0.003952511454858319,1.0,144,144,0.19145797185613275
3,all,-2.230103147439242,0.003296199783988551,0.003296199783988551,1.0,144,144,0.19145797185613275
3,all,-2.2092301869833975,0.0027163902528781684,0.0027163902528781684,1.0,144,144,0.19145797185613275
3,all,-2.188357226527552,0.0022121224970098343,0.0022121224970098343,1.0,144,144,0.19145797185613275
3,all,-2.1674842660717077,0.0017801837636749207,0.0017801837636749207,1.0,144,144,0.19145797185613275
3,all,-2.1466113056158633,0.001415662703678557,0.001415662703678557,1.0,144,144,0.19145797185613275
3,all,-2.125738345160018,0.0011124883680109022,0.0011124883680109022,1.0,144,144,0.19145797185613275
3,all,-2.1048653847041736,0.0008639232506043933,0.0008639232506043933,1.0,144,144,0.19145797185613275
3,all,-2.0839924242483283,0.0006629888456745113,0.0006629888456745113,1.0,144,144,0.19145797185613275
3,all,-2.063119463792484,0.0005028116851521611,0.0005028116851521611,1.0,144,144,0.19145797185613275
3,all,-2.0422465033366386,0.00037688633663541686,0.00037688633663541686,1.0,144,144,0.19145797185613275
3,all,-2.021373542880794,0.0002792588090875487,0.0002792588090875487,1.0,144,144,0.19145797185613275
3,all,-2.000500582424949,0.0002046389544660589,0.0002046389544660589,1.0,144,144,0.19145797185613275
3,all,-1.9796276219691045,0.00014845374544014057,0.00014845374544014057,1.0,144,144,0.19145797185613275
3,all,-1.95875466151326,0.00010685492613634144,0.00010685492613634144,1.0,144,144,0.19145797185613275
3,all,-1.9378817010574148,7.669477662449407e-05,7.669477662449407e-05,1.0,144,144,0.19145797185613275
3,all,-1.9170087406015703,5.5482965067266425e-05,5.5482965067266425e-05,1.0,144,144,0.19145797185613275
3,all,-1.896135780145725,4.1336047659411335e-05,4.1336047659411335e-05,1.0,144,144,0.19145797185613275
3,all,-1.8752628196898806,3.2929435220645326e-05,3.2929435220645326e-05,1.0,144,144,0.19145797185613275
3,all,-1.8543898592340353,2.9459822990861692e-05,2.9459822990861692e-05,1.0,144,144,0.19145797185613275
3,all,-1.833516898778191,3.062433635215167e-05,3.062433635215167e-05,1.0,144,144,0.19145797185613275
3,all,-1.8126439383223456,3.662105196056288e-05,3.662105196056288e-05,1.0,144,144,0.19145797185613275
3,all,-1.7917709778665012,4.817410533362929e-05,4.817410533362929e-05,1.0,144,144,0.19145797185613275
3,all,-1.770898017410656,6.658522538583544e-05,6.658522538583544e-05,1.0,144,144,0.19145797185613275
3,all,-1.7500250569548115,9.38121369339409e-05,9.38121369339409e-05,1.0,144,144,0.19145797185613275
3,all,-1.729152096498967,0.0001325727209059655,0.0001325727209059655,1.0,144,144,0.19145797185613275
3,all,-1.7082791360431218,0.0001864720046278965,0.0001864720046278965,1.0,144,144,0.19145797185613275
3,all,-1.6874061755872773,0.00026014688995915216,0.00026014688995915216,1.0,144,144,0.19145797185613275
3,all,-1.666533215131432,0.00035942098987775295,0.00035942098987775295,1.0,144,144,0.19145797185613275
3,all,-1.6456602546755876,0.0004914590843316504,0.0004914590843316504,1.0,144,144,0.19145797185613275
3,all,-1.6247872942197423,0.0006649076629880376,0.0006649076629880376,1.0,144,144,0.19145797185613275
3,all,-1.603914333763898,0.0008900050304788069,0.0008900050304788069,1.0,144,144,0.19145797185613275
3,all,-1.5830413733080526,0.001178641834392607,0.001178641834392607,1.0,144,144,0.19145797185613275
3,all,-1.5621684128522082,0.001544351037219946,0.001544351037219946,1.0,144,144,0.19145797185613275
3,all,-1.541295452396363,0.002002205733880235,0.002002205733880235,1.0,144,144,0.19145797185613275
3,all,-1.5204224919405185,0.0025686042593303935,0.0025686042593303935,1.0,144,144,0.19145797185613275
3,all,-1.499549531484674,0.00326092512447108,0.00326092512447108,1.0,144,144,0.19145797185613275
3,all,-1.4786765710288288,0.00409703973646467,0.00409703973646467,1.0,144,144,0.19145797185613275
3,all,-1.4578036105729844,0.005094678700017964,0.005094678700017964,1.0,144,144,0.19145797185613275
3,all,-1.436930650117139,0.006270657631059172,0.006270657631059172,1.0,144,144,0.19145797185613275
3,all,-1.4160576896612946,0.007639980454231169,0.007639980454231169,1.0,144,144,0.19145797185613275
3,all,-1.3951847292054493,0.009214851439547677,0.009214851439547677,1.0,144,144,0.19145797185613275
3,all,-1.374311768749605,0.011003640847067413,0.011003640847067413,1.0,144,144,0.19145797185613275
3,all,-1.3534388082937596,0.013009861874211406,0.013009861874211406,1.0,144,144,0.19145797185613275
3,all,-1.3325658478379152,0.015231227397799507,0.015231227397799507,1.0,144,144,0.19145797185613275
3,all,-1.31169288738207,0.017658862511751975,0.017658862511751975,1.0,144,144,0.19145797185613275
3,all,-1.2908199269262255,0.020276751919581507,0.020276751919581507,1.0,144,144,0.19145797185613275
3,all,-1.269946966470381,0.023061498904814386,0.023061498904814386,1.0,144,144,0.19145797185613275
3,all,-1.2490740060145358,0.02598246425744581,0.02598246425744581,1.0,144,144,0.19145797185613275
3,all,-1.2282010455586914,0.029002338981722876,0.029002338981722876,1.0,144,144,0.19145797185613275
3,all,-1.207328085102846,0.032078184122271015,0.032078184122271015,1.0,144,144,0.19145797185613275
3,all,-1.1864551246470016,0.03516294538132751,0.03516294538132751,1.0,144,144,0.19145797185613275
3,all,-1.1655821641911563,0.03820742058151537,0.03820742058151537,1.0,144,144,0.19145797185613275
3,all,-1.144709203735312,0.04116262607725085,0.04116262607725085,1.0,144,144,0.19145797185613275
3,all,-1.1238362432794666,0.043982475858818836,0.043982475858818836,1.0,144,144,0.19145797185613275
3,all,-1.1029632828236222,0.04662665643827066,0.04662665643827066,1.0,144,144,0.19145797185613275
3,all,-1.082090322367777,0.04906355382517617,0.04906355382517617,1.0,144,144,0.19145797185613275
3,all,-1.0612173619119325,0.05127306808998556,0.05127306808998556,1.0,144,144,0.19145797185613275
3,all,-1.040344401456088,0.053249138075771016,0.053249138075771016,1.0,144,144,0.19145797185613275
3,all,-1.0194714410002428,0.055001795354122335,0.055001795354122335,1.0,144,144,0.19145797185613275
3,all,-0.9985984805443984,0.05655857372923764,0.05655857372923764,1.0,144,144,0.19145797185613275
3,all,-0.9777255200885531,0.057965119199361544,0.057965119199361544,1.0,144,144,0.19145797185613275
3,all,-0.9568525596327087,0.059284875462292934,0.059284875462292934,1.0,144,144,0.19145797185613275
3,all,-0.9359795991768634,0.06059776136491987,0.06059776136491987,1.0,144,144,0.19145797185613275
3,all,-0.9151066387210189,0.06199780803621862,0.06199780803621862,1.0,144,144,0.19145797185613275
3,all,-0.8942336782651736,0.06358978297400547,0.06358978297400547,1.0,144,144,0.19145797185613275
3,all,-0.8733607178093292,0.06548489348135111,0.06548489348135111,1.0,144,144,0.19145797185613275
3,all,-0.8524877573534839,0.06779572920713564,0.06779572920713564,1.0,144,144,0.19145797185613275
3,all,-0.8316147968976395,0.07063066905968758,0.07063066905968758,1.0,144,144,0.19145797185613275
3,all,-0.8107418364417951,0.07408803676673806,0.07408803676673806,1.0,144,144,0.19145797185613275
3,all,-0.7898688759859498,0.07825033681499569,0.07825033681499569,1.0,144,144,0.19145797185613275
3,all,-0.7689959155301054,0.08317893334229391,0.08317893334229391,1.0,144,144,0.19145797185613275
3,all,-0.7481229550742601,0.08890954408114349,0.08890954408114349,1.0,144,144,0.19145797185613275
3,all,-0.7272499946184157,0.09544890585518515,0.09544890585518515,1.0,144,144,0.19145797185613275
3,all,-0.7063770341625704,0.1027729250178021,0.1027729250178021,1.0,144,144,0.19145797185613275
3,all,-0.685504073706726,0.11082655512793044,0.11082655512793044,1.0,144,144,0.19145797185613275
3,all,-0.6646311132508806,0.11952554694885704,0.11952554694885704,1.0,144,144,0.19145797185613275
3,all,-0.6437581527950362,0.12876009697122895,0.12876009697122895,1.0,144,144,0.19145797185613275
3,all,-0.6228851923391909,0.13840028711892582,0.13840028711892582,1.0,144,144,0.19145797185613275
3,all,-0.6020122318833465,0.14830306941605398,0.14830306941605398,1.0,144,144,0.19145797185613275
3,all,-0.5811392714275021,0.1583204162291462,0.1583204162291462,1.0,144,144,0.19145797185613275
3,all,-0.5602663109716568,0.16830814119301887,0.16830814119301887,1.0,144,144,0.19145797185613275
3,all,-0.5393933505158124,0.1781348098476147,0.1781348098476147,1.0,144,144,0.19145797185613275
3,all,-0.5185203900599671,0.1876901127520551,0.1876901127520551,1.0,144,144,0.19145797185613275
3,all,-0.49764742960412267,0.19689207522203,0.19689207522203,1.0,144,144,0.19145797185613275
3,all,-0.47677446914827737,0.20569253102435237,0.20569253102435237,1.0,144,144,0.19145797185613275
3,all,-0.45590150869243296,0.21408039205220683,0.21408039205220683,1.0,144,144,0.19145797185613275
3,all,-0.43502854823658765,0.2220823969847359,0.2220823969847359,1.0,144,144,0.19145797185613275
3,all,-0.41415558778074324,0.22976120913113146,0.22976120913113146,1.0,144,144,0.19145797185613275
3,all,-0.3932826273248988,0.23721094270531945,0.23721094270531945,1.0,144,144,0.19145797185613275
3,all,-0.3724096668690535,0.24455041009797526,0.24455041009797526,1.0,144,144,0.19145797185613275
3,all,-0.3515367064132091,0.25191458105830433,0.25191458105830433,1.0,144,144,0.19145797185613275
3,all,-0.3306637459573638,0.25944490899129474,0.25944490899129474,1.0,144,144,0.19145797185613275
3,all,-0.3097907855015194,0.267279292891928,0.267279292891928,1.0,144,144,0.19145797185613275
3,all,-0.2889178250456741,0.2755424928983621,0.2755424928983621,1.0,144,144,0.19145797185613275
3,all,-0.2680448645898297,0.2843377958027344,0.2843377958027344,1.0,144,144,0.19145797185613275
3,all,-0.24717190413398438,0.2937406335508721,0.2937406335508721,1.0,144,144,0.19145797185613275
3,all,-0.22629894367813996,0.3037946992933914,0.3037946992933914,1.0,144,144,0.19145797185613275
3,all,-0.20542598322229466,0.31451089508794094,0.31451089508794094,1.0,144,144,0.19145797185613275
3,all,-0.18455302276645025,0.32586920156212706,0.32586920156212706,1.0,144,144,0.19145797185613275
3,all,-0.16368006231060583,0.3378233050656652,0.3378233050656652,1.0,144,144,0.19145797185613275
3,all,-0.14280710185476053,0.3503075757787946,0.3503075757787946,1.0,144,144,0.19145797185613275
3,all,-0.12193414139891612,0.3632457834889701,0.3632457834889701,1.0,144,144,0.19145797185613275
3,all,-0.10106118094307082,0.37656078536683324,0.37656078536683324,1.0,144,144,0.19145797185613275
3,all,-0.0801882204872264,0.3901843356160581,0.3901843356160581,1.0,144,144,0.19145797185613275
3,all,-0.0593152600313811,0.4040661570222559,0.4040661570222559,1.0,144,144,0.19145797185613275
3,all,-0.03844229957553669,0.41818147845551873,0.41818147845551873,1.0,144,144,0.19145797185613275
3,all,-0.017569339119691385,0.43253637247024224,0.43253637247024224,1.0,144,144,0.19145797185613275
3,all,0.0033036213361530287,0.4471704094990986,0.4471704094990986,1.0,144,144,0.19145797185613275
3,all,0.02417658179199833,0.4621563617228121,0.4621563617228121,1.0,144,144,0.19145797185613275
3,all,0.045049542247842744,0.47759692035520646,0.47759692035520646,1.0,144,144,0.19145797185613275
3,all,0.06592250270368805,0.49361861472709284,0.49361861472709284,1.0,144,144,0.19145797185613275
3,all,0.08679546315953157,0.5103633221698228,0.5103633221698228,1.0,144,144,0.19145797185613275
3,all,0.10766842361537687,0.5279779199294048,0.5279779199294048,1.0,144,144,0.19145797185613275
3,all,0.12854138407122218,0.5466027444828916,0.5466027444828916,1.0,144,144,0.19145797185613275
3,all,0.14941434452706748,0.5663595850190126,0.5663595850190126,1.0,144,144,0.19145797185613275
3,all,0.170287304982911,0.5873399466610719,0.5873399466610719,1.0,144,144,0.19145797185613275
3,all,0.1911602654387563,0.6095942795943805,0.6095942795943805,1.0,144,144,0.19145797185613275
3,all,0.2120332258946016,0.6331227901358901,0.6331227901358901,1.0,144,144,0.19145797185613275
3,all,0.2329061863504469,0.657868338526188,0.657868338526188,1.0,144,144,0.19145797185613275
3,all,0.25377914680629043,0.6837117963409635,0.6837117963409635,1.0,144,144,0.19145797185613275
3,all,0.27465210726213574,0.7104700943510125,0.7104700943510125,1.0,144,144,0.19145797185613275
3,all,0.29552506771798104,0.7378970489724421,0.7378970489724421,1.0,144,144,0.19145797185613275
3,all,0.31639802817382456,0.7656869202489971,0.7656869202489971,1.0,144,144,0.19145797185613275
3,all,0.33727098862966987,0.7934805328830397,0.7934805328830397,1.0,144,144,0.19145797185613275
3,all,0.35814394908551517,0.8208736884973681,0.8208736884973681,1.0,144,144,0.19145797185613275
3,all,0.37901690954136047,0.8474275144520169,0.8474275144520169,1.0,144,144,0.19145797185613275
3,all,0.399889869997204,0.8726803328185867,0.8726803328185867,1.0,144,144,0.19145797185613275
3,all,0.4207628304530493,0.8961605918122633,0.8961605918122633,1.0,144,144,0.19145797185613275
3,all,0.4416357909088946,0.9174003794513066,0.9174003794513066,1.0,144,144,0.19145797185613275
3,all,0.4625087513647399,0.9359490333764712,0.9359490333764712,1.0,144,144,0.19145797185613275
3,all,0.4833817118205834,0.9513863695814345,0.9513863695814345,1.0,144,144,0.19145797185613275
3,all,0.5042546722764287,0.9633350746606409,0.9633350746606409,1.0,144,144,0.19145797185613275
3,all,0.525127632732274,0.971471840073961,0.971471840073961,1.0,144,144,0.19145797185613275
3,all,0.5460005931881176,0.9755368624664791,0.9755368624664791,1.0,144,144,0.19145797185613275
3,all,0.5668735536439629,0.9753413912465284,0.9753413912465284,1.0,144,144,0.19145797185613275
3,all,0.5877465140998082,0.9707730733581379,0.9707730733581379,1.0,144,144,0.19145797185613275
3,all,0.6086194745556535,0.961798924896454,0.961798924896454,1.0,144,144,0.19145797185613275
3,all,0.629492435011497,0.9484658483305469,0.9484658483305469,1.0,144,144,0.19145797185613275
3,all,0.6503653954673423,0.9308987097565349,0.9308987097565349,1.0,144,144,0.19145797185613275
3,all,0.6712383559231876,0.9092960886123311,0.9092960886123311,1.0,144,144,0.19145797185613275
3,all,0.6921113163790329,0.8839239073607216,0.8839239073607216,1.0,144,144,0.19145797185613275
3,all,0.7129842768348764,0.8551072349216476,0.8551072349216476,1.0,144,144,0.19145797185613275
3,all,0.7338572372907217,0.823220629331677,0.823220629331677,1.0,144,144,0.19145797185613275
3,all,0.754730197746567,0.7886774372693469,0.7886774372693469,1.0,144,144,0.19145797185613275
3,all,0.7756031582024105,0.7519184971961091,0.7519184971961091,1.0,144,144,0.19145797185613275
3,all,0.7964761186582558,0.7134006972799478,0.7134006972799478,1.0,144,144,0.19145797185613275
3,all,0.8173490791141012,0.6735858193653346,0.6735858193653346,1.0,144,144,0.19145797185613275
3,all,0.8382220395699465,0.6329300582913971,0.6329300582913971,1.0,144,144,0.19145797185613275
3,all,0.85909500002579,0.5918745456406251,0.5918745456406251,1.0,144,144,0.19145797185613275
3,all,0.8799679604816353,0.5508371333776912,0.5508371333776912,1.0,144,144,0.19145797185613275
3,all,0.9008409209374806,0.5102056112091264,0.5102056112091264,1.0,144,144,0.19145797185613275
3,all,0.9217138813933259,0.4703324473398791,0.4703324473398791,1.0,144,144,0.19145797185613275
3,all,0.9425868418491694,0.4315310608327498,0.4315310608327498,1.0,144,144,0.19145797185613275
3,all,0.9634598023050147,0.3940735596847281,0.3940735596847281,1.0,144,144,0.19145797185613275
3,all,0.98433276276086,0.3581898160323648,0.3581898160323648,1.0,144,144,0.19145797185613275
3,all,1.0052057232167035,0.32406770178253425,0.32406770178253425,1.0,144,144,0.19145797185613275
3,all,1.0260786836725488,0.2918542766772386,0.2918542766772386,1.0,144,144,0.19145797185613275
3,all,1.0469516441283941,0.26165770746514205,0.26165770746514205,1.0,144,144,0.19145797185613275
3,all,1.0678246045842394,0.23354970130712183,0.23354970130712183,1.0,144,144,0.19145797185613275
3,all,1.088697565040083,0.20756825721780214,0.20756825721780214,1.0,144,144,0.19145797185613275
3,all,1.1095705254959283,0.18372057324241764,0.18372057324241764,1.0,144,144,0.19145797185613275
3,all,1.1304434859517736,0.16198598991494123,0.16198598991494123,1.0,144,144,0.19145797185613275
3,all,1.1513164464076189,0.14231889713555962,0.14231889713555962,1.0,144,144,0.19145797185613275
3,all,1.1721894068634624,0.1246515763450027,0.1246515763450027,1.0,144,144,0.19145797185613275
3,all,1.1930623673193077,0.10889698742922395,0.10889698742922395,1.0,144,144,0.19145797185613275
3,all,1.213935327775153,0.0949515357946198,0.0949515357946198,1.0,144,144,0.19145797185613275
3,all,1.2348082882309965,0.08269786672139397,0.08269786672139397,1.0,144,144,0.19145797185613275
3,all,1.2556812486868418,0.07200773063319595,0.07200773063319595,1.0,144,144,0.19145797185613275
3,all,1.2765542091426871,0.06274494564455264,0.06274494564455264,1.0,144,144,0.19145797185613275
3,all,1.2974271695985324,0.05476845594143573,0.05476845594143573,1.0,144,144,0.19145797185613275
3,all,1.318300130054376,0.047935450963802625,0.047935450963802625,1.0,144,144,0.19145797185613275
3,all,1.3391730905102213,0.04210447651361475,0.04210447651361475,1.0,144,144,0.19145797185613275
3,all,1.3600460509660666,0.03713844029133644,0.03713844029133644,1.0,144,144,0.19145797185613275
3,all,1.3809190114219119,0.03290739562139739,0.03290739562139739,1.0,144,144,0.19145797185613275
3,all,1.4017919718777554,0.029290981435549247,0.029290981435549247,1.0,144,144,0.19145797185613275
3,all,1.4226649323336007,0.026180405223836804,0.026180405223836804,1.0,144,144,0.19145797185613275
3,all,1.443537892789446,0.023479877907791723,0.023479877907791723,1.0,144,144,0.19145797185613275
3,all,1.4644108532452895,0.02110744288029351,0.02110744288029351,1.0,144,144,0.19145797185613275
3,all,1.4852838137011348,0.018995181834807053,0.018995181834807053,1.0,144,144,0.19145797185613275
3,all,1.5061567741569801,0.017088822727143627,0.017088822727143627,1.0,144,144,0.19145797185613275
3,all,1.5270297346128254,0.015346815420520337,0.015346815420520337,1.0,144,144,0.19145797185613275
3,all,1.547902695068669,0.013738973944812652,0.013738973944812652,1.0,144,144,0.19145797185613275
3,all,1.5687756555245143,0.0122448076046893,0.0122448076046893,1.0,144,144,0.19145797185613275
3,all,1.5896486159803596,0.010851674553083729,0.010851674553083729,1.0,144,144,0.19145797185613275
3,all,1.610521576436203,0.009552890581242708,0.009552890581242708,1.0,144,144,0.19145797185613275
3,all,1.6313945368920484,0.008345913863230596,0.008345913863230596,1.0,144,144,0.19145797185613275
3,all,1.6522674973478937,0.007230705477772481,0.007230705477772481,1.0,144,144,0.19145797185613275
3,all,1.673140457803739,0.006208338711073525,0.006208338711073525,1.0,144,144,0.19145797185613275
3,all,1.6940134182595825,0.005279900720357925,0.005279900720357925,1.0,144,144,0.19145797185613275
3,all,1.7148863787154278,0.004445701278897802,0.004445701278897802,1.0,144,144,0.19145797185613275
3,all,1.7357593391712731,0.0037047777101209844,0.0037047777101209844,1.0,144,144,0.19145797185613275
3,all,1.7566322996271184,0.003054664696727952,0.003054664696727952,1.0,144,144,0.19145797185613275
3,all,1.777505260082962,0.0024913835143403635,0.0024913835143403635,1.0,144,144,0.19145797185613275
3,all,1.7983782205388072,0.002009597638374478,0.002009597638374478,1.0,144,144,0.19145797185613275
3,all,1.8192511809946526,0.0016028801274756185,0.0016028801274756185,1.0,144,144,0.19145797185613275
3,all,1.840124141450496,0.0012640416709501134,0.0012640416709501134,1.0,144,144,0.19145797185613275
3,all,1.8609971019063414,0.0009854753482497697,0.0009854753482497697,1.0,144,144,0.19145797185613275
3,all,1.8818700623621867,0.0007594835237229756,0.0007594835237229756,1.0,144,144,0.19145797185613275
3,all,1.902743022818032,0.000578562506754508,0.000578562506754508,1.0,144,144,0.19145797185613275
3,all,1.9236159832738755,0.0004356304820915721,0.0004356304820915721,1.0,144,144,0.19145797185613275
3,all,1.9444889437297208,0.0003241928952722467,0.0003241928952722467,1.0,144,144,0.19145797185613275
3,all,1.965361904185566,0.00023844643054757043,0.00023844643054757043,1.0,144,144,0.19145797185613275
3,all,1.9862348646414114,0.0001733277208415431,0.0001733277208415431,1.0,144,144,0.19145797185613275
3,all,2.007107825097255,0.00012451601698527123,0.00012451601698527123,1.0,144,144,0.19145797185613275
3,all,2.0279807855531002,8.840044091565541e-05,8.840044091565541e-05,1.0,144,144,0.19145797185613275
3,all,2.0488537460089455,6.202249255566394e-05,6.202249255566394e-05,1.0,144,144,0.19145797185613275
3,all,2.069726706464789,4.3003555540600374e-05,4.3003555540600374e-05,1.0,144,144,0.19145797185613275
3,all,2.0905996669206344,2.946562555520023e-05,2.946562555520023e-05,1.0,144,144,0.19145797185613275
3,all,2.1114726273764797,1.9951691024256523e-05,1.9951691024256523e-05,1.0,144,144,0.19145797185613275
3,all,2.132345587832325,1.3350383495720664e-05,1.3350383495720664e-05,1.0,144,144,0.19145797185613275
3,all,2.1532185482881685,8.827861758438147e-06,8.827861758438147e-06,1.0,144,144,0.19145797185613275
3,all,2.174091508744014,5.768504669090881e-06,5.768504669090881e-06,1.0,144,144,0.19145797185613275
3,all,2.194964469199859,3.724907130341544e-06,3.724907130341544e-06,1.0,144,144,0.19145797185613275
3,all,2.2158374296557044,2.3769001462489057e-06,2.3769001462489057e-06,1.0,144,144,0.19145797185613275
3,all,2.236710390111548,1.4988174761687783e-06,1.4988174761687783e-06,1.0,144,144,0.19145797185613275
3,all,2.2575833505673932,9.33959620230309e-07,9.33959620230309e-07,1.0,144,144,0.19145797185613275
3,all,2.2784563110232385,5.751066073870381e-07,5.751066073870381e-07,1.0,144,144,0.19145797185613275
3,all,2.299329271479082,3.4995242298956967e-07,3.4995242298956967e-07,1.0,144,144,0.19145797185613275
3,all,2.3202022319349274,2.1043095397517297e-07,2.1043095397517297e-07,1.0,144,144,0.19145797185613275
3,all,2.3410751923907727,1.2504026194326085e-07,1.2504026194326085e-07,1.0,144,144,0.19145797185613275
3,all,2.361948152846618,7.342255288597652e-08,7.342255288597652e-08,1.0,144,144,0.19145797185613275
3,all,2.3828211133024615,4.260378822723807e-08,4.260378822723807e-08,1.0,144,144,0.19145797185613275
3,all,2.403694073758307,2.442901193235785e-08,2.442901193235785e-08,1.0,144,144,0.19145797185613275
3,all,2.424567034214152,1.3842112844424743e-08,1.3842112844424743e-08,1.0,144,144,0.19145797185613275
3,all,2.4454399946699974,7.750639684768232e-09,7.750639684768232e-09,1.0,144,144,0.19145797185613275
3,all,2.466312955125841,4.288558021397847e-09,4.288558021397847e-09,1.0,144,144,0.19145797185613275
3,all,2.4871859155816862,2.3448957141909537e-09,2.3448957141909537e-09,1.0,144,144,0.19145797185613275
3,all,2.5080588760375315,1.2669929859063322e-09,1.2669929859063322e-09,1.0,144,144,0.19145797185613275
3,all,2.528931836493375,6.764929428723073e-10,6.764929428723073e-10,1.0,144,144,0.19145797185613275
3,all,2.5498047969492204,3.569362602558496e-10,3.569362602558496e-10,1.0,144,144,0.19145797185613275
3,all,2.5706777574050657,1.8610428442395917e-10,1.8610428442395917e-10,1.0,144,144,0.19145797185613275
3,all,2.591550717860911,9.588713636514638e-11,9.588713636514638e-11,1.0,144,144,0.19145797185613275
3,all,2.6124236783167545,4.882053988869295e-11,4.882053988869295e-11,1.0,144,144,0.19145797185613275
3,all,2.6332966387726,2.4563092262668788e-11,2.4563092262668788e-11,1.0,144,144,0.19145797185613275
3,all,2.654169599228445,1.2212419621791936e-11,1.2212419621791936e-11,1.0,144,144,0.19145797185613275
3,all,2.6750425596842904,6.000101563015198e-12,6.000101563015198e-12,1.0,144,144,0.19145797185613275
3,all,2.695915520140134,2.913088503317109e-12,2.913088503317109e-12,1.0,144,144,0.19145797185613275
4,all,-7.970167272796567,1.6098896734828278e-86,1.6098896734828278e-86,1.0,84,84,0.2660169529991044
4,all,-7.949294312340722,7.513889523021795e-86,7.513889523021795e-86,1.0,84,84,0.2660169529991044
4,all,-7.928421351884877,3.4854564931461195e-85,3.4854564931461195e-85,1.0,84,84,0.2660169529991044
4,all,-7.9075483914290325,1.6068698307162127e-84,1.6068698307162127e-84,1.0,84,84,0.2660169529991044
4,all,-7.886675430973187,7.362543906608418e-84,7.362543906608418e-84,1.0,84,84,0.2660169529991044
4,all,-7.865802470517343,3.3527507523078534e-83,3.3527507523078534e-83,1.0,84,84,0.2660169529991044
4,all,-7.8449295100614975,1.5174025501295496e-82,1.5174025501295496e-82,1.0,84,84,0.2660169529991044
4,all,-7.824056549605653,6.825375050757663e-82,6.825375050757663e-82,1.0,84,84,0.2660169529991044
4,all,-7.803183589149808,3.051254280616906e-81,3.051254280616906e-81,1.0,84,84,0.2660169529991044
4,all,-7.782310628693963,1.3556777018105052e-80,1.3556777018105052e-80,1.0,84,84,0.2660169529991044
4,all,-7.761437668238118,5.986330277299278e-80,5.986330277299278e-80,1.0,84,84,0.2660169529991044
4,all,-7.740564707782274,2.6271874768402266e-79,2.6271874768402266e-79,1.0,84,84,0.2660169529991044
4,all,-7.719691747326429,1.1459023935320718e-78,1.1459023935320718e-78,1.0,84,84,0.2660169529991044
4,all,-7.698818786870584,4.967414010846895e-78,4.967414010846895e-78,1.0,84,84,0.2660169529991044
4,all,-7.6779458264147395,2.1401255867314833e-77,2.1401255867314833e-77,1.0,84,84,0.2660169529991044
4,all,-7.657072865958894,9.163773174444983e-77,9.163773174444983e-77,1.0,84,84,0.2660169529991044
4,all,-7.63619990550305,3.8997392748250904e-76,3.8997392748250904e-76,1.0,84,84,0.2660169529991044
4,all,-7.6153269450472045,1.649388582427486e-75,1.649388582427486e-75,1.0,84,84,0.2660169529991044
4,all,-7.59445398459136,6.933245294165646e-75,6.933245294165646e-75,1.0,84,84,0.2660169529991044
4,all,-7.573581024135515,2.896518570533121e-74,2.896518570533121e-74,1.0,84,84,0.2660169529991044
4,all,-7.55270806367967,1.2026582616238072e-73,1.2026582616238072e-73,1.0,84,84,0.2660169529991044
4,all,-7.531835103223825,4.962886359450361e-73,4.962886359450361e-73,1.0,84,84,0.2660169529991044
4,all,-7.510962142767981,2.0354132281209e-72,2.0354132281209e-72,1.0,84,84,0.2660169529991044
4,all,-7.490089182312136,8.296540252029283e-72,8.296540252029283e-72,1.0,84,84,0.2660169529991044
4,all,-7.469216221856291,3.3609931439169854e-71,3.3609931439169854e-71,1.0,84,84,0.2660169529991044
4,all,-7.448343261400447,1.3532075075775727e-70,1.3532075075775727e-70,1.0,84,84,0.2660169529991044
4,all,-7.427470300944601,5.414861348410386e-70,5.414861348410386e-70,1.0,84,84,0.2660169529991044
4,all,-7.406597340488757,2.1534582325339183e-69,2.1534582325339183e-69,1.0,84,84,0.2660169529991044
4,all,-7.3857243800329115,8.511610369839287e-69,8.511610369839287e-69,1.0,84,84,0.2660169529991044
4,all,-7.364851419577067,3.3435913056038146e-68,3.3435913056038146e-68,1.0,84,84,0.2660169529991044
4,all,-7.343978459121222,1.305391587426778e-67,1.305391587426778e-67,1.0,84,84,0.2660169529991044
4,all,-7.323105498665377,5.0651767174274086e-67,5.0651767174274086e-67,1.0,84,84,0.2660169529991044
4,all,-7.302232538209532,1.9533252511884812e-66,1.9533252511884812e-66,1.0,84,84,0.2660169529991044
4,all,-7.281359577753688,7.486532199581731e-66,7.486532199581731e-66,1.0,84,84,0.2660169529991044
4,all,-7.260486617297843,2.8517601722843325e-65,2.8517601722843325e-65,1.0,84,84,0.2660169529991044
4,all,-7.239613656841998,1.0796213689131246e-64,1.0796213689131246e-64,1.0,84,84,0.2660169529991044
4,all,-7.218740696386154,4.062151481174918e-64,4.062151481174918e-64,1.0,84,84,0.2660169529991044
4,all,-7.197867735930308,1.519032015613217e-63,1.519032015613217e-63,1.0,84,84,0.2660169529991044
4,all,-7.176994775474464,5.64551947690232e-63,5.64551947690232e-63,1.0,84,84,0.2660169529991044
4,all,-7.1561218150186185,2.085292891894084e-62,2.085292891894084e-62,1.0,84,84,0.2660169529991044
4,all,-7.135248854562774,7.6551972529171636e-62,7.6551972529171636e-62,1.0,84,84,0.2660169529991044
4,all,-7.114375894106929,2.793006064226684e-61,2.793006064226684e-61,1.0,84,84,0.2660169529991044
4,all,-7.093502933651084,1.0127763274529416e-60,1.0127763274529416e-60,1.0,84,84,0.2660169529991044
4,all,-7.072629973195239,3.649903436069078e-60,3.649903436069078e-60,1.0,84,84,0.2660169529991044
4,all,-7.051757012739395,1.3073003509172327e-59,1.3073003509172327e-59,1.0,84,84,0.2660169529991044
4,all,-7.03088405228355,4.653669651258159e-59,4.653669651258159e-59,1.0,84,84,0.2660169529991044
4,all,-7.010011091827705,1.6464247806195576e-58,1.6464247806195576e-58,1.0,84,84,0.2660169529991044
4,all,-6.989138131371861,5.789144732648794e-58,5.789144732648794e-58,1.0,84,84,0.2660169529991044
4,all,-6.968265170916015,2.023080158269969e-57,2.023080158269969e-57,1.0,84,84,0.2660169529991044
4,all,-6.947392210460171,7.02648209713928e-57,7.02648209713928e-57,1.0,84,84,0.2660169529991044
4,all,-6.926519250004326,2.4254312423323226e-56,2.4254312423323226e-56,1.0,84,84,0.2660169529991044
4,all,-6.905646289548481,8.320820646051293e-56,8.320820646051293e-56,1.0,84,84,0.2660169529991044
4,all,-6.884773329092637,2.8370665578317097e-55,2.8370665578317097e-55,1.0,84,84,0.2660169529991044
4,all,-6.863900368636791,9.613887993903534e-55,9.613887993903534e-55,1.0,84,84,0.2660169529991044
4,all,-6.843027408180946,3.2378353608693333e-54,3.2378353608693333e-54,1.0,84,84,0.2660169529991044
4,all,-6.822154447725102,1.0837687781736144e-53,1.0837687781736144e-53,1.0,84,84,0.2660169529991044
4,all,-6.801281487269257,3.6053271514730597e-53,3.6053271514730597e-53,1.0,84,84,0.2660169529991044
4,all,-6.780408526813412,1.1920072394802819e-52,1.1920072394802819e-52,1.0,84,84,0.2660169529991044
4,all,-6.759535566357568,3.916871075556879e-52,3.916871075556879e-52,1.0,84,84,0.2660169529991044
4,all,-6.738662605901722,1.2791628290502123e-51,1.2791628290502123e-51,1.0,84,84,0.2660169529991044
4,all,-6.717789645445878,4.151820365094875e-51,4.151820365094875e-51,1.0,84,84,0.2660169529991044
4,all,-6.696916684990033,1.3392987048875575e-50,1.3392987048875575e-50,1.0,84,84,0.2660169529991044
4,all,-6.676043724534188,4.293806933713057e-50,4.293806933713057e-50,1.0,84,84,0.2660169529991044
4,all,-6.655170764078344,1.3681501018771905e-49,1.3681501018771905e-49,1.0,84,84,0.2660169529991044
4,all,-6.634297803622498,4.332625498726046e-49,4.332625498726046e-49,1.0,84,84,0.2660169529991044
4,all,-6.613424843166653,1.363624280456676e-48,1.363624280456676e-48,1.0,84,84,0.2660169529991044
4,all,-6.592551882710809,4.2654462131780647e-48,4.2654462131780647e-48,1.0,84,84,0.2660169529991044
4,all,-6.571678922254964,1.3260514791187517e-47,1.3260514791187517e-47,1.0,84,84,0.2660169529991044
4,all,-6.550805961799119,4.09715570393713e-47,4.09715570393713e-47,1.0,84,84,0.2660169529991044
4,all,-6.529933001343275,1.258145078816256e-46,1.258145078816256e-46,1.0,84,84,0.2660169529991044
4,all,-6.509060040887429,3.8397694395262e-46,3.8397694395262e-46,1.0,84,84,0.2660169529991044
4,all,-6.488187080431585,1.1646776523246685e-45,1.1646776523246685e-45,1.0,84,84,0.2660169529991044
4,all,-6.46731411997574,3.5110135620548315e-45,3.5110135620548315e-45,1.0,84,84,0.2660169529991044
4,all,-6.446441159519895,1.0519266109327028e-44,1.0519266109327028e-44,1.0,84,84,0.2660169529991044
4,all,-6.425568199064051,3.132308626217262e-44,3.132308626217262e-44,1.0,84,84,0.2660169529991044
4,all,-6.404695238608205,9.269788413827076e-44,9.269788413827076e-44,1.0,84,84,0.2660169529991044
4,all,-6.38382227815236,2.726473407735019e-43,2.726473407735019e-43,1.0,84,84,0.2660169529991044
4,all,-6.362949317696516,7.970010272425813e-43,7.970010272425813e-43,1.0,84,84,0.2660169529991044
4,all,-6.342076357240671,2.3154887013061647e-42,2.3154887013061647e-42,1.0,84,84,0.2660169529991044
4,all,-6.321203396784826,6.685788304591741e-42,6.685788304591741e-42,1.0,84,84,0.2660169529991044
4,all,-6.300330436328982,1.9186190236111886e-41,1.9186190236111886e-41,1.0,84,84,0.2660169529991044
4,all,-6.279457475873136,5.47206240371938e-41,5.47206240371938e-41,1.0,84,84,0.2660169529991044
4,all,-6.258584515417292,1.5510989600824365e-40,1.5510989600824365e-40,1.0,84,84,0.2660169529991044
4,all,-6.237711554961447,4.369725358026925e-40,4.369725358026925e-40,1.0,84,84,0.2660169529991044
4,all,-6.216838594505602,1.2234745709467388e-39,1.2234745709467388e-39,1.0,84,84,0.2660169529991044
4,all,-6.195965634049758,3.40456729309941e-39,3.40456729309941e-39,1.0,84,84,0.2660169529991044
4,all,-6.1750926735939125,9.415753234290426e-39,9.415753234290426e-39,1.0,84,84,0.2660169529991044
4,all,-6.154219713138067,2.5880602566558717e-38,2.5880602566558717e-38,1.0,84,84,0.2660169529991044
4,all,-6.133346752682223,7.070007412855455e-38,7.070007412855455e-38,1.0,84,84,0.2660169529991044
4,all,-6.112473792226378,1.9195150641349795e-37,1.9195150641349795e-37,1.0,84,84,0.2660169529991044
4,all,-6.091600831770533,5.179518044662869e-37,5.179518044662869e-37,1.0,84,84,0.2660169529991044
4,all,-6.070727871314689,1.3890355027822807e-36,1.3890355027822807e-36,1.0,84,84,0.2660169529991044
4,all,-6.049854910858843,3.7022309909361294e-36,3.7022309909361294e-36,1.0,84,84,0.2660169529991044
4,all,-6.028981950402999,9.807082929665678e-36,9.807082929665678e-36,1.0,84,84,0.2660169529991044
4,all,-6.008108989947154,2.5819174554031473e-35,2.5819174554031473e-35,1.0,84,84,0.2660169529991044
4,all,-5.987236029491309,6.755710483666997e-35,6.755710483666997e-35,1.0,84,84,0.2660169529991044
4,all,-5.966363069035465,1.7568143718377507e-34,1.7568143718377507e-34,1.0,84,84,0.2660169529991044
4,all,-5.9454901085796195,4.540533577332492e-34,4.540533577332492e-34,1.0,84,84,0.2660169529991044
4,all,-5.924617148123774,1.1663102106729124e-33,1.1663102106729124e-33,1.0,84,84,0.2660169529991044
4,all,-5.90374418766793,2.9774702711474554e-33,2.9774702711474554e-33,1.0,84,84,0.2660169529991044
4,all,-5.882871227212085,7.554521475893786e-33,7.554521475893786e-33,1.0,84,84,0.2660169529991044
4,all,-5.86199826675624,1.9049898077779366e-32,1.9049898077779366e-32,1.0,84,84,0.2660169529991044
4,all,-5.841125306300396,4.774243030243302e-32,4.774243030243302e-32,1.0,84,84,0.2660169529991044
4,all,-5.820252345844551,1.189166206880769e-31,1.189166206880769e-31,1.0,84,84,0.2660169529991044
4,all,-5.799379385388706,2.943789592771685e-31,2.943789592771685e-31,1.0,84,84,0.2660169529991044
4,all,-5.778506424932861,7.242644056531461e-31,7.242644056531461e-31,1.0,84,84,0.2660169529991044
4,all,-5.757633464477016,1.7709801305211658e-30,1.7709801305211658e-30,1.0,84,84,0.2660169529991044
4,all,-5.736760504021172,4.303842851012112e-30,4.303842851012112e-30,1.0,84,84,0.2660169529991044
4,all,-5.7158875435653265,1.0395019107074224e-29,1.0395019107074224e-29,1.0,84,84,0.2660169529991044
4,all,-5.695014583109481,2.4952861075036944e-29,2.4952861075036944e-29,1.0,84,84,0.2660169529991044
4,all,-5.674141622653637,5.953078034770444e-29,5.953078034770444e-29,1.0,84,84,0.2660169529991044
4,all,-5.653268662197792,1.4115262929270197e-28,1.4115262929270197e-28,1.0,84,84,0.2660169529991044
4,all,-5.632395701741947,3.3263086041346655e-28,3.3263086041346655e-28,1.0,84,84,0.2660169529991044
4,all,-5.611522741286103,7.790445184959773e-28,7.790445184959773e-28,1.0,84,84,0.2660169529991044
4,all,-5.590649780830258,1.8133773344446265e-27,1.8133773344446265e-27,1.0,84,84,0.2660169529991044
4,all,-5.569776820374413,4.195080125437431e-27,4.195080125437431e-27,1.0,84,84,0.2660169529991044
4,all,-5.548903859918568,9.64536145669981e-27,9.64536145669981e-27,1.0,84,84,0.2660169529991044
4,all,-5.528030899462723,2.2040575212639127e-26,2.2040575212639127e-26,1.0,84,84,0.2660169529991044
4,all,-5.507157939006879,5.005569684426467e-26,5.005569684426467e-26,1.0,84,84,0.2660169529991044
4,all,-5.4862849785510335,1.1298226293336884e-25,1.1298226293336884e-25,1.0,84,84,0.2660169529991044
4,all,-5.465412018095188,2.5345052569798585e-25,2.5345052569798585e-25,1.0,84,84,0.2660169529991044
4,all,-5.444539057639344,5.650700557841046e-25,5.650700557841046e-25,1.0,84,84,0.2660169529991044
4,all,-5.423666097183499,1.2520958070578395e-24,1.2520958070578395e-24,1.0,84,84,0.2660169529991044
4,all,-5.402793136727654,2.7573950950770016e-24,2.7573950950770016e-24,1.0,84,84,0.2660169529991044
4,all,-5.38192017627181,6.035129677761421e-24,6.035129677761421e-24,1.0,84,84,0.2660169529991044
4,all,-5.361047215815965,1.3128054890627334e-23,1.3128054890627334e-23,1.0,84,84,0.2660169529991044
4,all,-5.34017425536012,2.838182589443569e-23,2.838182589443569e-23,1.0,84,84,0.2660169529991044
4,all,-5.319301294904275,6.098267199230343e-23,6.098267199230343e-23,1.0,84,84,0.2660169529991044
4,all,-5.29842833444843,1.3022631067023658e-22,1.3022631067023658e-22,1.0,84,84,0.2660169529991044
4,all,-5.277555373992586,2.763867346375613e-22,2.763867346375613e-22,1.0,84,84,0.2660169529991044
4,all,-5.2566824135367405,5.829909631149336e-22,5.829909631149336e-22,1.0,84,84,0.2660169529991044
4,all,-5.235809453080895,1.2221728189635348e-21,1.2221728189635348e-21,1.0,84,84,0.2660169529991044
4,all,-5.214936492625051,2.5464173742749306e-21,2.5464173742749306e-21,1.0,84,84,0.2660169529991044
4,all,-5.194063532169206,5.27293875317648e-21,5.27293875317648e-21,1.0,84,84,0.2660169529991044
4,all,-5.173190571713361,1.085180634568587e-20,1.085180634568587e-20,1.0,84,84,0.2660169529991044
4,all,-5.152317611257517,2.219614295306773e-20,2.219614295306773e-20,1.0,84,84,0.2660169529991044
4,all,-5.131444650801672,4.5121046259124043e-20,4.5121046259124043e-20,1.0,84,84,0.2660169529991044
4,all,-5.110571690345827,9.116055902195593e-20,9.116055902195593e-20,1.0,84,84,0.2660169529991044
4,all,-5.089698729889982,1.830463056352839e-19,1.830463056352839e-19,1.0,84,84,0.2660169529991044
4,all,-5.068825769434137,3.652928119663173e-19,3.652928119663173e-19,1.0,84,84,0.2660169529991044
4,all,-5.047952808978293,7.2451512282929265e-19,7.2451512282929265e-19,1.0,84,84,0.2660169529991044
4,all,-5.0270798485224475,1.428170155792746e-18,1.428170155792746e-18,1.0,84,84,0.2660169529991044
4,all,-5.006206888066602,2.7979414491832947e-18,2.7979414491832947e-18,1.0,84,84,0.2660169529991044
4,all,-4.985333927610758,5.447828917989762e-18,5.447828917989762e-18,1.0,84,84,0.2660169529991044
4,all,-4.964460967154913,1.0542278120568659e-17,1.0542278120568659e-17,1.0,84,84,0.2660169529991044
4,all,-4.943588006699068,2.027550351259645e-17,2.027550351259645e-17,1.0,84,84,0.2660169529991044
4,all,-4.922715046243224,3.875564747639276e-17,3.875564747639276e-17,1.0,84,84,0.2660169529991044
4,all,-4.901842085787379,7.36248657241262e-17,7.36248657241262e-17,1.0,84,84,0.2660169529991044
4,all,-4.880969125331534,1.3900813114995413e-16,1.3900813114995413e-16,1.0,84,84,0.2660169529991044
4,all,-4.860096164875689,2.6084472805956852e-16,2.6084472805956852e-16,1.0,84,84,0.2660169529991044
4,all,-4.839223204419844,4.864633123696521e-16,4.864633123696521e-16,1.0,84,84,0.2660169529991044
4,all,-4.818350243964,9.016630894045376e-16,9.016630894045376e-16,1.0,84,84,0.2660169529991044
4,all,-4.7974772835081545,1.660980985700535e-15,1.660980985700535e-15,1.0,84,84,0.2660169529991044
4,all,-4.776604323052309,3.0409634480974917e-15,3.0409634480974917e-15,1.0,84,84,0.2660169529991044
4,all,-4.755731362596465,5.533296078190053e-15,5.533296078190053e-15,1.0,84,84,0.2660169529991044
4,all,-4.73485840214062,1.0006513567806024e-14,1.0006513567806024e-14,1.0,84,84,0.2660169529991044
4,all,-4.713985441684775,1.7984892153905686e-14,1.7984892153905686e-14,1.0,84,84,0.2660169529991044
4,all,-4.693112481228931,3.212617770629118e-14,3.212617770629118e-14,1.0,84,84,0.2660169529991044
4,all,-4.672239520773086,5.70343434847135e-14,5.70343434847135e-14,1.0,84,84,0.2660169529991044
4,all,-4.651366560317241,1.006329041997642e-13,1.006329041997642e-13,1.0,84,84,0.2660169529991044
4,all,-4.630493599861396,1.7646953279973377e-13,1.7646953279973377e-13,1.0,84,84,0.2660169529991044
4,all,-4.609620639405551,3.0755701382450624e-13,3.0755701382450624e-13,1.0,84,84,0.2660169529991044
4,all,-4.588747678949707,5.327306759199814e-13,5.327306759199814e-13,1.0,84,84,0.2660169529991044
4,all,-4.5678747184938615,9.170984194612825e-13,9.170984194612825e-13,1.0,84,84,0.2660169529991044
4,all,-4.547001758038016,1.5690990330811752e-12,1.5690990330811752e-12,1.0,84,84,0.2660169529991044
4,all,-4.526128797582172,2.6681542589331497e-12,2.6681542589331497e-12,1.0,84,84,0.2660169529991044
4,all,-4.505255837126327,4.509181167948944e-12,4.509181167948944e-12,1.0,84,84,0.2660169529991044
4,all,-4.484382876670482,7.573743704815145e-12,7.573743704815145e-12,1.0,84,84,0.2660169529991044
4,all,-4.463509916214638,1.2642987092341737e-11,1.2642987092341737e-11,1.0,84,84,0.2660169529991044
4,all,-4.442636955758793,2.0975627148795127e-11,2.0975627148795127e-11,1.0,84,84,0.2660169529991044
4,all,-4.421763995302948,3.458648161994496e-11,3.458648161994496e-11,1.0,84,84,0.2660169529991044
4,all,-4.400891034847103,5.6679235656265384e-11,5.6679235656265384e-11,1.0,84,84,0.2660169529991044
4,all,-4.380018074391258,9.231403947300071e-11,9.231403947300071e-11,1.0,84,84,0.2660169529991044
4,all,-4.359145113935414,1.4942996527350233e-10,1.4942996527350233e-10,1.0,84,84,0.2660169529991044
4,all,-4.3382721534795685,2.403996360781578e-10,2.403996360781578e-10,1.0,84,84,0.2660169529991044
4,all,-4.317399193023723,3.843758436243109e-10,3.843758436243109e-10,1.0,84,84,0.2660169529991044
4,all,-4.296526232567879,6.108077471614233e-10,6.108077471614233e-10,1.0,84,84,0.2660169529991044
4,all,-4.275653272112034,9.646708542376982e-10,9.646708542376982e-10,1.0,84,84,0.2660169529991044
4,all,-4.254780311656189,1.5141885154371087e-09,1.5141885154371087e-09,1.0,84,84,0.2660169529991044
4,all,-4.233907351200345,2.362146932635716e-09,2.362146932635716e-09,1.0,84,84,0.2660169529991044
4,all,-4.2130343907445,3.6623516279200687e-09,3.6623516279200687e-09,1.0,84,84,0.2660169529991044
4,all,-4.192161430288655,5.643380588479285e-09,5.643380588479285e-09,1.0,84,84,0.2660169529991044
4,all,-4.17128846983281,8.64260791068558e-09,8.64260791068558e-09,1.0,84,84,0.2660169529991044
4,all,-4.150415509376965,1.3154563801168807e-08,1.3154563801168807e-08,1.0,84,84,0.2660169529991044
4,all,-4.129542548921121,1.9899137942466564e-08,1.9899137942466564e-08,1.0,84,84,0.2660169529991044
4,all,-4.1086695884652755,2.991701392430821e-08,2.991701392430821e-08,1.0,84,84,0.2660169529991044
4,all,-4.08779662800943,4.4702148260096395e-08,4.4702148260096395e-08,1.0,84,84,0.2660169529991044
4,all,-4.066923667553587,6.638419843934251e-08,6.638419843934251e-08,1.0,84,84,0.2660169529991044
4,all,-4.046050707097741,9.797769245600539e-08,9.797769245600539e-08,1.0,84,84,0.2660169529991044
4,all,-4.025177746641896,1.4371955640268144e-07,1.4371955640268144e-07,1.0,84,84,0.2660169529991044
4,all,-4.004304786186052,2.095225154033234e-07,2.095225154033234e-07,1.0,84,84,0.2660169529991044
4,all,-3.983431825730207,3.0357898224842744e-07,3.0357898224842744e-07,1.0,84,84,0.2660169529991044
4,all,-3.962558865274362,4.371584445611421e-07,4.371584445611421e-07,1.0,84,84,0.2660169529991044
4,all,-3.9416859048185175,6.256511014786681e-07,6.256511014786681e-07,1.0,84,84,0.2660169529991044
4,all,-3.9208129443626722,8.899215528596823e-07,8.899215528596823e-07,1.0,84,84,0.2660169529991044
4,all,-3.899939983906828,1.2580485646701996e-06,1.2580485646701996e-06,1.0,84,84,0.2660169529991044
4,all,-3.8790670234509825,1.767540030199745e-06,1.767540030199745e-06,1.0,84,84,0.2660169529991044
4,all,-3.858194062995138,2.4681257323314096e-06,2.4681257323314096e-06,1.0,84,84,0.2660169529991044
4,all,-3.837321102539293,3.4252436647512977e-06,3.4252436647512977e-06,1.0,84,84,0.2660169529991044
4,all,-3.8164481420834484,4.724347488209865e-06,4.724347488209865e-06,1.0,84,84,0.2660169529991044
4,all,-3.795575181627603,6.476171865466175e-06,6.476171865466175e-06,1.0,84,84,0.2660169529991044
4,all,-3.7747022211717587,8.823097281331828e-06,8.823097281331828e-06,1.0,84,84,0.2660169529991044
4,all,-3.7538292607159134,1.1946754517624082e-05,1.1946754517624082e-05,1.0,84,84,0.2660169529991044
4,all,-3.732956300260069,1.607699890691425e-05,1.607699890691425e-05,1.0,84,84,0.2660169529991044
4,all,-3.7120833398042246,2.15023632709519e-05,2.15023632709519e-05,1.0,84,84,0.2660169529991044
4,all,-3.6912103793483793,2.8582063351488533e-05,2.8582063351488533e-05,1.0,84,84,0.2660169529991044
4,all,-3.670337418892535,3.775957786926199e-05,3.775957786926199e-05,1.0,84,84,0.2660169529991044
4,all,-3.6494644584366895,4.957775463772123e-05,4.957775463772123e-05,1.0,84,84,0.2660169529991044
4,all,-3.628591497980845,6.469530245065674e-05,6.469530245065674e-05,1.0,84,84,0.2660169529991044
4,all,-3.607718537525,8.390441462170423e-05,8.390441462170423e-05,1.0,84,84,0.2660169529991044
4,all,-3.5868455770691554,0.00010814913412976475,0.00010814913412976475,1.0,84,84,0.2660169529991044
4,all,-3.56597261661331,0.00013854391393526333,0.00013854391393526333,1.0,84,84,0.2660169529991044
4,all,-3.5450996561574657,0.00017639165273016942,0.00017639165273016942,1.0,84,84,0.2660169529991044
4,all,-3.5242266957016204,0.00022320030197909272,0.00022320030197909272,1.0,84,84,0.2660169529991044
4,all,-3.503353735245776,0.00028069695289516293,0.00028069695289516293,1.0,84,84,0.2660169529991044
4,all,-3.4824807747899316,0.0003508381328472579,0.0003508381328472579,1.0,84,84,0.2660169529991044
4,all,-3.4616078143340863,0.0004358148829699984,0.0004358148829699984,1.0,84,84,0.2660169529991044
4,all,-3.440734853878242,0.0005380510679544255,0.0005380510679544255,1.0,84,84,0.2660169529991044
4,all,-3.4198618934223965,0.0006601933022029333,0.0006601933022029333,1.0,84,84,0.2660169529991044
4,all,-3.398988932966552,0.0008050908814829175,0.0008050908814829175,1.0,84,84,0.2660169529991044
4,all,-3.378115972510707,0.0009757642031747803,0.0009757642031747803,1.0,84,84,0.2660169529991044
4,all,-3.3572430120548624,0.0011753603565545485,0.0011753603565545485,1.0,84,84,0.2660169529991044
4,all,-3.336370051599017,0.0014070948791705482,0.0014070948791705482,1.0,84,84,0.2660169529991044
4,all,-3.3154970911431727,0.0016741791129901164,0.0016741791129901164,1.0,84,84,0.2660169529991044
4,all,-3.2946241306873274,0.001979733154523253,0.001979733154523253,1.0,84,84,0.2660169529991044
4,all,-3.273751170231483,0.002326685068228685,0.002326685068228685,1.0,84,84,0.2660169529991044
4,all,-3.2528782097756386,0.002717657804478418,0.002717657804478418,1.0,84,84,0.2660169529991044
4,all,-3.2320052493197933,0.003154846104580647,0.003154846104580647,1.0,84,84,0.2660169529991044
4,all,-3.211132288863949,0.003639886548423618,0.003639886548423618,1.0,84,84,0.2660169529991044
4,all,-3.1902593284081036,0.004173724758904795,0.004173724758904795,1.0,84,84,0.2660169529991044
4,all,-3.169386367952259,0.00475648456806331,0.00475648456806331,1.0,84,84,0.2660169529991044
4,all,-3.148513407496414,0.005387344614931047,0.005387344614931047,1.0,84,84,0.2660169529991044
4,all,-3.1276404470405694,0.006064428325779245,0.006064428325779245,1.0,84,84,0.2660169529991044
4,all,-3.106767486584724,0.006784713468015832,0.006784713468015832,1.0,84,84,0.2660169529991044
4,all,-3.0858945261288797,0.007543967421413449,0.007543967421413449,1.0,84,84,0.2660169529991044
4,all,-3.0650215656730353,0.008336713938671155,0.008336713938671155,1.0,84,84,0.2660169529991044
4,all,-3.04414860521719,0.00915623645188566,0.00915623645188566,1.0,84,84,0.2660169529991044
4,all,-3.0232756447613456,0.009994621922493008,0.009994621922493008,1.0,84,84,0.2660169529991044
4,all,-3.0024026843055003,0.010842847851973963,0.010842847851973963,1.0,84,84,0.2660169529991044
4,all,-2.981529723849656,0.011690913414560739,0.011690913414560739,1.0,84,84,0.2660169529991044
4,all,-2.9606567633938106,0.012528013809199429,0.012528013809199429,1.0,84,84,0.2660169529991044
4,all,-2.939783802937966,0.013342754943809173,0.013342754943809173,1.0,84,84,0.2660169529991044
4,all,-2.918910842482121,0.0141234035636792,0.0141234035636792,1.0,84,84,0.2660169529991044
4,all,-2.8980378820262764,0.014858166030508138,0.014858166030508138,1.0,84,84,0.2660169529991044
4,all,-2.877164921570431,0.015535487264458794,0.015535487264458794,1.0,84,84,0.2660169529991044
4,all,-2.8562919611145867,0.016144359988571774,0.016144359988571774,1.0,84,84,0.2660169529991044
4,all,-2.8354190006587423,0.016674633459375986,0.016674633459375986,1.0,84,84,0.2660169529991044
4,all,-2.814546040202897,0.017117310404895367,0.017117310404895367,1.0,84,84,0.2660169529991044
4,all,-2.7936730797470526,0.01746482096934509,0.01746482096934509,1.0,84,84,0.2660169529991044
4,all,-2.7728001192912073,0.017711263098309137,0.017711263098309137,1.0,84,84,0.2660169529991044
4,all,-2.751927158835363,0.017852599970109632,0.017852599970109632,1.0,84,84,0.2660169529991044
4,all,-2.7310541983795176,0.017886806734810096,0.017886806734810096,1.0,84,84,0.2660169529991044
4,all,-2.710181237923673,0.017813960876265765,0.017813960876265765,1.0,84,84,0.2660169529991044
4,all,-2.689308277467828,0.017636272852472257,0.017636272852472257,1.0,84,84,0.2660169529991044
4,all,-2.6684353170119834,0.01735805616331116,0.01735805616331116,1.0,84,84,0.2660169529991044
4,all,-2.647562356556138,0.01698563850025953,0.01698563850025953,1.0,84,84,0.2660169529991044
4,all,-2.6266893961002937,0.01652721800668906,0.01652721800668906,1.0,84,84,0.2660169529991044
4,all,-2.6058164356444493,0.01599267078641588,0.01599267078641588,1.0,84,84,0.2660169529991044
4,all,-2.584943475188604,0.015393317527403423,0.015393317527403423,1.0,84,84,0.2660169529991044
4,all,-2.5640705147327596,0.014741658369067975,0.014741658369067975,1.0,84,84,0.2660169529991044
4,all,-2.5431975542769143,0.01405108588047116,0.01405108588047116,1.0,84,84,0.2660169529991044
4,all,-2.52232459382107,0.013335586214160772,0.013335586214160772,1.0,84,84,0.2660169529991044
4,all,-2.5014516333652246,0.01260943817499276,0.01260943817499276,1.0,84,84,0.2660169529991044
4,all,-2.48057867290938,0.011886919148412426,0.011886919148412426,1.0,84,84,0.2660169529991044
4,all,-2.459705712453535,0.011182025652174419,0.011182025652174419,1.0,84,84,0.2660169529991044
4,all,-2.4388327519976905,0.010508214816527682,0.010508214816527682,1.0,84,84,0.2660169529991044
4,all,-2.417959791541845,0.00987817148246644,0.00987817148246644,1.0,84,84,0.2660169529991044
4,all,-2.3970868310860007,0.00930360396301004,0.00930360396301004,1.0,84,84,0.2660169529991044
4,all,-2.3762138706301563,0.008795069961345676,0.008795069961345676,1.0,84,84,0.2660169529991044
4,all,-2.355340910174311,0.008361832791011123,0.008361832791011123,1.0,84,84,0.2660169529991044
4,all,-2.3344679497184666,0.008011746984233082,0.008011746984233082,1.0,84,84,0.2660169529991044
4,all,-2.3135949892626213,0.007751171664117088,0.007751171664117088,1.0,84,84,0.2660169529991044
4,all,-2.292722028806777,0.007584909721526077,0.007584909721526077,1.0,84,84,0.2660169529991044
4,all,-2.2718490683509316,0.007516170871422697,0.007516170871422697,1.0,84,84,0.2660169529991044
4,all,-2.250976107895087,0.0075465570267539495,0.0075465570267539495,1.0,84,84,0.2660169529991044
4,all,-2.230103147439242,0.0076760690519702066,0.0076760690519702066,1.0,84,84,0.2660169529991044
4,all,-2.2092301869833975,0.00790313475076479,0.00790313475076479,1.0,84,84,0.2660169529991044
4,all,-2.188357226527552,0.008224658795172885,0.008224658795172885,1.0,84,84,0.2660169529991044
4,all,-2.1674842660717077,0.008636096099781087,0.008636096099781087,1.0,84,84,0.2660169529991044
4,all,-2.1466113056158633,0.009131550771115864,0.009131550771115864,1.0,84,84,0.2660169529991044
4,all,-2.125738345160018,0.009703903114765168,0.009703903114765168,1.0,84,84,0.2660169529991044
4,all,-2.1048653847041736,0.010344967177235707,0.010344967177235707,1.0,84,84,0.2660169529991044
4,all,-2.0839924242483283,0.01104568087830389,0.01104568087830389,1.0,84,84,0.2660169529991044
4,all,-2.063119463792484,0.01179632992703132,0.01179632992703132,1.0,84,84,0.2660169529991044
4,all,-2.0422465033366386,0.012586805420325161,0.012586805420325161,1.0,84,84,0.2660169529991044
4,all,-2.021373542880794,0.013406893342706198,0.013406893342706198,1.0,84,84,0.2660169529991044
4,all,-2.000500582424949,0.014246592200095927,0.014246592200095927,1.0,84,84,0.2660169529991044
4,all,-1.9796276219691045,0.015096452839659536,0.015096452839659536,1.0,84,84,0.2660169529991044
4,all,-1.95875466151326,0.015947932266949145,0.015947932266949145,1.0,84,84,0.2660169529991044
4,all,-1.9378817010574148,0.016793751121793005,0.016793751121793005,1.0,84,84,0.2660169529991044
4,all,-1.9170087406015703,0.017628242573374954,0.017628242573374954,1.0,84,84,0.2660169529991044
4,all,-1.896135780145725,0.018447678897267207,0.018447678897267207,1.0,84,84,0.2660169529991044
4,all,-1.8752628196898806,0.01925056104396484,0.01925056104396484,1.0,84,84,0.2660169529991044
4,all,-1.8543898592340353,0.020037856217949054,0.020037856217949054,1.0,84,84,0.2660169529991044
4,all,-1.833516898778191,0.020813168945383563,0.020813168945383563,1.0,84,84,0.2660169529991044
4,all,-1.8126439383223456,0.02158283236611486,0.02158283236611486,1.0,84,84,0.2660169529991044
4,all,-1.7917709778665012,0.022355908547869466,0.022355908547869466,1.0,84,84,0.2660169529991044
4,all,-1.770898017410656,0.02314408944854609,0.02314408944854609,1.0,84,84,0.2660169529991044
4,all,-1.7500250569548115,0.02396149366240032,0.02396149366240032,1.0,84,84,0.2660169529991044
4,all,-1.729152096498967,0.024824358151333856,0.024824358151333856,1.0,84,84,0.2660169529991044
4,all,-1.7082791360431218,0.02575062861926469,0.02575062861926469,1.0,84,84,0.2660169529991044
4,all,-1.6874061755872773,0.026759456840541852,0.026759456840541852,1.0,84,84,0.2660169529991044
4,all,-1.666533215131432,0.027870617884961806,0.027870617884961806,1.0,84,84,0.2660169529991044
4,all,-1.6456602546755876,0.029103864561921884,0.029103864561921884,1.0,84,84,0.2660169529991044
4,all,-1.6247872942197423,0.03047824030262069,0.03047824030262069,1.0,84,84,0.2660169529991044
4,all,-1.603914333763898,0.032011374889610714,0.032011374889610714,1.0,84,84,0.2660169529991044
4,all,-1.5830413733080526,0.033718789726235106,0.033718789726235106,1.0,84,84,0.2660169529991044
4,all,-1.5621684128522082,0.035613240545731416,0.035613240545731416,1.0,84,84,0.2660169529991044
4,all,-1.541295452396363,0.03770412546516322,0.03770412546516322,1.0,84,84,0.2660169529991044
4,all,-1.5204224919405185,0.039996985019024184,0.039996985019024184,1.0,84,84,0.2660169529991044
4,all,-1.499549531484674,0.04249311824711166,0.04249311824711166,1.0,84,84,0.2660169529991044
4,all,-1.4786765710288288,0.045189335111489315,0.045189335111489315,1.0,84,84,0.2660169529991044
4,all,-1.4578036105729844,0.04807786059543254,0.04807786059543254,1.0,84,84,0.2660169529991044
4,all,-1.436930650117139,0.05114639997638566,0.05114639997638566,1.0,84,84,0.2660169529991044
4,all,-1.4160576896612946,0.054378368209405926,0.054378368209405926,1.0,84,84,0.2660169529991044
4,all,-1.3951847292054493,0.05775327940381613,0.05775327940381613,1.0,84,84,0.2660169529991044
4,all,-1.374311768749605,0.06124728535973891,0.06124728535973891,1.0,84,84,0.2660169529991044
4,all,-1.3534388082937596,0.06483384541179375,0.06483384541179375,1.0,84,84,0.2660169529991044
4,all,-1.3325658478379152,0.0684845037668821,0.0684845037668821,1.0,84,84,0.2660169529991044
4,all,-1.31169288738207,0.07216974546600079,0.07216974546600079,1.0,84,84,0.2660169529991044
4,all,-1.2908199269262255,0.07585989835016836,0.07585989835016836,1.0,84,84,0.2660169529991044
4,all,-1.269946966470381,0.07952604620950393,0.07952604620950393,1.0,84,84,0.2660169529991044
4,all,-1.2490740060145358,0.08314091780251544,0.08314091780251544,1.0,84,84,0.2660169529991044
4,all,-1.2282010455586914,0.08667971771364752,0.08667971771364752,1.0,84,84,0.2660169529991044
4,all,-1.207328085102846,0.09012086802922849,0.09012086802922849,1.0,84,84,0.2660169529991044
4,all,-1.1864551246470016,0.09344663440514854,0.09344663440514854,1.0,84,84,0.2660169529991044
4,all,-1.1655821641911563,0.09664361602111975,0.09664361602111975,1.0,84,84,0.2660169529991044
4,all,-1.144709203735312,0.09970308582378591,0.09970308582378591,1.0,84,84,0.2660169529991044
4,all,-1.1238362432794666,0.10262117494289359,0.10262117494289359,1.0,84,84,0.2660169529991044
4,all,-1.1029632828236222,0.1053989027674613,0.1053989027674613,1.0,84,84,0.2660169529991044
4,all,-1.082090322367777,0.1080420614275301,0.1080420614275301,1.0,84,84,0.2660169529991044
4,all,-1.0612173619119325,0.11056096989855674,0.11056096989855674,1.0,84,84,0.2660169529991044
4,all,-1.040344401456088,0.1129701182411195,0.1129701182411195,1.0,84,84,0.2660169529991044
4,all,-1.0194714410002428,0.11528772630291911,0.11528772630291911,1.0,84,84,0.2660169529991044
4,all,-0.9985984805443984,0.11753524334423356,0.11753524334423356,1.0,84,84,0.2660169529991044
4,all,-0.9777255200885531,0.11973681542479543,0.11973681542479543,1.0,84,84,0.2660169529991044
4,all,-0.9568525596327087,0.12191874605958429,0.12191874605958429,1.0,84,84,0.2660169529991044
4,all,-0.9359795991768634,0.12410897278619265,0.12410897278619265,1.0,84,84,0.2660169529991044
4,all,-0.9151066387210189,0.12633657816857147,0.12633657816857147,1.0,84,84,0.2660169529991044
4,all,-0.8942336782651736,0.12863134875780713,0.12863134875780713,1.0,84,84,0.2660169529991044
4,all,-0.8733607178093292,0.13102339006218328,0.13102339006218328,1.0,84,84,0.2660169529991044
4,all,-0.8524877573534839,0.13354280008941294,0.13354280008941294,1.0,84,84,0.2660169529991044
4,all,-0.8316147968976395,0.136219398942435,0.136219398942435,1.0,84,84,0.2660169529991044
4,all,-0.8107418364417951,0.1390825076572138,0.1390825076572138,1.0,84,84,0.2660169529991044
4,all,-0.7898688759859498,0.14216076626961707,0.14216076626961707,1.0,84,84,0.2660169529991044
4,all,-0.7689959155301054,0.14548197919187553,0.14548197919187553,1.0,84,84,0.2660169529991044
4,all,-0.7481229550742601,0.14907297545690387,0.14907297545690387,1.0,84,84,0.2660169529991044
4,all,-0.7272499946184157,0.1529594722228191,0.1529594722228191,1.0,84,84,0.2660169529991044
4,all,-0.7063770341625704,0.15716593198023,0.15716593198023,1.0,84,84,0.2660169529991044
4,all,-0.685504073706726,0.16171540693365383,0.16171540693365383,1.0,84,84,0.2660169529991044
4,all,-0.6646311132508806,0.16662936772261386,0.16662936772261386,1.0,84,84,0.2660169529991044
4,all,-0.6437581527950362,0.1719275176461057,0.1719275176461057,1.0,84,84,0.2660169529991044
4,all,-0.6228851923391909,0.17762759747680765,0.17762759747680765,1.0,84,84,0.2660169529991044
4,all,-0.6020122318833465,0.18374518943181517,0.18374518943181517,1.0,84,84,0.2660169529991044
4,all,-0.5811392714275021,0.1902935315794895,0.1902935315794895,1.0,84,84,0.2660169529991044
4,all,-0.5602663109716568,0.19728335564783653,0.19728335564783653,1.0,84,84,0.2660169529991044
4,all,-0.5393933505158124,0.20472276168434167,0.20472276168434167,1.0,84,84,0.2660169529991044
4,all,-0.5185203900599671,0.2126171422230381,0.2126171422230381,1.0,84,84,0.2660169529991044
4,all,-0.49764742960412267,0.22096916656610183,0.22096916656610183,1.0,84,84,0.2660169529991044
4,all,-0.47677446914827737,0.2297788326077468,0.2297788326077468,1.0,84,84,0.2660169529991044
4,all,-0.45590150869243296,0.23904358952997692,0.23904358952997692,1.0,84,84,0.2660169529991044
4,all,-0.43502854823658765,0.24875852996868528,0.24875852996868528,1.0,84,84,0.2660169529991044
4,all,-0.41415558778074324,0.25891664522300656,0.25891664522300656,1.0,84,84,0.2660169529991044
4,all,-0.3932826273248988,0.26950913212782346,0.26950913212782346,1.0,84,84,0.2660169529991044
4,all,-0.3724096668690535,0.2805257356983397,0.2805257356983397,1.0,84,84,0.2660169529991044
4,all,-0.3515367064132091,0.29195510793267293,0.29195510793267293,1.0,84,84,0.2660169529991044
4,all,-0.3306637459573638,0.3037851605209356,0.3037851605209356,1.0,84,84,0.2660169529991044
4,all,-0.3097907855015194,0.316003387884626,0.316003387884626,1.0,84,84,0.2660169529991044
4,all,-0.2889178250456741,0.3285971370983924,0.3285971370983924,1.0,84,84,0.2660169529991044
4,all,-0.2680448645898297,0.3415538028684487,0.3415538028684487,1.0,84,84,0.2660169529991044
4,all,-0.24717190413398438,0.3548609287959968,0.3548609287959968,1.0,84,84,0.2660169529991044
4,all,-0.22629894367813996,0.3685062004768616,0.3685062004768616,1.0,84,84,0.2660169529991044
4,all,-0.20542598322229466,0.38247732132704904,0.38247732132704904,1.0,84,84,0.2660169529991044
4,all,-0.18455302276645025,0.3967617680516869,0.3967617680516869,1.0,84,84,0.2660169529991044
4,all,-0.16368006231060583,0.4113464290164209,0.4113464290164209,1.0,84,84,0.2660169529991044
4,all,-0.14280710185476053,0.4262171350387967,0.4262171350387967,1.0,84,84,0.2660169529991044
4,all,-0.12193414139891612,0.44135809790501235,0.44135809790501235,1.0,84,84,0.2660169529991044
4,all,-0.10106118094307082,0.45675127688655726,0.45675127688655726,1.0,84,84,0.2660169529991044
4,all,-0.0801882204872264,0.4723756974007956,0.4723756974007956,1.0,84,84,0.2660169529991044
4,all,-0.0593152600313811,0.488206748537839,0.488206748537839,1.0,84,84,0.2660169529991044
4,all,-0.03844229957553669,0.5042154873747561,0.5042154873747561,1.0,84,84,0.2660169529991044
4,all,-0.017569339119691385,0.5203679778376109,0.5203679778376109,1.0,84,84,0.2660169529991044
4,all,0.0033036213361530287,0.5366246904750559,0.5366246904750559,1.0,84,84,0.2660169529991044
4,all,0.02417658179199833,0.552939987085445,0.552939987085445,1.0,84,84,0.2660169529991044
4,all,0.045049542247842744,0.5692617109673178,0.5692617109673178,1.0,84,84,0.2660169529991044
4,all,0.06592250270368805,0.5855308999491163,0.5855308999491163,1.0,84,84,0.2660169529991044
4,all,0.08679546315953157,0.601681635606118,0.601681635606118,1.0,84,84,0.2660169529991044
4,all,0.10766842361537687,0.6176410384658244,0.6176410384658244,1.0,84,84,0.2660169529991044
4,all,0.12854138407122218,0.633329415749421,0.633329415749421,1.0,84,84,0.2660169529991044
4,all,0.14941434452706748,0.6486605654245663,0.6486605654245663,1.0,84,84,0.2660169529991044
4,all,0.170287304982911,0.663542238085291,0.663542238085291,1.0,84,84,0.2660169529991044
4,all,0.1911602654387563,0.6778767563640821,0.6778767563640821,1.0,84,84,0.2660169529991044
4,all,0.2120332258946016,0.6915617900704868,0.6915617900704868,1.0,84,84,0.2660169529991044
4,all,0.2329061863504469,0.7044912838294184,0.7044912838294184,1.0,84,84,0.2660169529991044
4,all,0.25377914680629043,0.7165565324189296,0.7165565324189296,1.0,84,84,0.2660169529991044
4,all,0.27465210726213574,0.727647397044502,0.727647397044502,1.0,84,84,0.2660169529991044
4,all,0.29552506771798104,0.7376536532382197,0.7376536532382197,1.0,84,84,0.2660169529991044
4,all,0.31639802817382456,0.7464664578134288,0.7464664578134288,1.0,84,84,0.2660169529991044
4,all,0.33727098862966987,0.7539799183136414,0.7539799183136414,1.0,84,84,0.2660169529991044
4,all,0.35814394908551517,0.7600927437563489,0.7600927437563489,1.0,84,84,0.2660169529991044
4,all,0.37901690954136047,0.7647099503900837,0.7647099503900837,1.0,84,84,0.2660169529991044
4,all,0.399889869997204,0.7677445909611093,0.7677445909611093,1.0,84,84,0.2660169529991044
4,all,0.4207628304530493,0.7691194710081495,0.7691194710081495,1.0,84,84,0.2660169529991044
4,all,0.4416357909088946,0.7687688113983073,0.7687688113983073,1.0,84,84,0.2660169529991044
4,all,0.4625087513647399,0.7666398131187224,0.7666398131187224,1.0,84,84,0.2660169529991044
4,all,0.4833817118205834,0.762694078643681,0.762694078643681,1.0,84,84,0.2660169529991044
4,all,0.5042546722764287,0.7569088443260512,0.7569088443260512,1.0,84,84,0.2660169529991044
4,all,0.525127632732274,0.7492779804251511,0.7492779804251511,1.0,84,84,0.2660169529991044
4,all,0.5460005931881176,0.739812719656475,0.739812719656475,1.0,84,84,0.2660169529991044
4,all,0.5668735536439629,0.7285420814627518,0.7285420814627518,1.0,84,84,0.2660169529991044
4,all,0.5877465140998082,0.7155129673469304,0.7155129673469304,1.0,84,84,0.2660169529991044
4,all,0.6086194745556535,0.700789912232268,0.700789912232268,1.0,84,84,0.2660169529991044
4,all,0.629492435011497,0.6844544874741053,0.6844544874741053,1.0,84,84,0.2660169529991044
4,all,0.6503653954673423,0.6666043623216003,0.6666043623216003,1.0,84,84,0.2660169529991044
4,all,0.6712383559231876,0.6473520417616753,0.6473520417616753,1.0,84,84,0.2660169529991044
4,all,0.6921113163790329,0.6268233092231509,0.6268233092231509,1.0,84,84,0.2660169529991044
4,all,0.7129842768348764,0.6051554120711041,0.6051554120711041,1.0,84,84,0.2660169529991044
4,all,0.7338572372907217,0.5824950357485452,0.5824950357485452,1.0,84,84,0.2660169529991044
4,all,0.754730197746567,0.5589961184922484,0.5589961184922484,1.0,84,84,0.2660169529991044
4,all,0.7756031582024105,0.534817562543011,0.534817562543011,1.0,84,84,0.2660169529991044
4,all,0.7964761186582558,0.510120899588842,0.510120899588842,1.0,84,84,0.2660169529991044
4,all,0.8173490791141012,0.48506796783982065,0.48506796783982065,1.0,84,84,0.2660169529991044
4,all,0.8382220395699465,0.4598186557591021,0.4598186557591021,1.0,84,84,0.2660169529991044
4,all,0.85909500002579,0.43452876327909945,0.43452876327909945,1.0,84,84,0.2660169529991044
4,all,0.8799679604816353,0.4093480255976238,0.4093480255976238,1.0,84,84,0.2660169529991044
4,all,0.9008409209374806,0.38441833770623157,0.38441833770623157,1.0,84,84,0.2660169529991044
4,all,0.9217138813933259,0.3598722100079016,0.3598722100079016,1.0,84,84,0.2660169529991044
4,all,0.9425868418491694,0.3358314770951328,0.3358314770951328,1.0,84,84,0.2660169529991044
4,all,0.9634598023050147,0.3124062733314514,0.3124062733314514,1.0,84,84,0.2660169529991044
4,all,0.98433276276086,0.2896942806317446,0.2896942806317446,1.0,84,84,0.2660169529991044
4,all,1.0052057232167035,0.2677802460542374,0.2677802460542374,1.0,84,84,0.2660169529991044
4,all,1.0260786836725488,0.24673575973876735,0.24673575973876735,1.0,84,84,0.2660169529991044
4,all,1.0469516441283941,0.22661927754140027,0.22661927754140027,1.0,84,84,0.2660169529991044
4,all,1.0678246045842394,0.2074763675616174,0.2074763675616174,1.0,84,84,0.2660169529991044
4,all,1.088697565040083,0.18934015572095494,0.18934015572095494,1.0,84,84,0.2660169529991044
4,all,1.1095705254959283,0.17223194266642805,0.17223194266642805,1.0,84,84,0.2660169529991044
4,all,1.1304434859517736,0.15616196252768821,0.15616196252768821,1.0,84,84,0.2660169529991044
4,all,1.1513164464076189,0.1411302534007015,0.1411302534007015,1.0,84,84,0.2660169529991044
4,all,1.1721894068634624,0.12712760977400228,0.12712760977400228,1.0,84,84,0.2660169529991044
4,all,1.1930623673193077,0.11413658833730132,0.11413658833730132,1.0,84,84,0.2660169529991044
4,all,1.213935327775153,0.10213254057520946,0.10213254057520946,1.0,84,84,0.2660169529991044
4,all,1.2348082882309965,0.09108464809466553,0.09108464809466553,1.0,84,84,0.2660169529991044
4,all,1.2556812486868418,0.08095693960021967,0.08095693960021967,1.0,84,84,0.2660169529991044
4,all,1.2765542091426871,0.07170927165408217,0.07170927165408217,1.0,84,84,0.2660169529991044
4,all,1.2974271695985324,0.06329825868357253,0.06329825868357253,1.0,84,84,0.2660169529991044
4,all,1.318300130054376,0.05567814098781164,0.05567814098781164,1.0,84,84,0.2660169529991044
4,all,1.3391730905102213,0.04880158262849526,0.04880158262849526,1.0,84,84,0.2660169529991044
4,all,1.3600460509660666,0.042620393970671994,0.042620393970671994,1.0,84,84,0.2660169529991044
4,all,1.3809190114219119,0.03708617619865253,0.03708617619865253,1.0,84,84,0.2660169529991044
4,all,1.4017919718777554,0.03215088732599947,0.03215088732599947,1.0,84,84,0.2660169529991044
4,all,1.4226649323336007,0.02776733102836503,0.02776733102836503,1.0,84,84,0.2660169529991044
4,all,1.443537892789446,0.023889571057632637,0.023889571057632637,1.0,84,84,0.2660169529991044
4,all,1.4644108532452895,0.020473275067663773,0.020473275067663773,1.0,84,84,0.2660169529991044
4,all,1.4852838137011348,0.017475992432339656,0.017475992432339656,1.0,84,84,0.2660169529991044
4,all,1.5061567741569801,0.014857371110955118,0.014857371110955118,1.0,84,84,0.2660169529991044
4,all,1.5270297346128254,0.01257931886426134,0.01257931886426134,1.0,84,84,0.2660169529991044
4,all,1.547902695068669,0.010606114196601207,0.010606114196601207,1.0,84,84,0.2660169529991044
4,all,1.5687756555245143,0.008904472342219702,0.008904472342219702,1.0,84,84,0.2660169529991044
4,all,1.5896486159803596,0.007443571467616726,0.007443571467616726,1.0,84,84,0.2660169529991044
4,all,1.610521576436203,0.006195044059740676,0.006195044059740676,1.0,84,84,0.2660169529991044
4,all,1.6313945368920484,0.0051329382367190386,0.0051329382367190386,1.0,84,84,0.2660169529991044
4,all,1.6522674973478937,0.004233653470459878,0.004233653470459878,1.0,84,84,0.2660169529991044
4,all,1.673140457803739,0.003475854958535953,0.003475854958535953,1.0,84,84,0.2660169529991044
4,all,1.6940134182595825,0.0028403706302573086,0.0028403706302573086,1.0,84,84,0.2660169529991044
4,all,1.7148863787154278,0.0023100745186018677,0.0023100745186018677,1.0,84,84,0.2660169529991044
4,all,1.7357593391712731,0.0018697599731381995,0.0018697599731381995,1.0,84,84,0.2660169529991044
4,all,1.7566322996271184,0.0015060059257304744,0.0015060059257304744,1.0,84,84,0.2660169529991044
4,all,1.777505260082962,0.0012070391475051947,0.0012070391475051947,1.0,84,84,0.2660169529991044
4,all,1.7983782205388072,0.0009625951503600353,0.0009625951503600353,1.0,84,84,0.2660169529991044
4,all,1.8192511809946526,0.0007637800890882508,0.0007637800890882508,1.0,84,84,0.2660169529991044
4,all,1.840124141450496,0.0006029357128251096,0.0006029357128251096,1.0,84,84,0.2660169529991044
4,all,1.8609971019063414,0.0004735091007025,0.0004735091007025,1.0,84,84,0.2660169529991044
4,all,1.8818700623621867,0.00036992860151858803,0.00036992860151858803,1.0,84,84,0.2660169529991044
4,all,1.902743022818032,0.00028748708707269254,0.00028748708707269254,1.0,84,84,0.2660169529991044
4,all,1.9236159832738755,0.00022223333016731966,0.00022223333016731966,1.0,84,84,0.2660169529991044
4,all,1.9444889437297208,0.0001708720375561735,0.0001708720375561735,1.0,84,84,0.2660169529991044
4,all,1.965361904185566,0.00013067281106604906,0.00013067281106604906,1.0,84,84,0.2660169529991044
4,all,1.9862348646414114,9.938808141809054e-05,9.938808141809054e-05,1.0,84,84,0.2660169529991044
4,all,2.007107825097255,7.517986226505487e-05,7.517986226505487e-05,1.0,84,84,0.2660169529991044
4,all,2.0279807855531002,5.655500852999705e-05,5.655500852999705e-05,1.0,84,84,0.2660169529991044
4,all,2.0488537460089455,4.230853370601854e-05,4.230853370601854e-05,1.0,84,84,0.2660169529991044
4,all,2.069726706464789,3.1474444436802916e-05,3.1474444436802916e-05,1.0,84,84,0.2660169529991044
4,all,2.0905996669206344,2.3283485371726417e-05,2.3283485371726417e-05,1.0,84,84,0.2660169529991044
4,all,2.1114726273764797,1.7127149998845874e-05,1.7127149998845874e-05,1.0,84,84,0.2660169529991044
4,all,2.132345587832325,1.2527300291491697e-05,1.2527300291491697e-05,1.0,84,84,0.2660169529991044
4,all,2.1532185482881685,9.110745583932148e-06,9.110745583932148e-06,1.0,84,84,0.2660169529991044
4,all,2.174091508744014,6.588155030505992e-06,6.588155030505992e-06,1.0,84,84,0.2660169529991044
4,all,2.194964469199859,4.736714315699863e-06,4.736714315699863e-06,1.0,84,84,0.2660169529991044
4,all,2.2158374296557044,3.3859822586887213e-06,3.3859822586887213e-06,1.0,84,84,0.2660169529991044
4,all,2.236710390111548,2.40645328137618e-06,2.40645328137618e-06,1.0,84,84,0.2660169529991044
4,all,2.2575833505673932,1.7003845450313082e-06,1.7003845450313082e-06,1.0,84,84,0.2660169529991044
4,all,2.2784563110232385,1.1944995779162478e-06,1.1944995779162478e-06,1.0,84,84,0.2660169529991044
4,all,2.299329271479082,8.342315944722388e-07,8.342315944722388e-07,1.0,84,84,0.2660169529991044
4,all,2.3202022319349274,5.792181060320362e-07,5.792181060320362e-07,1.0,84,84,0.2660169529991044
4,all,2.3410751923907727,3.998029366671819e-07,3.998029366671819e-07,1.0,84,84,0.2660169529991044
4,all,2.361948152846618,2.7434185121544733e-07,2.7434185121544733e-07,1.0,84,84,0.2660169529991044
4,all,2.3828211133024615,1.8714344815059656e-07,1.8714344815059656e-07,1.0,84,84,0.2660169529991044
4,all,2.403694073758307,1.269077810889343e-07,1.269077810889343e-07,1.0,84,84,0.2660169529991044
4,all,2.424567034214152,8.555154164860775e-08,8.555154164860775e-08,1.0,84,84,0.2660169529991044
4,all,2.4454399946699974,5.733087885973256e-08,5.733087885973256e-08,1.0,84,84,0.2660169529991044
4,all,2.466312955125841,3.819143837515432e-08,3.819143837515432e-08,1.0,84,84,0.2660169529991044
4,all,2.4871859155816862,2.5290408101577678e-08,2.5290408101577678e-08,1.0,84,84,0.2660169529991044
4,all,2.5080588760375315,1.6647693191904442e-08,1.6647693191904442e-08,1.0,84,84,0.2660169529991044
4,all,2.528931836493375,1.089323623702608e-08,1.089323623702608e-08,1.0,84,84,0.2660169529991044
4,all,2.5498047969492204,7.085342671257382e-09,7.085342671257382e-09,1.0,84,84,0.2660169529991044
4,all,2.5706777574050657,4.58102353593161e-09,4.58102353593161e-09,1.0,84,84,0.2660169529991044
4,all,2.591550717860911,2.944142001048155e-09,2.944142001048155e-09,1.0,84,84,0.2660169529991044
4,all,2.6124236783167545,1.8808171035786472e-09,1.8808171035786472e-09,1.0,84,84,0.2660169529991044
4,all,2.6332966387726,1.194326707293196e-09,1.194326707293196e-09,1.0,84,84,0.2660169529991044
4,all,2.654169599228445,7.538515426321727e-10,7.538515426321727e-10,1.0,84,84,0.2660169529991044
4,all,2.6750425596842904,4.729683747322245e-10,4.729683747322245e-10,1.0,84,84,0.2660169529991044
4,all,2.695915520140134,2.9495759913468377e-10,2.9495759913468377e-10,1.0,84,84,0.2660169529991044
5,all,-7.970167272796567,6.938135240663808e-180,6.938135240663808e-180,1.0,49,49,0.2217382204888586
5,all,-7.949294312340722,1.0206587432614654e-178,1.0206587432614654e-178,1.0,49,49,0.2217382204888586
5,all,-7.928421351884877,1.488229943426146e-177,1.488229943426146e-177,1.0,49,49,0.2217382204888586
5,all,-7.9075483914290325,2.150855307432098e-176,2.150855307432098e-176,1.0,49,49,0.2217382204888586
5,all,-7.886675430973187,3.08108749623008e-175,3.08108749623008e-175,1.0,49,49,0.2217382204888586
5,all,-7.865802470517343,4.374702723529534e-174,4.374702723529534e-174,1.0,49,49,0.2217382204888586
5,all,-7.8449295100614975,6.1566539045589275e-173,6.1566539045589275e-173,1.0,49,49,0.2217382204888586
5,all,-7.824056549605653,8.588011422099295e-172,8.588011422099295e-172,1.0,49,49,0.2217382204888586
5,all,-7.803183589149808,1.18738665947888e-170,1.18738665947888e-170,1.0,49,49,0.2217382204888586
5,all,-7.782310628693963,1.6272092188020406e-169,1.6272092188020406e-169,1.0,49,49,0.2217382204888586
5,all,-7.761437668238118,2.2102749710225147e-168,2.2102749710225147e-168,1.0,49,49,0.2217382204888586
5,all,-7.740564707782274,2.9757805065117417e-167,2.9757805065117417e-167,1.0,49,49,0.2217382204888586
5,all,-7.719691747326429,3.971066520923079e-166,3.971066520923079e-166,1.0,49,49,0.2217382204888586
5,all,-7.698818786870584,5.252488482553572e-165,5.252488482553572e-165,1.0,49,49,0.2217382204888586
5,all,-7.6779458264147395,6.886122342392844e-164,6.886122342392844e-164,1.0,49,49,0.2217382204888586
5,all,-7.657072865958894,8.948207344470823e-163,8.948207344470823e-163,1.0,49,49,0.2217382204888586
5,all,-7.63619990550305,1.1525214642246585e-161,1.1525214642246585e-161,1.0,49,49,0.2217382204888586
5,all,-7.6153269450472045,1.471342177798137e-160,1.471342177798137e-160,1.0,49,49,0.2217382204888586
5,all,-7.59445398459136,1.861787139707531e-159,1.861787139707531e-159,1.0,49,49,0.2217382204888586
5,all,-7.573581024135515,2.3350600109959342e-158,2.3350600109959342e-158,1.0,49,49,0.2217382204888586
5,all,-7.55270806367967,2.9028042193234896e-157,2.9028042193234896e-157,1.0,49,49,0.2217382204888586
5,all,-7.531835103223825,3.576754431369679e-156,3.576754431369679e-156,1.0,49,49,0.2217382204888586
5,all,-7.510962142767981,4.36829722858536e-155,4.36829722858536e-155,1.0,49,49,0.2217382204888586
5,all,-7.490089182312136,5.287944851198949e-154,5.287944851198949e-154,1.0,49,49,0.2217382204888586
5,all,-7.469216221856291,6.344732729382734e-153,6.344732729382734e-153,1.0,49,49,0.2217382204888586
5,all,-7.448343261400447,7.545559121454864e-152,7.545559121454864e-152,1.0,49,49,0.2217382204888586
5,all,-7.427470300944601,8.894493032318696e-151,8.894493032318696e-151,1.0,49,49,0.2217382204888586
5,all,-7.406597340488757,1.039208406336073e-149,1.039208406336073e-149,1.0,49,49,0.2217382204888586
5,all,-7.3857243800329115,1.2034714225316323e-148,1.2034714225316323e-148,1.0,49,49,0.2217382204888586
5,all,-7.364851419577067,1.3814036267122818e-147,1.3814036267122818e-147,1.0,49,49,0.2217382204888586
5,all,-7.343978459121222,1.571654501006637e-146,1.571654501006637e-146,1.0,49,49,0.2217382204888586
5,all,-7.323105498665377,1.7723326916778693e-145,1.7723326916778693e-145,1.0,49,49,0.2217382204888586
5,all,-7.302232538209532,1.9810028258085034e-144,1.9810028258085034e-144,1.0,49,49,0.2217382204888586
5,all,-7.281359577753688,2.1947073630564353e-143,2.1947073630564353e-143,1.0,49,49,0.2217382204888586
5,all,-7.260486617297843,2.410015441739082e-142,2.410015441739082e-142,1.0,49,49,0.2217382204888586
5,all,-7.239613656841998,2.6230991624819467e-141,2.6230991624819467e-141,1.0,49,49,0.2217382204888586
5,all,-7.218740696386154,2.829836026446597e-140,2.829836026446597e-140,1.0,49,49,0.2217382204888586
5,all,-7.197867735930308,3.025934428437121e-139,3.025934428437121e-139,1.0,49,49,0.2217382204888586
5,all,-7.176994775474464,3.207077338721438e-138,3.207077338721438e-138,1.0,49,49,0.2217382204888586
5,all,-7.1561218150186185,3.36907774119675e-137,3.36907774119675e-137,1.0,49,49,0.2217382204888586
5,all,-7.135248854562774,3.508038174303224e-136,3.508038174303224e-136,1.0,49,49,0.2217382204888586
5,all,-7.114375894106929,3.620505969865923e-135,3.620505969865923e-135,1.0,49,49,0.2217382204888586
5,all,-7.093502933651084,3.7036155948187603e-134,3.7036155948187603e-134,1.0,49,49,0.2217382204888586
5,all,-7.072629973195239,3.7552099177089e-133,3.7552099177089e-133,1.0,49,49,0.2217382204888586
5,all,-7.051757012739395,3.773933240090525e-132,3.773933240090525e-132,1.0,49,49,0.2217382204888586
5,all,-7.03088405228355,3.75929049278138e-131,3.75929049278138e-131,1.0,49,49,0.2217382204888586
5,all,-7.010011091827705,3.711668988884756e-130,3.711668988884756e-130,1.0,49,49,0.2217382204888586
5,all,-6.989138131371861,3.632321399375009e-129,3.632321399375009e-129,1.0,49,49,0.2217382204888586
5,all,-6.968265170916015,3.523310995798749e-128,3.523310995798749e-128,1.0,49,49,0.2217382204888586
5,all,-6.947392210460171,3.3874225012766505e-127,3.3874225012766505e-127,1.0,49,49,0.2217382204888586
5,all,-6.926519250004326,3.228043926241532e-126,3.228043926241532e-126,1.0,49,49,0.2217382204888586
5,all,-6.905646289548481,3.0490263849839023e-125,3.0490263849839023e-125,1.0,49,49,0.2217382204888586
5,all,-6.884773329092637,2.8545299779483745e-124,2.8545299779483745e-124,1.0,49,49,0.2217382204888586
5,all,-6.863900368636791,2.6488643167567353e-123,2.6488643167567353e-123,1.0,49,49,0.2217382204888586
5,all,-6.843027408180946,2.436332151656612e-122,2.436332151656612e-122,1.0,49,49,0.2217382204888586
5,all,-6.822154447725102,2.2210838745304077e-121,2.2210838745304077e-121,1.0,49,49,0.2217382204888586
5,all,-6.801281487269257,2.0069895008372536e-120,2.0069895008372536e-120,1.0,49,49,0.2217382204888586
5,all,-6.780408526813412,1.797533202387609e-119,1.797533202387609e-119,1.0,49,49,0.2217382204888586
5,all,-6.759535566357568,1.5957337128580937e-118,1.5957337128580937e-118,1.0,49,49,0.2217382204888586
5,all,-6.738662605901722,1.4040921094950683e-117,1.4040921094950683e-117,1.0,49,49,0.2217382204888586
5,all,-6.717789645445878,1.2245667302019413e-116,1.2245667302019413e-116,1.0,49,49,0.2217382204888586
5,all,-6.696916684990033,1.0585734379185456e-115,1.0585734379185456e-115,1.0,49,49,0.2217382204888586
5,all,-6.676043724534188,9.07008187727822e-115,9.07008187727822e-115,1.0,49,49,0.2217382204888586
5,all,-6.655170764078344,7.70287945850011e-114,7.70287945850011e-114,1.0,49,49,0.2217382204888586
5,all,-6.634297803622498,6.484054772565366e-113,6.484054772565366e-113,1.0,49,49,0.2217382204888586
5,all,-6.613424843166653,5.409933501854198e-112,5.409933501854198e-112,1.0,49,49,0.2217382204888586
5,all,-6.592551882710809,4.4739266324560454e-111,4.4739266324560454e-111,1.0,49,49,0.2217382204888586
5,all,-6.571678922254964,3.667224250252396e-110,3.667224250252396e-110,1.0,49,49,0.2217382204888586
5,all,-6.550805961799119,2.979461354547031e-109,2.979461354547031e-109,1.0,49,49,0.2217382204888586
5,all,-6.529933001343275,2.3993285655128326e-108,2.3993285655128326e-108,1.0,49,49,0.2217382204888586
5,all,-6.509060040887429,1.9151084451177587e-107,1.9151084451177587e-107,1.0,49,49,0.2217382204888586
5,all,-6.488187080431585,1.5151258126144607e-106,1.5151258126144607e-106,1.0,49,49,0.2217382204888586
5,all,-6.46731411997574,1.1881074028251943e-105,1.1881074028251943e-105,1.0,49,49,0.2217382204888586
5,all,-6.446441159519895,9.234521261363293e-105,9.234521261363293e-105,1.0,49,49,0.2217382204888586
5,all,-6.425568199064051,7.114178342791994e-104,7.114178342791994e-104,1.0,49,49,0.2217382204888586
5,all,-6.404695238608205,5.432338072742614e-103,5.432338072742614e-103,1.0,49,49,0.2217382204888586
5,all,-6.38382227815236,4.111502041555594e-102,4.111502041555594e-102,1.0,49,49,0.2217382204888586
5,all,-6.362949317696516,3.084366018505336e-101,3.084366018505336e-101,1.0,49,49,0.2217382204888586
5,all,-6.342076357240671,2.293416792622692e-100,2.293416792622692e-100,1.0,49,49,0.2217382204888586
5,all,-6.321203396784826,1.6902531170312457e-99,1.6902531170312457e-99,1.0,49,49,0.2217382204888586
5,all,-6.300330436328982,1.2347305162386485e-98,1.2347305162386485e-98,1.0,49,49,0.2217382204888586
5,all,-6.279457475873136,8.940139533091243e-98,8.940139533091243e-98,1.0,49,49,0.2217382204888586
5,all,-6.258584515417292,6.416055194197509e-97,6.416055194197509e-97,1.0,49,49,0.2217382204888586
5,all,-6.237711554961447,4.563978233221726e-96,4.563978233221726e-96,1.0,49,49,0.2217382204888586
5,all,-6.216838594505602,3.2178864617797985e-95,3.2178864617797985e-95,1.0,49,49,0.2217382204888586
5,all,-6.195965634049758,2.2487933466797216e-94,2.2487933466797216e-94,1.0,49,49,0.2217382204888586
5,all,-6.1750926735939125,1.557686506086134e-93,1.557686506086134e-93,1.0,49,49,0.2217382204888586
5,all,-6.154219713138067,1.0694543386451264e-92,1.0694543386451264e-92,1.0,49,49,0.2217382204888586
5,all,-6.133346752682223,7.277732935466568e-92,7.277732935466568e-92,1.0,49,49,0.2217382204888586
5,all,-6.112473792226378,4.9088714753659967e-91,4.9088714753659967e-91,1.0,49,49,0.2217382204888586
5,all,-6.091600831770533,3.2818512090232736e-90,3.2818512090232736e-90,1.0,49,49,0.2217382204888586
5,all,-6.070727871314689,2.1747422513176492e-89,2.1747422513176492e-89,1.0,49,49,0.2217382204888586
5,all,-6.049854910858843,1.428395179378475e-88,1.428395179378475e-88,1.0,49,49,0.2217382204888586
5,all,-6.028981950402999,9.299094015457637e-88,9.299094015457637e-88,1.0,49,49,0.2217382204888586
5,all,-6.008108989947154,6.000460485551274e-87,6.000460485551274e-87,1.0,49,49,0.2217382204888586
5,all,-5.987236029491309,3.8377811088394504e-86,3.8377811088394504e-86,1.0,49,49,0.2217382204888586
5,all,-5.966363069035465,2.4329181609478712e-85,2.4329181609478712e-85,1.0,49,49,0.2217382204888586
5,all,-5.9454901085796195,1.528714830338738e-84,1.528714830338738e-84,1.0,49,49,0.2217382204888586
5,all,-5.924617148123774,9.52088098228553e-84,9.52088098228553e-84,1.0,49,49,0.2217382204888586
5,all,-5.90374418766793,5.877321832142525e-83,5.877321832142525e-83,1.0,49,49,0.2217382204888586
5,all,-5.882871227212085,3.596114307467733e-82,3.596114307467733e-82,1.0,49,49,0.2217382204888586
5,all,-5.86199826675624,2.1809172231716975e-81,2.1809172231716975e-81,1.0,49,49,0.2217382204888586
5,all,-5.841125306300396,1.31098147676776e-80,1.31098147676776e-80,1.0,49,49,0.2217382204888586
5,all,-5.820252345844551,7.81098147224289e-80,7.81098147224289e-80,1.0,49,49,0.2217382204888586
5,all,-5.799379385388706,4.6128182024310837e-79,4.6128182024310837e-79,1.0,49,49,0.2217382204888586
5,all,-5.778506424932861,2.7000931613813552e-78,2.7000931613813552e-78,1.0,49,49,0.2217382204888586
5,all,-5.757633464477016,1.5665448670914495e-77,1.5665448670914495e-77,1.0,49,49,0.2217382204888586
5,all,-5.736760504021172,9.008627010306347e-77,9.008627010306347e-77,1.0,49,49,0.2217382204888586
5,all,-5.7158875435653265,5.1348297989250974e-76,5.1348297989250974e-76,1.0,49,49,0.2217382204888586
5,all,-5.695014583109481,2.9009829663742284e-75,2.9009829663742284e-75,1.0,49,49,0.2217382204888586
5,all,-5.674141622653637,1.6244860401115848e-74,1.6244860401115848e-74,1.0,49,49,0.2217382204888586
5,all,-5.653268662197792,9.016509973664915e-74,9.016509973664915e-74,1.0,49,49,0.2217382204888586
5,all,-5.632395701741947,4.960353529090004e-73,4.960353529090004e-73,1.0,49,49,0.2217382204888586
5,all,-5.611522741286103,2.7048206404947634e-72,2.7048206404947634e-72,1.0,49,49,0.2217382204888586
5,all,-5.590649780830258,1.46189436650365e-71,1.46189436650365e-71,1.0,49,49,0.2217382204888586
5,all,-5.569776820374413,7.831504325343593e-71,7.831504325343593e-71,1.0,49,49,0.2217382204888586
5,all,-5.548903859918568,4.158398166607047e-70,4.158398166607047e-70,1.0,49,49,0.2217382204888586
5,all,-5.528030899462723,2.1885608605473396e-69,2.1885608605473396e-69,1.0,49,49,0.2217382204888586
5,all,-5.507157939006879,1.1416759818884466e-68,1.1416759818884466e-68,1.0,49,49,0.2217382204888586
5,all,-5.4862849785510335,5.9030815103862855e-68,5.9030815103862855e-68,1.0,49,49,0.2217382204888586
5,all,-5.465412018095188,3.0252855596680945e-67,3.0252855596680945e-67,1.0,49,49,0.2217382204888586
5,all,-5.444539057639344,1.536758584137111e-66,1.536758584137111e-66,1.0,49,49,0.2217382204888586
5,all,-5.423666097183499,7.737427629726481e-66,7.737427629726481e-66,1.0,49,49,0.2217382204888586
5,all,-5.402793136727654,3.861350555767596e-65,3.861350555767596e-65,1.0,49,49,0.2217382204888586
5,all,-5.38192017627181,1.910000765661388e-64,1.910000765661388e-64,1.0,49,49,0.2217382204888586
5,all,-5.361047215815965,9.364390817935784e-64,9.364390817935784e-64,1.0,49,49,0.2217382204888586
5,all,-5.34017425536012,4.5506894426744835e-63,4.5506894426744835e-63,1.0,49,49,0.2217382204888586
5,all,-5.319301294904275,2.1919293178020104e-62,2.1919293178020104e-62,1.0,49,49,0.2217382204888586
5,all,-5.29842833444843,1.0464719009563934e-61,1.0464719009563934e-61,1.0,49,49,0.2217382204888586
5,all,-5.277555373992586,4.9519958996925496e-61,4.9519958996925496e-61,1.0,49,49,0.2217382204888586
5,all,-5.2566824135367405,2.3226547563840353e-60,2.3226547563840353e-60,1.0,49,49,0.2217382204888586
5,all,-5.235809453080895,1.0797935354584233e-59,1.0797935354584233e-59,1.0,49,49,0.2217382204888586
5,all,-5.214936492625051,4.975634435832668e-59,4.975634435832668e-59,1.0,49,49,0.2217382204888586
5,all,-5.194063532169206,2.272520897569204e-58,2.272520897569204e-58,1.0,49,49,0.2217382204888586
5,all,-5.173190571713361,1.0287716438873444e-57,1.0287716438873444e-57,1.0,49,49,0.2217382204888586
5,all,-5.152317611257517,4.616169677294847e-57,4.616169677294847e-57,1.0,49,49,0.2217382204888586
5,all,-5.131444650801672,2.053034376891961e-56,2.053034376891961e-56,1.0,49,49,0.2217382204888586
5,all,-5.110571690345827,9.05028713186045e-56,9.05028713186045e-56,1.0,49,49,0.2217382204888586
5,all,-5.089698729889982,3.954396139237162e-55,3.954396139237162e-55,1.0,49,49,0.2217382204888586
5,all,-5.068825769434137,1.7125752678405382e-54,1.7125752678405382e-54,1.0,49,49,0.2217382204888586
5,all,-5.047952808978293,7.351413326418026e-54,7.351413326418026e-54,1.0,49,49,0.2217382204888586
5,all,-5.0270798485224475,3.127833981196417e-53,3.127833981196417e-53,1.0,49,49,0.2217382204888586
5,all,-5.006206888066602,1.3190711592719958e-52,1.3190711592719958e-52,1.0,49,49,0.2217382204888586
5,all,-4.985333927610758,5.513716537412289e-52,5.513716537412289e-52,1.0,49,49,0.2217382204888586
5,all,-4.964460967154913,2.2844009087224472e-51,2.2844009087224472e-51,1.0,49,49,0.2217382204888586
5,all,-4.943588006699068,9.381059540384051e-51,9.381059540384051e-51,1.0,49,49,0.2217382204888586
5,all,-4.922715046243224,3.81841510594188e-50,3.81841510594188e-50,1.0,49,49,0.2217382204888586
5,all,-4.901842085787379,1.5405154756577928e-49,1.5405154756577928e-49,1.0,49,49,0.2217382204888586
5,all,-4.880969125331534,6.160283093715647e-49,6.160283093715647e-49,1.0,49,49,0.2217382204888586
5,all,-4.860096164875689,2.4416699281061893e-48,2.4416699281061893e-48,1.0,49,49,0.2217382204888586
5,all,-4.839223204419844,9.592347805330506e-48,9.592347805330506e-48,1.0,49,49,0.2217382204888586
5,all,-4.818350243964,3.735206005034192e-47,3.735206005034192e-47,1.0,49,49,0.2217382204888586
5,all,-4.7974772835081545,1.4416368667425162e-46,1.4416368667425162e-46,1.0,49,49,0.2217382204888586
5,all,-4.776604323052309,5.515042704553689e-46,5.515042704553689e-46,1.0,49,49,0.2217382204888586
5,all,-4.755731362596465,2.0911903124256053e-45,2.0911903124256053e-45,1.0,49,49,0.2217382204888586
5,all,-4.73485840214062,7.859409473019074e-45,7.859409473019074e-45,1.0,49,49,0.2217382204888586
5,all,-4.713985441684775,2.9277767157538536e-44,2.9277767157538536e-44,1.0,49,49,0.2217382204888586
5,all,-4.693112481228931,1.0810298052278924e-43,1.0810298052278924e-43,1.0,49,49,0.2217382204888586
5,all,-4.672239520773086,3.9562986022517e-43,3.9562986022517e-43,1.0,49,49,0.2217382204888586
5,all,-4.651366560317241,1.435132950960777e-42,1.435132950960777e-42,1.0,49,49,0.2217382204888586
5,all,-4.630493599861396,5.159966575701956e-42,5.159966575701956e-42,1.0,49,49,0.2217382204888586
5,all,-4.609620639405551,1.838879705419694e-41,1.838879705419694e-41,1.0,49,49,0.2217382204888586
5,all,-4.588747678949707,6.495482695036335e-41,6.495482695036335e-41,1.0,49,49,0.2217382204888586
5,all,-4.5678747184938615,2.274161062120449e-40,2.274161062120449e-40,1.0,49,49,0.2217382204888586
5,all,-4.547001758038016,7.891920242499617e-40,7.891920242499617e-40,1.0,49,49,0.2217382204888586
5,all,-4.526128797582172,2.7145374317212592e-39,2.7145374317212592e-39,1.0,49,49,0.2217382204888586
5,all,-4.505255837126327,9.254664104444e-39,9.254664104444e-39,1.0,49,49,0.2217382204888586
5,all,-4.484382876670482,3.1273548781603897e-38,3.1273548781603897e-38,1.0,49,49,0.2217382204888586
5,all,-4.463509916214638,1.0474790600386044e-37,1.0474790600386044e-37,1.0,49,49,0.2217382204888586
5,all,-4.442636955758793,3.477484578984695e-37,3.477484578984695e-37,1.0,49,49,0.2217382204888586
5,all,-4.421763995302948,1.1442917180138737e-36,1.1442917180138737e-36,1.0,49,49,0.2217382204888586
5,all,-4.400891034847103,3.732157607421264e-36,3.732157607421264e-36,1.0,49,49,0.2217382204888586
5,all,-4.380018074391258,1.2065209720797493e-35,1.2065209720797493e-35,1.0,49,49,0.2217382204888586
5,all,-4.359145113935414,3.865996478448323e-35,3.865996478448323e-35,1.0,49,49,0.2217382204888586
5,all,-4.3382721534795685,1.2278341597985528e-34,1.2278341597985528e-34,1.0,49,49,0.2217382204888586
5,all,-4.317399193023723,3.865179330704477e-34,3.865179330704477e-34,1.0,49,49,0.2217382204888586
5,all,-4.296526232567879,1.2060109862577194e-33,1.2060109862577194e-33,1.0,49,49,0.2217382204888586
5,all,-4.275653272112034,3.7297915321146904e-33,3.7297915321146904e-33,1.0,49,49,0.2217382204888586
5,all,-4.254780311656189,1.1433245583366864e-32,1.1433245583366864e-32,1.0,49,49,0.2217382204888586
5,all,-4.233907351200345,3.473810988367167e-32,3.473810988367167e-32,1.0,49,49,0.2217382204888586
5,all,-4.2130343907445,1.0461513408056599e-31,1.0461513408056599e-31,1.0,49,49,0.2217382204888586
5,all,-4.192161430288655,3.1227306531351352e-31,3.1227306531351352e-31,1.0,49,49,0.2217382204888586
5,all,-4.17128846983281,9.239026561660907e-31,9.239026561660907e-31,1.0,49,49,0.2217382204888586
5,all,-4.150415509376965,2.709377899628223e-30,2.709377899628223e-30,1.0,49,49,0.2217382204888586
5,all,-4.129542548921121,7.875255109878527e-30,7.875255109878527e-30,1.0,49,49,0.2217382204888586
5,all,-4.1086695884652755,2.2688791143163402e-29,2.2688791143163402e-29,1.0,49,49,0.2217382204888586
5,all,-4.08779662800943,6.479026592201562e-29,6.479026592201562e-29,1.0,49,49,0.2217382204888586
5,all,-4.066923667553587,1.8338332655135696e-28,1.8338332655135696e-28,1.0,49,49,0.2217382204888586
5,all,-4.046050707097741,5.144718414417683e-28,5.144718414417683e-28,1.0,49,49,0.2217382204888586
5,all,-4.025177746641896,1.4305895604299892e-27,1.4305895604299892e-27,1.0,49,49,0.2217382204888586
5,all,-4.004304786186052,3.942940036238809e-27,3.942940036238809e-27,1.0,49,49,0.2217382204888586
5,all,-3.983431825730207,1.0771519507370914e-26,1.0771519507370914e-26,1.0,49,49,0.2217382204888586
5,all,-3.962558865274362,2.9166576191720815e-26,2.9166576191720815e-26,1.0,49,49,0.2217382204888586
5,all,-3.9416859048185175,7.827906126597935e-26,7.827906126597935e-26,1.0,49,49,0.2217382204888586
5,all,-3.9208129443626722,2.082367828930292e-25,2.082367828930292e-25,1.0,49,49,0.2217382204888586
5,all,-3.899939983906828,5.490614609277282e-25,5.490614609277282e-25,1.0,49,49,0.2217382204888586
5,all,-3.8790670234509825,1.4349479756733966e-24,1.4349479756733966e-24,1.0,49,49,0.2217382204888586
5,all,-3.858194062995138,3.7170895971035676e-24,3.7170895971035676e-24,1.0,49,49,0.2217382204888586
5,all,-3.837321102539293,9.543805545552606e-24,9.543805545552606e-24,1.0,49,49,0.2217382204888586
5,all,-3.8164481420834484,2.4288003316040816e-23,2.4288003316040816e-23,1.0,49,49,0.2217382204888586
5,all,-3.795575181627603,6.126518142676461e-23,6.126518142676461e-23,1.0,49,49,0.2217382204888586
5,all,-3.7747022211717587,1.5317479695871793e-22,1.5317479695871793e-22,1.0,49,49,0.2217382204888586
5,all,-3.7538292607159134,3.795880936390214e-22,3.795880936390214e-22,1.0,49,49,0.2217382204888586
5,all,-3.732956300260069,9.323726573013882e-22,9.323726573013882e-22,1.0,49,49,0.2217382204888586
5,all,-3.7120833398042246,2.2699597429579375e-21,2.2699597429579375e-21,1.0,49,49,0.2217382204888586
5,all,-3.6912103793483793,5.477702737368648e-21,5.477702737368648e-21,1.0,49,49,0.2217382204888586
5,all,-3.670337418892535,1.3101784279600251e-20,1.3101784279600251e-20,1.0,49,49,0.2217382204888586
5,all,-3.6494644584366895,3.106090516393753e-20,3.106090516393753e-20,1.0,49,49,0.2217382204888586
5,all,-3.628591497980845,7.298766157170119e-20,7.298766157170119e-20,1.0,49,49,0.2217382204888586
5,all,-3.607718537525,1.6999512636374773e-19,1.6999512636374773e-19,1.0,49,49,0.2217382204888586
5,all,-3.5868455770691554,3.9244172011317575e-19,3.9244172011317575e-19,1.0,49,49,0.2217382204888586
5,all,-3.56597261661331,8.979776954413188e-19,8.979776954413188e-19,1.0,49,49,0.2217382204888586
5,all,-3.5450996561574657,2.0366087596218605e-18,2.0366087596218605e-18,1.0,49,49,0.2217382204888586
5,all,-3.5242266957016204,4.578269398144654e-18,4.578269398144654e-18,1.0,49,49,0.2217382204888586
5,all,-3.503353735245776,1.0201094246344781e-17,1.0201094246344781e-17,1.0,49,49,0.2217382204888586
5,all,-3.4824807747899316,2.252910062080606e-17,2.252910062080606e-17,1.0,49,49,0.2217382204888586
5,all,-3.4616078143340863,4.931654330126295e-17,4.931654330126295e-17,1.0,49,49,0.2217382204888586
5,all,-3.440734853878242,1.0700229215492943e-16,1.0700229215492943e-16,1.0,49,49,0.2217382204888586
5,all,-3.4198618934223965,2.3011515030883117e-16,2.3011515030883117e-16,1.0,49,49,0.2217382204888586
5,all,-3.398988932966552,4.905113073437083e-16,4.905113073437083e-16,1.0,49,49,0.2217382204888586
5,all,-3.378115972510707,1.0363453731930654e-15,1.0363453731930654e-15,1.0,49,49,0.2217382204888586
5,all,-3.3572430120548624,2.1702595769527297e-15,2.1702595769527297e-15,1.0,49,49,0.2217382204888586
5,all,-3.336370051599017,4.50474828779068e-15,4.50474828779068e-15,1.0,49,49,0.2217382204888586
5,all,-3.3154970911431727,9.267893945032939e-15,9.267893945032939e-15,1.0,49,49,0.2217382204888586
5,all,-3.2946241306873274,1.8899193035946145e-14,1.8899193035946145e-14,1.0,49,49,0.2217382204888586
5,all,-3.273751170231483,3.8199453123874804e-14,3.8199453123874804e-14,1.0,49,49,0.2217382204888586
5,all,-3.2528782097756386,7.652841330440682e-14,7.652841330440682e-14,1.0,49,49,0.2217382204888586
5,all,-3.2320052493197933,1.5196373234742323e-13,1.5196373234742323e-13,1.0,49,49,0.2217382204888586
5,all,-3.211132288863949,2.9909480741122975e-13,2.9909480741122975e-13,1.0,49,49,0.2217382204888586
5,all,-3.1902593284081036,5.834847020461353e-13,5.834847020461353e-13,1.0,49,49,0.2217382204888586
5,all,-3.169386367952259,1.12824067830223e-12,1.12824067830223e-12,1.0,49,49,0.2217382204888586
5,all,-3.148513407496414,2.162348618191661e-12,2.162348618191661e-12,1.0,49,49,0.2217382204888586
5,all,-3.1276404470405694,4.107724907724881e-12,4.107724907724881e-12,1.0,49,49,0.2217382204888586
5,all,-3.106767486584724,7.734436336204841e-12,7.734436336204841e-12,1.0,49,49,0.2217382204888586
5,all,-3.0858945261288797,1.4434696801977618e-11,1.4434696801977618e-11,1.0,49,49,0.2217382204888586
5,all,-3.0650215656730353,2.6701664975229492e-11,2.6701664975229492e-11,1.0,49,49,0.2217382204888586
5,all,-3.04414860521719,4.8957665264441675e-11,4.8957665264441675e-11,1.0,49,49,0.2217382204888586
5,all,-3.0232756447613456,8.897228298173326e-11,8.897228298173326e-11,1.0,49,49,0.2217382204888586
5,all,-3.0024026843055003,1.6026565037458273e-10,1.6026565037458273e-10,1.0,49,49,0.2217382204888586
5,all,-2.981529723849656,2.8613952132901293e-10,2.8613952132901293e-10,1.0,49,49,0.2217382204888586
5,all,-2.9606567633938106,5.06368781463821e-10,5.06368781463821e-10,1.0,49,49,0.2217382204888586
5,all,-2.939783802937966,8.881936832065544e-10,8.881936832065544e-10,1.0,49,49,0.2217382204888586
5,all,-2.918910842482121,1.5441878067009148e-09,1.5441878067009148e-09,1.0,49,49,0.2217382204888586
5,all,-2.8980378820262764,2.6609961081071966e-09,2.6609961081071966e-09,1.0,49,49,0.2217382204888586
5,all,-2.877164921570431,4.545064413012258e-09,4.545064413012258e-09,1.0,49,49,0.2217382204888586
5,all,-2.8562919611145867,7.694626235955338e-09,7.694626235955338e-09,1.0,49,49,0.2217382204888586
5,all,-2.8354190006587423,1.2911797312443816e-08,1.2911797312443816e-08,1.0,49,49,0.2217382204888586
5,all,-2.814546040202897,2.147521679067992e-08,2.147521679067992e-08,1.0,49,49,0.2217382204888586
5,all,-2.7936730797470526,3.5403002915734986e-08,3.5403002915734986e-08,1.0,49,49,0.2217382204888586
5,all,-2.7728001192912073,5.784879732492218e-08,5.784879732492218e-08,1.0,49,49,0.2217382204888586
5,all,-2.751927158835363,9.369151462525399e-08,9.369151462525399e-08,1.0,49,49,0.2217382204888586
5,all,-2.7310541983795176,1.5040347835861608e-07,1.5040347835861608e-07,1.0,49,49,0.2217382204888586
5,all,-2.710181237923673,2.3931350050266046e-07,2.3931350050266046e-07,1.0,49,49,0.2217382204888586
5,all,-2.689308277467828,3.7742287794526495e-07,3.7742287794526495e-07,1.0,49,49,0.2217382204888586
5,all,-2.6684353170119834,5.899849777001714e-07,5.899849777001714e-07,1.0,49,49,0.2217382204888586
5,all,-2.647562356556138,9.141246115947095e-07,9.141246115947095e-07,1.0,49,49,0.2217382204888586
5,all,-2.6266893961002937,1.4038528092571868e-06,1.4038528092571868e-06,1.0,49,49,0.2217382204888586
5,all,-2.6058164356444493,2.13692600995115e-06,2.13692600995115e-06,1.0,49,49,0.2217382204888586
5,all,-2.584943475188604,3.2241047604719944e-06,3.2241047604719944e-06,1.0,49,49,0.2217382204888586
5,all,-2.5640705147327596,4.821482238078425e-06,4.821482238078425e-06,1.0,49,49,0.2217382204888586
5,all,-2.5431975542769143,7.1466709245458175e-06,7.1466709245458175e-06,1.0,49,49,0.2217382204888586
5,all,-2.52232459382107,1.0499746458787515e-05,1.0499746458787515e-05,1.0,49,49,0.2217382204888586
5,all,-2.5014516333652246,1.5289936588498023e-05,1.5289936588498023e-05,1.0,49,49,0.2217382204888586
5,all,-2.48057867290938,2.206909076795686e-05,2.206909076795686e-05,1.0,49,49,0.2217382204888586
5,all,-2.459705712453535,3.157294773354194e-05,3.157294773354194e-05,1.0,49,49,0.2217382204888586
5,all,-2.4388327519976905,4.477110505243566e-05,4.477110505243566e-05,1.0,49,49,0.2217382204888586
5,all,-2.417959791541845,6.292635342005738e-05,6.292635342005738e-05,1.0,49,49,0.2217382204888586
5,all,-2.3970868310860007,8.766363535682579e-05,8.766363535682579e-05,1.0,49,49,0.2217382204888586
5,all,-2.3762138706301563,0.00012104829104271968,0.00012104829104271968,1.0,49,49,0.2217382204888586
5,all,-2.355340910174311,0.0001656724382068432,0.0001656724382068432,1.0,49,49,0.2217382204888586
5,all,-2.3344679497184666,0.0002247472856475076,0.0002247472856475076,1.0,49,49,0.2217382204888586
5,all,-2.3135949892626213,0.00030219790756968784,0.00030219790756968784,1.0,49,49,0.2217382204888586
5,all,-2.292722028806777,0.00040275554089983184,0.00040275554089983184,1.0,49,49,0.2217382204888586
5,all,-2.2718490683509316,0.0005320408747349135,0.0005320408747349135,1.0,49,49,0.2217382204888586
5,all,-2.250976107895087,0.000696630181754016,0.000696630181754016,1.0,49,49,0.2217382204888586
5,all,-2.230103147439242,0.0009040946363469745,0.0009040946363469745,1.0,49,49,0.2217382204888586
5,all,-2.2092301869833975,0.0011630019507786779,0.0011630019507786779,1.0,49,49,0.2217382204888586
5,all,-2.188357226527552,0.00148286874577526,0.00148286874577526,1.0,49,49,0.2217382204888586
5,all,-2.1674842660717077,0.0018740520785136936,0.0018740520785136936,1.0,49,49,0.2217382204888586
5,all,-2.1466113056158633,0.0023475694987754856,0.0023475694987754856,1.0,49,49,0.2217382204888586
5,all,-2.125738345160018,0.002914839084097365,0.002914839084097365,1.0,49,49,0.2217382204888586
5,all,-2.1048653847041736,0.0035873342504114045,0.0035873342504114045,1.0,49,49,0.2217382204888586
5,all,-2.0839924242483283,0.00437615279055114,0.00437615279055114,1.0,49,49,0.2217382204888586
5,all,-2.063119463792484,0.005291505486185135,0.005291505486185135,1.0,49,49,0.2217382204888586
5,all,-2.0422465033366386,0.006342136555936899,0.006342136555936899,1.0,49,49,0.2217382204888586
5,all,-2.021373542880794,0.00753469577771384,0.00753469577771384,1.0,49,49,0.2217382204888586
5,all,-2.000500582424949,0.008873089840400281,0.008873089840400281,1.0,49,49,0.2217382204888586
5,all,-1.9796276219691045,0.010357847692779344,0.010357847692779344,1.0,49,49,0.2217382204888586
5,all,-1.95875466151326,0.01198554062899695,0.01198554062899695,1.0,49,49,0.2217382204888586
5,all,-1.9378817010574148,0.013748301810746556,0.013748301810746556,1.0,49,49,0.2217382204888586
5,all,-1.9170087406015703,0.015633491148284023,0.015633491148284023,1.0,49,49,0.2217382204888586
5,all,-1.896135780145725,0.017623549340740667,0.017623549340740667,1.0,49,49,0.2217382204888586
5,all,-1.8752628196898806,0.019696079014007228,0.019696079014007228,1.0,49,49,0.2217382204888586
5,all,-1.8543898592340353,0.021824181177667407,0.021824181177667407,1.0,49,49,0.2217382204888586
5,all,-1.833516898778191,0.023977061876253935,0.023977061876253935,1.0,49,49,0.2217382204888586
5,all,-1.8126439383223456,0.02612090752693357,0.02612090752693357,1.0,49,49,0.2217382204888586
5,all,-1.7917709778665012,0.028220008967614136,0.028220008967614136,1.0,49,49,0.2217382204888586
5,all,-1.770898017410656,0.03023809495114073,0.03023809495114073,1.0,49,49,0.2217382204888586
5,all,-1.7500250569548115,0.03213981720450744,0.03213981720450744,1.0,49,49,0.2217382204888586
5,all,-1.729152096498967,0.03389231282705269,0.03389231282705269,1.0,49,49,0.2217382204888586
5,all,-1.7082791360431218,0.03546675729499251,0.03546675729499251,1.0,49,49,0.2217382204888586
5,all,-1.6874061755872773,0.03683981405288101,0.03683981405288101,1.0,49,49,0.2217382204888586
5,all,-1.666533215131432,0.037994885656771005,0.037994885656771005,1.0,49,49,0.2217382204888586
5,all,-1.6456602546755876,0.03892307728678431,0.03892307728678431,1.0,49,49,0.2217382204888586
5,all,-1.6247872942197423,0.03962379622679653,0.03962379622679653,1.0,49,49,0.2217382204888586
5,all,-1.603914333763898,0.04010493009620255,0.04010493009620255,1.0,49,49,0.2217382204888586
5,all,-1.5830413733080526,0.04038257113035239,0.04038257113035239,1.0,49,49,0.2217382204888586
5,all,-1.5621684128522082,0.04048028206477532,0.04048028206477532,1.0,49,49,0.2217382204888586
5,all,-1.541295452396363,0.04042792922839493,0.04042792922839493,1.0,49,49,0.2217382204888586
5,all,-1.5204224919405185,0.04026013811317397,0.04026013811317397,1.0,49,49,0.2217382204888586
5,all,-1.499549531484674,0.04001445373517697,0.04001445373517697,1.0,49,49,0.2217382204888586
5,all,-1.4786765710288288,0.039729310443351984,0.039729310443351984,1.0,49,49,0.2217382204888586
5,all,-1.4578036105729844,0.03944193168336128,0.03944193168336128,1.0,49,49,0.2217382204888586
5,all,-1.436930650117139,0.03918628825450689,0.03918628825450689,1.0,49,49,0.2217382204888586
5,all,-1.4160576896612946,0.038991243041045905,0.038991243041045905,1.0,49,49,0.2217382204888586
5,all,-1.3951847292054493,0.03887900091375176,0.03887900091375176,1.0,49,49,0.2217382204888586
5,all,-1.374311768749605,0.03886396498175861,0.03886396498175861,1.0,49,49,0.2217382204888586
5,all,-1.3534388082937596,0.038952075730973465,0.038952075730973465,1.0,49,49,0.2217382204888586
5,all,-1.3325658478379152,0.03914067944017277,0.03914067944017277,1.0,49,49,0.2217382204888586
5,all,-1.31169288738207,0.0394189386523306,0.0394189386523306,1.0,49,49,0.2217382204888586
5,all,-1.2908199269262255,0.03976876269060972,0.03976876269060972,1.0,49,49,0.2217382204888586
5,all,-1.269946966470381,0.04016620263745446,0.04016620263745446,1.0,49,49,0.2217382204888586
5,all,-1.2490740060145358,0.04058322516176277,0.04058322516176277,1.0,49,49,0.2217382204888586
5,all,-1.2282010455586914,0.040989755168682925,0.040989755168682925,1.0,49,49,0.2217382204888586
5,all,-1.207328085102846,0.04135586016236124,0.04135586016236124,1.0,49,49,0.2217382204888586
5,all,-1.1864551246470016,0.04165394065367732,0.04165394065367732,1.0,49,49,0.2217382204888586
5,all,-1.1655821641911563,0.04186079152233678,0.04186079152233678,1.0,49,49,0.2217382204888586
5,all,-1.144709203735312,0.04195940892972947,0.04195940892972947,1.0,49,49,0.2217382204888586
5,all,-1.1238362432794666,0.04194043551326882,0.04194043551326882,1.0,49,49,0.2217382204888586
5,all,-1.1029632828236222,0.04180316191995102,0.04180316191995102,1.0,49,49,0.2217382204888586
5,all,-1.082090322367777,0.041556033496983544,0.041556033496983544,1.0,49,49,0.2217382204888586
5,all,-1.0612173619119325,0.041216645009404244,0.041216645009404244,1.0,49,49,0.2217382204888586
5,all,-1.040344401456088,0.04081124122716841,0.04081124122716841,1.0,49,49,0.2217382204888586
5,all,-1.0194714410002428,0.04037377468274732,0.04037377468274732,1.0,49,49,0.2217382204888586
5,all,-0.9985984805443984,0.03994460151840103,0.03994460151840103,1.0,49,49,0.2217382204888586
5,all,-0.9777255200885531,0.03956892006349573,0.03956892006349573,1.0,49,49,0.2217382204888586
5,all,-0.9568525596327087,0.03929507296131321,0.03929507296131321,1.0,49,49,0.2217382204888586
5,all,-0.9359795991768634,0.039172841178717104,0.039172841178717104,1.0,49,49,0.2217382204888586
5,all,-0.9151066387210189,0.039251856553697576,0.039251856553697576,1.0,49,49,0.2217382204888586
5,all,-0.8942336782651736,0.03958024876670475,0.03958024876670475,1.0,49,49,0.2217382204888586
5,all,-0.8733607178093292,0.040203623482704336,0.040203623482704336,1.0,49,49,0.2217382204888586
5,all,-0.8524877573534839,0.04116444219311239,0.04116444219311239,1.0,49,49,0.2217382204888586
5,all,-0.8316147968976395,0.04250184276616586,0.04250184276616586,1.0,49,49,0.2217382204888586
5,all,-0.8107418364417951,0.04425190503617108,0.04425190503617108,1.0,49,49,0.2217382204888586
5,all,-0.7898688759859498,0.04644833030206379,0.04644833030206379,1.0,49,49,0.2217382204888586
5,all,-0.7689959155301054,0.04912346981524038,0.04912346981524038,1.0,49,49,0.2217382204888586
5,all,-0.7481229550742601,0.052309607581570126,0.052309607581570126,1.0,49,49,0.2217382204888586
5,all,-0.7272499946184157,0.05604037920452526,0.05604037920452526,1.0,49,49,0.2217382204888586
5,all,-0.7063770341625704,0.06035219278693807,0.06035219278693807,1.0,49,49,0.2217382204888586
5,all,-0.685504073706726,0.06528551130613526,0.06528551130613526,1.0,49,49,0.2217382204888586
5,all,-0.6646311132508806,0.07088585899563841,0.07088585899563841,1.0,49,49,0.2217382204888586
5,all,-0.6437581527950362,0.0772044270677644,0.0772044270677644,1.0,49,49,0.2217382204888586
5,all,-0.6228851923391909,0.08429817590158674,0.08429817590158674,1.0,49,49,0.2217382204888586
5,all,-0.6020122318833465,0.09222936029738472,0.09222936029738472,1.0,49,49,0.2217382204888586
5,all,-0.5811392714275021,0.10106443974432101,0.10106443974432101,1.0,49,49,0.2217382204888586
5,all,-0.5602663109716568,0.11087237466243356,0.11087237466243356,1.0,49,49,0.2217382204888586
5,all,-0.5393933505158124,0.12172234984081433,0.12172234984081433,1.0,49,49,0.2217382204888586
5,all,-0.5185203900599671,0.13368100532913182,0.13368100532913182,1.0,49,49,0.2217382204888586
5,all,-0.49764742960412267,0.14680929049613695,0.14680929049613695,1.0,49,49,0.2217382204888586
5,all,-0.47677446914827737,0.16115908675952378,0.16115908675952378,1.0,49,49,0.2217382204888586
5,all,-0.45590150869243296,0.17676976690983923,0.17676976690983923,1.0,49,49,0.2217382204888586
5,all,-0.43502854823658765,0.19366487274381503,0.19366487274381503,1.0,49,49,0.2217382204888586
5,all,-0.41415558778074324,0.21184909711896194,0.21184909711896194,1.0,49,49,0.2217382204888586
5,all,-0.3932826273248988,0.23130575124558986,0.23130575124558986,1.0,49,49,0.2217382204888586
5,all,-0.3724096668690535,0.2519948831860244,0.2519948831860244,1.0,49,49,0.2217382204888586
5,all,-0.3515367064132091,0.27385218966165703,0.27385218966165703,1.0,49,49,0.2217382204888586
5,all,-0.3306637459573638,0.2967888312383974,0.2967888312383974,1.0,49,49,0.2217382204888586
5,all,-0.3097907855015194,0.32069222192450925,0.32069222192450925,1.0,49,49,0.2217382204888586
5,all,-0.2889178250456741,0.3454278195943622,0.3454278195943622,1.0,49,49,0.2217382204888586
5,all,-0.2680448645898297,0.37084189513027604,0.37084189513027604,1.0,49,49,0.2217382204888586
5,all,-0.24717190413398438,0.3967652076985557,0.3967652076985557,1.0,49,49,0.2217382204888586
5,all,-0.22629894367813996,0.4230174633525991,0.4230174633525991,1.0,49,49,0.2217382204888586
5,all,-0.20542598322229466,0.4494123866354093,0.4494123866354093,1.0,49,49,0.2217382204888586
5,all,-0.18455302276645025,0.47576319267157474,0.47576319267157474,1.0,49,49,0.2217382204888586
5,all,-0.16368006231060583,0.5018882131149962,0.5018882131149962,1.0,49,49,0.2217382204888586
5,all,-0.14280710185476053,0.5276164059030485,0.5276164059030485,1.0,49,49,0.2217382204888586
5,all,-0.12193414139891612,0.5527924684404156,0.5527924684404156,1.0,49,49,0.2217382204888586
5,all,-0.10106118094307082,0.5772812784742279,0.5772812784742279,1.0,49,49,0.2217382204888586
5,all,-0.0801882204872264,0.6009714076642614,0.6009714076642614,1.0,49,49,0.2217382204888586
5,all,-0.0593152600313811,0.6237774898817537,0.6237774898817537,1.0,49,49,0.2217382204888586
5,all,-0.03844229957553669,0.6456412786598432,0.6456412786598432,1.0,49,49,0.2217382204888586
5,all,-0.017569339119691385,0.6665312938569296,0.6665312938569296,1.0,49,49,0.2217382204888586
5,all,0.0033036213361530287,0.6864410332223998,0.6864410332223998,1.0,49,49,0.2217382204888586
5,all,0.02417658179199833,0.70538580591784,0.70538580591784,1.0,49,49,0.2217382204888586
5,all,0.045049542247842744,0.7233983271583752,0.7233983271583752,1.0,49,49,0.2217382204888586
5,all,0.06592250270368805,0.740523290632268,0.740523290632268,1.0,49,49,0.2217382204888586
5,all,0.08679546315953157,0.7568112029003063,0.7568112029003063,1.0,49,49,0.2217382204888586
5,all,0.10766842361537687,0.7723118167031097,0.7723118167031097,1.0,49,49,0.2217382204888586
5,all,0.12854138407122218,0.7870675340161931,0.7870675340161931,1.0,49,49,0.2217382204888586
5,all,0.14941434452706748,0.8011071619967425,0.8011071619967425,1.0,49,49,0.2217382204888586
5,all,0.170287304982911,0.8144403943088141,0.8144403943088141,1.0,49,49,0.2217382204888586
5,all,0.1911602654387563,0.8270533568931863,0.8270533568931863,1.0,49,49,0.2217382204888586
5,all,0.2120332258946016,0.8389055027968677,0.8389055027968677,1.0,49,49,0.2217382204888586
5,all,0.2329061863504469,0.849928068325648,0.849928068325648,1.0,49,49,0.2217382204888586
5,all,0.25377914680629043,0.8600242168216103,0.8600242168216103,1.0,49,49,0.2217382204888586
5,all,0.27465210726213574,0.8690709019388345,0.8690709019388345,1.0,49,49,0.2217382204888586
5,all,0.29552506771798104,0.8769223850408122,0.8769223850408122,1.0,49,49,0.2217382204888586
5,all,0.31639802817382456,0.8834152470647043,0.8834152470647043,1.0,49,49,0.2217382204888586
5,all,0.33727098862966987,0.8883746494859323,0.8883746494859323,1.0,49,49,0.2217382204888586
5,all,0.35814394908551517,0.8916215269592167,0.8916215269592167,1.0,49,49,0.2217382204888586
5,all,0.37901690954136047,0.8929803401174689,0.8929803401174689,1.0,49,49,0.2217382204888586
5,all,0.399889869997204,0.892286984179712,0.892286984179712,1.0,49,49,0.2217382204888586
5,all,0.4207628304530493,0.8893964395644628,0.8893964395644628,1.0,49,49,0.2217382204888586
5,all,0.4416357909088946,0.8841897654060434,0.8841897654060434,1.0,49,49,0.2217382204888586
5,all,0.4625087513647399,0.8765800750876425,0.8765800750876425,1.0,49,49,0.2217382204888586
5,all,0.4833817118205834,0.8665171925445647,0.8665171925445647,1.0,49,49,0.2217382204888586
5,all,0.5042546722764287,0.8539907656545752,0.8539907656545752,1.0,49,49,0.2217382204888586
5,all,0.525127632732274,0.8390317037471994,0.8390317037471994,1.0,49,49,0.2217382204888586
5,all,0.5460005931881176,0.8217119043233797,0.8217119043233797,1.0,49,49,0.2217382204888586
5,all,0.5668735536439629,0.8021423329856829,0.8021423329856829,1.0,49,49,0.2217382204888586
5,all,0.5877465140998082,0.7804696135976003,0.7804696135976003,1.0,49,49,0.2217382204888586
5,all,0.6086194745556535,0.7568713663504967,0.7568713663504967,1.0,49,49,0.2217382204888586
5,all,0.629492435011497,0.7315505940679707,0.7315505940679707,1.0,49,49,0.2217382204888586
5,all,0.6503653954673423,0.7047294574049076,0.7047294574049076,1.0,49,49,0.2217382204888586
5,all,0.6712383559231876,0.6766427950540145,0.6766427950540145,1.0,49,49,0.2217382204888586
5,all,0.6921113163790329,0.6475317351563146,0.6475317351563146,1.0,49,49,0.2217382204888586
5,all,0.7129842768348764,0.6176377104626357,0.6176377104626357,1.0,49,49,0.2217382204888586
5,all,0.7338572372907217,0.5871971360574101,0.5871971360574101,1.0,49,49,0.2217382204888586
5,all,0.754730197746567,0.5564369399453628,0.5564369399453628,1.0,49,49,0.2217382204888586
5,all,0.7756031582024105,0.5255710599620648,0.5255710599620648,1.0,49,49,0.2217382204888586
5,all,0.7964761186582558,0.49479794222909057,0.49479794222909057,1.0,49,49,0.2217382204888586
5,all,0.8173490791141012,0.46429900344020036,0.46429900344020036,1.0,49,49,0.2217382204888586
5,all,0.8382220395699465,0.43423795745563315,0.43423795745563315,1.0,49,49,0.2217382204888586
5,all,0.85909500002579,0.40476086037886594,0.40476086037886594,1.0,49,49,0.2217382204888586
5,all,0.8799679604816353,0.375996700068115,0.375996700068115,1.0,49,49,0.2217382204888586
5,all,0.9008409209374806,0.3480583465119392,0.3480583465119392,1.0,49,49,0.2217382204888586
5,all,0.9217138813933259,0.3210436874156456,0.3210436874156456,1.0,49,49,0.2217382204888586
5,all,0.9425868418491694,0.295036795853859,0.295036795853859,1.0,49,49,0.2217382204888586
5,all,0.9634598023050147,0.27010900994915393,0.27010900994915393,1.0,49,49,0.2217382204888586
5,all,0.98433276276086,0.2463198436336015,0.2463198436336015,1.0,49,49,0.2217382204888586
5,all,1.0052057232167035,0.22371768798311198,0.22371768798311198,1.0,49,49,0.2217382204888586
5,all,1.0260786836725488,0.20234030018070118,0.20234030018070118,1.0,49,49,0.2217382204888586
5,all,1.0469516441283941,0.18221510851126857,0.18221510851126857,1.0,49,49,0.2217382204888586
5,all,1.0678246045842394,0.1633593846674284,0.1633593846674284,1.0,49,49,0.2217382204888586
5,all,1.088697565040083,0.14578034800093026,0.14578034800093026,1.0,49,49,0.2217382204888586
5,all,1.1095705254959283,0.1294752702756935,0.1294752702756935,1.0,49,49,0.2217382204888586
5,all,1.1304434859517736,0.1144316450180823,0.1144316450180823,1.0,49,49,0.2217382204888586
5,all,1.1513164464076189,0.10062747446980697,0.10062747446980697,1.0,49,49,0.2217382204888586
5,all,1.1721894068634624,0.08803171158154371,0.08803171158154371,1.0,49,49,0.2217382204888586
5,all,1.1930623673193077,0.07660487669731929,0.07660487669731929,1.0,49,49,0.2217382204888586
5,all,1.213935327775153,0.06629985067441804,0.06629985067441804,1.0,49,49,0.2217382204888586
5,all,1.2348082882309965,0.05706282991733934,0.05706282991733934,1.0,49,49,0.2217382204888586
5,all,1.2556812486868418,0.04883441546806215,0.04883441546806215,1.0,49,49,0.2217382204888586
5,all,1.2765542091426871,0.04155079866920105,0.04155079866920105,1.0,49,49,0.2217382204888586
5,all,1.2974271695985324,0.035145000292781246,0.035145000292781246,1.0,49,49,0.2217382204888586
5,all,1.318300130054376,0.02954811827605216,0.02954811827605216,1.0,49,49,0.2217382204888586
5,all,1.3391730905102213,0.024690540875982443,0.024690540875982443,1.0,49,49,0.2217382204888586
5,all,1.3600460509660666,0.020503086483917507,0.020503086483917507,1.0,49,49,0.2217382204888586
5,all,1.3809190114219119,0.016918037764885444,0.016918037764885444,1.0,49,49,0.2217382204888586
5,all,1.4017919718777554,0.013870045423327582,0.013870045423327582,1.0,49,49,0.2217382204888586
5,all,1.4226649323336007,0.01129688502756016,0.01129688502756016,1.0,49,49,0.2217382204888586
5,all,1.443537892789446,0.009140058333321908,0.009140058333321908,1.0,49,49,0.2217382204888586
5,all,1.4644108532452895,0.007345237947099637,0.007345237947099637,1.0,49,49,0.2217382204888586
5,all,1.4852838137011348,0.005862560615089598,0.005862560615089598,1.0,49,49,0.2217382204888586
5,all,1.5061567741569801,0.004646779697384821,0.004646779697384821,1.0,49,49,0.2217382204888586
5,all,1.5270297346128254,0.0036572913890983143,0.0036572913890983143,1.0,49,49,0.2217382204888586
5,all,1.547902695068669,0.0028580519766619027,0.0028580519766619027,1.0,49,49,0.2217382204888586
5,all,1.5687756555245143,0.002217404939409961,0.002217404939409961,1.0,49,49,0.2217382204888586
5,all,1.5896486159803596,0.0017078371491179275,0.0017078371491179275,1.0,49,49,0.2217382204888586
5,all,1.610521576436203,0.0013056829445380917,0.0013056829445380917,1.0,49,49,0.2217382204888586
5,all,1.6313945368920484,0.0009907936450032457,0.0009907936450032457,1.0,49,49,0.2217382204888586
5,all,1.6522674973478937,0.0007461883038830638,0.0007461883038830638,1.0,49,49,0.2217382204888586
5,all,1.673140457803739,0.0005576993713236365,0.0005576993713236365,1.0,49,49,0.2217382204888586
5,all,1.6940134182595825,0.0004136246050467316,0.0004136246050467316,1.0,49,49,0.2217382204888586
5,all,1.7148863787154278,0.0003043941868216581,0.0003043941868216581,1.0,49,49,0.2217382204888586
5,all,1.7357593391712731,0.00022225969493329007,0.00022225969493329007,1.0,49,49,0.2217382204888586
5,all,1.7566322996271184,0.0001610094470475072,0.0001610094470475072,1.0,49,49,0.2217382204888586
5,all,1.777505260082962,0.00011571283329538101,0.00011571283329538101,1.0,49,49,0.2217382204888586
5,all,1.7983782205388072,8.249464963056241e-05,8.249464963056241e-05,1.0,49,49,0.2217382204888586
5,all,1.8192511809946526,5.8339135948633554e-05,5.8339135948633554e-05,1.0,49,49,0.2217382204888586
5,all,1.840124141450496,4.092242087368155e-05,4.092242087368155e-05,1.0,49,49,0.2217382204888586
5,all,1.8609971019063414,2.847135785928038e-05,2.847135785928038e-05,1.0,49,49,0.2217382204888586
5,all,1.8818700623621867,1.9646275679923925e-05,1.9646275679923925e-05,1.0,49,49,0.2217382204888586
5,all,1.902743022818032,1.3444923270197014e-05,1.3444923270197014e-05,1.0,49,49,0.2217382204888586
5,all,1.9236159832738755,9.124823371487906e-06,9.124823371487906e-06,1.0,49,49,0.2217382204888586
5,all,1.9444889437297208,6.141320532138216e-06,6.141320532138216e-06,1.0,49,49,0.2217382204888586
5,all,1.965361904185566,4.0987780781540795e-06,4.0987780781540795e-06,1.0,49,49,0.2217382204888586
5,all,1.9862348646414114,2.712611425073249e-06,2.712611425073249e-06,1.0,49,49,0.2217382204888586
5,all,2.007107825097255,1.7801126325836809e-06,1.7801126325836809e-06,1.0,49,49,0.2217382204888586
5,all,2.0279807855531002,1.1583003455988636e-06,1.1583003455988636e-06,1.0,49,49,0.2217382204888586
5,all,2.0488537460089455,7.473028985725275e-07,7.473028985725275e-07,1.0,49,49,0.2217382204888586
5,all,2.069726706464789,4.780383298324338e-07,4.780383298324338e-07,1.0,49,49,0.2217382204888586
5,all,2.0905996669206344,3.031858458013069e-07,3.031858458013069e-07,1.0,49,49,0.2217382204888586
5,all,2.1114726273764797,1.9064507161311243e-07,1.9064507161311243e-07,1.0,49,49,0.2217382204888586
5,all,2.132345587832325,1.1885123559881242e-07,1.1885123559881242e-07,1.0,49,49,0.2217382204888586
5,all,2.1532185482881685,7.345729373119256e-08,7.345729373119256e-08,1.0,49,49,0.2217382204888586
5,all,2.174091508744014,4.5010258300289234e-08,4.5010258300289234e-08,1.0,49,49,0.2217382204888586
5,all,2.194964469199859,2.7341747196268724e-08,2.7341747196268724e-08,1.0,49,49,0.2217382204888586
5,all,2.2158374296557044,1.64654099373492e-08,1.64654099373492e-08,1.0,49,49,0.2217382204888586
5,all,2.236710390111548,9.829789108721754e-09,9.829789108721754e-09,1.0,49,49,0.2217382204888586
5,all,2.2575833505673932,5.817488369230955e-09,5.817488369230955e-09,1.0,49,49,0.2217382204888586
5,all,2.2784563110232385,3.4130389738781377e-09,3.4130389738781377e-09,1.0,49,49,0.2217382204888586
5,all,2.299329271479082,1.9849816670075675e-09,1.9849816670075675e-09,1.0,49,49,0.2217382204888586
5,all,2.3202022319349274,1.1443971791750637e-09,1.1443971791750637e-09,1.0,49,49,0.2217382204888586
5,all,2.3410751923907727,6.54030382975546e-10,6.54030382975546e-10,1.0,49,49,0.2217382204888586
5,all,2.361948152846618,3.705237873979939e-10,3.705237873979939e-10,1.0,49,49,0.2217382204888586
5,all,2.3828211133024615,2.0807875676379405e-10,2.0807875676379405e-10,1.0,49,49,0.2217382204888586
5,all,2.403694073758307,1.1583227863129527e-10,1.1583227863129527e-10,1.0,49,49,0.2217382204888586
5,all,2.424567034214152,6.391733227736925e-11,6.391733227736925e-11,1.0,49,49,0.2217382204888586
5,all,2.4454399946699974,3.4961662816687004e-11,3.4961662816687004e-11,1.0,49,49,0.2217382204888586
5,all,2.466312955125841,1.895602828768963e-11,1.895602828768963e-11,1.0,49,49,0.2217382204888586
5,all,2.4871859155816862,1.0187839036897293e-11,1.0187839036897293e-11,1.0,49,49,0.2217382204888586
5,all,2.5080588760375315,5.427428044029025e-12,5.427428044029025e-12,1.0,49,49,0.2217382204888586
5,all,2.528931836493375,2.8660339620812143e-12,2.8660339620812143e-12,1.0,49,49,0.2217382204888586
5,all,2.5498047969492204,1.500175234920869e-12,1.500175234920869e-12,1.0,49,49,0.2217382204888586
5,all,2.5706777574050657,7.783489446775504e-13,7.783489446775504e-13,1.0,49,49,0.2217382204888586
5,all,2.591550717860911,4.002919002735882e-13,4.002919002735882e-13,1.0,49,49,0.2217382204888586
5,all,2.6124236783167545,2.0405532048058792e-13,2.0405532048058792e-13,1.0,49,49,0.2217382204888586
5,all,2.6332966387726,1.0310657559545745e-13,1.0310657559545745e-13,1.0,49,49,0.2217382204888586
5,all,2.654169599228445,5.1640553603439764e-14,5.1640553603439764e-14,1.0,49,49,0.2217382204888586
5,all,2.6750425596842904,2.563659631786694e-14,2.563659631786694e-14,1.0,49,49,0.2217382204888586
5,all,2.695915520140134,1.2615188451752242e-14,1.2615188451752242e-14,1.0,49,49,0.2217382204888586
6+,all,-7.970167272796567,2.1098209772236513e-126,2.1098209772236513e-126,1.0,136,136,0.21404681344560045
6+,all,-7.949294312340722,2.1549910595729896e-125,2.1549910595729896e-125,1.0,136,136,0.21404681344560045
6+,all,-7.928421351884877,2.180296128965161e-124,2.180296128965161e-124,1.0,136,136,0.21404681344560045
6+,all,-7.9075483914290325,2.1850211192272855e-123,2.1850211192272855e-123,1.0,136,136,0.21404681344560045
6+,all,-7.886675430973187,2.169031896494197e-122,2.169031896494197e-122,1.0,136,136,0.21404681344560045
6+,all,-7.865802470517343,2.132781585550276e-121,2.132781585550276e-121,1.0,136,136,0.21404681344560045
6+,all,-7.8449295100614975,2.077289235119512e-120,2.077289235119512e-120,1.0,136,136,0.21404681344560045
6+,all,-7.824056549605653,2.004092223999694e-119,2.004092223999694e-119,1.0,136,136,0.21404681344560045
6+,all,-7.803183589149808,1.9151755101837386e-118,1.9151755101837386e-118,1.0,136,136,0.21404681344560045
6+,all,-7.782310628693963,1.8128822662061038e-117,1.8128822662061038e-117,1.0,136,136,0.21404681344560045
6+,all,-7.761437668238118,1.699811511203194e-116,1.699811511203194e-116,1.0,136,136,0.21404681344560045
6+,all,-7.740564707782274,1.5787089663366625e-115,1.5787089663366625e-115,1.0,136,136,0.21404681344560045
6+,all,-7.719691747326429,1.452357492236477e-114,1.452357492236477e-114,1.0,136,136,0.21404681344560045
6+,all,-7.698818786870584,1.3234731276101038e-113,1.3234731276101038e-113,1.0,136,136,0.21404681344560045
6+,all,-7.6779458264147395,1.19461199205971e-112,1.19461199205971e-112,1.0,136,136,0.21404681344560045
6+,all,-7.657072865958894,1.068092232691776e-111,1.068092232691776e-111,1.0,136,136,0.21404681344560045
6+,all,-7.63619990550305,9.459338957634731e-111,9.459338957634731e-111,1.0,136,136,0.21404681344560045
6+,all,-7.6153269450472045,8.298182142123236e-110,8.298182142123236e-110,1.0,136,136,0.21404681344560045
6+,all,-7.59445398459136,7.210664396799213e-109,7.210664396799213e-109,1.0,136,136,0.21404681344560045
6+,all,-7.573581024135515,6.206371196842604e-108,6.206371196842604e-108,1.0,136,136,0.21404681344560045
6+,all,-7.55270806367967,5.2913970997488304e-107,5.2913970997488304e-107,1.0,136,136,0.21404681344560045
6+,all,-7.531835103223825,4.468616733140137e-106,4.468616733140137e-106,1.0,136,136,0.21404681344560045
6+,all,-7.510962142767981,3.7380577296019455e-105,3.7380577296019455e-105,1.0,136,136,0.21404681344560045
6+,all,-7.490089182312136,3.097341170516139e-104,3.097341170516139e-104,1.0,136,136,0.21404681344560045
6+,all,-7.469216221856291,2.542156193459841e-103,2.542156193459841e-103,1.0,136,136,0.21404681344560045
6+,all,-7.448343261400447,2.0667386454943326e-102,2.0667386454943326e-102,1.0,136,136,0.21404681344560045
6+,all,-7.427470300944601,1.6643284392916282e-101,1.6643284392916282e-101,1.0,136,136,0.21404681344560045
6+,all,-7.406597340488757,1.3275859650990383e-100,1.3275859650990383e-100,1.0,136,136,0.21404681344560045
6+,all,-7.3857243800329115,1.0489539314878654e-99,1.0489539314878654e-99,1.0,136,136,0.21404681344560045
6+,all,-7.364851419577067,8.209568328437948e-99,8.209568328437948e-99,1.0,136,136,0.21404681344560045
6+,all,-7.343978459121222,6.364354657429814e-98,6.364354657429814e-98,1.0,136,136,0.21404681344560045
6+,all,-7.323105498665377,4.887182627817213e-97,4.887182627817213e-97,1.0,136,136,0.21404681344560045
6+,all,-7.302232538209532,3.7173453339204154e-96,3.7173453339204154e-96,1.0,136,136,0.21404681344560045
6+,all,-7.281359577753688,2.800769652592293e-95,2.800769652592293e-95,1.0,136,136,0.21404681344560045
6+,all,-7.260486617297843,2.0902201029639696e-94,2.0902201029639696e-94,1.0,136,136,0.21404681344560045
6+,all,-7.239613656841998,1.5451718689181986e-93,1.5451718689181986e-93,1.0,136,136,0.21404681344560045
6+,all,-7.218740696386154,1.1314404724716163e-92,1.1314404724716163e-92,1.0,136,136,0.21404681344560045
6+,all,-7.197867735930308,8.206477268511303e-92,8.206477268511303e-92,1.0,136,136,0.21404681344560045
6+,all,-7.176994775474464,5.895925351861126e-91,5.895925351861126e-91,1.0,136,136,0.21404681344560045
6+,all,-7.1561218150186185,4.19582461093639e-90,4.19582461093639e-90,1.0,136,136,0.21404681344560045
6+,all,-7.135248854562774,2.957691137695481e-89,2.957691137695481e-89,1.0,136,136,0.21404681344560045
6+,all,-7.114375894106929,2.0651826050131202e-88,2.0651826050131202e-88,1.0,136,136,0.21404681344560045
6+,all,-7.093502933651084,1.4283486903919666e-87,1.4283486903919666e-87,1.0,136,136,0.21404681344560045
6+,all,-7.072629973195239,9.785435706254839e-87,9.785435706254839e-87,1.0,136,136,0.21404681344560045
6+,all,-7.051757012739395,6.640430551127405e-86,6.640430551127405e-86,1.0,136,136,0.21404681344560045
6+,all,-7.03088405228355,4.463571073693153e-85,4.463571073693153e-85,1.0,136,136,0.21404681344560045
6+,all,-7.010011091827705,2.971931630428074e-84,2.971931630428074e-84,1.0,136,136,0.21404681344560045
6+,all,-6.989138131371861,1.9600417323581802e-83,1.9600417323581802e-83,1.0,136,136,0.21404681344560045
6+,all,-6.968265170916015,1.2804480603827247e-82,1.2804480603827247e-82,1.0,136,136,0.21404681344560045
6+,all,-6.947392210460171,8.285691499876454e-82,8.285691499876454e-82,1.0,136,136,0.21404681344560045
6+,all,-6.926519250004326,5.31087030942986e-81,5.31087030942986e-81,1.0,136,136,0.21404681344560045
6+,all,-6.905646289548481,3.3718851786251192e-80,3.3718851786251192e-80,1.0,136,136,0.21404681344560045
6+,all,-6.884773329092637,2.1205572548190227e-79,2.1205572548190227e-79,1.0,136,136,0.21404681344560045
6+,all,-6.863900368636791,1.3209834380705354e-78,1.3209834380705354e-78,1.0,136,136,0.21404681344560045
6+,all,-6.843027408180946,8.151074953562831e-78,8.151074953562831e-78,1.0,136,136,0.21404681344560045
6+,all,-6.822154447725102,4.981986485473073e-77,4.981986485473073e-77,1.0,136,136,0.21404681344560045
6+,all,-6.801281487269257,3.016201473399932e-76,3.016201473399932e-76,1.0,136,136,0.21404681344560045
6+,all,-6.780408526813412,1.8087906097109638e-75,1.8087906097109638e-75,1.0,136,136,0.21404681344560045
6+,all,-6.759535566357568,1.0744504347907468e-74,1.0744504347907468e-74,1.0,136,136,0.21404681344560045
6+,all,-6.738662605901722,6.322001892214406e-74,6.322001892214406e-74,1.0,136,136,0.21404681344560045
6+,all,-6.717789645445878,3.684622513052495e-73,3.684622513052495e-73,1.0,136,136,0.21404681344560045
6+,all,-6.696916684990033,2.1271666988712762e-72,2.1271666988712762e-72,1.0,136,136,0.21404681344560045
6+,all,-6.676043724534188,1.2164105939266069e-71,1.2164105939266069e-71,1.0,136,136,0.21404681344560045
6+,all,-6.655170764078344,6.890155232906778e-71,6.890155232906778e-71,1.0,136,136,0.21404681344560045
6+,all,-6.634297803622498,3.86587639007368e-70,3.86587639007368e-70,1.0,136,136,0.21404681344560045
6+,all,-6.613424843166653,2.1485084435850434e-69,2.1485084435850434e-69,1.0,136,136,0.21404681344560045
6+,all,-6.592551882710809,1.182759133268376e-68,1.182759133268376e-68,1.0,136,136,0.21404681344560045
6+,all,-6.571678922254964,6.4494948486832e-68,6.4494948486832e-68,1.0,136,136,0.21404681344560045
6+,all,-6.550805961799119,3.4835755550718915e-67,3.4835755550718915e-67,1.0,136,136,0.21404681344560045
6+,all,-6.529933001343275,1.8637811404207924e-66,1.8637811404207924e-66,1.0,136,136,0.21404681344560045
6+,all,-6.509060040887429,9.877220191144909e-66,9.877220191144909e-66,1.0,136,136,0.21404681344560045
6+,all,-6.488187080431585,5.1849515500238685e-65,5.1849515500238685e-65,1.0,136,136,0.21404681344560045
6+,all,-6.46731411997574,2.6960305796008064e-64,2.6960305796008064e-64,1.0,136,136,0.21404681344560045
6+,all,-6.446441159519895,1.3885933128309607e-63,1.3885933128309607e-63,1.0,136,136,0.21404681344560045
6+,all,-6.425568199064051,7.084275944437983e-63,7.084275944437983e-63,1.0,136,136,0.21404681344560045
6+,all,-6.404695238608205,3.580024621726369e-62,3.580024621726369e-62,1.0,136,136,0.21404681344560045
6+,all,-6.38382227815236,1.7920358848530675e-61,1.7920358848530675e-61,1.0,136,136,0.21404681344560045
6+,all,-6.362949317696516,8.885411278326883e-61,8.885411278326883e-61,1.0,136,136,0.21404681344560045
6+,all,-6.342076357240671,4.3639373973740886e-60,4.3639373973740886e-60,1.0,136,136,0.21404681344560045
6+,all,-6.321203396784826,2.1229982352441403e-59,2.1229982352441403e-59,1.0,136,136,0.21404681344560045
6+,all,-6.300330436328982,1.023035958201606e-58,1.023035958201606e-58,1.0,136,136,0.21404681344560045
6+,all,-6.279457475873136,4.883175227032378e-58,4.883175227032378e-58,1.0,136,136,0.21404681344560045
6+,all,-6.258584515417292,2.3087869709574328e-57,2.3087869709574328e-57,1.0,136,136,0.21404681344560045
6+,all,-6.237711554961447,1.0812735051307425e-56,1.0812735051307425e-56,1.0,136,136,0.21404681344560045
6+,all,-6.216838594505602,5.015998572508635e-56,5.015998572508635e-56,1.0,136,136,0.21404681344560045
6+,all,-6.195965634049758,2.3048856886034907e-55,2.3048856886034907e-55,1.0,136,136,0.21404681344560045
6+,all,-6.1750926735939125,1.0490870417573719e-54,1.0490870417573719e-54,1.0,136,136,0.21404681344560045
6+,all,-6.154219713138067,4.7298111239534625e-54,4.7298111239534625e-54,1.0,136,136,0.21404681344560045
6+,all,-6.133346752682223,2.112254374992041e-53,2.112254374992041e-53,1.0,136,136,0.21404681344560045
6+,all,-6.112473792226378,9.343697774248949e-53,9.343697774248949e-53,1.0,136,136,0.21404681344560045
6+,all,-6.091600831770533,4.094128703760898e-52,4.094128703760898e-52,1.0,136,136,0.21404681344560045
6+,all,-6.070727871314689,1.7769464655906686e-51,1.7769464655906686e-51,1.0,136,136,0.21404681344560045
6+,all,-6.049854910858843,7.639366414924335e-51,7.639366414924335e-51,1.0,136,136,0.21404681344560045
6+,all,-6.028981950402999,3.2531978938168634e-50,3.2531978938168634e-50,1.0,136,136,0.21404681344560045
6+,all,-6.008108989947154,1.372251670559234e-49,1.372251670559234e-49,1.0,136,136,0.21404681344560045
6+,all,-5.987236029491309,5.733597447861681e-49,5.733597447861681e-49,1.0,136,136,0.21404681344560045
6+,all,-5.966363069035465,2.3729619390009476e-48,2.3729619390009476e-48,1.0,136,136,0.21404681344560045
6+,all,-5.9454901085796195,9.728020810827166e-48,9.728020810827166e-48,1.0,136,136,0.21404681344560045
6+,all,-5.924617148123774,3.9502843104951144e-47,3.9502843104951144e-47,1.0,136,136,0.21404681344560045
6+,all,-5.90374418766793,1.5889212051703552e-46,1.5889212051703552e-46,1.0,136,136,0.21404681344560045
6+,all,-5.882871227212085,6.330623891895599e-46,6.330623891895599e-46,1.0,136,136,0.21404681344560045
6+,all,-5.86199826675624,2.4983933093576e-45,2.4983933093576e-45,1.0,136,136,0.21404681344560045
6+,all,-5.841125306300396,9.766641537558664e-45,9.766641537558664e-45,1.0,136,136,0.21404681344560045
6+,all,-5.820252345844551,3.7818111028008224e-44,3.7818111028008224e-44,1.0,136,136,0.21404681344560045
6+,all,-5.799379385388706,1.4505228050061806e-43,1.4505228050061806e-43,1.0,136,136,0.21404681344560045
6+,all,-5.778506424932861,5.510860708689365e-43,5.510860708689365e-43,1.0,136,136,0.21404681344560045
6+,all,-5.757633464477016,2.0738839531140374e-42,2.0738839531140374e-42,1.0,136,136,0.21404681344560045
6+,all,-5.736760504021172,7.730714106385139e-42,7.730714106385139e-42,1.0,136,136,0.21404681344560045
6+,all,-5.7158875435653265,2.8544662894506513e-41,2.8544662894506513e-41,1.0,136,136,0.21404681344560045
6+,all,-5.695014583109481,1.0439996871386764e-40,1.0439996871386764e-40,1.0,136,136,0.21404681344560045
6+,all,-5.674141622653637,3.7822128244155496e-40,3.7822128244155496e-40,1.0,136,136,0.21404681344560045
6+,all,-5.653268662197792,1.3572557852816835e-39,1.3572557852816835e-39,1.0,136,136,0.21404681344560045
6+,all,-5.632395701741947,4.824447496614562e-39,4.824447496614562e-39,1.0,136,136,0.21404681344560045
6+,all,-5.611522741286103,1.6986488586786596e-38,1.6986488586786596e-38,1.0,136,136,0.21404681344560045
6+,all,-5.590649780830258,5.924200973388862e-38,5.924200973388862e-38,1.0,136,136,0.21404681344560045
6+,all,-5.569776820374413,2.0465676216842e-37,2.0465676216842e-37,1.0,136,136,0.21404681344560045
6+,all,-5.548903859918568,7.003135978743532e-37,7.003135978743532e-37,1.0,136,136,0.21404681344560045
6+,all,-5.528030899462723,2.373718220586735e-36,2.373718220586735e-36,1.0,136,136,0.21404681344560045
6+,all,-5.507157939006879,7.969588764243336e-36,7.969588764243336e-36,1.0,136,136,0.21404681344560045
6+,all,-5.4862849785510335,2.6504084352413415e-35,2.6504084352413415e-35,1.0,136,136,0.21404681344560045
6+,all,-5.465412018095188,8.730916651823197e-35,8.730916651823197e-35,1.0,136,136,0.21404681344560045
6+,all,-5.444539057639344,2.848898810347239e-34,2.848898810347239e-34,1.0,136,136,0.21404681344560045
6+,all,-5.423666097183499,9.207979626365376e-34,9.207979626365376e-34,1.0,136,136,0.21404681344560045
6+,all,-5.402793136727654,2.9479615843783522e-33,2.9479615843783522e-33,1.0,136,136,0.21404681344560045
6+,all,-5.38192017627181,9.348661484468058e-33,9.348661484468058e-33,1.0,136,136,0.21404681344560045
6+,all,-5.361047215815965,2.9366162180818864e-32,2.9366162180818864e-32,1.0,136,136,0.21404681344560045
6+,all,-5.34017425536012,9.137241338939366e-32,9.137241338939366e-32,1.0,136,136,0.21404681344560045
6+,all,-5.319301294904275,2.8161328797978747e-31,2.8161328797978747e-31,1.0,136,136,0.21404681344560045
6+,all,-5.29842833444843,8.597285217040995e-31,8.597285217040995e-31,1.0,136,136,0.21404681344560045
6+,all,-5.277555373992586,2.5997983912056476e-30,2.5997983912056476e-30,1.0,136,136,0.21404681344560045
6+,all,-5.2566824135367405,7.787322322848404e-30,7.787322322848404e-30,1.0,136,136,0.21404681344560045
6+,all,-5.235809453080895,2.3105042689836787e-29,2.3105042689836787e-29,1.0,136,136,0.21404681344560045
6+,all,-5.214936492625051,6.790402910222098e-29,6.790402910222098e-29,1.0,136,136,0.21404681344560045
6+,all,-5.194063532169206,1.9767623330315163e-28,1.9767623330315163e-28,1.0,136,136,0.21404681344560045
6+,all,-5.173190571713361,5.700113644156407e-28,5.700113644156407e-28,1.0,136,136,0.21404681344560045
6+,all,-5.152317611257517,1.628106146886346e-27,1.628106146886346e-27,1.0,136,136,0.21404681344560045
6+,all,-5.131444650801672,4.6062983295930034e-27,4.6062983295930034e-27,1.0,136,136,0.21404681344560045
6+,all,-5.110571690345827,1.290896882730224e-26,1.290896882730224e-26,1.0,136,136,0.21404681344560045
6+,all,-5.089698729889982,3.5834486585581597e-26,3.5834486585581597e-26,1.0,136,136,0.21404681344560045
6+,all,-5.068825769434137,9.853283199835681e-26,9.853283199835681e-26,1.0,136,136,0.21404681344560045
6+,all,-5.047952808978293,2.683680980961672e-25,2.683680980961672e-25,1.0,136,136,0.21404681344560045
6+,all,-5.0270798485224475,7.240206545402228e-25,7.240206545402228e-25,1.0,136,136,0.21404681344560045
6+,all,-5.006206888066602,1.9348226703311663e-24,1.9348226703311663e-24,1.0,136,136,0.21404681344560045
6+,all,-4.985333927610758,5.1215512543362964e-24,5.1215512543362964e-24,1.0,136,136,0.21404681344560045
6+,all,-4.964460967154913,1.3428639761371155e-23,1.3428639761371155e-23,1.0,136,136,0.21404681344560045
6+,all,-4.943588006699068,3.4876481757565734e-23,3.4876481757565734e-23,1.0,136,136,0.21404681344560045
6+,all,-4.922715046243224,8.972293193266083e-23,8.972293193266083e-23,1.0,136,136,0.21404681344560045
6+,all,-4.901842085787379,2.2863588230928585e-22,2.2863588230928585e-22,1.0,136,136,0.21404681344560045
6+,all,-4.880969125331534,5.771058375842772e-22,5.771058375842772e-22,1.0,136,136,0.21404681344560045
6+,all,-4.860096164875689,1.4429015136963185e-21,1.4429015136963185e-21,1.0,136,136,0.21404681344560045
6+,all,-4.839223204419844,3.5734528402590604e-21,3.5734528402590604e-21,1.0,136,136,0.21404681344560045
6+,all,-4.818350243964,8.766163473923988e-21,8.766163473923988e-21,1.0,136,136,0.21404681344560045
6+,all,-4.7974772835081545,2.130106020166119e-20,2.130106020166119e-20,1.0,136,136,0.21404681344560045
6+,all,-4.776604323052309,5.1269964724199405e-20,5.1269964724199405e-20,1.0,136,136,0.21404681344560045
6+,all,-4.755731362596465,1.2223482687567995e-19,1.2223482687567995e-19,1.0,136,136,0.21404681344560045
6+,all,-4.73485840214062,2.886669404349263e-19,2.886669404349263e-19,1.0,136,136,0.21404681344560045
6+,all,-4.713985441684775,6.752572890823653e-19,6.752572890823653e-19,1.0,136,136,0.21404681344560045
6+,all,-4.693112481228931,1.5646300136767873e-18,1.5646300136767873e-18,1.0,136,136,0.21404681344560045
6+,all,-4.672239520773086,3.5910725331884295e-18,3.5910725331884295e-18,1.0,136,136,0.21404681344560045
6+,all,-4.651366560317241,8.164072293292443e-18,8.164072293292443e-18,1.0,136,136,0.21404681344560045
6+,all,-4.630493599861396,1.8384831364158054e-17,1.8384831364158054e-17,1.0,136,136,0.21404681344560045
6+,all,-4.609620639405551,4.1009323375345617e-17,4.1009323375345617e-17,1.0,136,136,0.21404681344560045
6+,all,-4.588747678949707,9.060991046234186e-17,9.060991046234186e-17,1.0,136,136,0.21404681344560045
6+,all,-4.5678747184938615,1.9830741024577877e-16,1.9830741024577877e-16,1.0,136,136,0.21404681344560045
6+,all,-4.547001758038016,4.299048345193147e-16,4.299048345193147e-16,1.0,136,136,0.21404681344560045
6+,all,-4.526128797582172,9.231576211132642e-16,9.231576211132642e-16,1.0,136,136,0.21404681344560045
6+,all,-4.505255837126327,1.96358422297132e-15,1.96358422297132e-15,1.0,136,136,0.21404681344560045
6+,all,-4.484382876670482,4.137074606483935e-15,4.137074606483935e-15,1.0,136,136,0.21404681344560045
6+,all,-4.463509916214638,8.633906000428254e-15,8.633906000428254e-15,1.0,136,136,0.21404681344560045
6+,all,-4.442636955758793,1.7848076697824296e-14,1.7848076697824296e-14,1.0,136,136,0.21404681344560045
6+,all,-4.421763995302948,3.654649021634661e-14,3.654649021634661e-14,1.0,136,136,0.21404681344560045
6+,all,-4.400891034847103,7.412591570399135e-14,7.412591570399135e-14,1.0,136,136,0.21404681344560045
6+,all,-4.380018074391258,1.4892397229070115e-13,1.4892397229070115e-13,1.0,136,136,0.21404681344560045
6+,all,-4.359145113935414,2.963666263236612e-13,2.963666263236612e-13,1.0,136,136,0.21404681344560045
6+,all,-4.3382721534795685,5.842034607416775e-13,5.842034607416775e-13,1.0,136,136,0.21404681344560045
6+,all,-4.317399193023723,1.1406938460648125e-12,1.1406938460648125e-12,1.0,136,136,0.21404681344560045
6+,all,-4.296526232567879,2.206196626112136e-12,2.206196626112136e-12,1.0,136,136,0.21404681344560045
6+,all,-4.275653272112034,4.226583739679029e-12,4.226583739679029e-12,1.0,136,136,0.21404681344560045
6+,all,-4.254780311656189,8.020563545497752e-12,8.020563545497752e-12,1.0,136,136,0.21404681344560045
6+,all,-4.233907351200345,1.507614946510662e-11,1.507614946510662e-11,1.0,136,136,0.21404681344560045
6+,all,-4.2130343907445,2.8070240208213257e-11,2.8070240208213257e-11,1.0,136,136,0.21404681344560045
6+,all,-4.192161430288655,5.176926130147527e-11,5.176926130147527e-11,1.0,136,136,0.21404681344560045
6+,all,-4.17128846983281,9.457317106935694e-11,9.457317106935694e-11,1.0,136,136,0.21404681344560045
6+,all,-4.150415509376965,1.711331241935492e-10,1.711331241935492e-10,1.0,136,136,0.21404681344560045
6+,all,-4.129542548921121,3.0673995583883623e-10,3.0673995583883623e-10,1.0,136,136,0.21404681344560045
6+,all,-4.1086695884652755,5.445989088364841e-10,5.445989088364841e-10,1.0,136,136,0.21404681344560045
6+,all,-4.08779662800943,9.577525727474723e-10,9.577525727474723e-10,1.0,136,136,0.21404681344560045
6+,all,-4.066923667553587,1.6683994268858311e-09,1.6683994268858311e-09,1.0,136,136,0.21404681344560045
6+,all,-4.046050707097741,2.8788357087939525e-09,2.8788357087939525e-09,1.0,136,136,0.21404681344560045
6+,all,-4.025177746641896,4.920439251293634e-09,4.920439251293634e-09,1.0,136,136,0.21404681344560045
6+,all,-4.004304786186052,8.330307095054341e-09,8.330307095054341e-09,1.0,136,136,0.21404681344560045
6+,all,-3.983431825730207,1.3969739051297225e-08,1.3969739051297225e-08,1.0,136,136,0.21404681344560045
6+,all,-3.962558865274362,2.320522159050181e-08,2.320522159050181e-08,1.0,136,136,0.21404681344560045
6+,all,-3.9416859048185175,3.818152675114354e-08,3.818152675114354e-08,1.0,136,136,0.21404681344560045
6+,all,-3.9208129443626722,6.222873965651373e-08,6.222873965651373e-08,1.0,136,136,0.21404681344560045
6+,all,-3.899939983906828,1.0046131628772712e-07,1.0046131628772712e-07,1.0,136,136,0.21404681344560045
6+,all,-3.8790670234509825,1.6064857127241888e-07,1.6064857127241888e-07,1.0,136,136,0.21404681344560045
6+,all,-3.858194062995138,2.544632180393026e-07,2.544632180393026e-07,1.0,136,136,0.21404681344560045
6+,all,-3.837321102539293,3.992485127831856e-07,3.992485127831856e-07,1.0,136,136,0.21404681344560045
6+,all,-3.8164481420834484,6.204856517948167e-07,6.204856517948167e-07,1.0,136,136,0.21404681344560045
6+,all,-3.795575181627603,9.551912242678243e-07,9.551912242678243e-07,1.0,136,136,0.21404681344560045
6+,all,-3.7747022211717587,1.4565287067392648e-06,1.4565287067392648e-06,1.0,136,136,0.21404681344560045
6+,all,-3.7538292607159134,2.1999758714441438e-06,2.1999758714441438e-06,1.0,136,136,0.21404681344560045
6+,all,-3.732956300260069,3.2914474905997646e-06,3.2914474905997646e-06,1.0,136,136,0.21404681344560045
6+,all,-3.7120833398042246,4.877823579621851e-06,4.877823579621851e-06,1.0,136,136,0.21404681344560045
6+,all,-3.6912103793483793,7.160368787586575e-06,7.160368787586575e-06,1.0,136,136,0.21404681344560045
6+,all,-3.670337418892535,1.0411536767239845e-05,1.0411536767239845e-05,1.0,136,136,0.21404681344560045
6+,all,-3.6494644584366895,1.4995620043371421e-05,1.4995620043371421e-05,1.0,136,136,0.21404681344560045
6+,all,-3.628591497980845,2.1393614353515136e-05,2.1393614353515136e-05,1.0,136,136,0.21404681344560045
6+,all,-3.607718537525,3.0232498657812065e-05,3.0232498657812065e-05,1.0,136,136,0.21404681344560045
6+,all,-3.5868455770691554,4.2318870339165535e-05,4.2318870339165535e-05,1.0,136,136,0.21404681344560045
6+,all,-3.56597261661331,5.867650456448261e-05,5.867650456448261e-05,1.0,136,136,0.21404681344560045
6+,all,-3.5450996561574657,8.058691811552141e-05,8.058691811552141e-05,1.0,136,136,0.21404681344560045
6+,all,-3.5242266957016204,0.0001096314113277026,0.0001096314113277026,1.0,136,136,0.21404681344560045
6+,all,-3.503353735245776,0.00014773235041164735,0.00014773235041164735,1.0,136,136,0.21404681344560045
6+,all,-3.4824807747899316,0.00019719066658799503,0.00019719066658799503,1.0,136,136,0.21404681344560045
6+,all,-3.4616078143340863,0.0002607157381533422,0.0002607157381533422,1.0,136,136,0.21404681344560045
6+,all,-3.440734853878242,0.0003414430580210825,0.0003414430580210825,1.0,136,136,0.21404681344560045
6+,all,-3.4198618934223965,0.00044293446397097766,0.00044293446397097766,1.0,136,136,0.21404681344560045
6+,all,-3.398988932966552,0.0005691553297934,0.0005691553297934,1.0,136,136,0.21404681344560045
6+,all,-3.378115972510707,0.0007244230998878768,0.0007244230998878768,1.0,136,136,0.21404681344560045
6+,all,-3.3572430120548624,0.0009133220130713026,0.0009133220130713026,1.0,136,136,0.21404681344560045
6+,all,-3.336370051599017,0.0011405799028433629,0.0011405799028433629,1.0,136,136,0.21404681344560045
6+,all,-3.3154970911431727,0.0014109046482235362,0.0014109046482235362,1.0,136,136,0.21404681344560045
6+,all,-3.2946241306873274,0.0017287801990322961,0.0017287801990322961,1.0,136,136,0.21404681344560045
6+,all,-3.273751170231483,0.0020982250643744246,0.0020982250643744246,1.0,136,136,0.21404681344560045
6+,all,-3.2528782097756386,0.0025225196083570765,0.0025225196083570765,1.0,136,136,0.21404681344560045
6+,all,-3.2320052493197933,0.003003912235987858,0.003003912235987858,1.0,136,136,0.21404681344560045
6+,all,-3.211132288863949,0.00354331828999205,0.00354331828999205,1.0,136,136,0.21404681344560045
6+,all,-3.1902593284081036,0.004140028867853137,0.004140028867853137,1.0,136,136,0.21404681344560045
6+,all,-3.169386367952259,0.004791449422044078,0.004791449422044078,1.0,136,136,0.21404681344560045
6+,all,-3.148513407496414,0.005492889537824766,0.005492889537824766,1.0,136,136,0.21404681344560045
6+,all,-3.1276404470405694,0.006237425346357081,0.006237425346357081,1.0,136,136,0.21404681344560045
6+,all,-3.106767486584724,0.007015854368411885,0.007015854368411885,1.0,136,136,0.21404681344560045
6+,all,-3.0858945261288797,0.007816759069622472,0.007816759069622472,1.0,136,136,0.21404681344560045
6+,all,-3.0650215656730353,0.008626690083190797,0.008626690083190797,1.0,136,136,0.21404681344560045
6+,all,-3.04414860521719,0.009430473148948359,0.009430473148948359,1.0,136,136,0.21404681344560045
6+,all,-3.0232756447613456,0.01021163574619112,0.01021163574619112,1.0,136,136,0.21404681344560045
6+,all,-3.0024026843055003,0.010952940746486037,0.010952940746486037,1.0,136,136,0.21404681344560045
6+,all,-2.981529723849656,0.01163700588966729,0.01163700588966729,1.0,136,136,0.21404681344560045
6+,all,-2.9606567633938106,0.012246980259036639,0.012246980259036639,1.0,136,136,0.21404681344560045
6+,all,-2.939783802937966,0.012767242950037916,0.012767242950037916,1.0,136,136,0.21404681344560045
6+,all,-2.918910842482121,0.013184085439650273,0.013184085439650273,1.0,136,136,0.21404681344560045
6+,all,-2.8980378820262764,0.013486338242405933,0.013486338242405933,1.0,136,136,0.21404681344560045
6+,all,-2.877164921570431,0.01366590451310011,0.01366590451310011,1.0,136,136,0.21404681344560045
6+,all,-2.8562919611145867,0.013718168275547534,0.013718168275547534,1.0,136,136,0.21404681344560045
6+,all,-2.8354190006587423,0.013642252581814125,0.013642252581814125,1.0,136,136,0.21404681344560045
6+,all,-2.814546040202897,0.013441112532987914,0.013441112532987914,1.0,136,136,0.21404681344560045
6+,all,-2.7936730797470526,0.013121458907095526,0.013121458907095526,1.0,136,136,0.21404681344560045
6+,all,-2.7728001192912073,0.012693519200224317,0.012693519200224317,1.0,136,136,0.21404681344560045
6+,all,-2.751927158835363,0.012170653220508143,0.012170653220508143,1.0,136,136,0.21404681344560045
6+,all,-2.7310541983795176,0.011568849080361788,0.011568849080361788,1.0,136,136,0.21404681344560045
6+,all,-2.710181237923673,0.010906131776192695,0.010906131776192695,1.0,136,136,0.21404681344560045
6+,all,-2.689308277467828,0.010201920036355597,0.010201920036355597,1.0,136,136,0.21404681344560045
6+,all,-2.6684353170119834,0.009476367559503644,0.009476367559503644,1.0,136,136,0.21404681344560045
6+,all,-2.647562356556138,0.008749722267383428,0.008749722267383428,1.0,136,136,0.21404681344560045
6+,all,-2.6266893961002937,0.008041732159302633,0.008041732159302633,1.0,136,136,0.21404681344560045
6+,all,-2.6058164356444493,0.007371119421021453,0.007371119421021453,1.0,136,136,0.21404681344560045
6+,all,-2.584943475188604,0.0067551364152800665,0.0067551364152800665,1.0,136,136,0.21404681344560045
6+,all,-2.5640705147327596,0.006209208946154002,0.006209208946154002,1.0,136,136,0.21404681344560045
6+,all,-2.5431975542769143,0.005746664605721282,0.005746664605721282,1.0,136,136,0.21404681344560045
6+,all,-2.52232459382107,0.005378537828653955,0.005378537828653955,1.0,136,136,0.21404681344560045
6+,all,-2.5014516333652246,0.0051134390608399095,0.0051134390608399095,1.0,136,136,0.21404681344560045
6+,all,-2.48057867290938,0.004957473513892185,0.004957473513892185,1.0,136,136,0.21404681344560045
6+,all,-2.459705712453535,0.0049141953827244065,0.0049141953827244065,1.0,136,136,0.21404681344560045
6+,all,-2.4388327519976905,0.004984585936531404,0.004984585936531404,1.0,136,136,0.21404681344560045
6+,all,-2.417959791541845,0.005167048105573429,0.005167048105573429,1.0,136,136,0.21404681344560045
6+,all,-2.3970868310860007,0.00545741544355499,0.00545741544355499,1.0,136,136,0.21404681344560045
6+,all,-2.3762138706301563,0.005848978900571955,0.005848978900571955,1.0,136,136,0.21404681344560045
6+,all,-2.355340910174311,0.006332539914731388,0.006332539914731388,1.0,136,136,0.21404681344560045
6+,all,-2.3344679497184666,0.006896502194266422,0.006896502194266422,1.0,136,136,0.21404681344560045
6+,all,-2.3135949892626213,0.0075270166211403216,0.0075270166211403216,1.0,136,136,0.21404681344560045
6+,all,-2.292722028806777,0.008208193565802544,0.008208193565802544,1.0,136,136,0.21404681344560045
6+,all,-2.2718490683509316,0.00892239441152056,0.00892239441152056,1.0,136,136,0.21404681344560045
6+,all,-2.250976107895087,0.0096506093652893,0.0096506093652893,1.0,136,136,0.21404681344560045
6+,all,-2.230103147439242,0.010372922064340968,0.010372922064340968,1.0,136,136,0.21404681344560045
6+,all,-2.2092301869833975,0.01106905368669508,0.01106905368669508,1.0,136,136,0.21404681344560045
6+,all,-2.188357226527552,0.011718971025884494,0.011718971025884494,1.0,136,136,0.21404681344560045
6+,all,-2.1674842660717077,0.012303535169755334,0.012303535169755334,1.0,136,136,0.21404681344560045
6+,all,-2.1466113056158633,0.012805160905123836,0.012805160905123836,1.0,136,136,0.21404681344560045
6+,all,-2.125738345160018,0.01320845253081022,0.01320845253081022,1.0,136,136,0.21404681344560045
6+,all,-2.1048653847041736,0.013500779992797394,0.013500779992797394,1.0,136,136,0.21404681344560045
6+,all,-2.0839924242483283,0.013672760493772458,0.013672760493772458,1.0,136,136,0.21404681344560045
6+,all,-2.063119463792484,0.013718615014000842,0.013718615014000842,1.0,136,136,0.21404681344560045
6+,all,-2.0422465033366386,0.013636376241670559,0.013636376241670559,1.0,136,136,0.21404681344560045
6+,all,-2.021373542880794,0.013427933693845498,0.013427933693845498,1.0,136,136,0.21404681344560045
6+,all,-2.000500582424949,0.013098912529904486,0.013098912529904486,1.0,136,136,0.21404681344560045
6+,all,-1.9796276219691045,0.012658393785582589,0.012658393785582589,1.0,136,136,0.21404681344560045
6+,all,-1.95875466151326,0.012118494504395429,0.012118494504395429,1.0,136,136,0.21404681344560045
6+,all,-1.9378817010574148,0.011493835582107271,0.011493835582107271,1.0,136,136,0.21404681344560045
6+,all,-1.9170087406015703,0.010800932281687544,0.010800932281687544,1.0,136,136,0.21404681344560045
6+,all,-1.896135780145725,0.010057546753892681,0.010057546753892681,1.0,136,136,0.21404681344560045
6+,all,-1.8752628196898806,0.009282043214079695,0.009282043214079695,1.0,136,136,0.21404681344560045
6+,all,-1.8543898592340353,0.00849278466695872,0.00849278466695872,1.0,136,136,0.21404681344560045
6+,all,-1.833516898778191,0.0077076054969673225,0.0077076054969673225,1.0,136,136,0.21404681344560045
6+,all,-1.8126439383223456,0.006943387340808613,0.006943387340808613,1.0,136,136,0.21404681344560045
6+,all,-1.7917709778665012,0.006215757083771439,0.006215757083771439,1.0,136,136,0.21404681344560045
6+,all,-1.770898017410656,0.005538916316309066,0.005538916316309066,1.0,136,136,0.21404681344560045
6+,all,-1.7500250569548115,0.004925601909174364,0.004925601909174364,1.0,136,136,0.21404681344560045
6+,all,-1.729152096498967,0.004387168215996198,0.004387168215996198,1.0,136,136,0.21404681344560045
6+,all,-1.7082791360431218,0.003933773383984599,0.003933773383984599,1.0,136,136,0.21404681344560045
6+,all,-1.6874061755872773,0.0035746457949292856,0.0035746457949292856,1.0,136,136,0.21404681344560045
6+,all,-1.666533215131432,0.0033184020602893146,0.0033184020602893146,1.0,136,136,0.21404681344560045
6+,all,-1.6456602546755876,0.0031733853932019913,0.0031733853932019913,1.0,136,136,0.21404681344560045
6+,all,-1.6247872942197423,0.003147992579898378,0.003147992579898378,1.0,136,136,0.21404681344560045
6+,all,-1.603914333763898,0.003250959070432833,0.003250959070432833,1.0,136,136,0.21404681344560045
6+,all,-1.5830413733080526,0.0034915747252255197,0.0034915747252255197,1.0,136,136,0.21404681344560045
6+,all,-1.5621684128522082,0.0038798072627117797,0.0038798072627117797,1.0,136,136,0.21404681344560045
6+,all,-1.541295452396363,0.004426316199305783,0.004426316199305783,1.0,136,136,0.21404681344560045
6+,all,-1.5204224919405185,0.005142346784014763,0.005142346784014763,1.0,136,136,0.21404681344560045
6+,all,-1.499549531484674,0.0060395008203190164,0.0060395008203190164,1.0,136,136,0.21404681344560045
6+,all,-1.4786765710288288,0.007129389033497638,0.007129389033497638,1.0,136,136,0.21404681344560045
6+,all,-1.4578036105729844,0.008423177454671528,0.008423177454671528,1.0,136,136,0.21404681344560045
6+,all,-1.436930650117139,0.009931047797630176,0.009931047797630176,1.0,136,136,0.21404681344560045
6+,all,-1.4160576896612946,0.011661598619060458,0.011661598619060458,1.0,136,136,0.21404681344560045
6+,all,-1.3951847292054493,0.01362121978005944,0.01362121978005944,1.0,136,136,0.21404681344560045
6+,all,-1.374311768749605,0.01581347697584512,0.01581347697584512,1.0,136,136,0.21404681344560045
6+,all,-1.3534388082937596,0.01823854551696282,0.01823854551696282,1.0,136,136,0.21404681344560045
6+,all,-1.3325658478379152,0.020892732847330925,0.020892732847330925,1.0,136,136,0.21404681344560045
6+,all,-1.31169288738207,0.02376812730039113,0.02376812730039113,1.0,136,136,0.21404681344560045
6+,all,-1.2908199269262255,0.026852406294347007,0.026852406294347007,1.0,136,136,0.21404681344560045
6+,all,-1.269946966470381,0.030128830683343506,0.030128830683343506,1.0,136,136,0.21404681344560045
6+,all,-1.2490740060145358,0.03357644361257105,0.03357644361257105,1.0,136,136,0.21404681344560045
6+,all,-1.2282010455586914,0.03717048242305538,0.03717048242305538,1.0,136,136,0.21404681344560045
6+,all,-1.207328085102846,0.04088300148628444,0.04088300148628444,1.0,136,136,0.21404681344560045
6+,all,-1.1864551246470016,0.044683692958950326,0.044683692958950326,1.0,136,136,0.21404681344560045
6+,all,-1.1655821641911563,0.048540881982895474,0.048540881982895474,1.0,136,136,0.21404681344560045
6+,all,-1.144709203735312,0.05242266341241553,0.05242266341241553,1.0,136,136,0.21404681344560045
6+,all,-1.1238362432794666,0.056298139222740226,0.056298139222740226,1.0,136,136,0.21404681344560045
6+,all,-1.1029632828236222,0.06013870968827612,0.06013870968827612,1.0,136,136,0.21404681344560045
6+,all,-1.082090322367777,0.063919367404969,0.063919367404969,1.0,136,136,0.21404681344560045
6+,all,-1.0612173619119325,0.06761994130259318,0.06761994130259318,1.0,136,136,0.21404681344560045
6+,all,-1.040344401456088,0.07122623786193143,0.07122623786193143,1.0,136,136,0.21404681344560045
6+,all,-1.0194714410002428,0.07473102865570233,0.07473102865570233,1.0,136,136,0.21404681344560045
6+,all,-0.9985984805443984,0.07813483688894138,0.07813483688894138,1.0,136,136,0.21404681344560045
6+,all,-0.9777255200885531,0.08144648067669379,0.08144648067669379,1.0,136,136,0.21404681344560045
6+,all,-0.9568525596327087,0.08468333728953513,0.08468333728953513,1.0,136,136,0.21404681344560045
6+,all,-0.9359795991768634,0.08787130053333927,0.08787130053333927,1.0,136,136,0.21404681344560045
6+,all,-0.9151066387210189,0.09104441289397844,0.09104441289397844,1.0,136,136,0.21404681344560045
6+,all,-0.8942336782651736,0.09424416518236103,0.09424416518236103,1.0,136,136,0.21404681344560045
6+,all,-0.8733607178093292,0.09751846922854428,0.09751846922854428,1.0,136,136,0.21404681344560045
6+,all,-0.8524877573534839,0.10092032363442531,0.10092032363442531,1.0,136,136,0.21404681344560045
6+,all,-0.8316147968976395,0.10450620842652175,0.10450620842652175,1.0,136,136,0.21404681344560045
6+,all,-0.8107418364417951,0.10833426109368695,0.10833426109368695,1.0,136,136,0.21404681344560045
6+,all,-0.7898688759859498,0.11246230306965029,0.11246230306965029,1.0,136,136,0.21404681344560045
6+,all,-0.7689959155301054,0.11694580103811542,0.11694580103811542,1.0,136,136,0.21404681344560045
6+,all,-0.7481229550742601,0.12183586006435768,0.12183586006435768,1.0,136,136,0.21404681344560045
6+,all,-0.7272499946184157,0.12717735392977567,0.12717735392977567,1.0,136,136,0.21404681344560045
6+,all,-0.7063770341625704,0.13300730063882887,0.13300730063882887,1.0,136,136,0.21404681344560045
6+,all,-0.685504073706726,0.13935358658578384,0.13935358658578384,1.0,136,136,0.21404681344560045
6+,all,-0.6646311132508806,0.14623413044929248,0.14623413044929248,1.0,136,136,0.21404681344560045
6+,all,-0.6437581527950362,0.15365655728116642,0.15365655728116642,1.0,136,136,0.21404681344560045
6+,all,-0.6228851923391909,0.1616184249843384,0.1616184249843384,1.0,136,136,0.21404681344560045
6+,all,-0.6020122318833465,0.17010801077383478,0.17010801077383478,1.0,136,136,0.21404681344560045
6+,all,-0.5811392714275021,0.17910562643338357,0.17910562643338357,1.0,136,136,0.21404681344560045
6+,all,-0.5602663109716568,0.18858539106325528,0.18858539106325528,1.0,136,136,0.21404681344560045
6+,all,-0.5393933505158124,0.1985173518905816,0.1985173518905816,1.0,136,136,0.21404681344560045
6+,all,-0.5185203900599671,0.20886981110267452,0.20886981110267452,1.0,136,136,0.21404681344560045
6+,all,-0.49764742960412267,0.21961169293363475,0.21961169293363475,1.0,136,136,0.21404681344560045
6+,all,-0.47677446914827737,0.23071477323128411,0.23071477323128411,1.0,136,136,0.21404681344560045
6+,all,-0.45590150869243296,0.24215559543689416,0.24215559543689416,1.0,136,136,0.21404681344560045
6+,all,-0.43502854823658765,0.2539169131621859,0.2539169131621859,1.0,136,136,0.21404681344560045
6+,all,-0.41415558778074324,0.2659885298643879,0.2659885298643879,1.0,136,136,0.21404681344560045
6+,all,-0.3932826273248988,0.27836744865545454,0.27836744865545454,1.0,136,136,0.21404681344560045
6+,all,-0.3724096668690535,0.2910572969309207,0.2910572969309207,1.0,136,136,0.21404681344560045
6+,all,-0.3515367064132091,0.30406704715200256,0.30406704715200256,1.0,136,136,0.21404681344560045
6+,all,-0.3306637459573638,0.31740911200824856,0.31740911200824856,1.0,136,136,0.21404681344560045
6+,all,-0.3097907855015194,0.3310969443960782,0.3310969443960782,1.0,136,136,0.21404681344560045
6+,all,-0.2889178250456741,0.3451423155575728,0.3451423155575728,1.0,136,136,0.21404681344560045
6+,all,-0.2680448645898297,0.3595524745132666,0.3595524745132666,1.0,136,136,0.21404681344560045
6+,all,-0.24717190413398438,0.37432740596196884,0.37432740596196884,1.0,136,136,0.21404681344560045
6+,all,-0.22629894367813996,0.38945740093899267,0.38945740093899267,1.0,136,136,0.21404681344560045
6+,all,-0.20542598322229466,0.40492113511912997,0.40492113511912997,1.0,136,136,0.21404681344560045
6+,all,-0.18455302276645025,0.4206844156193586,0.4206844156193586,1.0,136,136,0.21404681344560045
6+,all,-0.16368006231060583,0.43669971165844523,0.43669971165844523,1.0,136,136,0.21404681344560045
6+,all,-0.14280710185476053,0.4529065315115811,0.4529065315115811,1.0,136,136,0.21404681344560045
6+,all,-0.12193414139891612,0.46923265232100225,0.46923265232100225,1.0,136,136,0.21404681344560045
6+,all,-0.10106118094307082,0.4855961548696536,0.4855961548696536,1.0,136,136,0.21404681344560045
6+,all,-0.0801882204872264,0.5019081662300113,0.5019081662300113,1.0,136,136,0.21404681344560045
6+,all,-0.0593152600313811,0.5180761721851195,0.5180761721851195,1.0,136,136,0.21404681344560045
6+,all,-0.03844229957553669,0.5340077302642278,0.5340077302642278,1.0,136,136,0.21404681344560045
6+,all,-0.017569339119691385,0.549614393728303,0.549614393728303,1.0,136,136,0.21404681344560045
6+,all,0.0033036213361530287,0.5648156463962899,0.5648156463962899,1.0,136,136,0.21404681344560045
6+,all,0.02417658179199833,0.5795426465405685,0.5795426465405685,1.0,136,136,0.21404681344560045
6+,all,0.045049542247842744,0.5937415835050198,0.5937415835050198,1.0,136,136,0.21404681344560045
6+,all,0.06592250270368805,0.6073764615303129,0.6073764615303129,1.0,136,136,0.21404681344560045
6+,all,0.08679546315953157,0.6204311402376846,0.6204311402376846,1.0,136,136,0.21404681344560045
6+,all,0.10766842361537687,0.6329104797623573,0.6329104797623573,1.0,136,136,0.21404681344560045
6+,all,0.12854138407122218,0.644840460925851,0.644840460925851,1.0,136,136,0.21404681344560045
6+,all,0.14941434452706748,0.6562671781713101,0.6562671781713101,1.0,136,136,0.21404681344560045
6+,all,0.170287304982911,0.6672546368758547,0.6672546368758547,1.0,136,136,0.21404681344560045
6+,all,0.1911602654387563,0.6778813288338121,0.6778813288338121,1.0,136,136,0.21404681344560045
6+,all,0.2120332258946016,0.6882356114905748,0.6882356114905748,1.0,136,136,0.21404681344560045
6+,all,0.2329061863504469,0.698409978235042,0.698409978235042,1.0,136,136,0.21404681344560045
6+,all,0.25377914680629043,0.7084943775935161,0.7084943775935161,1.0,136,136,0.21404681344560045
6+,all,0.27465210726213574,0.7185688155775518,0.7185688155775518,1.0,136,136,0.21404681344560045
6+,all,0.29552506771798104,0.7286955529132825,0.7286955529132825,1.0,136,136,0.21404681344560045
6+,all,0.31639802817382456,0.7389112809469621,0.7389112809469621,1.0,136,136,0.21404681344560045
6+,all,0.33727098862966987,0.7492197190562521,0.7492197190562521,1.0,136,136,0.21404681344560045
6+,all,0.35814394908551517,0.7595851143979755,0.7595851143979755,1.0,136,136,0.21404681344560045
6+,all,0.37901690954136047,0.7699271343670605,0.7699271343670605,1.0,136,136,0.21404681344560045
6+,all,0.399889869997204,0.7801176174002392,0.7801176174002392,1.0,136,136,0.21404681344560045
6+,all,0.4207628304530493,0.7899795854466504,0.7899795854466504,1.0,136,136,0.21404681344560045
6+,all,0.4416357909088946,0.7992888215426349,0.7992888215426349,1.0,136,136,0.21404681344560045
6+,all,0.4625087513647399,0.8077781821642126,0.8077781821642126,1.0,136,136,0.21404681344560045
6+,all,0.4833817118205834,0.815144653790175,0.815144653790175,1.0,136,136,0.21404681344560045
6+,all,0.5042546722764287,0.8210589870760535,0.8210589870760535,1.0,136,136,0.21404681344560045
6+,all,0.525127632732274,0.8251775633442419,0.8251775633442419,1.0,136,136,0.21404681344560045
6+,all,0.5460005931881176,0.8271559811438759,0.8271559811438759,1.0,136,136,0.21404681344560045
6+,all,0.5668735536439629,0.8266637097287869,0.8266637097287869,1.0,136,136,0.21404681344560045
6+,all,0.5877465140998082,0.8233990542106515,0.8233990542106515,1.0,136,136,0.21404681344560045
6+,all,0.6086194745556535,0.8171036237759105,0.8171036237759105,1.0,136,136,0.21404681344560045
6+,all,0.629492435011497,0.8075754956977954,0.8075754956977954,1.0,136,136,0.21404681344560045
6+,all,0.6503653954673423,0.7946803253233794,0.7946803253233794,1.0,136,136,0.21404681344560045
6+,all,0.6712383559231876,0.7783597623609676,0.7783597623609676,1.0,136,136,0.21404681344560045
6+,all,0.6921113163790329,0.7586366887023676,0.7586366887023676,1.0,136,136,0.21404681344560045
6+,all,0.7129842768348764,0.7356169809668536,0.7356169809668536,1.0,136,136,0.21404681344560045
6+,all,0.7338572372907217,0.7094877075482079,0.7094877075482079,1.0,136,136,0.21404681344560045
6+,all,0.754730197746567,0.6805118794586991,0.6805118794586991,1.0,136,136,0.21404681344560045
6+,all,0.7756031582024105,0.6490200711001014,0.6490200711001014,1.0,136,136,0.21404681344560045
6+,all,0.7964761186582558,0.6153993971865822,0.6153993971865822,1.0,136,136,0.21404681344560045
6+,all,0.8173490791141012,0.5800804640577533,0.5800804640577533,1.0,136,136,0.21404681344560045
6+,all,0.8382220395699465,0.5435229998205723,0.5435229998205723,1.0,136,136,0.21404681344560045
6+,all,0.85909500002579,0.5062009045131257,0.5062009045131257,1.0,136,136,0.21404681344560045
6+,all,0.8799679604816353,0.46858744932683855,0.46858744932683855,1.0,136,136,0.21404681344560045
6+,all,0.9008409209374806,0.4311412972294493,0.4311412972294493,1.0,136,136,0.21404681344560045
6+,all,0.9217138813933259,0.39429392363610655,0.39429392363610655,1.0,136,136,0.21404681344560045
6+,all,0.9425868418491694,0.35843889486216735,0.35843889486216735,1.0,136,136,0.21404681344560045
6+,all,0.9634598023050147,0.3239233249302258,0.3239233249302258,1.0,136,136,0.21404681344560045
6+,all,0.98433276276086,0.29104168898993127,0.29104168898993127,1.0,136,136,0.21404681344560045
6+,all,1.0052057232167035,0.2600320343859202,0.2600320343859202,1.0,136,136,0.21404681344560045
6+,all,1.0260786836725488,0.23107450688590564,0.23107450688590564,1.0,136,136,0.21404681344560045
6+,all,1.0469516441283941,0.20429200619333887,0.20429200619333887,1.0,136,136,0.21404681344560045
6+,all,1.0678246045842394,0.17975270561801815,0.17975270561801815,1.0,136,136,0.21404681344560045
6+,all,1.088697565040083,0.1574741172362578,0.1574741172362578,1.0,136,136,0.21404681344560045
6+,all,1.1095705254959283,0.13742835542378018,0.13742835542378018,1.0,136,136,0.21404681344560045
6+,all,1.1304434859517736,0.11954824590215664,0.11954824590215664,1.0,136,136,0.21404681344560045
6+,all,1.1513164464076189,0.10373394076581063,0.10373394076581063,1.0,136,136,0.21404681344560045
6+,all,1.1721894068634624,0.08985972801937767,0.08985972801937767,1.0,136,136,0.21404681344560045
6+,all,1.1930623673193077,0.07778076244878042,0.07778076244878042,1.0,136,136,0.21404681344560045
6+,all,1.213935327775153,0.06733948893090204,0.06733948893090204,1.0,136,136,0.21404681344560045
6+,all,1.2348082882309965,0.05837157589179858,0.05837157589179858,1.0,136,136,0.21404681344560045
6+,all,1.2556812486868418,0.05071122264982764,0.05071122264982764,1.0,136,136,0.21404681344560045
6+,all,1.2765542091426871,0.04419574774271509,0.04419574774271509,1.0,136,136,0.21404681344560045
6+,all,1.2974271695985324,0.03866940471700061,0.03866940471700061,1.0,136,136,0.21404681344560045
6+,all,1.318300130054376,0.03398640657270823,0.03398640657270823,1.0,136,136,0.21404681344560045
6+,all,1.3391730905102213,0.03001316989228157,0.03001316989228157,1.0,136,136,0.21404681344560045
6+,all,1.3600460509660666,0.026629814720510233,0.026629814720510233,1.0,136,136,0.21404681344560045
6+,all,1.3809190114219119,0.023730976718650834,0.023730976718650834,1.0,136,136,0.21404681344560045
6+,all,1.4017919718777554,0.021226004231493546,0.021226004231493546,1.0,136,136,0.21404681344560045
6+,all,1.4226649323336007,0.019038624877969687,0.019038624877969687,1.0,136,136,0.21404681344560045
6+,all,1.443537892789446,0.017106174240808604,0.017106174240808604,1.0,136,136,0.21404681344560045
6+,all,1.4644108532452895,0.015378483286634194,0.015378483286634194,1.0,136,136,0.21404681344560045
6+,all,1.4852838137011348,0.013816521400933379,0.013816521400933379,1.0,136,136,0.21404681344560045
6+,all,1.5061567741569801,0.012390888543042147,0.012390888543042147,1.0,136,136,0.21404681344560045
6+,all,1.5270297346128254,0.01108024329958082,0.01108024329958082,1.0,136,136,0.21404681344560045
6+,all,1.547902695068669,0.009869743971779995,0.009869743971779995,1.0,136,136,0.21404681344560045
6+,all,1.5687756555245143,0.008749567856923287,0.008749567856923287,1.0,136,136,0.21404681344560045
6+,all,1.5896486159803596,0.00771356029346931,0.00771356029346931,1.0,136,136,0.21404681344560045
6+,all,1.610521576436203,0.006758050638882366,0.006758050638882366,1.0,136,136,0.21404681344560045
6+,all,1.6313945368920484,0.005880857972903886,0.005880857972903886,1.0,136,136,0.21404681344560045
6+,all,1.6522674973478937,0.0050804957620944535,0.0050804957620944535,1.0,136,136,0.21404681344560045
6+,all,1.673140457803739,0.004355572675608242,0.004355572675608242,1.0,136,136,0.21404681344560045
6+,all,1.6940134182595825,0.00370437674239345,0.00370437674239345,1.0,136,136,0.21404681344560045
6+,all,1.7148863787154278,0.0031246224297527135,0.0031246224297527135,1.0,136,136,0.21404681344560045
6+,all,1.7357593391712731,0.002613335140498537,0.002613335140498537,1.0,136,136,0.21404681344560045
6+,all,1.7566322996271184,0.0021668450111900477,0.0021668450111900477,1.0,136,136,0.21404681344560045
6+,all,1.777505260082962,0.001780861516356634,0.001780861516356634,1.0,136,136,0.21404681344560045
6+,all,1.7983782205388072,0.00145060188154901,0.00145060188154901,1.0,136,136,0.21404681344560045
6+,all,1.8192511809946526,0.0011709492371659632,0.0011709492371659632,1.0,136,136,0.21404681344560045
6+,all,1.840124141450496,0.0009366203279416872,0.0009366203279416872,1.0,136,136,0.21404681344560045
6+,all,1.8609971019063414,0.0007423269650950931,0.0007423269650950931,1.0,136,136,0.21404681344560045
6+,all,1.8818700623621867,0.0005829198547979631,0.0005829198547979631,1.0,136,136,0.21404681344560045
6+,all,1.902743022818032,0.0004535076195326454,0.0004535076195326454,1.0,136,136,0.21404681344560045
6+,all,1.9236159832738755,0.00034954750057014384,0.00034954750057014384,1.0,136,136,0.21404681344560045
6+,all,1.9444889437297208,0.00026690723656436254,0.00026690723656436254,1.0,136,136,0.21404681344560045
6+,all,1.965361904185566,0.00020189988896145296,0.00020189988896145296,1.0,136,136,0.21404681344560045
6+,all,1.9862348646414114,0.00015129493749796002,0.00015129493749796002,1.0,136,136,0.21404681344560045
6+,all,2.007107825097255,0.00011230986303791901,0.00011230986303791901,1.0,136,136,0.21404681344560045
6+,all,2.0279807855531002,8.258677255005926e-05,8.258677255005926e-05,1.0,136,136,0.21404681344560045
6+,all,2.0488537460089455,6.0158523859980706e-05,6.0158523859980706e-05,1.0,136,136,0.21404681344560045
6+,all,2.069726706464789,4.3408401563444065e-05,4.3408401563444065e-05,1.0,136,136,0.21404681344560045
6+,all,2.0905996669206344,3.102679762314765e-05,3.102679762314765e-05,1.0,136,136,0.21404681344560045
6+,all,2.1114726273764797,2.1967661772232026e-05,2.1967661772232026e-05,1.0,136,136,0.21404681344560045
6+,all,2.132345587832325,1.540678811599947e-05,1.540678811599947e-05,1.0,136,136,0.21404681344560045
6+,all,2.1532185482881685,1.0703353298098095e-05,1.0703353298098095e-05,1.0,136,136,0.21404681344560045
6+,all,2.174091508744014,7.36555533551505e-06,7.36555533551505e-06,1.0,136,136,0.21404681344560045
6+,all,2.194964469199859,5.0207396445089926e-06,5.0207396445089926e-06,1.0,136,136,0.21404681344560045
6+,all,2.2158374296557044,3.390044390131174e-06,3.390044390131174e-06,1.0,136,136,0.21404681344560045
6+,all,2.236710390111548,2.267345196287155e-06,2.267345196287155e-06,1.0,136,136,0.21404681344560045
6+,all,2.2575833505673932,1.5021169024746168e-06,1.5021169024746168e-06,1.0,136,136,0.21404681344560045
6+,all,2.2784563110232385,9.857414699828876e-07,9.857414699828876e-07,1.0,136,136,0.21404681344560045
6+,all,2.299329271479082,6.407594407469655e-07,6.407594407469655e-07,1.0,136,136,0.21404681344560045
6+,all,2.3202022319349274,4.1257153716739696e-07,4.1257153716739696e-07,1.0,136,136,0.21404681344560045
6+,all,2.3410751923907727,2.631330627886801e-07,2.631330627886801e-07,1.0,136,136,0.21404681344560045
6+,all,2.361948152846618,1.6623527689624215e-07,1.6623527689624215e-07,1.0,136,136,0.21404681344560045
6+,all,2.3828211133024615,1.0402610282772149e-07,1.0402610282772149e-07,1.0,136,136,0.21404681344560045
6+,all,2.403694073758307,6.448112843271604e-08,6.448112843271604e-08,1.0,136,136,0.21404681344560045
6+,all,2.424567034214152,3.959076765082759e-08,3.959076765082759e-08,1.0,136,136,0.21404681344560045
6+,all,2.4454399946699974,2.4078313678658513e-08,2.4078313678658513e-08,1.0,136,136,0.21404681344560045
6+,all,2.466312955125841,1.450537454189633e-08,1.450537454189633e-08,1.0,136,136,0.21404681344560045
6+,all,2.4871859155816862,8.655705316035032e-09,8.655705316035032e-09,1.0,136,136,0.21404681344560045
6+,all,2.5080588760375315,5.116188440112543e-09,5.116188440112543e-09,1.0,136,136,0.21404681344560045
6+,all,2.528931836493375,2.9954431949437807e-09,2.9954431949437807e-09,1.0,136,136,0.21404681344560045
6+,all,2.5498047969492204,1.737185012488563e-09,1.737185012488563e-09,1.0,136,136,0.21404681344560045
6+,all,2.5706777574050657,9.979331327007068e-10,9.979331327007068e-10,1.0,136,136,0.21404681344560045
6+,all,2.591550717860911,5.678415314062237e-10,5.678415314062237e-10,1.0,136,136,0.21404681344560045
6+,all,2.6124236783167545,3.200539376265344e-10,3.200539376265344e-10,1.0,136,136,0.21404681344560045
6+,all,2.6332966387726,1.7868556879831248e-10,1.7868556879831248e-10,1.0,136,136,0.21404681344560045
6+,all,2.654169599228445,9.881572085892305e-11,9.881572085892305e-11,1.0,136,136,0.21404681344560045
6+,all,2.6750425596842904,5.4129354519447194e-11,5.4129354519447194e-11,1.0,136,136,0.21404681344560045
6+,all,2.695915520140134,2.9370401151737666e-11,2.9370401151737666e-11,1.0,136,136,0.21404681344560045
