diagnostic_id,student_id,career_label_id,term_id,partial_1,partial_2,partial_3,partial_4,total,exam_type,percentage
DIAG_00001,stu_7b02ec3eade3fc067dd38d894fdc2973,CARLBL_DAB7ED3371,2020_P,30.0,40.0,20.0,20.0,110.0,DMU,73.33333333333333
DIAG_00002,stu_0fcc943e895de81197791fbc1082c0fc,,2020_P,10.0,30.0,30.0,0.0,70.0,DMU,46.66666666666666
DIAG_00003,stu_463a0ede3c7d97db9d5cbc1fe90679f7,CARLBL_9393C45E8D,2020_P,20.0,20.0,10.0,10.0,60.0,DMU,40.0
DIAG_00004,stu_d0e87c207220718e9ef895b3e82967db,CARLBL_D174EB3A71,2020_P,20.0,20.0,20.0,0.0,60.0,DMU,40.0
DIAG_00005,stu_e54113eea9178d3dabbba4dffcc326a5,CARLBL_563A8FB47A,2020_P,10.0,20.0,10.0,10.0,50.0,DMU,33.33333333333333
DIAG_00006,stu_c71b583c939e359caa2abdc4f13c7606,,2020_P,30.0,30.0,10.0,10.0,80.0,DMU,53.33333333333334
DIAG_00007,stu_8d02d4915ad425912060dc6de18f99cd,CARLBL_B2CB496E63,2020_P,30.0,20.0,30.0,30.0,110.0,DMU,73.33333333333333
DIAG_00008,stu_c63294f0a26908a2b003794dcb5efc94,,2020_P,40.0,30.0,40.0,30.0,140.0,DMU,93.33333333333333
DIAG_00009,stu_b64889f73617dd8fa69aa29359bea98d,,2020_P,0.0,10.0,0.0,20.0,30.0,DMU,20.0
DIAG_00010,stu_8d788b02a5a06253c2a9987a4b3b504d,,2020_P,10.0,0.0,30.0,10.0,50.0,DMU,33.33333333333333
DIAG_00011,stu_6a2d2793646a07a2887d0841321f4313,,2020_P,30.0,20.0,20.0,10.0,80.0,DMU,53.33333333333334
DIAG_00012,stu_c1536db6b91fc040fccd5e21b3eef59e,,2020_P,10.0,20.0,10.0,0.0,40.0,DMU,26.66666666666667
DIAG_00013,stu_9a3cad7558251d7439596ee7b8b1b1cf,CARLBL_BD76F0F196,2020_P,20.0,20.0,20.0,10.0,70.0,DMU,46.66666666666666
DIAG_00014,stu_9237eaa8998144fffffcc80d6ab57c3c,,2020_P,40.0,20.0,20.0,10.0,90.0,DMU,60.0
DIAG_00015,stu_bc840c93fad2ffbd14fff728eebccb1e,CARLBL_F867BE971F,2020_P,30.0,20.0,30.0,0.0,80.0,DMU,53.33333333333334
DIAG_00016,stu_03e4d5665afb1f3706b713f6abc3a99b,CARLBL_F867BE971F,2020_P,20.0,0.0,0.0,0.0,20.0,DMU,13.33333333333333
DIAG_00017,stu_5096ed9a4e2faeb0bdc5df58dc495ec8,,2020_P,40.0,40.0,10.0,30.0,120.0,DMU,80.0
DIAG_00018,stu_4c8b7d889c564bc49b44cb83c145113b,CARLBL_F041EA11A4,2020_P,30.0,30.0,20.0,0.0,80.0,DMU,53.33333333333334
DIAG_00019,stu_fc197fc60416c82a05e5efdb08e56b29,,2020_P,20.0,20.0,0.0,10.0,50.0,DMU,33.33333333333333
DIAG_00020,stu_ace05db6b7f0746da091793c75b6db97,,2020_P,20.0,20.0,40.0,10.0,90.0,DMU,60.0
DIAG_00021,stu_fc892a7fd2fcb11b40248bc493b05814,CARLBL_F867BE971F,2020_P,30.0,30.0,10.0,0.0,70.0,DMU,46.66666666666666
DIAG_00022,stu_5a1a3fd3c9db7a986b01d45acdb06f18,,2020_P,40.0,30.0,20.0,10.0,100.0,DMU,66.66666666666666
DIAG_00023,stu_8d63ad6f67c1c665d5f62e45b6b7828f,,2020_P,30.0,30.0,0.0,10.0,70.0,DMU,46.66666666666666
DIAG_00024,stu_b907075b857fd40f2a6a9d1eba137024,,2020_P,40.0,20.0,10.0,20.0,90.0,DMU,60.0
DIAG_00025,stu_2e5b9fc6c06b7b461f7b5165b967d742,CARLBL_DAB7ED3371,2020_P,30.0,20.0,30.0,20.0,100.0,DMU,66.66666666666666
DIAG_00026,stu_f28e8b87edc669a61a0f965ac88bdd5c,CARLBL_41179F062D,2020_P,10.0,20.0,20.0,0.0,50.0,DMU,33.33333333333333
DIAG_00027,stu_10626c3f44cf7b6ee66f03dfa933f313,CARLBL_1D36359214,2020_P,20.0,20.0,0.0,10.0,50.0,DMU,33.33333333333333
DIAG_00028,stu_90012fd95c681d1ca7e6ac2c4a293253,CARLBL_28FD56FF33,2020_P,30.0,20.0,30.0,10.0,90.0,DMU,60.0
DIAG_00029,stu_3f0b9881beee7181a6e97a465d3bb4a3,,2020_P,20.0,30.0,20.0,0.0,70.0,DMU,46.66666666666666
DIAG_00030,stu_364aaf0911a7f76f48b8f854c17d0852,CARLBL_CC13F1BB98,2020_P,30.0,10.0,30.0,20.0,90.0,DMU,60.0
DIAG_00031,stu_c345bd4f71ec96d07dfa6ebc114fdbd4,,2020_P,40.0,10.0,20.0,0.0,70.0,DMU,46.66666666666666
DIAG_00032,stu_9749c39c399a3778e239060b8887f5fa,,2020_P,30.0,20.0,30.0,20.0,100.0,DMU,66.66666666666666
DIAG_00033,stu_899bea9d1f0c50cb0564c350bbabe61d,CARLBL_563A8FB47A,2020_P,40.0,20.0,20.0,0.0,80.0,DMU,53.33333333333334
DIAG_00034,stu_f3d9dbc3203639057be083b5a2ca277d,,2020_P,30.0,10.0,20.0,10.0,70.0,DMU,46.66666666666666
DIAG_00035,stu_583d021ff8fa1e78b19abd74fb1b6576,,2020_P,30.0,40.0,40.0,20.0,130.0,DMU,86.66666666666667
DIAG_00036,stu_5e9041e3aa132781eff1f9f4a73478a3,,2020_P,20.0,20.0,30.0,10.0,80.0,DMU,53.33333333333334
DIAG_00037,stu_529d830267f4e3d1e1b3a8083a67cd72,CARLBL_F041EA11A4,2020_P,20.0,30.0,30.0,20.0,100.0,DMU,66.66666666666666
DIAG_00038,stu_43d4646af1af62e10fc82f1e5e6d146b,,2020_P,20.0,20.0,20.0,0.0,60.0,DMU,40.0
DIAG_00039,stu_8bfc3c164b7d170dbbb2e109d80de9b2,,2020_P,30.0,20.0,40.0,10.0,100.0,DMU,66.66666666666666
DIAG_00040,stu_92753a2f6c1ef77f8361d7eb8a6fdded,CARLBL_F867BE971F,2020_P,10.0,20.0,30.0,0.0,60.0,DMU,40.0
DIAG_00041,stu_9219e207b668876dcd454b10c09cc189,,2020_P,30.0,20.0,0.0,20.0,70.0,DMU,46.66666666666666
DIAG_00042,stu_62e73b0f3a5fe0417c621a302afcb7ae,,2020_P,30.0,20.0,30.0,30.0,110.0,DMU,73.33333333333333
DIAG_00043,stu_c5bed7e6f23f7b43cda609d8d5fc1134,CARLBL_DAB7ED3371,2020_P,40.0,20.0,40.0,10.0,110.0,DMU,73.33333333333333
DIAG_00044,stu_c9281817ce8f3ab97a56f6c63863f821,,2020_P,30.0,20.0,20.0,20.0,90.0,DMU,60.0
DIAG_00045,stu_5cef5936c0fd6dd1cf6fc8b720019340,,2020_P,30.0,30.0,0.0,0.0,60.0,DMU,40.0
DIAG_00046,stu_d5d481e821e3ec165b4cbf1055e8746f,,2020_P,30.0,20.0,10.0,0.0,60.0,DMU,40.0
DIAG_00047,stu_3572b2bbad63f8a011319fcadd417231,CARLBL_255574A75E,2020_P,20.0,20.0,20.0,0.0,60.0,DMU,40.0
DIAG_00048,stu_4435c65dae31791581e023d3a3cdccac,,2020_P,0.0,30.0,10.0,0.0,40.0,DMU,26.66666666666667
DIAG_00049,stu_c5f656dabb376521c414da5fa4e3fad5,,2020_P,20.0,30.0,30.0,0.0,80.0,DMU,53.33333333333334
DIAG_00050,stu_778f1af91adb61f458c598f68220d131,CARLBL_563A8FB47A,2020_P,20.0,10.0,0.0,0.0,30.0,DMU,20.0
DIAG_00051,stu_364e700d0139450bf514f01807706711,CARLBL_4D358FAC4B,2020_P,20.0,30.0,10.0,20.0,80.0,DMU,53.33333333333334
DIAG_00052,stu_df91f647a1f50be5d3aceeb66564a73e,CARLBL_783067A8AC,2020_P,20.0,30.0,30.0,20.0,100.0,DMU,66.66666666666666
DIAG_00053,stu_947e22830e7c5eb5eef9ee028f2117dc,,2020_P,20.0,20.0,10.0,20.0,70.0,DMU,46.66666666666666
DIAG_00054,stu_04fe18d1c7131b210f66ef12343a7cc4,,2020_P,20.0,30.0,30.0,20.0,100.0,DMU,66.66666666666666
DIAG_00055,stu_b7a3461c1dd76a0315019b6476979367,,2020_P,10.0,30.0,20.0,10.0,70.0,DMU,46.66666666666666
DIAG_00056,stu_7978b7152d7ccd266a2cc30d2210a9ea,,2020_P,30.0,40.0,30.0,0.0,100.0,DMU,66.66666666666666
DIAG_00057,stu_36b367671488a4f22bf867455b8ebb6c,CARLBL_41179F062D,2020_P,20.0,10.0,0.0,0.0,30.0,DMU,20.0
DIAG_00058,stu_60db34761f803d0ae644c1e2dda0615a,CARLBL_5B99AB135B,2020_P,0.0,30.0,20.0,0.0,50.0,DMU,33.33333333333333
DIAG_00059,stu_c67ce3057821aa7e69081f9cf7dae4b8,,2020_P,10.0,10.0,10.0,10.0,40.0,DMU,26.66666666666667
DIAG_00060,stu_53ffc0fd7625cd907e7e7815775eba04,,2020_P,10.0,40.0,20.0,20.0,90.0,DMU,60.0
DIAG_00061,stu_4404142307655c4dea497f3c7523049e,CARLBL_DAB7ED3371,2020_P,30.0,20.0,10.0,10.0,70.0,DMU,46.66666666666666
DIAG_00062,stu_972ffa18592aec18bfa2ebe48fd9c010,,2020_P,40.0,30.0,30.0,0.0,100.0,DMU,66.66666666666666
DIAG_00063,stu_30c451beef66897d283012d6df9d8365,,2020_P,20.0,20.0,20.0,0.0,60.0,DMU,40.0
DIAG_00064,stu_921efa9796c490a04197ac6a3a5aad06,,2020_P,40.0,40.0,40.0,10.0,130.0,DMU,86.66666666666667
DIAG_00065,stu_291d2eb007b567c0da793369ec877dc6,,2020_P,40.0,30.0,20.0,10.0,100.0,DMU,66.66666666666666
DIAG_00066,stu_bfad2a252df9f76d40306159bf012868,,2020_P,40.0,10.0,20.0,10.0,80.0,DMU,53.33333333333334
DIAG_00067,stu_81678236339613c1840d7b3e288a975e,CARLBL_D174EB3A71,2020_P,40.0,10.0,10.0,10.0,70.0,DMU,46.66666666666666
DIAG_00068,stu_3ecee9bdd4bec4d1fcad24aec697c53a,,2020_P,20.0,10.0,10.0,10.0,50.0,DMU,33.33333333333333
DIAG_00069,stu_5e8b4f298bf99a4ea33340108ec568e9,,2020_P,30.0,20.0,30.0,20.0,100.0,DMU,66.66666666666666
DIAG_00070,stu_6ac01d8e4a5c89b0630e1d2a6e7a91a7,,2020_P,10.0,10.0,20.0,10.0,50.0,DMU,33.33333333333333
DIAG_00071,stu_757f8e823a5d206abe222755c4f92750,CARLBL_5B99AB135B,2020_P,20.0,30.0,30.0,20.0,100.0,DMU,66.66666666666666
DIAG_00072,stu_5b5a3c5d9cab665f12bcc18f918a058d,,2020_P,30.0,20.0,0.0,20.0,70.0,DMU,46.66666666666666
DIAG_00073,stu_a5e8fa259f53aa0f55148ebd6cf48c25,CARLBL_8DBD054572,2020_P,0.0,30.0,10.0,10.0,50.0,DMU,33.33333333333333
DIAG_00074,stu_b8f4aeaa8ae14cf6ee45b393917b6f80,CARLBL_F041EA11A4,2020_P,30.0,40.0,30.0,30.0,130.0,DMU,86.66666666666667
DIAG_00075,stu_9454727166598e82826fe4563a60cd60,,2020_P,30.0,20.0,30.0,10.0,90.0,DMU,60.0
DIAG_00076,stu_42ef1bf4e5cf682940dd50643838a4e3,,2020_P,30.0,30.0,10.0,0.0,70.0,DMU,46.66666666666666
DIAG_00077,stu_ea0ba165eb2de71a28373fe9c03f974d,,2020_P,30.0,20.0,30.0,30.0,110.0,DMU,73.33333333333333
DIAG_00078,stu_757837c7a2b6ec0a567c285f2258c281,CARLBL_783067A8AC,2020_P,20.0,30.0,20.0,20.0,90.0,DMU,60.0
DIAG_00079,stu_914ab3a2c01b0866929a23b4bd24ddd8,,2020_P,30.0,20.0,10.0,20.0,80.0,DMU,53.33333333333334
DIAG_00080,stu_7d3c09358c448729269b26371a25246a,CARLBL_F041EA11A4,2020_P,30.0,30.0,40.0,10.0,110.0,DMU,73.33333333333333
DIAG_00081,stu_322e37e80133405d439ebb618873c9d9,,2020_P,30.0,30.0,20.0,0.0,80.0,DMU,53.33333333333334
DIAG_00082,stu_1a611c1f074ba6e2294aaed46fbc5e8e,CARLBL_563A8FB47A,2020_P,20.0,30.0,20.0,10.0,80.0,DMU,53.33333333333334
DIAG_00083,stu_b6e65154aec44b067b2b0fbe0c32fb92,,2020_P,30.0,30.0,10.0,10.0,80.0,DMU,53.33333333333334
DIAG_00084,stu_301c45293b3e4a9391035853c511fdb0,,2020_P,0.0,10.0,0.0,30.0,40.0,DMU,26.66666666666667
DIAG_00085,stu_928d8820c375a06d16fbb183e59b3430,CARLBL_D174EB3A71,2020_P,30.0,20.0,30.0,0.0,80.0,DMU,53.33333333333334
DIAG_00086,stu_94dbb58ed80d2a3254cd78aba905afe1,,2020_P,10.0,10.0,0.0,10.0,30.0,DMU,20.0
DIAG_00087,stu_ca830994b563ce9b290edfbbc01aa972,CARLBL_DAB7ED3371,2020_P,40.0,30.0,40.0,20.0,130.0,DMU,86.66666666666667
DIAG_00088,stu_acdfc841d0ae8c0f23a8acd36e6f7897,CARLBL_F867BE971F,2020_P,10.0,10.0,10.0,20.0,50.0,DMU,33.33333333333333
DIAG_00089,stu_7bf6e091956f91aaf09bc32d0f62af87,CARLBL_8DBD054572,2020_P,10.0,20.0,20.0,10.0,60.0,DMU,40.0
DIAG_00090,stu_b3107d42592b299082b050eb9db15129,,2020_P,30.0,10.0,30.0,0.0,70.0,DMU,46.66666666666666
DIAG_00091,stu_a65f4471ab1e21a8fafaf27ecbf55f2d,CARLBL_563A8FB47A,2020_P,20.0,20.0,10.0,10.0,60.0,DMU,40.0
DIAG_00092,stu_a29127fe81b0237fd9b80bf13c2b1277,CARLBL_4D358FAC4B,2020_P,30.0,30.0,30.0,0.0,90.0,DMU,60.0
DIAG_00093,stu_83a5751b94f6aa7cab7a358b7ce5e0a5,,2020_P,10.0,30.0,40.0,20.0,100.0,DMU,66.66666666666666
DIAG_00094,stu_070e7782d5b2fdd8aa51f788d1ad89ac,CARLBL_783067A8AC,2020_P,30.0,30.0,40.0,0.0,100.0,DMU,66.66666666666666
DIAG_00095,stu_106149d36ae9351e127a0706e2bd7c01,,2020_P,30.0,20.0,10.0,0.0,60.0,DMU,40.0
DIAG_00096,stu_6789a0a70eea10ef7f9e699f6defc7c4,,2020_P,30.0,30.0,40.0,20.0,120.0,DMU,80.0
DIAG_00097,stu_4b8756c269d8a388985222d7b0360b35,CARLBL_F041EA11A4,2020_P,20.0,20.0,20.0,10.0,70.0,DMU,46.66666666666666
DIAG_00098,stu_612bd517ba73a8e6c794731c97ac55fd,CARLBL_255574A75E,2020_P,20.0,20.0,40.0,10.0,90.0,DMU,60.0
DIAG_00099,stu_fc21ef0c33227b2dcba79f5299168fa3,,2020_P,20.0,30.0,40.0,10.0,100.0,DMU,66.66666666666666
DIAG_00100,stu_d6a11445f8a96ddda4ddbf07b84e7a34,,2020_P,30.0,30.0,20.0,10.0,90.0,DMU,60.0
DIAG_00101,stu_44170cfc6681bbcc19d43ae5c3b0862a,,2020_P,30.0,40.0,30.0,20.0,120.0,DMU,80.0
DIAG_00102,stu_d71be21babea1769603efd4b428d8f8f,,2020_P,20.0,20.0,0.0,0.0,40.0,DMU,26.66666666666667
DIAG_00103,stu_83a7b74755c7747b6d735e55ee985af5,,2020_P,30.0,30.0,30.0,10.0,100.0,DMU,66.66666666666666
DIAG_00104,stu_ec63fc6c12db7ade59f84ce4d06f193b,CARLBL_F7A3F2E0E2,2020_P,40.0,30.0,30.0,20.0,120.0,DMU,80.0
DIAG_00105,stu_d247586855d95597ec6b5a4bf84bf597,CARLBL_CC13F1BB98,2020_P,30.0,40.0,30.0,20.0,120.0,DMU,80.0
DIAG_00106,stu_2da595b0b44faebcd5c360e128044a62,,2020_P,20.0,20.0,20.0,10.0,70.0,DMU,46.66666666666666
DIAG_00107,stu_bd8e7ef0b5363bb62d32d7c57dd3bd00,,2020_P,40.0,30.0,20.0,10.0,100.0,DMU,66.66666666666666
DIAG_00108,stu_1d1e862a927a65e85479479323db1303,CARLBL_F041EA11A4,2020_P,30.0,20.0,0.0,10.0,60.0,DMU,40.0
DIAG_00109,stu_9ca0462294bdd0311a382491c2cbde57,CARLBL_8DBD054572,2020_P,30.0,30.0,20.0,20.0,100.0,DMU,66.66666666666666
DIAG_00110,stu_3e545bf9caf07abd4b9d23a2fb7bc28b,CARLBL_783067A8AC,2020_P,30.0,30.0,30.0,30.0,120.0,DMU,80.0
DIAG_00111,stu_ab7ad012c1b32bf71497b33ed936bdd2,CARLBL_BD76F0F196,2020_P,30.0,30.0,10.0,10.0,80.0,DMU,53.33333333333334
DIAG_00112,stu_71fcd82f27651ca12d6984b492a92c22,CARLBL_F041EA11A4,2020_P,40.0,40.0,40.0,20.0,140.0,DMU,93.33333333333333
DIAG_00113,stu_c6de6c33c04487d3b41480dd224c0b49,CARLBL_B2CB496E63,2020_P,20.0,20.0,10.0,0.0,50.0,DMU,33.33333333333333
DIAG_00114,stu_842ac943d450dd0a1bd77b0e309f613a,CARLBL_255574A75E,2020_P,20.0,20.0,20.0,0.0,60.0,DMU,40.0
DIAG_00115,stu_3548289b4357d277eaadf4def0712577,CARLBL_4D358FAC4B,2020_P,30.0,20.0,30.0,10.0,90.0,DMU,60.0
DIAG_00116,stu_d74df2533869a8e8dc31d7e15e31c2f7,CARLBL_B3FCCAA8C1,2020_P,20.0,10.0,10.0,20.0,60.0,DMU,40.0
DIAG_00117,stu_9ba82bd5673862460c83d842e8c86937,,2020_P,30.0,10.0,30.0,30.0,100.0,DMU,66.66666666666666
DIAG_00118,stu_5d61f69a25e91082b555285b0b0d5306,CARLBL_9FDFCF684F,2020_P,40.0,20.0,20.0,0.0,80.0,DMU,53.33333333333334
DIAG_00119,stu_56fae54e0180342e3c4bc6e75c8d89dc,,2020_P,20.0,20.0,30.0,10.0,80.0,DMU,53.33333333333334
DIAG_00120,stu_7d5403930afa23ba22e56f5e463d606f,,2020_P,30.0,10.0,20.0,10.0,70.0,DMU,46.66666666666666
DIAG_00121,stu_d0b3c82ad6c744aded6bbcafe7528247,CARLBL_9FDFCF684F,2020_P,40.0,30.0,20.0,20.0,110.0,DMU,73.33333333333333
DIAG_00122,stu_02f974e56e9ddf5976ae743ffecd30cb,CARLBL_563A8FB47A,2020_P,40.0,10.0,10.0,10.0,70.0,DMU,46.66666666666666
DIAG_00123,stu_182bbe18f4adac741cf6d2afd9b1d2ee,,2020_P,20.0,10.0,10.0,0.0,40.0,DMU,26.66666666666667
DIAG_00124,stu_9de4a0ebbae54f75fe7f4d00d8896218,CARLBL_F041EA11A4,2020_P,30.0,20.0,30.0,0.0,80.0,DMU,53.33333333333334
DIAG_00125,stu_44a2935edc6ef90b9b472f948ecc5b10,,2020_P,30.0,30.0,20.0,20.0,100.0,DMU,66.66666666666666
DIAG_00126,stu_aca54ea3e849cf4a1e5f48c05acf4f7c,CARLBL_B2CB496E63,2020_P,40.0,20.0,30.0,10.0,100.0,DMU,66.66666666666666
DIAG_00127,stu_075dc1b050d65f474dd6ab5fb6ea5245,CARLBL_F041EA11A4,2020_P,30.0,20.0,20.0,10.0,80.0,DMU,53.33333333333334
DIAG_00128,stu_a5bfad12da785c7668445f02b035e7d0,CARLBL_D174EB3A71,2020_P,30.0,20.0,20.0,10.0,80.0,DMU,53.33333333333334
DIAG_00129,stu_6032055460f80a5421181e8c9173a14c,CARLBL_F041EA11A4,2020_P,40.0,10.0,40.0,20.0,110.0,DMU,73.33333333333333
DIAG_00130,stu_d2fd0f0b5d89b11f442a7a54ef4b1ca1,CARLBL_783067A8AC,2020_P,40.0,20.0,20.0,20.0,100.0,DMU,66.66666666666666
DIAG_00131,stu_80a66dba11792574167a70dc313d752f,,2020_P,40.0,40.0,30.0,20.0,130.0,DMU,86.66666666666667
DIAG_00132,stu_4ce240581db718b891f3b5981c15e82a,CARLBL_DAB7ED3371,2020_P,10.0,30.0,20.0,10.0,70.0,DMU,46.66666666666666
DIAG_00133,stu_7c0833531cb6a13b551744a596250045,,2020_P,40.0,20.0,20.0,20.0,100.0,DMU,66.66666666666666
DIAG_00134,stu_2d03ed5201f0032c44ac8fab5cfc7049,,2020_P,40.0,30.0,20.0,10.0,100.0,DMU,66.66666666666666
DIAG_00135,stu_05ca7eb4546626f8a1150e30887a633b,,2020_P,30.0,10.0,20.0,20.0,80.0,DMU,53.33333333333334
DIAG_00136,stu_d8514196546c8fc080c5b4f6da216682,,2020_P,40.0,40.0,10.0,30.0,120.0,DMU,80.0
DIAG_00137,stu_54e848530db10e9195204c7d5f586a66,CARLBL_4D358FAC4B,2020_P,20.0,30.0,40.0,10.0,100.0,DMU,66.66666666666666
DIAG_00138,stu_f925cb56cebc1da2555c55343a218f5a,CARLBL_4D358FAC4B,2020_P,30.0,20.0,0.0,20.0,70.0,DMU,46.66666666666666
DIAG_00139,stu_8f543ba74a2243768c6bf3d0a15b4b42,CARLBL_D174EB3A71,2020_P,20.0,30.0,20.0,20.0,90.0,DMU,60.0
DIAG_00140,stu_1841e423a655fabeefd9bc072dee6eb2,,2020_P,20.0,0.0,20.0,10.0,50.0,DMU,33.33333333333333
DIAG_00141,stu_69bfb0214c42de8ddf7b636587638f6e,CARLBL_F867BE971F,2020_P,20.0,20.0,0.0,0.0,40.0,DMU,26.66666666666667
DIAG_00142,stu_da75fcab339fc60e7581a892606afe84,CARLBL_F867BE971F,2020_P,20.0,30.0,10.0,0.0,60.0,DMU,40.0
DIAG_00143,stu_daf08a2af2873e7002eb888a77a2b8ea,,2020_P,40.0,30.0,30.0,20.0,120.0,DMU,80.0
DIAG_00144,stu_6dbce606dc771bd0fb5bc0f531747dde,,2020_P,40.0,40.0,40.0,10.0,130.0,DMU,86.66666666666667
DIAG_00145,stu_72314d9f8313be6941317fc0f620e79a,CARLBL_F867BE971F,2020_P,20.0,20.0,30.0,10.0,80.0,DMU,53.33333333333334
DIAG_00146,stu_79aba453f41e84e177fa7011aa7ea6f4,,2020_P,30.0,20.0,40.0,20.0,110.0,DMU,73.33333333333333
DIAG_00147,stu_97ebb092eafb60d9242e1efc69dd9448,,2020_P,30.0,20.0,30.0,0.0,80.0,DMU,53.33333333333334
DIAG_00148,stu_26c7d8272cf0a4a9ed2b3b83a8b76e43,,2020_P,40.0,20.0,20.0,10.0,90.0,DMU,60.0
DIAG_00149,stu_dd8c1daaea30457055af5521daa386b5,CARLBL_41179F062D,2020_P,20.0,20.0,30.0,10.0,80.0,DMU,53.33333333333334
DIAG_00150,stu_ef6206bc8935479d4d3b5fc4aa35342c,,2020_P,20.0,30.0,20.0,30.0,100.0,DMU,66.66666666666666
DIAG_00151,stu_46593678c6f720183df1aa0960a6c613,CARLBL_39611AFCAD,2020_P,10.0,20.0,20.0,10.0,60.0,DMU,40.0
DIAG_00152,stu_a1d08758e0561db9f4f507c015eb9eea,CARLBL_CC13F1BB98,2020_P,0.0,30.0,20.0,20.0,70.0,DMU,46.66666666666666
DIAG_00153,stu_dcbc0881a86d217cb0c68c1dfd6930b2,CARLBL_CC13F1BB98,2020_P,30.0,20.0,0.0,10.0,60.0,DMU,40.0
DIAG_00154,stu_9e0884b20aefde8bfd19c4a40f929fb5,CARLBL_F041EA11A4,2020_P,20.0,30.0,0.0,10.0,60.0,DMU,40.0
DIAG_00155,stu_335c5423c804591c09720856da75943a,CARLBL_39611AFCAD,2020_P,30.0,30.0,0.0,10.0,70.0,DMU,46.66666666666666
DIAG_00156,stu_8513484f403d36647aabd4ad03c16044,,2020_P,40.0,40.0,20.0,10.0,110.0,DMU,73.33333333333333
DIAG_00157,stu_bd9429606c7f73e33400d56db8d8c6e7,CARLBL_563A8FB47A,2020_P,30.0,10.0,10.0,20.0,70.0,DMU,46.66666666666666
DIAG_00158,stu_c9f772db31c4e44c820a0adf377dd10a,CARLBL_9FDFCF684F,2020_P,10.0,30.0,20.0,30.0,90.0,DMU,60.0
DIAG_00159,stu_98e26c4bdd8b2cf3404c910cb5a4103e,,2020_P,20.0,20.0,20.0,10.0,70.0,DMU,46.66666666666666
DIAG_00160,stu_3c306df5196f8958a793fd83dcc9d1c2,,2020_P,30.0,10.0,20.0,20.0,80.0,DMU,53.33333333333334
DIAG_00161,stu_392ceaeff76826dc1523d23c05b44c40,CARLBL_563A8FB47A,2020_P,30.0,30.0,20.0,0.0,80.0,DMU,53.33333333333334
DIAG_00162,stu_1831831405a1e4261b7eb83ac8d0ea72,CARLBL_4D358FAC4B,2020_P,0.0,10.0,0.0,20.0,30.0,DMU,20.0
DIAG_00163,stu_9d3f4c5923f12a01c58906d157c17fd3,CARLBL_F7A3F2E0E2,2020_P,10.0,0.0,10.0,10.0,30.0,DMU,20.0
DIAG_00164,stu_c19d7530748a9a5ac28a8c272de5c96e,,2020_P,20.0,40.0,10.0,20.0,90.0,DMU,60.0
DIAG_00165,stu_e5d6bad285b2a2c6da6a726c68b85bca,,2020_P,10.0,30.0,10.0,0.0,50.0,DMU,33.33333333333333
DIAG_00166,stu_edee3617e3b63a4faa144ae583fbac49,,2020_P,30.0,30.0,20.0,20.0,100.0,DMU,66.66666666666666
DIAG_00167,stu_3ae5471039a9cd997beb73178a34c53e,,2020_P,20.0,20.0,30.0,0.0,70.0,DMU,46.66666666666666
DIAG_00168,stu_6af73d63eba887ed94e7d83132338611,CARLBL_F041EA11A4,2020_P,30.0,40.0,20.0,10.0,100.0,DMU,66.66666666666666
DIAG_00169,stu_59fb48a36f2de82044340408d1bed678,CARLBL_9393C45E8D,2020_P,20.0,20.0,20.0,0.0,60.0,DMU,40.0
DIAG_00170,stu_8fd7903b81af45ecca0927f378824b9e,,2020_P,40.0,30.0,40.0,10.0,120.0,DMU,80.0
DIAG_00171,stu_ab460c52927a98c15c49d68c83233a26,,2020_P,30.0,40.0,20.0,10.0,100.0,DMU,66.66666666666666
DIAG_00172,stu_1ac6810dcdeb81b2158f79d37a9d4fef,,2020_P,30.0,30.0,10.0,0.0,70.0,DMU,46.66666666666666
DIAG_00173,stu_632a2b7b285728997f08175a64658783,,2020_P,20.0,20.0,20.0,10.0,70.0,DMU,46.66666666666666
DIAG_00174,stu_35ca6a4dd41a4fbc75a5eaf42eee8e64,CARLBL_ADFF4A692B,2020_P,20.0,30.0,10.0,0.0,60.0,DMU,40.0
DIAG_00175,stu_2b21b3eba4932bc5316c8f1400e9c423,,2020_P,20.0,10.0,30.0,10.0,70.0,DMU,46.66666666666666
DIAG_00176,stu_b88bbf214387f54a9260f3ed35772317,,2020_P,20.0,30.0,30.0,0.0,80.0,DMU,53.33333333333334
DIAG_00177,stu_1b3ddccf9695424807176661a72e5615,,2020_P,40.0,20.0,30.0,10.0,100.0,DMU,66.66666666666666
DIAG_00178,stu_03295e6a5cdf024746fbc8c4cd7adcb4,,2020_P,30.0,10.0,20.0,10.0,70.0,DMU,46.66666666666666
DIAG_00179,stu_ef3b7c044877ca98d7317b862dda78ef,,2020_P,30.0,10.0,30.0,0.0,70.0,DMU,46.66666666666666
DIAG_00180,stu_68a71c3e42fd0a0929e6d5ae790b22c2,,2020_P,0.0,40.0,10.0,10.0,60.0,DMU,40.0
DIAG_00181,stu_5a536da2e3587e5c90cd5fa7e0550ec1,CARLBL_563A8FB47A,2020_P,40.0,20.0,20.0,0.0,80.0,DMU,53.33333333333334
DIAG_00182,stu_e416d5e4fb11c61f156559fc486535ab,,2020_P,40.0,30.0,40.0,10.0,120.0,DMU,80.0
DIAG_00183,stu_873341e36be55c9a4e865e47ce25fa21,CARLBL_F041EA11A4,2020_P,40.0,30.0,30.0,30.0,130.0,DMU,86.66666666666667
DIAG_00184,stu_bfa3ec0db675d1a7c8cfdcb8892a447a,CARLBL_563A8FB47A,2020_P,20.0,10.0,30.0,20.0,80.0,DMU,53.33333333333334
DIAG_00185,stu_51ef322027a336833b01e3f6cdfaf0e1,CARLBL_255574A75E,2020_P,40.0,20.0,20.0,10.0,90.0,DMU,60.0
DIAG_00186,stu_a6268a6f2627530fd6d9d420d8aa3e3b,CARLBL_9393C45E8D,2020_P,20.0,20.0,20.0,0.0,60.0,DMU,40.0
DIAG_00187,stu_39dea27cc7015aaaf9778f70f87e5659,CARLBL_F041EA11A4,2020_P,10.0,20.0,10.0,10.0,50.0,DMU,33.33333333333333
DIAG_00188,stu_5393ccad9f77bd34b301ecf4be970a60,,2020_P,30.0,10.0,30.0,20.0,90.0,DMU,60.0
DIAG_00189,stu_16fccc1d88cf3da56bffd2d4b7929777,CARLBL_6264AD2D5A,2020_P,20.0,10.0,30.0,10.0,70.0,DMU,46.66666666666666
DIAG_00190,stu_80c4f6570bd88e2fa97de79dcf81ffeb,,2020_P,30.0,40.0,40.0,20.0,130.0,DMU,86.66666666666667
DIAG_00191,stu_b7e21d8882e519d21cba53ec692245d7,CARLBL_783067A8AC,2020_P,30.0,40.0,30.0,10.0,110.0,DMU,73.33333333333333
DIAG_00192,stu_e13818773049a5eec2074a49059e9cd0,CARLBL_9393C45E8D,2020_P,20.0,20.0,20.0,10.0,70.0,DMU,46.66666666666666
DIAG_00193,stu_10dba877703f46862b9f74e2f719e5e9,CARLBL_563A8FB47A,2020_P,20.0,30.0,10.0,10.0,70.0,DMU,46.66666666666666
DIAG_00194,stu_534af35c5e1711ba9fbc836a9611b46f,CARLBL_563A8FB47A,2020_P,30.0,10.0,0.0,10.0,50.0,DMU,33.33333333333333
DIAG_00195,stu_c44c6f30d31aab779600849cba93d151,CARLBL_41179F062D,2020_P,20.0,20.0,40.0,20.0,100.0,DMU,66.66666666666666
DIAG_00196,stu_3882f329d1a3791fb2bb906812729a4e,CARLBL_F041EA11A4,2020_P,40.0,30.0,30.0,30.0,130.0,DMU,86.66666666666667
DIAG_00197,stu_9fe8dd3ecdd05ab09ab9cdbe83652a46,,2020_P,30.0,20.0,40.0,10.0,100.0,DMU,66.66666666666666
DIAG_00198,stu_1e553da3e5928b1bf16081dcbc6106c3,,2020_P,10.0,30.0,0.0,20.0,60.0,DMU,40.0
DIAG_00199,stu_065f9a4bc79da765c8c0bdd74dcc0a5c,CARLBL_563A8FB47A,2020_P,20.0,20.0,0.0,10.0,50.0,DMU,33.33333333333333
DIAG_00200,stu_8c7df87f094bb17cd6dd51b5053d81d8,CARLBL_D174EB3A71,2020_P,20.0,20.0,40.0,20.0,100.0,DMU,66.66666666666666
DIAG_00201,stu_1dd261db0d758b1d89ea888c7d6ba25c,,2020_P,40.0,40.0,30.0,20.0,130.0,DMU,86.66666666666667
DIAG_00202,stu_b0781675dd2b7d91801dbf7acc0e571f,CARLBL_B3FCCAA8C1,2020_P,40.0,30.0,40.0,0.0,110.0,DMU,73.33333333333333
DIAG_00203,stu_ce8b51023df9fff1b4c1b1b1a3edb086,,2020_P,30.0,10.0,30.0,0.0,70.0,DMU,46.66666666666666
DIAG_00204,stu_c7c4a1b950f4c7160e1de01018c6e36b,,2020_P,20.0,0.0,10.0,20.0,50.0,DMU,33.33333333333333
DIAG_00205,stu_f23aacdb4e46d410caf355f241004cd7,,2020_P,40.0,30.0,30.0,30.0,130.0,DMU,86.66666666666667
DIAG_00206,stu_3fe7f5bbdf1835d25d14a7665e263494,CARLBL_563A8FB47A,2020_P,30.0,30.0,20.0,0.0,80.0,DMU,53.33333333333334
DIAG_00207,stu_a0c035bedfc4a26a42a9fa6dbdecfe0c,CARLBL_4D358FAC4B,2020_P,30.0,40.0,30.0,10.0,110.0,DMU,73.33333333333333
DIAG_00208,stu_6286f0fe93e915988b7cd9609c8be9c1,CARLBL_9393C45E8D,2020_P,20.0,30.0,40.0,10.0,100.0,DMU,66.66666666666666
DIAG_00209,stu_26da17f4ad20fc51692c5c4936712ead,CARLBL_41179F062D,2020_P,10.0,30.0,30.0,0.0,70.0,DMU,46.66666666666666
DIAG_00210,stu_b3b67cb566459a9545c052fe4178aa40,CARLBL_DAB7ED3371,2020_P,30.0,30.0,30.0,0.0,90.0,DMU,60.0
DIAG_00211,stu_487fc891c5be4fed606e1633b9a27fbd,CARLBL_255574A75E,2020_P,20.0,10.0,10.0,10.0,50.0,DMU,33.33333333333333
DIAG_00212,stu_ce29d323f54a52c5ddc1d245ffc9ac79,,2020_P,20.0,10.0,10.0,30.0,70.0,DMU,46.66666666666666
DIAG_00213,stu_32ec84eb4b1425c210fac4c46a41c60f,CARLBL_255574A75E,2020_P,20.0,10.0,40.0,0.0,70.0,DMU,46.66666666666666
DIAG_00214,stu_ef8e8e7671ce8207f95d722a01a04f31,CARLBL_783067A8AC,2020_P,30.0,40.0,30.0,0.0,100.0,DMU,66.66666666666666
DIAG_00215,stu_57d777079554d0d47189bd112231800e,CARLBL_F867BE971F,2020_P,40.0,30.0,0.0,10.0,80.0,DMU,53.33333333333334
DIAG_00216,stu_3812de5c8cb9ec74401f4e36c2a8e176,CARLBL_4D358FAC4B,2020_P,20.0,40.0,20.0,10.0,90.0,DMU,60.0
DIAG_00217,stu_aba7da9065c86a747033f5579e5e4150,,2020_P,30.0,40.0,30.0,0.0,100.0,DMU,66.66666666666666
DIAG_00218,stu_f0a1b592a2dcae56808ca7b255b8cb46,CARLBL_F7A3F2E0E2,2020_P,40.0,20.0,10.0,10.0,80.0,DMU,53.33333333333334
DIAG_00219,stu_b49aedb578621f8a529fca1bf893728b,CARLBL_18D189705C,2020_P,10.0,20.0,10.0,0.0,40.0,DMU,26.66666666666667
DIAG_00220,stu_e2bc0df50706a509dd569b8732a700dc,CARLBL_4D358FAC4B,2020_P,30.0,20.0,0.0,10.0,60.0,DMU,40.0
DIAG_00221,stu_14a4310324a15ad592f08930f34566e7,,2020_P,30.0,20.0,30.0,10.0,90.0,DMU,60.0
DIAG_00222,stu_b6afa609891abf5c38d776d7db5f7074,CARLBL_4D358FAC4B,2020_P,20.0,20.0,10.0,10.0,60.0,DMU,40.0
DIAG_00223,stu_1bcfc837b06481d528e03e1098b5e582,CARLBL_D174EB3A71,2020_P,30.0,30.0,40.0,0.0,100.0,DMU,66.66666666666666
DIAG_00224,stu_f2455474e5b4f0fa708e9664874cac9a,CARLBL_41179F062D,2020_P,20.0,30.0,0.0,10.0,60.0,DMU,40.0
DIAG_00225,stu_23e5863a2684baeab280aaf3e4674530,,2020_P,30.0,0.0,10.0,10.0,50.0,DMU,33.33333333333333
DIAG_00226,stu_eb2aaff6f779cd504b7ae253f30be3a2,CARLBL_BD76F0F196,2020_P,20.0,30.0,0.0,10.0,60.0,DMU,40.0
DIAG_00227,stu_01b4afb5bc0c6827e53694fa14515928,CARLBL_F867BE971F,2020_P,20.0,30.0,40.0,10.0,100.0,DMU,66.66666666666666
DIAG_00228,stu_32d715e0a6635e0d9f5756a91b81bb82,,2020_P,10.0,10.0,10.0,20.0,50.0,DMU,33.33333333333333
DIAG_00229,stu_840fce26371dc660a3e65b57ae1e3843,CARLBL_6264AD2D5A,2020_P,20.0,20.0,20.0,10.0,70.0,DMU,46.66666666666666
DIAG_00230,stu_0c6067e24da8e0d964d68d4056006cd5,CARLBL_28FD56FF33,2020_P,40.0,30.0,10.0,0.0,80.0,DMU,53.33333333333334
DIAG_00231,stu_71717f59411ffef4d16c4a53d47c121c,CARLBL_F867BE971F,2020_P,20.0,20.0,10.0,0.0,50.0,DMU,33.33333333333333
DIAG_00232,stu_3013b6fa69bff0af86642cf745191ff5,CARLBL_563A8FB47A,2020_P,40.0,10.0,10.0,0.0,60.0,DMU,40.0
DIAG_00233,stu_96455fe49aa2546dfb5f047273551926,CARLBL_CC13F1BB98,2020_P,20.0,30.0,30.0,10.0,90.0,DMU,60.0
DIAG_00234,stu_d7474c346a4ad49f4f84f498c8850666,,2020_P,40.0,30.0,30.0,10.0,110.0,DMU,73.33333333333333
DIAG_00235,stu_4175bbcaa0b1692d7829e81b349daf43,CARLBL_9FDFCF684F,2020_P,30.0,30.0,30.0,10.0,100.0,DMU,66.66666666666666
DIAG_00236,stu_bc4a83ece2fb6ad23b82606795a0dcda,CARLBL_F041EA11A4,2020_P,30.0,40.0,30.0,20.0,120.0,DMU,80.0
DIAG_00237,stu_76c8760a8748a84d3ac7a2b700d3b164,,2020_P,30.0,30.0,40.0,20.0,120.0,DMU,80.0
DIAG_00238,stu_b6a71ccec74aadb6f9ae1c5b50943655,CARLBL_D174EB3A71,2020_P,40.0,40.0,30.0,10.0,120.0,DMU,80.0
DIAG_00239,stu_f1ad56034041a6fcd6141053379dfe1b,,2020_P,0.0,20.0,30.0,20.0,70.0,DMU,46.66666666666666
DIAG_00240,stu_3c530583a8b82a936e2647a88d56b492,,2020_P,0.0,10.0,30.0,0.0,40.0,DMU,26.66666666666667
DIAG_00241,stu_9c2ab76f26f6f153680a9158debb48b1,CARLBL_41179F062D,2020_P,10.0,30.0,30.0,0.0,70.0,DMU,46.66666666666666
DIAG_00242,stu_0de9d10969f66abe6f21878a11daeeda,,2020_P,10.0,10.0,10.0,10.0,40.0,DMU,26.66666666666667
DIAG_00243,stu_1372c8d03efe90d45759768eacbef593,CARLBL_F7A3F2E0E2,2020_P,40.0,30.0,20.0,10.0,100.0,DMU,66.66666666666666
DIAG_00244,stu_c5fe83ae67b727ddef380cd78201ac49,,2020_P,20.0,10.0,10.0,10.0,50.0,DMU,33.33333333333333
DIAG_00245,stu_8a75ae4ec0f32a4681a7433e83a26113,,2020_P,30.0,30.0,40.0,20.0,120.0,DMU,80.0
DIAG_00246,stu_7e6a7df3503c5f591412ab40e97fafa2,,2020_P,20.0,10.0,20.0,20.0,70.0,DMU,46.66666666666666
DIAG_00247,stu_048584ca86984f4894369271d0e646a8,CARLBL_6264AD2D5A,2020_P,20.0,20.0,40.0,10.0,90.0,DMU,60.0
DIAG_00248,stu_be744b3c7eef5d4a30d6ae42aeae8829,CARLBL_F041EA11A4,2020_P,40.0,40.0,40.0,20.0,140.0,DMU,93.33333333333333
DIAG_00249,stu_b7e88d2e4885ac141afbece92a0a7ecd,CARLBL_4D358FAC4B,2020_P,10.0,40.0,20.0,20.0,90.0,DMU,60.0
DIAG_00250,stu_04f24dbd047cb373c8b1dbaac6024ace,CARLBL_CC13F1BB98,2020_P,10.0,10.0,20.0,10.0,50.0,DMU,33.33333333333333
DIAG_00251,stu_70f3a45fbad1288604c55042162403ce,CARLBL_DAB7ED3371,2020_P,10.0,30.0,10.0,0.0,50.0,DMU,33.33333333333333
DIAG_00252,stu_9ec77b426a954eaed76da1c4ac859d2c,CARLBL_F041EA11A4,2020_P,20.0,10.0,0.0,20.0,50.0,DMU,33.33333333333333
DIAG_00253,stu_ae89f062c9b0704eb751302132090d29,CARLBL_F7A3F2E0E2,2020_P,30.0,10.0,20.0,20.0,80.0,DMU,53.33333333333334
DIAG_00254,stu_9a180b7f09f0d8dbe120af968c48417a,CARLBL_563A8FB47A,2020_P,20.0,30.0,10.0,10.0,70.0,DMU,46.66666666666666
DIAG_00255,stu_135c124e946d2f6a652af0c706e42405,,2020_P,30.0,30.0,30.0,10.0,100.0,DMU,66.66666666666666
DIAG_00256,stu_23adc2c77100401a49b445642472bc03,CARLBL_F041EA11A4,2020_P,30.0,40.0,10.0,0.0,80.0,DMU,53.33333333333334
DIAG_00257,stu_73457fe1ef11e9758439dc91d0d271f8,,2020_P,40.0,40.0,10.0,30.0,120.0,DMU,80.0
DIAG_00258,stu_8ecfcbe7550f0d468c72decfe834baf1,,2020_P,20.0,30.0,20.0,30.0,100.0,DMU,66.66666666666666
DIAG_00259,stu_7668e3faf613a5e0d457390ed6908632,,2020_P,40.0,10.0,10.0,0.0,60.0,DMU,40.0
DIAG_00260,stu_ec9404e038e2330eedbe0da0373e8e36,CARLBL_F7A3F2E0E2,2020_P,30.0,20.0,40.0,0.0,90.0,DMU,60.0
DIAG_00261,stu_4080dc45229218b9d711b8c9399ccb6c,CARLBL_4D358FAC4B,2020_P,20.0,30.0,30.0,10.0,90.0,DMU,60.0
DIAG_00262,stu_e401d09f4ebeab27a4759ee2fa305cdc,,2020_P,30.0,40.0,40.0,20.0,130.0,DMU,86.66666666666667
DIAG_00263,stu_8e9027cbcb54af67601a35663db4c666,CARLBL_ADFF4A692B,2020_P,40.0,20.0,20.0,10.0,90.0,DMU,60.0
DIAG_00264,stu_999339079f4db0ab2af68bc9e2d984b1,,2020_P,40.0,30.0,40.0,20.0,130.0,DMU,86.66666666666667
DIAG_00265,stu_e53ac16732fea16c0a37fbe2025dbb51,,2020_P,20.0,30.0,40.0,0.0,90.0,DMU,60.0
DIAG_00266,stu_2fd6a5e57799f48b76e03f4b71962b13,,2020_P,20.0,20.0,10.0,0.0,50.0,DMU,33.33333333333333
DIAG_00267,stu_5674164dd73fa5e314564b88e18c2cdf,,2020_P,20.0,10.0,20.0,0.0,50.0,DMU,33.33333333333333
DIAG_00268,stu_174075d4ec2a5d2aa25166609d7f4e7e,,2020_P,30.0,10.0,20.0,20.0,80.0,DMU,53.33333333333334
DIAG_00269,stu_4c583db4e7679e1516b7a722a80bc7fa,CARLBL_9393C45E8D,2020_P,30.0,20.0,30.0,0.0,80.0,DMU,53.33333333333334
DIAG_00270,stu_273089dae226b98a3d87de2542c75c1d,,2020_P,0.0,10.0,10.0,20.0,40.0,DMU,26.66666666666667
DIAG_00271,stu_ff943fa76d7af7d7489c9bcfaec2d6bc,CARLBL_5B99AB135B,2020_P,20.0,10.0,20.0,30.0,80.0,DMU,53.33333333333334
DIAG_00272,stu_b840484ae16dd8ca21b08d4e7ee16720,CARLBL_F041EA11A4,2020_P,40.0,30.0,40.0,10.0,120.0,DMU,80.0
DIAG_00273,stu_1ed25b0c2101d8cfc510dc6f5c50649c,CARLBL_9393C45E8D,2020_P,20.0,20.0,20.0,0.0,60.0,DMU,40.0
DIAG_00274,stu_b10bf07934033a46a43ee51ba573e030,,2020_P,20.0,10.0,20.0,30.0,80.0,DMU,53.33333333333334
DIAG_00275,stu_a618d125c7ff51c0edf6efc00839ae94,,2020_P,10.0,30.0,0.0,10.0,50.0,DMU,33.33333333333333
DIAG_00276,stu_2ac2aaaf3e07923a97cc29f7b0b8d978,CARLBL_DAB7ED3371,2020_P,10.0,30.0,10.0,10.0,60.0,DMU,40.0
DIAG_00277,stu_21cdd0bb09fb1034df722659cbac2eb6,CARLBL_56B3A1BFE0,2020_P,10.0,10.0,10.0,10.0,40.0,DMU,26.66666666666667
DIAG_00278,stu_3fd888df91003ec4638a61f3ca0ec6ef,,2020_P,30.0,30.0,10.0,20.0,90.0,DMU,60.0
DIAG_00279,stu_52b4af74955c5d29d99b101c669895af,,2020_P,30.0,20.0,30.0,0.0,80.0,DMU,53.33333333333334
DIAG_00280,stu_05d4243a02bff22e241f85d6985d5770,CARLBL_AA24E93890,2020_P,30.0,20.0,10.0,10.0,70.0,DMU,46.66666666666666
DIAG_00281,stu_0229b99e159e8d1ce75ed90d2bfb6d33,,2020_P,20.0,20.0,10.0,10.0,60.0,DMU,40.0
DIAG_00282,stu_1703d8df428c31d7b0497355cb8f9aeb,CARLBL_41179F062D,2020_P,20.0,10.0,20.0,10.0,60.0,DMU,40.0
DIAG_00283,stu_1538835d6459c61548cbedb6b49868d7,,2020_P,30.0,30.0,20.0,20.0,100.0,DMU,66.66666666666666
DIAG_00284,stu_2d2c74d3f5628f59c46ffde426b01fe7,CARLBL_F7A3F2E0E2,2020_P,0.0,0.0,20.0,0.0,20.0,DMU,13.33333333333333
DIAG_00285,stu_271ad2934a0edec64e47d483455c58f6,CARLBL_4D358FAC4B,2020_P,20.0,20.0,20.0,10.0,70.0,DMU,46.66666666666666
DIAG_00286,stu_70f54ae7e407a8a228218c0de095f630,,2020_P,0.0,20.0,0.0,10.0,30.0,DMU,20.0
DIAG_00287,stu_a32e36f614a77c6a69ad11033759bcf0,CARLBL_9393C45E8D,2020_P,10.0,20.0,20.0,10.0,60.0,DMU,40.0
DIAG_00288,stu_5c8ba8c81c88ea6091243882aa44b070,CARLBL_CC13F1BB98,2020_P,10.0,30.0,20.0,10.0,70.0,DMU,46.66666666666666
DIAG_00289,stu_530ce2e1b0a78bdeeadf80a29a732451,,2020_P,30.0,10.0,20.0,0.0,60.0,DMU,40.0
DIAG_00290,stu_46c9f54619d221d76933bfbfc3f55fa7,CARLBL_F867BE971F,2020_P,30.0,10.0,10.0,20.0,70.0,DMU,46.66666666666666
DIAG_00291,stu_fd8d70e2e52abd93dc48f9e6c617726e,CARLBL_DAB7ED3371,2020_P,10.0,30.0,10.0,10.0,60.0,DMU,40.0
DIAG_00292,stu_cdb6e832d3d60f6e573984fc5d61a1ba,CARLBL_AA24E93890,2020_P,30.0,40.0,20.0,20.0,110.0,DMU,73.33333333333333
DIAG_00293,stu_9bcb94bddca120caedd8a938ae342683,CARLBL_DAB7ED3371,2020_P,20.0,10.0,10.0,10.0,50.0,DMU,33.33333333333333
DIAG_00294,stu_adf51d45a5d0560b642bf965c8f57067,CARLBL_BD76F0F196,2020_P,40.0,10.0,30.0,10.0,90.0,DMU,60.0
DIAG_00295,stu_a7d8726eee0198da73205d35c4fbf908,CARLBL_255574A75E,2020_P,40.0,30.0,20.0,20.0,110.0,DMU,73.33333333333333
DIAG_00296,stu_5ce6a00e91d4d7c74bab4513db1703a5,,2020_P,10.0,20.0,20.0,10.0,60.0,DMU,40.0
DIAG_00297,stu_849ed0541ac4a1c452195497bdf72038,CARLBL_BD76F0F196,2020_P,40.0,30.0,10.0,0.0,80.0,DMU,53.33333333333334
DIAG_00298,stu_75fc097fa0bf430417abb6c66a14f071,CARLBL_255574A75E,2020_P,10.0,10.0,10.0,0.0,30.0,DMU,20.0
DIAG_00299,stu_eb1ca6729a68e568f19a7c1493a5b1ad,,2020_P,30.0,20.0,20.0,0.0,70.0,DMU,46.66666666666666
DIAG_00300,stu_dce8acb17c998ddca571f55a91e85c6b,CARLBL_CC13F1BB98,2020_P,20.0,20.0,30.0,20.0,90.0,DMU,60.0
DIAG_00301,stu_defa3a7091a67116c29cd41e6399c387,CARLBL_563A8FB47A,2020_P,40.0,10.0,40.0,0.0,90.0,DMU,60.0
DIAG_00302,stu_f20c0c7f5173114de8dd931f6012c76d,,2020_P,40.0,20.0,40.0,10.0,110.0,DMU,73.33333333333333
DIAG_00303,stu_951843bdbb6bf603e00fcb9294e2bcfa,CARLBL_9FDFCF684F,2020_P,40.0,40.0,40.0,30.0,150.0,DMU,100.0
DIAG_00304,stu_dc09bd47b9f3c43611c3207b63b3bcba,CARLBL_BD76F0F196,2020_P,20.0,20.0,10.0,0.0,50.0,DMU,33.33333333333333
DIAG_00305,stu_8e71061d651051966eb044e02477722c,CARLBL_F041EA11A4,2020_P,40.0,20.0,30.0,0.0,90.0,DMU,60.0
DIAG_00306,stu_4005d1deaf771cc1df0eaf951ed2a4fe,,2020_P,40.0,20.0,40.0,20.0,120.0,DMU,80.0
DIAG_00307,stu_6101e791bdb500ee993dc02e4d6d74c1,,2020_P,20.0,0.0,10.0,20.0,50.0,DMU,33.33333333333333
DIAG_00308,stu_e64a5526dd3cf58e6706fad36090ccbc,CARLBL_563A8FB47A,2020_P,10.0,20.0,30.0,10.0,70.0,DMU,46.66666666666666
DIAG_00309,stu_573c089881ec9008cb283028cbaa0322,CARLBL_DAB7ED3371,2020_P,30.0,40.0,20.0,20.0,110.0,DMU,73.33333333333333
DIAG_00310,stu_5dbb8a68fd2a11159517a36c5b29eb79,CARLBL_F041EA11A4,2020_P,40.0,30.0,30.0,10.0,110.0,DMU,73.33333333333333
DIAG_00311,stu_bfcd8cf9062fa68284ee207fa4ff14f3,,2020_P,30.0,30.0,30.0,20.0,110.0,DMU,73.33333333333333
DIAG_00312,stu_4f33b8aa6a17b638fedc679c665976fb,CARLBL_F041EA11A4,2020_P,20.0,30.0,30.0,10.0,90.0,DMU,60.0
DIAG_00313,stu_30fa31a2e9c8563b9484a65085acfa83,CARLBL_783067A8AC,2020_P,40.0,30.0,20.0,10.0,100.0,DMU,66.66666666666666
DIAG_00314,stu_edafb699e73e1ec76907716d8dfe1755,CARLBL_4D358FAC4B,2020_P,30.0,20.0,20.0,20.0,90.0,DMU,60.0
DIAG_00315,stu_8db35d01cf13804dfb499b0f7ca85175,,2020_P,40.0,20.0,30.0,30.0,120.0,DMU,80.0
DIAG_00316,stu_d12e050df98d69a06159e060f30e74f0,,2020_P,20.0,0.0,10.0,0.0,30.0,DMU,20.0
DIAG_00317,stu_178e1548151d0e732c32b047185d88e9,CARLBL_9FDFCF684F,2020_P,30.0,10.0,20.0,0.0,60.0,DMU,40.0
DIAG_00318,stu_d5af0f928e3e7c6274dbb876f0580655,CARLBL_F041EA11A4,2020_P,30.0,40.0,30.0,30.0,130.0,DMU,86.66666666666667
DIAG_00319,stu_c81b21ae11f708eeccaeb24f89afe1fc,CARLBL_255574A75E,2020_P,30.0,20.0,20.0,10.0,80.0,DMU,53.33333333333334
DIAG_00320,stu_7c33072b77b60ad4828aaf0e4eb479ae,CARLBL_4D358FAC4B,2020_P,30.0,20.0,10.0,0.0,60.0,DMU,40.0
DIAG_00321,stu_eeb0a884d91fbef85896fbfc52cbe786,,2020_P,10.0,0.0,0.0,10.0,20.0,DMU,13.33333333333333
DIAG_00322,stu_0aad5ed9f29494b7d0f2474f9da9b310,,2020_P,10.0,10.0,40.0,10.0,70.0,DMU,46.66666666666666
DIAG_00323,stu_1d477bc88da7d129278099c05283e2a5,,2020_P,10.0,20.0,10.0,10.0,50.0,DMU,33.33333333333333
DIAG_00324,stu_e9c4d1cdba20f563b8b7664bc76ba851,,2020_P,30.0,30.0,40.0,20.0,120.0,DMU,80.0
DIAG_00325,stu_d03ac3594a1ab7d778ee7a0c73f4acd3,CARLBL_5B99AB135B,2020_P,0.0,20.0,10.0,0.0,30.0,DMU,20.0
DIAG_00326,stu_38a10a8ab8c3f6ba1973b50d13cee125,,2020_P,40.0,40.0,30.0,10.0,120.0,DMU,80.0
DIAG_00327,stu_5493464cf797bf5bf8e2a07fc15e8059,,2020_P,10.0,10.0,20.0,10.0,50.0,DMU,33.33333333333333
DIAG_00328,stu_1ba241101662f2531772017b0819826e,,2020_P,30.0,10.0,20.0,0.0,60.0,DMU,40.0
DIAG_00329,stu_1411142a07c6300b5e493b7076eea625,CARLBL_DAB7ED3371,2020_P,30.0,10.0,10.0,10.0,60.0,DMU,40.0
DIAG_00330,stu_d99545007172de9f35b26434d40d74e0,CARLBL_4D358FAC4B,2020_P,20.0,20.0,30.0,10.0,80.0,DMU,53.33333333333334
DIAG_00331,stu_4249064b43b4e88f56fec43acf019217,,2020_P,20.0,10.0,30.0,0.0,60.0,DMU,40.0
DIAG_00332,stu_dae61923a48256931bfbdbbc20c8cbaf,CARLBL_28FD56FF33,2020_P,10.0,10.0,30.0,20.0,70.0,DMU,46.66666666666666
DIAG_00333,stu_40ae85277168137ab9ca4a1939f20472,,2020_P,40.0,20.0,30.0,20.0,110.0,DMU,73.33333333333333
DIAG_00334,stu_7d27340635ef4e235f3fca5bfec9d1a7,CARLBL_28FD56FF33,2020_P,20.0,40.0,40.0,10.0,110.0,DMU,73.33333333333333
DIAG_00335,stu_b1e249d9e8814fa7d966c6cf663e6be7,,2020_P,40.0,30.0,40.0,20.0,130.0,DMU,86.66666666666667
DIAG_00336,stu_43ca488ebc4705685cc97919b2ee0b0b,CARLBL_41179F062D,2020_P,10.0,30.0,40.0,20.0,100.0,DMU,66.66666666666666
DIAG_00337,stu_12f6060600903b4c7edc87d3d48cfc33,CARLBL_41179F062D,2020_P,20.0,40.0,20.0,10.0,90.0,DMU,60.0
DIAG_00338,stu_c999700f6509618c37e7766a1e67d984,CARLBL_F041EA11A4,2020_P,40.0,30.0,10.0,0.0,80.0,DMU,53.33333333333334
DIAG_00339,stu_dc71d44108045b53af5c52b18950280a,CARLBL_F041EA11A4,2020_P,30.0,10.0,20.0,0.0,60.0,DMU,40.0
DIAG_00340,stu_6395538b8c81929450225e98883d6701,CARLBL_4D358FAC4B,2020_P,20.0,10.0,20.0,10.0,60.0,DMU,40.0
DIAG_00341,stu_46a04dee48a6d0f1418fabc5bcfd9de3,,2020_P,40.0,20.0,10.0,10.0,80.0,DMU,53.33333333333334
DIAG_00342,stu_57fa5fc8826e4e928391ba8d3241706a,CARLBL_F041EA11A4,2020_P,20.0,20.0,30.0,0.0,70.0,DMU,46.66666666666666
DIAG_00343,stu_61c6ce261ed15a1270d9c488c3436ed0,CARLBL_F7A3F2E0E2,2020_P,40.0,40.0,40.0,10.0,130.0,DMU,86.66666666666667
DIAG_00344,stu_86abad4cbe910b138f94bec2bd5116ac,,2020_P,30.0,10.0,40.0,10.0,90.0,DMU,60.0
DIAG_00345,stu_e172dc08c9a5a6f45be3179dc206a240,,2020_P,10.0,0.0,40.0,10.0,60.0,DMU,40.0
DIAG_00346,stu_a1096211020ddbd00717b7c501c06efe,CARLBL_BD76F0F196,2020_P,30.0,10.0,0.0,20.0,60.0,DMU,40.0
DIAG_00347,stu_c8e12a0cd8a01c9116e43362bb8f2bd8,CARLBL_1D36359214,2020_P,30.0,30.0,20.0,0.0,80.0,DMU,53.33333333333334
DIAG_00348,stu_600f55615d3de65e74bfd7fae07d0422,CARLBL_783067A8AC,2020_P,40.0,40.0,30.0,0.0,110.0,DMU,73.33333333333333
DIAG_00349,stu_c9de2793304fb369c410635c308b97bf,CARLBL_F7A3F2E0E2,2020_P,30.0,40.0,20.0,10.0,100.0,DMU,66.66666666666666
DIAG_00350,stu_e92fd0838fe5c4b2e44595a0f175f066,CARLBL_F041EA11A4,2020_P,10.0,20.0,10.0,10.0,50.0,DMU,33.33333333333333
DIAG_00351,stu_67a49df28af0d026e6af287b5e7c39ed,,2020_P,40.0,30.0,20.0,0.0,90.0,DMU,60.0
DIAG_00352,stu_16a85e6088d8f7d31af85983a3d49218,,2020_P,0.0,20.0,30.0,10.0,60.0,DMU,40.0
DIAG_00353,stu_b48f3bbfcf1170c3e7c0b41bf62f2538,CARLBL_6264AD2D5A,2020_P,30.0,40.0,20.0,20.0,110.0,DMU,73.33333333333333
DIAG_00354,stu_928ed8d8002574223ba627b51c447ab6,,2020_P,30.0,40.0,10.0,0.0,80.0,DMU,53.33333333333334
DIAG_00355,stu_72fe6c72bf61878a251e2f06c2ef1f60,CARLBL_255574A75E,2020_P,30.0,10.0,20.0,20.0,80.0,DMU,53.33333333333334
DIAG_00356,stu_0d73d6d2119599e48c03a1ea1b9bd9f2,CARLBL_4D358FAC4B,2020_P,20.0,20.0,20.0,0.0,60.0,DMU,40.0
DIAG_00357,stu_3840833d6aad929895ff4d6eeb243b2d,CARLBL_F041EA11A4,2020_P,30.0,40.0,20.0,20.0,110.0,DMU,73.33333333333333
DIAG_00358,stu_a845a911b67ee81725b8ccabbbb2b8e8,CARLBL_4D358FAC4B,2020_P,30.0,20.0,10.0,0.0,60.0,DMU,40.0
DIAG_00359,stu_c7ebfe1864dce5da4dfd11621daeaf3c,CARLBL_255574A75E,2020_P,20.0,0.0,10.0,0.0,30.0,DMU,20.0
DIAG_00360,stu_a7d94989a881677aa9199b7c9f24a96f,,2020_P,10.0,30.0,20.0,0.0,60.0,DMU,40.0
DIAG_00361,stu_f2aacc7a4c6541be2a40d6d0887221a8,,2020_P,10.0,40.0,30.0,20.0,100.0,DMU,66.66666666666666
DIAG_00362,stu_004d27b300b9c4f7f4d4de094bf2b1b2,,2020_P,20.0,30.0,40.0,20.0,110.0,DMU,73.33333333333333
DIAG_00363,stu_a67efb43934fbcd309210724b9d360bf,CARLBL_F041EA11A4,2020_P,40.0,40.0,30.0,10.0,120.0,DMU,80.0
DIAG_00364,stu_03375ef956ffc1068dc93274ed1c3603,CARLBL_D174EB3A71,2020_P,40.0,20.0,40.0,10.0,110.0,DMU,73.33333333333333
DIAG_00365,stu_c2bc5205339de6bf07c3a063e22dfc45,CARLBL_9FDFCF684F,2020_P,10.0,10.0,20.0,20.0,60.0,DMU,40.0
DIAG_00366,stu_7e236e6402e1e69d776f312a26eba74f,CARLBL_255574A75E,2020_P,30.0,10.0,10.0,0.0,50.0,DMU,33.33333333333333
DIAG_00367,stu_c4c1a08272dd7a53fafa49e2d2bdbb1f,CARLBL_DAB7ED3371,2020_P,20.0,10.0,20.0,0.0,50.0,DMU,33.33333333333333
DIAG_00368,stu_5774f42f17ac834fdbb5873881920a9e,,2020_P,20.0,20.0,30.0,30.0,100.0,DMU,66.66666666666666
DIAG_00369,stu_e3c291952be0a397df241580e1bf2ad2,CARLBL_F041EA11A4,2020_P,40.0,30.0,20.0,10.0,100.0,DMU,66.66666666666666
DIAG_00370,stu_b2096464cf37274eb60c699e9b7bc9af,CARLBL_28FD56FF33,2020_P,10.0,10.0,10.0,0.0,30.0,DMU,20.0
DIAG_00371,stu_c93e1115814f5968c39895871197b581,,2020_P,10.0,20.0,20.0,0.0,50.0,DMU,33.33333333333333
DIAG_00372,stu_1ab1eddceef0bdf628932365992c330a,,2020_P,20.0,20.0,40.0,10.0,90.0,DMU,60.0
DIAG_00373,stu_83c55b87bcd45e114aeae74213e0b12c,CARLBL_F041EA11A4,2020_P,40.0,40.0,20.0,20.0,120.0,DMU,80.0
DIAG_00374,stu_95386d719eb45b11b186518ec8e20ab3,CARLBL_F041EA11A4,2020_P,20.0,20.0,20.0,20.0,80.0,DMU,53.33333333333334
DIAG_00375,stu_f918ca820a2d2716e190ccf264b9a940,,2020_P,40.0,10.0,10.0,10.0,70.0,DMU,46.66666666666666
DIAG_00376,stu_8edf19efd21fc188b53a181516da961c,CARLBL_9FDFCF684F,2020_P,30.0,10.0,40.0,20.0,100.0,DMU,66.66666666666666
DIAG_00377,stu_4b5c9dbf87690d2e964bba1e18f02615,CARLBL_DAB7ED3371,2020_P,20.0,0.0,20.0,0.0,40.0,DMU,26.66666666666667
DIAG_00378,stu_8d1f9e0af61fef734864a022750f0008,CARLBL_9393C45E8D,2020_P,20.0,30.0,30.0,20.0,100.0,DMU,66.66666666666666
DIAG_00379,stu_70e247f529b532f03d37e5f1e8e11082,,2020_P,10.0,40.0,30.0,10.0,90.0,DMU,60.0
DIAG_00380,stu_eb360594b9f5e9bd704efe6732f3b47f,CARLBL_CC13F1BB98,2020_P,30.0,30.0,40.0,0.0,100.0,DMU,66.66666666666666
DIAG_00381,stu_a7444b18b53cd29674c61616cfc3dd78,,2020_P,20.0,20.0,20.0,20.0,80.0,DMU,53.33333333333334
DIAG_00382,stu_4739a843fbf114a8e03667efdb9a2f6c,CARLBL_F041EA11A4,2020_P,30.0,20.0,30.0,20.0,100.0,DMU,66.66666666666666
DIAG_00383,stu_e4a6ad3c2b6d5e9ffecbd10997fdf7d7,,2020_P,10.0,10.0,10.0,20.0,50.0,DMU,33.33333333333333
DIAG_00384,stu_489679f107b11111049c0d59722d9c63,CARLBL_F041EA11A4,2020_P,30.0,30.0,20.0,0.0,80.0,DMU,53.33333333333334
DIAG_00385,stu_8d6832ef36aec77c8310d4f5094640ae,CARLBL_F041EA11A4,2020_P,30.0,20.0,30.0,0.0,80.0,DMU,53.33333333333334
DIAG_00386,stu_46bc99daaaa5fdc87c2c12c001c8cc14,,2020_P,30.0,30.0,10.0,20.0,90.0,DMU,60.0
DIAG_00387,stu_021f63efae958d606afc0bada7dc6d3f,CARLBL_D174EB3A71,2020_P,10.0,10.0,30.0,20.0,70.0,DMU,46.66666666666666
DIAG_00388,stu_03a8e2e6f3c8eec3f9e82436c262ee50,CARLBL_4D358FAC4B,2020_P,30.0,10.0,10.0,20.0,70.0,DMU,46.66666666666666
DIAG_00389,stu_be29ce26ff2163d8ef73514d6eef5460,CARLBL_4D358FAC4B,2020_P,10.0,10.0,40.0,0.0,60.0,DMU,40.0
DIAG_00390,stu_ba04f1f0928b5795361995bd54fd5f1d,,2020_P,40.0,30.0,40.0,10.0,120.0,DMU,80.0
DIAG_00391,stu_dabc02f23934e5ab2f23571caf02de6e,CARLBL_D174EB3A71,2020_P,30.0,30.0,20.0,0.0,80.0,DMU,53.33333333333334
DIAG_00392,stu_5f51ac8736b40f5cdef7ef39ea370fff,CARLBL_F041EA11A4,2020_P,30.0,20.0,30.0,10.0,90.0,DMU,60.0
DIAG_00393,stu_961c8b75e695ff36accbb440285ac27f,CARLBL_4D358FAC4B,2020_P,20.0,20.0,30.0,10.0,80.0,DMU,53.33333333333334
DIAG_00394,stu_cea3c302d64d85c731bc0af697626756,CARLBL_28FD56FF33,2020_P,30.0,30.0,10.0,10.0,80.0,DMU,53.33333333333334
DIAG_00395,stu_be9736e442003628aceca82a87bfe8a8,,2020_P,30.0,20.0,30.0,10.0,90.0,DMU,60.0
DIAG_00396,stu_8ef075665bdb85ac49b6b6557fa4c6c5,CARLBL_255574A75E,2020_P,30.0,30.0,20.0,20.0,100.0,DMU,66.66666666666666
DIAG_00397,stu_aace0ae233e33fd97e17f3980ccd9bd2,CARLBL_DAB7ED3371,2020_P,30.0,10.0,30.0,20.0,90.0,DMU,60.0
DIAG_00398,stu_c38904dd51dcb256f9943e4e99fd3df0,,2020_P,30.0,20.0,30.0,10.0,90.0,DMU,60.0
DIAG_00399,stu_7a8fb7b88f2f94150c703357633046e6,,2020_P,20.0,30.0,10.0,10.0,70.0,DMU,46.66666666666666
DIAG_00400,stu_2780253af03b79c610985c76a8792ba4,,2020_P,20.0,20.0,20.0,10.0,70.0,DMU,46.66666666666666
DIAG_00401,stu_f95d6776fb74bc4e9206ff05be6d474c,,2020_P,20.0,20.0,30.0,10.0,80.0,DMU,53.33333333333334
DIAG_00402,stu_aa658cd7bffa596b41ead592fe884293,CARLBL_ADFF4A692B,2020_P,20.0,10.0,40.0,20.0,90.0,DMU,60.0
DIAG_00403,stu_970a333c15c150376b194ab21c7603bc,CARLBL_CC13F1BB98,2020_P,30.0,40.0,30.0,10.0,110.0,DMU,73.33333333333333
DIAG_00404,stu_86d81fa7d58fdb17d41d545da8ce4061,CARLBL_255574A75E,2020_P,10.0,20.0,10.0,10.0,50.0,DMU,33.33333333333333
DIAG_00405,stu_485e0651ddf472da19c9274885b3aabb,CARLBL_9393C45E8D,2020_P,30.0,30.0,30.0,30.0,120.0,DMU,80.0
DIAG_00406,stu_423ef65be9b171d1d5ad79f64afa5184,CARLBL_41179F062D,2020_P,0.0,20.0,30.0,10.0,60.0,DMU,40.0
DIAG_00407,stu_0b782808753d702684bfcae028c80029,CARLBL_DAB7ED3371,2020_P,20.0,0.0,10.0,10.0,40.0,DMU,26.66666666666667
DIAG_00408,stu_ff00da3e0565cb94fa4fdd98d1d018fb,,2020_P,30.0,30.0,30.0,20.0,110.0,DMU,73.33333333333333
DIAG_00409,stu_a8b6e810e10bc1506e5c5df253322389,CARLBL_41179F062D,2020_P,40.0,20.0,20.0,20.0,100.0,DMU,66.66666666666666
DIAG_00410,stu_e7b3571a972757b6b7e57cf207867b8b,CARLBL_F041EA11A4,2020_P,20.0,30.0,0.0,0.0,50.0,DMU,33.33333333333333
DIAG_00411,stu_846c15218b2d127b6a958cb7a3985e13,,2020_P,30.0,30.0,10.0,10.0,80.0,DMU,53.33333333333334
DIAG_00412,stu_b608f58adbdcb8a304e8245df746e2f0,,2020_P,40.0,30.0,10.0,0.0,80.0,DMU,53.33333333333334
DIAG_00413,stu_4ea45f5fd78dff607e733dfa262acf81,CARLBL_18D189705C,2020_P,10.0,30.0,20.0,20.0,80.0,DMU,53.33333333333334
DIAG_00414,stu_3c4d0f28e219db608f9a2df71aa0ddc6,,2020_P,30.0,30.0,40.0,30.0,130.0,DMU,86.66666666666667
DIAG_00415,stu_29e353e583f7c3a0a634834a8c4cd668,CARLBL_4D358FAC4B,2020_P,20.0,20.0,20.0,20.0,80.0,DMU,53.33333333333334
DIAG_00416,stu_e66346d95f10d71051f34717a2d72089,,2020_P,20.0,10.0,10.0,0.0,40.0,DMU,26.66666666666667
DIAG_00417,stu_2be676edd924bccb05223ada82e3087f,CARLBL_9FDFCF684F,2020_P,40.0,20.0,20.0,20.0,100.0,DMU,66.66666666666666
DIAG_00418,stu_bd7e83a96cc9de5440f4dfdc0b04f358,CARLBL_783067A8AC,2020_P,40.0,20.0,10.0,10.0,80.0,DMU,53.33333333333334
DIAG_00419,stu_1407c8b3661e60119a2d205ad94ff7d3,,2020_P,30.0,30.0,10.0,30.0,100.0,DMU,66.66666666666666
DIAG_00420,stu_b8e49ed4ebd4a0734071584bc334f834,CARLBL_563A8FB47A,2020_P,10.0,20.0,10.0,10.0,50.0,DMU,33.33333333333333
DIAG_00421,stu_c76e630afb72cf9526789ee60d278c4f,CARLBL_DAB7ED3371,2020_P,30.0,20.0,10.0,20.0,80.0,DMU,53.33333333333334
DIAG_00422,stu_29f875b422467ed098a81adf289e0896,,2020_P,10.0,20.0,20.0,20.0,70.0,DMU,46.66666666666666
DIAG_00423,stu_f7ddafea8a4c97836824afbc13f57979,CARLBL_9393C45E8D,2020_P,10.0,20.0,10.0,0.0,40.0,DMU,26.66666666666667
DIAG_00424,stu_38014e2bfffc1301e9b2227c05554e07,,2020_P,20.0,10.0,30.0,10.0,70.0,DMU,46.66666666666666
DIAG_00425,stu_651a6fdda9a3f7d19cdef8c13fdbce52,,2020_P,10.0,30.0,10.0,20.0,70.0,DMU,46.66666666666666
DIAG_00426,stu_0aa24c3a984980fec24ac31a46828027,CARLBL_563A8FB47A,2020_P,30.0,20.0,40.0,10.0,100.0,DMU,66.66666666666666
DIAG_00427,stu_20e154e0fe01eb7fdadb27dc708c2e5a,CARLBL_9393C45E8D,2020_P,30.0,40.0,20.0,10.0,100.0,DMU,66.66666666666666
DIAG_00428,stu_0a225dbf95e218f8340f9fde547872e3,CARLBL_F7A3F2E0E2,2020_P,40.0,10.0,20.0,30.0,100.0,DMU,66.66666666666666
DIAG_00429,stu_ed6d0a4e73bddcaa8c3bb62f70eb8cfb,CARLBL_F7A3F2E0E2,2020_P,10.0,30.0,20.0,20.0,80.0,DMU,53.33333333333334
DIAG_00430,stu_b9ca96dfe0d157d179a3fb4536a67367,,2020_P,40.0,20.0,30.0,20.0,110.0,DMU,73.33333333333333
DIAG_00431,stu_bc36ba4bd5d5d0d8852ed038e2d50448,CARLBL_F867BE971F,2020_P,40.0,20.0,30.0,20.0,110.0,DMU,73.33333333333333
DIAG_00432,stu_7429d98e6fdbaaf5919de47fdf3559a8,CARLBL_F7A3F2E0E2,2020_P,30.0,40.0,10.0,10.0,90.0,DMU,60.0
DIAG_00433,stu_88206a4cc82e0aef1810bb3d9d9c8a96,,2020_P,20.0,20.0,20.0,30.0,90.0,DMU,60.0
DIAG_00434,stu_60e6348efe6741acbe5de47f66f88dda,CARLBL_8DBD054572,2020_P,30.0,20.0,10.0,10.0,70.0,DMU,46.66666666666666
DIAG_00435,stu_c4fed963d2bc326678b02cc878a287f9,CARLBL_6264AD2D5A,2020_P,20.0,10.0,0.0,20.0,50.0,DMU,33.33333333333333
DIAG_00436,stu_2c96002d2a8b8f669e07a254c5ed38ab,CARLBL_41179F062D,2020_P,30.0,20.0,10.0,10.0,70.0,DMU,46.66666666666666
DIAG_00437,stu_259f085a5ddb5fc890ab51c88c51315e,CARLBL_9393C45E8D,2020_P,20.0,10.0,30.0,30.0,90.0,DMU,60.0
DIAG_00438,stu_157fd2cd4d749ba8065cb43160375610,CARLBL_F7A3F2E0E2,2020_P,10.0,10.0,20.0,0.0,40.0,DMU,26.66666666666667
DIAG_00439,stu_ac0f3cccaafef8f388f810b09245ecc4,,2020_P,20.0,40.0,20.0,10.0,90.0,DMU,60.0
DIAG_00440,stu_14287d32ecb7a56a8e2100afa6a9d3a0,,2020_P,10.0,20.0,20.0,10.0,60.0,DMU,40.0
DIAG_00441,stu_4bf1c6ca5f6f618a8c09e209c6dde78b,CARLBL_D174EB3A71,2020_P,10.0,40.0,30.0,10.0,90.0,DMU,60.0
DIAG_00442,stu_9a8939b3c65e64b9f0a2d2404bafdcb6,CARLBL_DAB7ED3371,2020_P,30.0,10.0,10.0,10.0,60.0,DMU,40.0
DIAG_00443,stu_7317a0ae5b450ad421863e3554ae743f,CARLBL_783067A8AC,2020_P,40.0,30.0,30.0,10.0,110.0,DMU,73.33333333333333
DIAG_00444,stu_6c17d4e5dde7244694386acda0ef7b72,CARLBL_BD76F0F196,2020_P,30.0,20.0,0.0,10.0,60.0,DMU,40.0
DIAG_00445,stu_559f902a75f9a1b28876ec8ff3556ea5,CARLBL_563A8FB47A,2020_P,20.0,30.0,0.0,10.0,60.0,DMU,40.0
DIAG_00446,stu_8e4bf8c098edfd68ac03376262fe6c28,,2020_P,10.0,20.0,20.0,30.0,80.0,DMU,53.33333333333334
DIAG_00447,stu_3fed63955ac65e7f63c73190a0600723,,2020_P,10.0,30.0,10.0,0.0,50.0,DMU,33.33333333333333
DIAG_00448,stu_5bd107939b8c1503c8c6f3b73d17a236,,2020_P,20.0,30.0,10.0,10.0,70.0,DMU,46.66666666666666
DIAG_00449,stu_eefedc135c384e2afbc886233fd0af35,CARLBL_BD76F0F196,2020_P,10.0,10.0,0.0,20.0,40.0,DMU,26.66666666666667
DIAG_00450,stu_166c260e5b924cbe473261823cbacecf,,2020_P,10.0,30.0,10.0,10.0,60.0,DMU,40.0
DIAG_00451,stu_07656b4768a4b29156d104924638b559,CARLBL_5B99AB135B,2020_P,30.0,30.0,30.0,10.0,100.0,DMU,66.66666666666666
DIAG_00452,stu_4f8c872f7192abba5296b69544239b9a,CARLBL_783067A8AC,2020_P,10.0,30.0,20.0,10.0,70.0,DMU,46.66666666666666
DIAG_00453,stu_8dfbdb675a1d929d726bfa8572954500,,2020_P,20.0,10.0,10.0,10.0,50.0,DMU,33.33333333333333
DIAG_00454,stu_1212e663cc86722964e988b432301c20,CARLBL_255574A75E,2020_P,0.0,10.0,10.0,10.0,30.0,DMU,20.0
DIAG_00455,stu_54437b263ca9cfe6ab71eeb94bd5641e,,2020_P,30.0,30.0,30.0,10.0,100.0,DMU,66.66666666666666
DIAG_00456,stu_395f6b33bf4316611b35b57f5672ae85,CARLBL_4D358FAC4B,2020_P,10.0,10.0,30.0,20.0,70.0,DMU,46.66666666666666
DIAG_00457,stu_20cbae63fb3f4825fab3ccd68df4a539,,2020_P,20.0,30.0,40.0,20.0,110.0,DMU,73.33333333333333
DIAG_00458,stu_c48777d6d3457d4e1f57db49d0fee323,,2020_P,10.0,10.0,10.0,10.0,40.0,DMU,26.66666666666667
DIAG_00459,stu_d08bf5a5dc168550ff21f62c4e8c268c,CARLBL_F041EA11A4,2020_P,30.0,20.0,30.0,10.0,90.0,DMU,60.0
DIAG_00460,stu_8b1c0111788dc2b68ecfea7dc1ff3ac9,,2020_P,20.0,10.0,30.0,20.0,80.0,DMU,53.33333333333334
DIAG_00461,stu_4d4e71351768d9b9169966bd3fa2115d,,2020_P,30.0,40.0,20.0,0.0,90.0,DMU,60.0
DIAG_00462,stu_bf61e52cab03f549ca66fb14685ca8cc,CARLBL_41179F062D,2020_P,10.0,20.0,20.0,0.0,50.0,DMU,33.33333333333333
DIAG_00463,stu_fdb7e1bf2e037a16ffdd3db5f60a4c46,CARLBL_DAB7ED3371,2020_P,20.0,30.0,20.0,30.0,100.0,DMU,66.66666666666666
DIAG_00464,stu_5fc490e19b9f8346d07643b210ad2c1e,CARLBL_F041EA11A4,2020_P,10.0,20.0,30.0,0.0,60.0,DMU,40.0
DIAG_00465,stu_27c5d425cc250db6dba4be23d3aa5ef0,CARLBL_DAB7ED3371,2020_P,40.0,40.0,10.0,20.0,110.0,DMU,73.33333333333333
DIAG_00466,stu_13e2dfb47fa658b989dad3914a8ebd3c,CARLBL_28FD56FF33,2020_P,20.0,20.0,40.0,10.0,90.0,DMU,60.0
DIAG_00467,stu_06c967dcb3f7f1417e2d0d532c7c1a2c,,2020_P,20.0,30.0,30.0,0.0,80.0,DMU,53.33333333333334
DIAG_00468,stu_3e2b719a21249002afd600788d6d200c,CARLBL_F867BE971F,2020_P,10.0,10.0,10.0,0.0,30.0,DMU,20.0
DIAG_00469,stu_d60e23a5211744361b9436cfa27e7eaf,CARLBL_8DBD054572,2020_P,20.0,10.0,20.0,10.0,60.0,DMU,40.0
DIAG_00470,stu_b305aea08a0f7ca7a25ee4edff515ab7,CARLBL_563A8FB47A,2020_P,20.0,30.0,20.0,20.0,90.0,DMU,60.0
DIAG_00471,stu_1bc6577b4e4a740594a05366652edea3,CARLBL_DAB7ED3371,2020_P,20.0,20.0,30.0,10.0,80.0,DMU,53.33333333333334
DIAG_00472,stu_57de8747b053abcee4a6e954ce6beffc,CARLBL_F867BE971F,2020_P,20.0,30.0,0.0,20.0,70.0,DMU,46.66666666666666
DIAG_00473,stu_fc5f3eab5ab39426c825cd78a2a05c7b,CARLBL_F867BE971F,2020_P,20.0,20.0,20.0,0.0,60.0,DMU,40.0
DIAG_00474,stu_c5ba977b5ecd4eb97973b033fc4dd2f0,,2020_P,20.0,30.0,20.0,10.0,80.0,DMU,53.33333333333334
DIAG_00475,stu_6268b55c665329c852baa6ccbc457cb9,CARLBL_9393C45E8D,2020_P,30.0,20.0,40.0,20.0,110.0,DMU,73.33333333333333
DIAG_00476,stu_0b26253b880b21c9bebe33fb179485d5,,2020_P,20.0,10.0,10.0,10.0,50.0,DMU,33.33333333333333
DIAG_00477,stu_734346dc40c1c224c005490c1e09c742,CARLBL_B3FCCAA8C1,2020_P,40.0,30.0,10.0,10.0,90.0,DMU,60.0
DIAG_00478,stu_d324c8c40b6f575f2f3f6990bf4c9251,CARLBL_BD76F0F196,2020_P,10.0,10.0,20.0,10.0,50.0,DMU,33.33333333333333
DIAG_00479,stu_0ce7b916b4744c40c8fc8346cf726367,,2020_P,30.0,20.0,40.0,30.0,120.0,DMU,80.0
DIAG_00480,stu_9c47551e741a27cd92c6bb4bd3f66ba6,CARLBL_BD76F0F196,2020_P,30.0,30.0,20.0,10.0,90.0,DMU,60.0
DIAG_00481,stu_5efe064724cdbf5d3cd9b66397ba42cb,CARLBL_563A8FB47A,2020_P,10.0,10.0,10.0,10.0,40.0,DMU,26.66666666666667
DIAG_00482,stu_c157a45aa15090f50da5d3bfc8089c4d,,2020_P,30.0,30.0,20.0,20.0,100.0,DMU,66.66666666666666
DIAG_00483,stu_1a9d2dfb06df9d995815d7ddb7f4ae40,CARLBL_563A8FB47A,2020_P,20.0,30.0,20.0,20.0,90.0,DMU,60.0
DIAG_00484,stu_99b9b93a3da42d7086e2083ce358877a,,2020_P,20.0,10.0,40.0,10.0,80.0,DMU,53.33333333333334
DIAG_00485,stu_de2dc1b2dd030767388241956ebf6cbb,,2020_P,10.0,30.0,30.0,20.0,90.0,DMU,60.0
DIAG_00486,stu_f65fedf1de03b006c0992d64f3f15209,,2020_P,40.0,40.0,20.0,20.0,120.0,DMU,80.0
DIAG_00487,stu_919f5974b1abd148251b04bcf9a79a7c,,2020_P,30.0,40.0,30.0,0.0,100.0,DMU,66.66666666666666
DIAG_00488,stu_a1b34867f592f4c338eeab53e9e3eb89,CARLBL_563A8FB47A,2020_P,20.0,10.0,0.0,10.0,40.0,DMU,26.66666666666667
DIAG_00489,stu_5e53447debe6b8fb7bad9d0744bc35c2,,2020_P,30.0,20.0,20.0,0.0,70.0,DMU,46.66666666666666
DIAG_00490,stu_c6f6450d4c99f91407900813aa4d516c,CARLBL_CC13F1BB98,2020_P,20.0,20.0,10.0,0.0,50.0,DMU,33.33333333333333
DIAG_00491,stu_902a1ad2331f6b3c79d59c03e96f994e,CARLBL_563A8FB47A,2020_P,30.0,10.0,10.0,10.0,60.0,DMU,40.0
DIAG_00492,stu_1b839117de6ad32cbd3f96f694bcc084,,2020_P,20.0,20.0,10.0,0.0,50.0,DMU,33.33333333333333
DIAG_00493,stu_cbbba5aff76c9b4d59383618461e7b69,CARLBL_563A8FB47A,2020_P,40.0,20.0,20.0,0.0,80.0,DMU,53.33333333333334
DIAG_00494,stu_bb8e240104d82423c75edddb145c7ed5,,2020_P,20.0,30.0,20.0,0.0,70.0,DMU,46.66666666666666
DIAG_00495,stu_9a625ed9045db8dfafc6d8f62202835c,,2020_P,40.0,20.0,10.0,10.0,80.0,DMU,53.33333333333334
DIAG_00496,stu_698306274d9d9a8c281b316baa61c739,CARLBL_9FDFCF684F,2020_P,20.0,30.0,10.0,20.0,80.0,DMU,53.33333333333334
DIAG_00497,stu_d9229ac1e623e5cae042f9c3106660c4,,2020_P,10.0,30.0,20.0,10.0,70.0,DMU,46.66666666666666
DIAG_00498,stu_ee2ba544914315195f50544703c1f024,CARLBL_9FDFCF684F,2020_P,20.0,30.0,10.0,0.0,60.0,DMU,40.0
DIAG_00499,stu_80818b0e44813d20e823b738e8a2e397,CARLBL_255574A75E,2020_P,40.0,20.0,20.0,20.0,100.0,DMU,66.66666666666666
DIAG_00500,stu_300f8f38f26d9de4c934bf618c54cfef,,2020_P,30.0,30.0,20.0,10.0,90.0,DMU,60.0
DIAG_00501,stu_3a3dd6d2983cb3409e81568bd051ff6d,CARLBL_F041EA11A4,2020_P,30.0,20.0,20.0,0.0,70.0,DMU,46.66666666666666
DIAG_00502,stu_edd95aac9f8ac38a779a631913d6d8b1,CARLBL_783067A8AC,2020_P,40.0,30.0,20.0,20.0,110.0,DMU,73.33333333333333
DIAG_00503,stu_92d567ac74357d31e01a83477b73da3d,,2020_P,40.0,10.0,30.0,0.0,80.0,DMU,53.33333333333334
DIAG_00504,stu_3c77a6206198432c26e7cc644c1e5656,CARLBL_F867BE971F,2020_P,20.0,20.0,10.0,10.0,60.0,DMU,40.0
DIAG_00505,stu_46be8f2823538177f5de10eb84344565,,2020_P,10.0,10.0,10.0,0.0,30.0,DMU,20.0
DIAG_00506,stu_79e4586d67704e80881fdc8f9780857f,CARLBL_8DBD054572,2020_P,10.0,20.0,0.0,10.0,40.0,DMU,26.66666666666667
DIAG_00507,stu_a30be263771bb1b0bb4d57111723afce,CARLBL_BD76F0F196,2020_P,10.0,30.0,10.0,0.0,50.0,DMU,33.33333333333333
DIAG_00508,stu_1174fae10838c9860edcdd5ad41bb89d,,2020_P,40.0,30.0,40.0,10.0,120.0,DMU,80.0
DIAG_00509,stu_f36b060a6edfd1a59e45e898687dee91,CARLBL_F041EA11A4,2020_P,10.0,30.0,0.0,10.0,50.0,DMU,33.33333333333333
DIAG_00510,stu_2f4a86570dc871b7f1c9555b13adc42b,CARLBL_F867BE971F,2020_P,30.0,30.0,10.0,0.0,70.0,DMU,46.66666666666666
DIAG_00511,stu_4bfd76e99efd32ef6e82b19dedb98865,CARLBL_28FD56FF33,2020_P,0.0,10.0,20.0,20.0,50.0,DMU,33.33333333333333
DIAG_00512,stu_7b791110d42373e4734e41fad683139a,,2020_P,30.0,20.0,40.0,10.0,100.0,DMU,66.66666666666666
DIAG_00513,stu_356c0e5836f7cc245629ed028682cdba,CARLBL_563A8FB47A,2020_P,20.0,0.0,10.0,20.0,50.0,DMU,33.33333333333333
DIAG_00514,stu_70fd260eac5ce85c44204db4618a7dab,CARLBL_9FDFCF684F,2020_P,10.0,10.0,10.0,0.0,30.0,DMU,20.0
DIAG_00515,stu_c2a7c42ede3613dd7f7a6c9d7f02d304,,2020_P,30.0,30.0,40.0,0.0,100.0,DMU,66.66666666666666
DIAG_00516,stu_487937a632cfac38ca28474e8ae51381,,2020_P,40.0,30.0,30.0,10.0,110.0,DMU,73.33333333333333
DIAG_00517,stu_c8a51b11fb07bbc5416f151044d861db,,2020_P,20.0,40.0,30.0,30.0,120.0,DMU,80.0
DIAG_00518,stu_e300d0326cdee9d9a7dc3d3a5cdc3864,CARLBL_6264AD2D5A,2020_P,20.0,40.0,20.0,0.0,80.0,DMU,53.33333333333334
DIAG_00519,stu_94a822f5761c73454e4fe6262dfc2fed,,2020_P,20.0,20.0,20.0,20.0,80.0,DMU,53.33333333333334
DIAG_00520,stu_b0dc5d130c9fe40a02675a1a7086efb8,,2020_P,30.0,30.0,30.0,10.0,100.0,DMU,66.66666666666666
DIAG_00521,stu_a064d5f610bc28ee7cf46b7b9737143d,CARLBL_783067A8AC,2020_P,30.0,30.0,40.0,10.0,110.0,DMU,73.33333333333333
DIAG_00522,stu_7e124e846dffed7c34986c1e58c4cddb,CARLBL_9FDFCF684F,2020_P,20.0,20.0,10.0,20.0,70.0,DMU,46.66666666666666
DIAG_00523,stu_6570d4de2d941951ca8899a95f4d9b9a,CARLBL_4D358FAC4B,2020_P,0.0,0.0,30.0,10.0,40.0,DMU,26.66666666666667
DIAG_00524,stu_a06de3497fb101313841394b8d5b4227,,2020_P,20.0,40.0,40.0,20.0,120.0,DMU,80.0
DIAG_00525,stu_0425d1da6ae23f86a58f7cbc4d19434e,,2020_P,40.0,40.0,40.0,30.0,150.0,DMU,100.0
DIAG_00526,stu_7a134ad5179a6d91a96b2effe6a872b7,,2020_P,20.0,20.0,0.0,20.0,60.0,DMU,40.0
DIAG_00527,stu_0fec827e15bd13c07970373437f8fdb7,CARLBL_563A8FB47A,2020_P,20.0,30.0,30.0,10.0,90.0,DMU,60.0
DIAG_00528,stu_b4a5841e25d46019b89cf789acdceb49,,2020_P,20.0,10.0,40.0,10.0,80.0,DMU,53.33333333333334
DIAG_00529,stu_c336d5f0e9eed7ac6c1014b05aaa429d,CARLBL_4D358FAC4B,2020_P,10.0,30.0,10.0,10.0,60.0,DMU,40.0
DIAG_00530,stu_dd8361a0ae020f028deebf7721835d40,CARLBL_F041EA11A4,2020_P,40.0,40.0,40.0,30.0,150.0,DMU,100.0
DIAG_00531,stu_0dfd9ed840b31b60cc46cbd24a301785,,2020_P,40.0,30.0,20.0,20.0,110.0,DMU,73.33333333333333
DIAG_00532,stu_22f9047d799c22927706f18f518dc082,,2020_P,30.0,30.0,30.0,10.0,100.0,DMU,66.66666666666666
DIAG_00533,stu_12f3be997471125d277de86c14bdbf9d,CARLBL_6264AD2D5A,2020_P,10.0,20.0,10.0,10.0,50.0,DMU,33.33333333333333
DIAG_00534,stu_f787f31325ed739bf1a19e3af8474937,,2020_P,20.0,20.0,30.0,20.0,90.0,DMU,60.0
DIAG_00535,stu_760aacef2ae395b11f50b40d7f9d86b9,,2020_P,20.0,40.0,20.0,0.0,80.0,DMU,53.33333333333334
DIAG_00536,stu_cee2cc4fb2ac2b1c5b53e22c6500690f,,2020_P,10.0,0.0,10.0,20.0,40.0,DMU,26.66666666666667
DIAG_00537,stu_9e7f59fae3aaaeb2e608c12f50089603,,2020_P,30.0,30.0,30.0,30.0,120.0,DMU,80.0
DIAG_00538,stu_b5a6d02f080d59f2d8466da164ec5e08,CARLBL_255574A75E,2020_P,30.0,20.0,0.0,10.0,60.0,DMU,40.0
DIAG_00539,stu_7495e9544e21dc99f591e51540a06a3a,CARLBL_D174EB3A71,2020_P,20.0,30.0,20.0,10.0,80.0,DMU,53.33333333333334
DIAG_00540,stu_a5f8cc7d6645a11147da626c2f0ce176,,2020_P,40.0,30.0,40.0,30.0,140.0,DMU,93.33333333333333
DIAG_00541,stu_3c10ea5a3510c74e2de5ba8bdeaa4d13,CARLBL_F867BE971F,2020_P,30.0,40.0,20.0,10.0,100.0,DMU,66.66666666666666
DIAG_00542,stu_0fef832bad1ec4a9ee0b3db08bdbb456,CARLBL_DAB7ED3371,2020_P,40.0,30.0,30.0,20.0,120.0,DMU,80.0
DIAG_00543,stu_a90cfdfc23e6c2b19efdfe1c5f40c03e,,2020_P,10.0,20.0,20.0,10.0,60.0,DMU,40.0
DIAG_00544,stu_f28143f60d3373c4cbf7bbb33535be95,CARLBL_F041EA11A4,2020_P,20.0,20.0,30.0,30.0,100.0,DMU,66.66666666666666
DIAG_00545,stu_cace1de7720f0d56a6023601e7950425,CARLBL_F041EA11A4,2020_P,20.0,40.0,40.0,30.0,130.0,DMU,86.66666666666667
DIAG_00546,stu_098b4cd59fbe83a3361a434a94388b1c,,2020_P,40.0,20.0,30.0,20.0,110.0,DMU,73.33333333333333
DIAG_00547,stu_7030270e2b11f940d5ccff00fc188b63,,2020_P,10.0,30.0,30.0,20.0,90.0,DMU,60.0
DIAG_00548,stu_89a87796541ad47540dff7ee661dc4b6,CARLBL_41179F062D,2020_P,20.0,30.0,10.0,0.0,60.0,DMU,40.0
DIAG_00549,stu_4f4e8fae34b6b66d6ab8804589527c15,CARLBL_F7A3F2E0E2,2020_P,20.0,40.0,20.0,10.0,90.0,DMU,60.0
DIAG_00550,stu_c46a7b5b1fa7aab62694e5157d38ab46,CARLBL_563A8FB47A,2020_P,10.0,20.0,30.0,0.0,60.0,DMU,40.0
DIAG_00551,stu_2626249a16cb1e4e903366958080bcdf,,2020_P,30.0,30.0,30.0,30.0,120.0,DMU,80.0
DIAG_00552,stu_7a8b6ed99b6ac5d60dd29d40087cedb0,,2020_P,0.0,20.0,20.0,10.0,50.0,DMU,33.33333333333333
DIAG_00553,stu_c646505506d978d59336808d126c0ef6,,2020_P,40.0,20.0,10.0,20.0,90.0,DMU,60.0
DIAG_00554,stu_00e71fdf3d5cf0f8d8232f73eb4359f4,CARLBL_255574A75E,2020_P,20.0,30.0,40.0,10.0,100.0,DMU,66.66666666666666
DIAG_00555,stu_a01a64f44e27431a078e2874e7d2d8b5,,2020_P,30.0,20.0,0.0,0.0,50.0,DMU,33.33333333333333
DIAG_00556,stu_a7f738828876b989948d56e41374ad67,,2020_P,10.0,20.0,20.0,0.0,50.0,DMU,33.33333333333333
DIAG_00557,stu_3fdac09d22959f7bf6036a9542f5a83e,CARLBL_28FD56FF33,2020_P,20.0,20.0,20.0,20.0,80.0,DMU,53.33333333333334
DIAG_00558,stu_f10afe7aa115d3da912c95681bbe4191,CARLBL_B2CB496E63,2020_P,0.0,20.0,0.0,10.0,30.0,DMU,20.0
DIAG_00559,stu_e5aad8527c4c791290380dee7c34953d,CARLBL_ADFF4A692B,2020_P,20.0,30.0,30.0,10.0,90.0,DMU,60.0
DIAG_00560,stu_9e0c1e1e19a12add3db1751e6a3abf35,CARLBL_DAB7ED3371,2020_P,30.0,30.0,20.0,20.0,100.0,DMU,66.66666666666666
DIAG_00561,stu_28cfb963cdb87f79040e66067d53b967,CARLBL_563A8FB47A,2020_P,10.0,20.0,20.0,20.0,70.0,DMU,46.66666666666666
DIAG_00562,stu_60ec105eac25cf82b144f1c0e69e6195,,2020_P,10.0,10.0,10.0,0.0,30.0,DMU,20.0
DIAG_00563,stu_b776ee479d291bddf45ef764e237f3e0,,2020_P,30.0,30.0,10.0,0.0,70.0,DMU,46.66666666666666
DIAG_00564,stu_de8423264d46c273f704078100189d72,,2020_P,20.0,30.0,0.0,10.0,60.0,DMU,40.0
DIAG_00565,stu_6772acc2213a29276107c8b511b1339c,CARLBL_4D358FAC4B,2020_P,10.0,30.0,20.0,10.0,70.0,DMU,46.66666666666666
DIAG_00566,stu_c5739fa447fa7454621429f15448fe37,,2020_P,40.0,40.0,30.0,10.0,120.0,DMU,80.0
DIAG_00567,stu_9461b90edbba4f47d99492a6fde9a914,,2020_P,20.0,40.0,10.0,20.0,90.0,DMU,60.0
DIAG_00568,stu_e93c2a196390b336cf0525e25554d096,,2020_P,40.0,30.0,40.0,30.0,140.0,DMU,93.33333333333333
DIAG_00569,stu_e60a939e74cbc4d7e791e19fc7c9dcc4,CARLBL_9FDFCF684F,2020_P,40.0,30.0,30.0,10.0,110.0,DMU,73.33333333333333
DIAG_00570,stu_90c905ac14e3107da47095a4e2e9681d,CARLBL_8DBD054572,2020_P,10.0,20.0,20.0,0.0,50.0,DMU,33.33333333333333
DIAG_00571,stu_b5d089fc657fa4382f3cb1d4978a1db2,CARLBL_F041EA11A4,2020_P,30.0,20.0,30.0,0.0,80.0,DMU,53.33333333333334
DIAG_00572,stu_0ead02926a6695ca4e177326e250e7ca,,2020_P,20.0,40.0,30.0,0.0,90.0,DMU,60.0
DIAG_00573,stu_06aea7d36514979ae1ba176af2ed2e6b,CARLBL_DAB7ED3371,2020_P,30.0,40.0,40.0,20.0,130.0,DMU,86.66666666666667
DIAG_00574,stu_b44b9ebf3c3205e9f992b75013732a95,,2020_P,40.0,10.0,10.0,20.0,80.0,DMU,53.33333333333334
DIAG_00575,stu_89205649b14ae8b3598d9a7e0c3c03b0,,2020_P,20.0,30.0,0.0,30.0,80.0,DMU,53.33333333333334
DIAG_00576,stu_18cb5a7381cf4cb6010ee867595b8f97,CARLBL_8DBD054572,2020_P,40.0,20.0,40.0,10.0,110.0,DMU,73.33333333333333
DIAG_00577,stu_eb94f02fc73082fb99a80b6405512a6e,,2020_P,20.0,30.0,30.0,20.0,100.0,DMU,66.66666666666666
DIAG_00578,stu_d83db2ff5e9685359b71020557164d32,,2020_P,10.0,20.0,10.0,0.0,40.0,DMU,26.66666666666667
DIAG_00579,stu_ad678966106682f5083c4475d1620ca0,CARLBL_F041EA11A4,2020_P,30.0,20.0,30.0,20.0,100.0,DMU,66.66666666666666
DIAG_00580,stu_18c3fadedc1ad0acd0754d74a2c9c031,,2020_P,30.0,20.0,20.0,0.0,70.0,DMU,46.66666666666666
DIAG_00581,stu_abe0498acd702453c10dc9d7560fec70,CARLBL_F041EA11A4,2020_P,10.0,40.0,10.0,10.0,70.0,DMU,46.66666666666666
DIAG_00582,stu_49285f86c524661a8e54077ea5f4501e,CARLBL_255574A75E,2020_P,20.0,10.0,0.0,10.0,40.0,DMU,26.66666666666667
DIAG_00583,stu_7fa7a31f2cfaab51e7430615c966cd02,CARLBL_8DBD054572,2020_P,40.0,30.0,20.0,10.0,100.0,DMU,66.66666666666666
DIAG_00584,stu_8f2307f8205ce06a67a0958d637a509f,,2020_P,20.0,20.0,0.0,10.0,50.0,DMU,33.33333333333333
DIAG_00585,stu_68f31368e79735fd7820eca4a5df8cc7,,2020_P,10.0,20.0,0.0,10.0,40.0,DMU,26.66666666666667
DIAG_00586,stu_ab29dc0a7f3ae6f604a453776239ffa3,CARLBL_F041EA11A4,2020_P,40.0,20.0,20.0,10.0,90.0,DMU,60.0
DIAG_00587,stu_81036b76dbb0a3f22382f02040638860,CARLBL_F867BE971F,2020_P,10.0,20.0,20.0,10.0,60.0,DMU,40.0
DIAG_00588,stu_ea0d8ebf81f597f633f881132b653312,,2020_P,20.0,30.0,0.0,0.0,50.0,DMU,33.33333333333333
DIAG_00589,stu_f5bb462a9334fd296c908f598c3f83bf,,2020_P,20.0,20.0,30.0,0.0,70.0,DMU,46.66666666666666
DIAG_00590,stu_ead9a318cac4ee3723a313d18bbb833a,CARLBL_B2CB496E63,2020_P,30.0,40.0,10.0,20.0,100.0,DMU,66.66666666666666
DIAG_00591,stu_ef1d2db9b0dc4bdc480288a7ce540804,,2020_P,10.0,10.0,40.0,20.0,80.0,DMU,53.33333333333334
DIAG_00592,stu_b8b80eb4655d76495cd9fb1b363a2f73,,2020_P,10.0,30.0,10.0,10.0,60.0,DMU,40.0
DIAG_00593,stu_890a2389307cad563c2a308c0f8a3057,CARLBL_9393C45E8D,2020_P,30.0,10.0,10.0,0.0,50.0,DMU,33.33333333333333
DIAG_00594,stu_9317acb0d13f8a9996a84b0dc6f3acae,CARLBL_41179F062D,2020_P,30.0,30.0,30.0,10.0,100.0,DMU,66.66666666666666
DIAG_00595,stu_584b7e50c93c71b7ded0a34e20cb2d8c,CARLBL_563A8FB47A,2020_P,30.0,30.0,10.0,10.0,80.0,DMU,53.33333333333334
DIAG_00596,stu_8b9ad3fe4b330e9db7d91d70dcad0aa0,,2020_P,40.0,30.0,10.0,0.0,80.0,DMU,53.33333333333334
DIAG_00597,stu_0f6f9621bb039b42bfc75520f78a2cca,CARLBL_DAB7ED3371,2020_P,30.0,30.0,20.0,10.0,90.0,DMU,60.0
DIAG_00598,stu_c99cec4d9d4d9c49a206c6fff2974577,,2020_P,10.0,30.0,20.0,0.0,60.0,DMU,40.0
DIAG_00599,stu_48c6d1e523ba683c24abe95c4c34afde,CARLBL_9393C45E8D,2020_P,20.0,20.0,10.0,0.0,50.0,DMU,33.33333333333333
DIAG_00600,stu_d2cb45308b17f59bc991c8e113f18adf,CARLBL_D174EB3A71,2020_P,40.0,30.0,30.0,0.0,100.0,DMU,66.66666666666666
DIAG_00601,stu_e8a1e9c06cd9bcaaea894241b508c6a3,,2020_P,40.0,20.0,40.0,10.0,110.0,DMU,73.33333333333333
DIAG_00602,stu_1a62004a9c926949a00472c355111253,CARLBL_4D358FAC4B,2020_P,10.0,10.0,20.0,10.0,50.0,DMU,33.33333333333333
DIAG_00603,stu_60baa9cb334b90e673585257aa864e8b,CARLBL_DAB7ED3371,2020_P,10.0,10.0,0.0,10.0,30.0,DMU,20.0
DIAG_00604,stu_cc47cd50ad0e0bf35e4a4714301f2a92,CARLBL_783067A8AC,2020_P,30.0,20.0,10.0,0.0,60.0,DMU,40.0
DIAG_00605,stu_c1e9c81bc92ecde7b5fe598dd68d615e,CARLBL_DAB7ED3371,2020_P,0.0,10.0,10.0,10.0,30.0,DMU,20.0
DIAG_00606,stu_499b879b4fcde87e54bd5301bdb0db1b,CARLBL_F041EA11A4,2020_P,20.0,40.0,20.0,10.0,90.0,DMU,60.0
DIAG_00607,stu_fcddf7745217c25ef512e07e13ccd578,CARLBL_28FD56FF33,2020_P,10.0,10.0,30.0,0.0,50.0,DMU,33.33333333333333
DIAG_00608,stu_038b8d35364d759f321f9cc7cb372ee5,CARLBL_F041EA11A4,2020_P,30.0,20.0,30.0,20.0,100.0,DMU,66.66666666666666
DIAG_00609,stu_f3176ef1a023c9d09df3fbdbfef098e3,CARLBL_DAB7ED3371,2020_P,30.0,20.0,20.0,10.0,80.0,DMU,53.33333333333334
DIAG_00610,stu_d21b5151a463e79ace14665f9f5afabd,CARLBL_F041EA11A4,2020_P,40.0,40.0,30.0,10.0,120.0,DMU,80.0
DIAG_00611,stu_70989da38c447de1696e8ed07a999ece,,2020_P,40.0,10.0,40.0,20.0,110.0,DMU,73.33333333333333
DIAG_00612,stu_8faf2598233cd438fdd391754a828382,,2020_P,30.0,30.0,40.0,0.0,100.0,DMU,66.66666666666666
DIAG_00613,stu_9fce178844fb72112a84fb0b794a8afb,CARLBL_F041EA11A4,2020_P,30.0,20.0,10.0,10.0,70.0,DMU,46.66666666666666
DIAG_00614,stu_ee86950e7d176adaae00ba88eb3eecfd,,2020_P,20.0,20.0,10.0,10.0,60.0,DMU,40.0
DIAG_00615,stu_f1ecb2d04063e8003d48cc97b6c4ac55,,2020_P,40.0,10.0,10.0,20.0,80.0,DMU,53.33333333333334
DIAG_00616,stu_18b9e9377b0362bc31538866b9cbf635,,2020_P,30.0,40.0,40.0,20.0,130.0,DMU,86.66666666666667
DIAG_00617,stu_8b0c2b635ad587eaa1fedd4b5d1dd004,CARLBL_DAB7ED3371,2020_P,10.0,30.0,10.0,0.0,50.0,DMU,33.33333333333333
DIAG_00618,stu_25f86cfe0ff2690d7b8c79cad29efe93,,2020_P,40.0,10.0,20.0,10.0,80.0,DMU,53.33333333333334
DIAG_00619,stu_4cf2fd6596358f191a84ba87ab7ff2ac,,2020_P,20.0,30.0,10.0,20.0,80.0,DMU,53.33333333333334
DIAG_00620,stu_a6dc874a03005a7efcee3fb023183037,,2020_P,30.0,40.0,20.0,10.0,100.0,DMU,66.66666666666666
DIAG_00621,stu_5fdc44d52245bfbaf1b14a89e8f879ba,,2020_P,30.0,30.0,30.0,10.0,100.0,DMU,66.66666666666666
DIAG_00622,stu_97368fe70e33f50b9e8651bdc621e14c,,2020_P,30.0,40.0,20.0,0.0,90.0,DMU,60.0
DIAG_00623,stu_16202bf9b26c1f4912baa16943970fd1,CARLBL_F041EA11A4,2020_P,30.0,20.0,30.0,30.0,110.0,DMU,73.33333333333333
DIAG_00624,stu_056002124b2f2306a60767348b2c5fd2,,2020_P,20.0,20.0,30.0,30.0,100.0,DMU,66.66666666666666
DIAG_00625,stu_d9aaf00d0a3465ef3169a9210a1f3b17,,2020_P,20.0,30.0,10.0,10.0,70.0,DMU,46.66666666666666
DIAG_00626,stu_73a7284947174657cc12f7f02eb7e891,,2020_P,30.0,10.0,30.0,10.0,80.0,DMU,53.33333333333334
DIAG_00627,stu_247f4f19ddc75a192b01ab0e98c04630,CARLBL_CC13F1BB98,2020_P,30.0,20.0,20.0,30.0,100.0,DMU,66.66666666666666
DIAG_00628,stu_6223343fc2c7d6185bacee8724336580,,2020_P,20.0,30.0,40.0,20.0,110.0,DMU,73.33333333333333
DIAG_00629,stu_0d6e5114f7c1e48f24a86f0ea3530c49,,2020_P,0.0,10.0,20.0,0.0,30.0,DMU,20.0
DIAG_00630,stu_883e387abf0287c3d1295ea399b55085,CARLBL_255574A75E,2020_P,30.0,40.0,20.0,10.0,100.0,DMU,66.66666666666666
DIAG_00631,stu_08c36f765c6af05ad3fae8bccf85b0f1,CARLBL_9FDFCF684F,2020_P,30.0,20.0,0.0,10.0,60.0,DMU,40.0
DIAG_00632,stu_608803237db875eb95f4c0beff08fb4a,CARLBL_DAB7ED3371,2020_P,20.0,30.0,30.0,10.0,90.0,DMU,60.0
DIAG_00633,stu_f21fc52b4e4d510fdb0cea54f9329b01,,2020_P,20.0,20.0,40.0,20.0,100.0,DMU,66.66666666666666
DIAG_00634,stu_e6b24168d3d9789e84d6ef0cc3dd69ae,CARLBL_41179F062D,2020_P,30.0,40.0,30.0,20.0,120.0,DMU,80.0
DIAG_00635,stu_25e19980917407426d0684b9d9b4979b,,2020_P,40.0,40.0,40.0,10.0,130.0,DMU,86.66666666666667
DIAG_00636,stu_6a62411953b3b1701c73a271ef5a6a8b,,2020_P,40.0,40.0,30.0,20.0,130.0,DMU,86.66666666666667
DIAG_00637,stu_11115801922cd92c43fa1de8bbbb2e69,,2020_P,20.0,20.0,10.0,0.0,50.0,DMU,33.33333333333333
DIAG_00638,stu_63bbfadfe0b94e9aac18aa3a86883dae,,2020_P,20.0,10.0,30.0,10.0,70.0,DMU,46.66666666666666
DIAG_00639,stu_0854fda36468cabe69ed7da98921f75f,,2020_P,20.0,30.0,20.0,0.0,70.0,DMU,46.66666666666666
DIAG_00640,stu_d7d98f37ae49bc276d8c72890948345e,CARLBL_F041EA11A4,2020_P,40.0,40.0,30.0,20.0,130.0,DMU,86.66666666666667
DIAG_00641,stu_3e00b04c5e0bf5047b4c682b4d393b3c,CARLBL_783067A8AC,2020_P,40.0,30.0,40.0,10.0,120.0,DMU,80.0
DIAG_00642,stu_f5c04aa9968965ccba22cff7ff12c5d7,CARLBL_DAB7ED3371,2020_P,30.0,10.0,10.0,10.0,60.0,DMU,40.0
DIAG_00643,stu_b226fdf1decbf1034f265b1380c48cba,CARLBL_255574A75E,2020_P,20.0,20.0,30.0,10.0,80.0,DMU,53.33333333333334
DIAG_00644,stu_f212c20a48e8585eddbb2c991cbd7f52,,2020_P,30.0,30.0,20.0,30.0,110.0,DMU,73.33333333333333
DIAG_00645,stu_3b349f8c764c7e7801e85c42a069014e,CARLBL_28FD56FF33,2020_P,30.0,30.0,10.0,10.0,80.0,DMU,53.33333333333334
DIAG_00646,stu_472b354b55d460d889ff3171af36405a,CARLBL_CC13F1BB98,2020_P,20.0,30.0,40.0,10.0,100.0,DMU,66.66666666666666
DIAG_00647,stu_ee1364177c15b4eeef420d732d0b749b,,2020_P,40.0,10.0,30.0,20.0,100.0,DMU,66.66666666666666
DIAG_00648,stu_506a005fc3cab615a7c7a54ad0b29c14,,2020_P,30.0,40.0,20.0,0.0,90.0,DMU,60.0
DIAG_00649,stu_cd408a134eb4dad3c17b75c6cbb49172,CARLBL_4D358FAC4B,2020_P,30.0,40.0,30.0,10.0,110.0,DMU,73.33333333333333
DIAG_00650,stu_de52592d9c53e75e51dcc42fee6a0283,,2020_P,20.0,40.0,10.0,0.0,70.0,DMU,46.66666666666666
DIAG_00651,stu_e03600018110717a270a39cad58755a3,,2020_P,40.0,30.0,20.0,10.0,100.0,DMU,66.66666666666666
DIAG_00652,stu_3782908387c91a179a02b29122c01db9,CARLBL_5B99AB135B,2020_P,10.0,20.0,10.0,20.0,60.0,DMU,40.0
DIAG_00653,stu_b792b795be391d288e2eb170db00ab64,CARLBL_4D358FAC4B,2020_P,40.0,30.0,20.0,10.0,100.0,DMU,66.66666666666666
DIAG_00654,stu_a75c292583c35b62c202b7279d5a7d28,CARLBL_F867BE971F,2020_P,20.0,30.0,20.0,30.0,100.0,DMU,66.66666666666666
DIAG_00655,stu_352c64ffb6afc09c30d71f9fbc443a79,CARLBL_CC13F1BB98,2020_P,10.0,30.0,10.0,20.0,70.0,DMU,46.66666666666666
DIAG_00656,stu_648befabd57c9c0a2afe719cff8ea035,CARLBL_563A8FB47A,2020_P,20.0,10.0,10.0,10.0,50.0,DMU,33.33333333333333
DIAG_00657,stu_a98cf241f43b719516c717a93c045d45,,2020_P,40.0,30.0,30.0,30.0,130.0,DMU,86.66666666666667
DIAG_00658,stu_eba2f322eaf856d363fa585ac9d6c2d6,,2020_P,30.0,40.0,10.0,20.0,100.0,DMU,66.66666666666666
DIAG_00659,stu_4c98be57d44c3287371b066025723607,CARLBL_41179F062D,2020_P,20.0,30.0,0.0,20.0,70.0,DMU,46.66666666666666
DIAG_00660,stu_e41f70d19c623d427dcd62e906a3f84d,CARLBL_783067A8AC,2020_P,40.0,30.0,30.0,10.0,110.0,DMU,73.33333333333333
DIAG_00661,stu_2bbe54559108971bb01d4b7a6e4d6538,,2020_P,10.0,10.0,20.0,0.0,40.0,DMU,26.66666666666667
DIAG_00662,stu_e88fdd9cebc91ac557cd7779a06ce1f0,CARLBL_255574A75E,2020_P,30.0,30.0,30.0,20.0,110.0,DMU,73.33333333333333
DIAG_00663,stu_0d416d94beea6791d66b91869d563088,CARLBL_28FD56FF33,2020_P,10.0,10.0,20.0,0.0,40.0,DMU,26.66666666666667
DIAG_00664,stu_ccc854c001b3b4157834461cc4f4ce37,CARLBL_DAB7ED3371,2020_P,40.0,20.0,30.0,0.0,90.0,DMU,60.0
DIAG_00665,stu_92492f0ae2be8fac30dee707714122fa,,2020_P,10.0,20.0,20.0,20.0,70.0,DMU,46.66666666666666
DIAG_00666,stu_e40a4b86d3d66738af75f98fbabee4f2,CARLBL_563A8FB47A,2020_P,10.0,20.0,0.0,0.0,30.0,DMU,20.0
DIAG_00667,stu_7da53960f668f6ac9dc530de50e57089,CARLBL_563A8FB47A,2020_P,20.0,20.0,30.0,30.0,100.0,DMU,66.66666666666666
DIAG_00668,stu_f9e6c7359c06ba00551634ac23b89d83,CARLBL_41179F062D,2020_P,30.0,10.0,20.0,10.0,70.0,DMU,46.66666666666666
DIAG_00669,stu_19043fbed506e40676ec01f344c66171,CARLBL_28FD56FF33,2020_P,10.0,20.0,10.0,10.0,50.0,DMU,33.33333333333333
DIAG_00670,stu_215f3cff6f3d8f909995a9e40e93bc50,,2020_P,30.0,10.0,10.0,20.0,70.0,DMU,46.66666666666666
DIAG_00671,stu_36284b20947d126ae886e064990c4d30,CARLBL_4D358FAC4B,2020_P,30.0,10.0,20.0,10.0,70.0,DMU,46.66666666666666
DIAG_00672,stu_8a7a91613b2eda0a3f578de48629fa54,CARLBL_39611AFCAD,2020_P,20.0,10.0,20.0,20.0,70.0,DMU,46.66666666666666
DIAG_00673,stu_848799c29db2a7ed2c943c4d444bde0c,CARLBL_4D358FAC4B,2020_P,20.0,30.0,40.0,10.0,100.0,DMU,66.66666666666666
DIAG_00674,stu_7e6a1cfbe94b19c46311a99c2adfb0bf,CARLBL_563A8FB47A,2020_P,20.0,40.0,30.0,0.0,90.0,DMU,60.0
DIAG_00675,stu_e93b190e1578a7aae2be621ff4f7d32f,CARLBL_4D358FAC4B,2020_P,30.0,40.0,10.0,0.0,80.0,DMU,53.33333333333334
DIAG_00676,stu_a3efa4055757789f0660ec301e45a3ca,CARLBL_F7A3F2E0E2,2020_P,20.0,20.0,20.0,10.0,70.0,DMU,46.66666666666666
DIAG_00677,stu_5099f4bfd39236a1061b3a1acbc19a0f,CARLBL_563A8FB47A,2020_P,20.0,20.0,30.0,0.0,70.0,DMU,46.66666666666666
DIAG_00678,stu_ef4b2eef020a1c8e01addcbb922784a5,,2020_P,30.0,40.0,20.0,10.0,100.0,DMU,66.66666666666666
DIAG_00679,stu_299980750e723941e8d2437cb8fb0d85,CARLBL_DAB7ED3371,2020_P,40.0,20.0,20.0,20.0,100.0,DMU,66.66666666666666
DIAG_00680,stu_2f1c3fa405be3bbc54c1e3fc2ac1548b,,2020_P,30.0,30.0,30.0,10.0,100.0,DMU,66.66666666666666
DIAG_00681,stu_8efbc47761ebf493e95bafe95cf61c2b,,2020_P,10.0,0.0,30.0,10.0,50.0,DMU,33.33333333333333
DIAG_00682,stu_8086445022be7963c069c88d94b0efa3,,2020_P,20.0,10.0,10.0,0.0,40.0,DMU,26.66666666666667
DIAG_00683,stu_97407146128b1d67f4879dac45616ac7,CARLBL_D174EB3A71,2020_P,30.0,20.0,20.0,10.0,80.0,DMU,53.33333333333334
DIAG_00684,stu_b9441e47fc5341a5defb9dc815ad825b,CARLBL_F867BE971F,2020_P,10.0,30.0,10.0,10.0,60.0,DMU,40.0
DIAG_00685,stu_8bed60ebafe7466fee1e2cd63fc53054,,2020_P,30.0,30.0,20.0,20.0,100.0,DMU,66.66666666666666
DIAG_00686,stu_df1a0fe727310f9c441f2ba92a401336,CARLBL_563A8FB47A,2020_P,20.0,30.0,30.0,20.0,100.0,DMU,66.66666666666666
DIAG_00687,stu_12ac07807cbf0897afa8d51458e947fe,CARLBL_1D36359214,2020_P,20.0,20.0,10.0,10.0,60.0,DMU,40.0
DIAG_00688,stu_38763a2db19c5b71037703412bc6ab98,,2020_P,20.0,30.0,20.0,0.0,70.0,DMU,46.66666666666666
DIAG_00689,stu_d0185e1e12b4ba6d437ca72446705dd3,,2020_P,10.0,10.0,10.0,10.0,40.0,DMU,26.66666666666667
DIAG_00690,stu_051a8969e4b2cfa23f569487e3a76643,CARLBL_255574A75E,2020_P,10.0,20.0,0.0,10.0,40.0,DMU,26.66666666666667
DIAG_00691,stu_0230720cdd949dfdf2c98850133b596a,CARLBL_CC13F1BB98,2020_P,30.0,20.0,10.0,20.0,80.0,DMU,53.33333333333334
DIAG_00692,stu_807caa276fe659b9496ec63604a885de,CARLBL_4D358FAC4B,2020_P,10.0,30.0,20.0,10.0,70.0,DMU,46.66666666666666
DIAG_00693,stu_6c4ee158b782b142bf3c9a24a36ff6e3,CARLBL_F7A3F2E0E2,2020_P,30.0,30.0,10.0,10.0,80.0,DMU,53.33333333333334
DIAG_00694,stu_575def456f638a11e7039798d2b71767,,2020_P,0.0,30.0,30.0,0.0,60.0,DMU,40.0
DIAG_00695,stu_2e5bd7337de81ebba83ffd62bf45cac1,CARLBL_DAB7ED3371,2020_P,30.0,30.0,30.0,0.0,90.0,DMU,60.0
DIAG_00696,stu_744a58fc756d66507415798542419d17,,2020_P,20.0,30.0,20.0,10.0,80.0,DMU,53.33333333333334
DIAG_00697,stu_aab536a31dec57900b14413e3367f7c7,CARLBL_4D358FAC4B,2020_P,30.0,30.0,40.0,20.0,120.0,DMU,80.0
DIAG_00698,stu_7b6b0c43d89b51802498033456e7e7e2,,2020_P,30.0,20.0,40.0,10.0,100.0,DMU,66.66666666666666
DIAG_00699,stu_2192bff2073767e9a285dc1c9697ad27,CARLBL_AA24E93890,2020_P,20.0,30.0,20.0,10.0,80.0,DMU,53.33333333333334
DIAG_00700,stu_56875b1311080d1cd814586fc854998f,CARLBL_DAB7ED3371,2020_P,10.0,10.0,20.0,10.0,50.0,DMU,33.33333333333333
DIAG_00701,stu_d6b8ecfe7989dab03a2e9b2988e31822,,2020_P,30.0,30.0,30.0,30.0,120.0,DMU,80.0
DIAG_00702,stu_b39b4318fda1117fdc8bd94659f3af7b,CARLBL_F041EA11A4,2020_P,40.0,30.0,30.0,20.0,120.0,DMU,80.0
DIAG_00703,stu_391fb26baf0ce77e990e6f49d00ed2bf,,2020_P,20.0,30.0,20.0,30.0,100.0,DMU,66.66666666666666
DIAG_00704,stu_fa982ce79e658969684c0d6a4169accd,,2020_P,30.0,0.0,20.0,0.0,50.0,DMU,33.33333333333333
DIAG_00705,stu_93e7ae813b51b15724c6c2140ac6e6c8,,2020_P,0.0,10.0,30.0,0.0,40.0,DMU,26.66666666666667
DIAG_00706,stu_48999a81194e8c3e0d19a3082e8de03d,,2020_P,30.0,30.0,20.0,10.0,90.0,DMU,60.0
DIAG_00707,stu_5805e43a2becfa8b0a4c3fe2fda31464,,2020_P,10.0,30.0,20.0,20.0,80.0,DMU,53.33333333333334
DIAG_00708,stu_017ed1db7c656ae12b37f27b9c63e0c0,,2020_P,40.0,30.0,30.0,10.0,110.0,DMU,73.33333333333333
DIAG_00709,stu_c2f69991345beb0fedf08df8fc01ca62,,2020_P,40.0,20.0,40.0,10.0,110.0,DMU,73.33333333333333
DIAG_00710,stu_abde20585720ddd63db8ff3934105a79,,2020_P,30.0,30.0,20.0,20.0,100.0,DMU,66.66666666666666
DIAG_00711,stu_52877ded2ec0c0f5b7b83498ebb04398,,2020_P,20.0,10.0,20.0,10.0,60.0,DMU,40.0
DIAG_00712,stu_700fac23bb144f7903d1e2c3f7ff2443,,2020_P,20.0,20.0,40.0,10.0,90.0,DMU,60.0
DIAG_00713,stu_a67b871d1cf6c09fe72cc589f54502a4,CARLBL_F867BE971F,2020_P,10.0,20.0,10.0,0.0,40.0,DMU,26.66666666666667
DIAG_00714,stu_e2a06358acedc560a58e726223f9b607,CARLBL_255574A75E,2020_P,30.0,10.0,20.0,10.0,70.0,DMU,46.66666666666666
DIAG_00715,stu_3732c748e674c87610f67c1629359d6e,CARLBL_563A8FB47A,2020_P,20.0,40.0,20.0,10.0,90.0,DMU,60.0
DIAG_00716,stu_9b147c7ef5788d19f902c09c3b138551,,2020_P,30.0,40.0,30.0,30.0,130.0,DMU,86.66666666666667
DIAG_00717,stu_b4019f6606ef6b0ad38ec8e4cf88bc75,,2020_P,20.0,30.0,20.0,30.0,100.0,DMU,66.66666666666666
DIAG_00718,stu_4cfd06f4fa0bc905786ee3526d568880,,2020_P,20.0,40.0,20.0,10.0,90.0,DMU,60.0
DIAG_00719,stu_99123898dff765ea91d5b5a40c0d16ec,CARLBL_783067A8AC,2020_P,20.0,10.0,10.0,0.0,40.0,DMU,26.66666666666667
DIAG_00720,stu_131d22dbfdcbba640680d1c2646c6898,,2020_P,20.0,10.0,30.0,10.0,70.0,DMU,46.66666666666666
DIAG_00721,stu_37a83a787199c162b58165569086e3d4,,2020_P,20.0,40.0,20.0,20.0,100.0,DMU,66.66666666666666
DIAG_00722,stu_b0e9b637d711f4a7ed1f85d6e08caaf4,CARLBL_9FDFCF684F,2020_P,40.0,0.0,20.0,0.0,60.0,DMU,40.0
DIAG_00723,stu_a109ed96cc4949aab3425098d65ce036,,2020_P,30.0,30.0,0.0,10.0,70.0,DMU,46.66666666666666
DIAG_00724,stu_6d20b916381b8ead6fa32694f9b5d93c,CARLBL_5B99AB135B,2020_P,30.0,20.0,10.0,30.0,90.0,DMU,60.0
DIAG_00725,stu_5e4359b07f536e0d9b220ae63d70d39d,CARLBL_28FD56FF33,2020_P,20.0,20.0,20.0,20.0,80.0,DMU,53.33333333333334
DIAG_00726,stu_d6eefee2811f3c75b02a99ca33f55ddd,,2020_P,10.0,20.0,20.0,10.0,60.0,DMU,40.0
DIAG_00727,stu_5a0e04bee04271b62135ade05a6a1c1b,,2020_P,20.0,20.0,10.0,10.0,60.0,DMU,40.0
DIAG_00728,stu_ad099f11956ab5b563572a80a5247283,CARLBL_D174EB3A71,2020_P,30.0,20.0,30.0,0.0,80.0,DMU,53.33333333333334
DIAG_00729,stu_e54669292bf80066fab62cbca838aa8a,CARLBL_F041EA11A4,2020_P,30.0,30.0,40.0,0.0,100.0,DMU,66.66666666666666
DIAG_00730,stu_9f3c7f12bd2f9a59b1b546c4ffda110b,CARLBL_CC13F1BB98,2020_P,40.0,30.0,20.0,10.0,100.0,DMU,66.66666666666666
DIAG_00731,stu_cffc52b149fcdc99928e9538ba521372,CARLBL_DAB7ED3371,2020_P,30.0,20.0,30.0,10.0,90.0,DMU,60.0
DIAG_00732,stu_29fb3770ffa366ff4aab21d9a4940d22,,2020_P,30.0,20.0,40.0,10.0,100.0,DMU,66.66666666666666
DIAG_00733,stu_6068962df991ad9b77ef60173e339ae6,CARLBL_4D358FAC4B,2020_P,40.0,20.0,30.0,10.0,100.0,DMU,66.66666666666666
DIAG_00734,stu_1e0ca2a6c285f19027735b5819ccefea,CARLBL_4D358FAC4B,2020_P,20.0,20.0,0.0,20.0,60.0,DMU,40.0
DIAG_00735,stu_ae17dccb4462714dfd59b92827087f13,CARLBL_4D358FAC4B,2020_P,10.0,20.0,20.0,20.0,70.0,DMU,46.66666666666666
DIAG_00736,stu_1a1b26dc48c8f549a3d26a1cfb008439,CARLBL_F041EA11A4,2020_P,30.0,40.0,40.0,20.0,130.0,DMU,86.66666666666667
DIAG_00737,stu_63372ab80763fe9c27d4a50535ffab33,,2020_P,20.0,30.0,30.0,20.0,100.0,DMU,66.66666666666666
DIAG_00738,stu_2874e969fe44a67759e61b77bf294422,CARLBL_F7A3F2E0E2,2020_P,30.0,30.0,20.0,10.0,90.0,DMU,60.0
DIAG_00739,stu_b62393702ec33b187628468b61eaf0e1,CARLBL_DAB7ED3371,2020_P,20.0,20.0,30.0,20.0,90.0,DMU,60.0
DIAG_00740,stu_ac38793017a19fba6222ef934f2b8ae5,CARLBL_255574A75E,2020_P,20.0,40.0,0.0,30.0,90.0,DMU,60.0
DIAG_00741,stu_510807f8403d06f313e64e560cf47fbe,CARLBL_F7A3F2E0E2,2020_P,40.0,40.0,30.0,10.0,120.0,DMU,80.0
DIAG_00742,stu_2a99bcc5c9075b83729d95c66cc01828,,2020_P,40.0,20.0,10.0,20.0,90.0,DMU,60.0
DIAG_00743,stu_0e62b9f7319c40dd69ac2128d3d2a16e,CARLBL_563A8FB47A,2020_P,20.0,20.0,20.0,0.0,60.0,DMU,40.0
DIAG_00744,stu_9561ca2e3e4e84788c2a17b0a8a89a9b,CARLBL_255574A75E,2020_P,30.0,30.0,0.0,20.0,80.0,DMU,53.33333333333334
DIAG_00745,stu_dbaed2c07032288acbc6feb7becc912d,CARLBL_563A8FB47A,2020_P,20.0,10.0,10.0,10.0,50.0,DMU,33.33333333333333
DIAG_00746,stu_4b74033dad6abe2c4bcf425c9b4d2e28,,2020_P,10.0,10.0,20.0,10.0,50.0,DMU,33.33333333333333
DIAG_00747,stu_4d21e18e615a866486823999fc1e225e,CARLBL_5B99AB135B,2020_P,0.0,20.0,30.0,10.0,60.0,DMU,40.0
DIAG_00748,stu_978ce78cfc1291af950a0bc481670c04,,2020_P,30.0,20.0,30.0,20.0,100.0,DMU,66.66666666666666
DIAG_00749,stu_aafd256ed63d2600f419af63cdff9013,CARLBL_4D358FAC4B,2020_P,20.0,10.0,20.0,10.0,60.0,DMU,40.0
DIAG_00750,stu_a5a0dec663668a5bf9621a475ed36093,,2020_P,20.0,0.0,40.0,10.0,70.0,DMU,46.66666666666666
DIAG_00751,stu_af958d4c7a2cc5be1d49cd6cab364a16,,2020_P,20.0,10.0,20.0,0.0,50.0,DMU,33.33333333333333
DIAG_00752,stu_e8f0ca3d5308d909bc1eb5d97a852cc1,,2020_P,30.0,30.0,20.0,10.0,90.0,DMU,60.0
DIAG_00753,stu_13516738465581aa49bd47f0b9b4f35f,,2020_P,30.0,20.0,0.0,0.0,50.0,DMU,33.33333333333333
DIAG_00754,stu_380a9671f0fdf7e9ab2d86e07ad0280b,,2020_P,20.0,30.0,30.0,10.0,90.0,DMU,60.0
DIAG_00755,stu_0939dd4005f300360e039ec8426b88b5,,2020_P,30.0,30.0,20.0,30.0,110.0,DMU,73.33333333333333
DIAG_00756,stu_4919b9bd61ddc6131eea1d8c2ec4cc1f,,2020_P,20.0,20.0,10.0,10.0,60.0,DMU,40.0
DIAG_00757,stu_a5be3fc02fbd6282e853c113d7ea5d63,,2020_P,30.0,10.0,30.0,10.0,80.0,DMU,53.33333333333334
DIAG_00758,stu_b279be75d077afa3a415ebe2bcf00633,CARLBL_F041EA11A4,2020_P,20.0,40.0,10.0,0.0,70.0,DMU,46.66666666666666
DIAG_00759,stu_74e3c0020028239c9772ea4398ad473e,CARLBL_255574A75E,2020_P,30.0,20.0,30.0,20.0,100.0,DMU,66.66666666666666
DIAG_00760,stu_5ba734095ea737b1621ac2cad29308fe,,2020_P,20.0,30.0,10.0,20.0,80.0,DMU,53.33333333333334
DIAG_00761,stu_b8f07e8a28f1ce9097f3a223555120ac,CARLBL_6264AD2D5A,2020_P,10.0,10.0,20.0,10.0,50.0,DMU,33.33333333333333
DIAG_00762,stu_2f30961929a88674f8365dd855fab441,CARLBL_CC13F1BB98,2020_P,40.0,0.0,30.0,30.0,100.0,DMU,66.66666666666666
DIAG_00763,stu_c865f5e985efbcb4de5a22de303eaaa6,CARLBL_255574A75E,2020_P,30.0,40.0,10.0,10.0,90.0,DMU,60.0
DIAG_00764,stu_1bc01de347402c9da5baf1b70a4443ee,CARLBL_F041EA11A4,2020_P,30.0,20.0,30.0,0.0,80.0,DMU,53.33333333333334
DIAG_00765,stu_d2dd1e72a3d88febdc1e24453c61f43d,,2020_P,30.0,20.0,30.0,20.0,100.0,DMU,66.66666666666666
DIAG_00766,stu_d034bc52b692040dc156fd0028073256,CARLBL_9393C45E8D,2020_P,30.0,30.0,20.0,10.0,90.0,DMU,60.0
DIAG_00767,stu_dd1e47015b3244ffa17fe2710895d066,CARLBL_B3FCCAA8C1,2020_P,20.0,30.0,30.0,10.0,90.0,DMU,60.0
DIAG_00768,stu_73bcbc5b4f62c7f6df8ba5764dff836b,CARLBL_ADFF4A692B,2020_P,30.0,30.0,20.0,10.0,90.0,DMU,60.0
DIAG_00769,stu_9f330c84a4163475e086b4cf5eda9cd8,CARLBL_563A8FB47A,2020_P,30.0,20.0,10.0,10.0,70.0,DMU,46.66666666666666
DIAG_00770,stu_33d46e499c68b7908e02870f9ee0730d,CARLBL_56B3A1BFE0,2020_P,20.0,30.0,30.0,30.0,110.0,DMU,73.33333333333333
DIAG_00771,stu_29f23f661a9e3cf9c073f834a349ab13,CARLBL_563A8FB47A,2020_P,20.0,20.0,40.0,0.0,80.0,DMU,53.33333333333334
DIAG_00772,stu_fc82f652e2e3231e71bd78dff7d41bdd,CARLBL_CC13F1BB98,2020_P,40.0,30.0,30.0,10.0,110.0,DMU,73.33333333333333
DIAG_00773,stu_febe1269924251c9e9bbd34e9b18cd0b,,2020_P,30.0,30.0,20.0,10.0,90.0,DMU,60.0
DIAG_00774,stu_f379fbf8f88b0cddaa29577cceaaff1c,,2020_P,30.0,20.0,0.0,10.0,60.0,DMU,40.0
DIAG_00775,stu_ccf1ff16b2d9590f87fa054dff78b776,,2020_P,30.0,40.0,40.0,20.0,130.0,DMU,86.66666666666667
DIAG_00776,stu_c3786db3c9fbd47b658229bd648aed76,,2020_P,40.0,20.0,30.0,0.0,90.0,DMU,60.0
DIAG_00777,stu_11a0119badc7e9efc4e024809be14678,CARLBL_F041EA11A4,2020_P,30.0,20.0,20.0,20.0,90.0,DMU,60.0
DIAG_00778,stu_09a8074bc68c76250cb3442fc2ee47e7,,2020_P,10.0,20.0,10.0,10.0,50.0,DMU,33.33333333333333
DIAG_00779,stu_d398fa1e4232bf9bff3c438fcf9c411c,,2020_P,40.0,40.0,40.0,10.0,130.0,DMU,86.66666666666667
DIAG_00780,stu_c8ec45a1e8fddde481edf61a09f3e1c3,CARLBL_B2CB496E63,2020_P,10.0,40.0,30.0,20.0,100.0,DMU,66.66666666666666
DIAG_00781,stu_19517800dbe4e887724bfa615d2a550f,CARLBL_4D358FAC4B,2020_P,20.0,30.0,30.0,10.0,90.0,DMU,60.0
DIAG_00782,stu_631d64b7a1b3b2686a9f4220826ff1ad,CARLBL_6264AD2D5A,2020_P,40.0,20.0,0.0,10.0,70.0,DMU,46.66666666666666
DIAG_00783,stu_adbf81e54e7b42eef9cdadc810bbb0ef,CARLBL_4D358FAC4B,2020_P,30.0,30.0,30.0,20.0,110.0,DMU,73.33333333333333
DIAG_00784,stu_d5ddbea58547bbbbfd9999da61b37625,CARLBL_F867BE971F,2020_P,20.0,20.0,20.0,10.0,70.0,DMU,46.66666666666666
DIAG_00785,stu_560ffa4b40a16c2ad87a0a46ea9b948a,CARLBL_4D358FAC4B,2020_P,0.0,10.0,10.0,0.0,20.0,DMU,13.33333333333333
DIAG_00786,stu_071d6d4589320f453f47b4da5d63aa91,,2020_P,30.0,20.0,40.0,20.0,110.0,DMU,73.33333333333333
DIAG_00787,stu_4ccf1f09910c7041f2d0b6ce1b0d8460,,2020_P,40.0,40.0,30.0,0.0,110.0,DMU,73.33333333333333
DIAG_00788,stu_27a6cb48c4552e1ff1e195616fd209ca,CARLBL_CC13F1BB98,2020_P,10.0,20.0,30.0,10.0,70.0,DMU,46.66666666666666
DIAG_00789,stu_abf9dbb7006e34ed27bc71aac359cdb4,,2020_P,20.0,30.0,20.0,10.0,80.0,DMU,53.33333333333334
DIAG_00790,stu_1b3c19f569971ab9113986e30a216f46,CARLBL_F7A3F2E0E2,2020_P,10.0,10.0,40.0,10.0,70.0,DMU,46.66666666666666
DIAG_00791,stu_92c244ee4b858bca5b3c731e78c461f8,,2021_P,40.0,40.0,40.0,30.0,150.0,DMU,100.0
DIAG_00792,stu_af0c1420b905ad0d786d162d36ddc34b,CARLBL_BD76F0F196,2021_P,40.0,40.0,40.0,30.0,150.0,DMU,100.0
DIAG_00793,stu_28f556686e0d9a596cb668302925b4ee,CARLBL_F041EA11A4,2021_P,40.0,40.0,40.0,30.0,150.0,DMU,100.0
DIAG_00794,stu_1fb1db2c138ad23a6671b34be214d753,,2021_P,40.0,40.0,40.0,30.0,150.0,DMU,100.0
DIAG_00795,stu_51eed3acf4bd2564de715197f7c5ee4d,CARLBL_F867BE971F,2021_P,40.0,40.0,40.0,30.0,150.0,DMU,100.0
DIAG_00796,stu_8df970252e380017dee5efe1645bc29a,CARLBL_F7A3F2E0E2,2021_P,40.0,40.0,40.0,30.0,150.0,DMU,100.0
DIAG_00797,stu_f230829c039c4b59180a236dcd121810,CARLBL_F041EA11A4,2021_P,40.0,40.0,40.0,30.0,150.0,DMU,100.0
DIAG_00798,stu_a90ddd246f54a09d6439f23fbdaa017c,,2021_P,40.0,40.0,40.0,30.0,150.0,DMU,100.0
DIAG_00799,stu_96805f05df20b1d7766b49b7d7476cde,CARLBL_B2CB496E63,2021_P,40.0,40.0,40.0,30.0,150.0,DMU,100.0
DIAG_00800,stu_5e9890bf8efcecd7a221461be855f0f7,CARLBL_563A8FB47A,2021_P,40.0,40.0,40.0,30.0,150.0,DMU,100.0
DIAG_00801,stu_58bfec570e6b8284efdf2f9d52565d1e,,2021_P,40.0,40.0,40.0,30.0,150.0,DMU,100.0
DIAG_00802,stu_2b539ebede62a889cb3cd0d4a4933ec1,,2021_P,40.0,40.0,40.0,30.0,150.0,DMU,100.0
DIAG_00803,stu_4d1a9e25dc3c477328511d28a6fb27b7,CARLBL_F041EA11A4,2021_P,40.0,40.0,40.0,30.0,150.0,DMU,100.0
DIAG_00804,stu_ddb69d51afa5f692d15fc35bff3fadac,CARLBL_783067A8AC,2021_P,40.0,40.0,40.0,30.0,150.0,DMU,100.0
DIAG_00805,stu_795df5e70c6dfd7059979a7080333ef7,CARLBL_F7A3F2E0E2,2021_P,40.0,40.0,40.0,30.0,150.0,DMU,100.0
DIAG_00806,stu_a1314b5ddf0215830e5ba175d8e7090d,,2021_P,40.0,40.0,40.0,30.0,150.0,DMU,100.0
DIAG_00807,stu_877ff1e769bcb43133243c6af2359601,CARLBL_F041EA11A4,2021_P,40.0,40.0,40.0,30.0,150.0,DMU,100.0
DIAG_00808,stu_7c38d7c14b28ee6a20e703519e8279ba,,2021_P,40.0,40.0,40.0,30.0,150.0,DMU,100.0
DIAG_00809,stu_832ba8b3484229f14aafdaf44683ccaf,CARLBL_CC13F1BB98,2021_P,40.0,40.0,40.0,30.0,150.0,DMU,100.0
DIAG_00810,stu_148da0ac9c57b66df884976eece11ec7,CARLBL_F041EA11A4,2021_P,40.0,40.0,40.0,30.0,150.0,DMU,100.0
DIAG_00811,stu_e238c379715b27c55e2cbbaf06184db6,,2021_P,40.0,40.0,40.0,30.0,150.0,DMU,100.0
DIAG_00812,stu_ed9dbf9d77ee1960e9fe89ec42e7bd92,CARLBL_28FD56FF33,2021_P,40.0,40.0,40.0,30.0,150.0,DMU,100.0
DIAG_00813,stu_f17cc987cf64e310f725c061f2d4f4eb,CARLBL_28FD56FF33,2021_P,40.0,40.0,40.0,30.0,150.0,DMU,100.0
DIAG_00814,stu_0a8ae9b5d32da7b6dbd90bceacaa3517,CARLBL_BD76F0F196,2021_P,40.0,40.0,40.0,30.0,150.0,DMU,100.0
DIAG_00815,stu_1b7e097273510e2fdd0209c75ac5b75b,CARLBL_4D358FAC4B,2021_P,40.0,40.0,40.0,30.0,150.0,DMU,100.0
DIAG_00816,stu_e50629f344c3a65d6938d544b87d1d90,,2021_P,40.0,40.0,40.0,30.0,150.0,DMU,100.0
DIAG_00817,stu_5e1c1a9489fdca6680b24022645bd7cf,CARLBL_AA24E93890,2021_P,40.0,40.0,40.0,30.0,150.0,DMU,100.0
DIAG_00818,stu_c937c17cf2a1b9462c30fabd3f662ed5,CARLBL_F7A3F2E0E2,2021_P,40.0,40.0,40.0,30.0,150.0,DMU,100.0
DIAG_00819,stu_3e47c7b5fb0e93c1d181ddb0e95c71c7,CARLBL_F041EA11A4,2021_P,40.0,40.0,40.0,30.0,150.0,DMU,100.0
DIAG_00820,stu_304f1345784d50e74d2388b7c2565c63,,2021_P,40.0,40.0,40.0,30.0,150.0,DMU,100.0
DIAG_00821,stu_fd3df65fd80c322a760de8eb7bf5c2ef,,2021_P,40.0,40.0,40.0,30.0,150.0,DMU,100.0
DIAG_00822,stu_908d999a58fb1585001e3caad40f2c4f,,2021_P,40.0,40.0,40.0,30.0,150.0,DMU,100.0
DIAG_00823,stu_6f132bf11a43ca1a18a15cdc15e3bbb0,,2021_P,40.0,40.0,40.0,30.0,150.0,DMU,100.0
DIAG_00824,stu_2e36f398d5f5137d944e6c50c24cdb78,CARLBL_9393C45E8D,2021_P,40.0,40.0,40.0,30.0,150.0,DMU,100.0
DIAG_00825,stu_a816d367fe9b093d9e3f1dab74b00194,CARLBL_CC13F1BB98,2021_P,40.0,40.0,40.0,30.0,150.0,DMU,100.0
DIAG_00826,stu_bb55b85073b7454588e20e4d9d100443,CARLBL_9FDFCF684F,2021_P,40.0,40.0,40.0,30.0,150.0,DMU,100.0
DIAG_00827,stu_c9c3d71b9b05fba6e06eaa6e8cb489ce,,2021_P,40.0,40.0,40.0,30.0,150.0,DMU,100.0
DIAG_00828,stu_ab1f6a90d8915e0549b8161190021d01,CARLBL_DAB7ED3371,2021_P,40.0,40.0,40.0,20.0,140.0,DMU,93.33333333333333
DIAG_00829,stu_c14dc627670a948f4001fde6d031cbbf,,2021_P,40.0,30.0,40.0,30.0,140.0,DMU,93.33333333333333
DIAG_00830,stu_9edd97dac4b1967ec25d3ca26586b1c4,,2021_P,40.0,30.0,40.0,30.0,140.0,DMU,93.33333333333333
DIAG_00831,stu_56d73a1bff04d893c3552408b1912893,CARLBL_F041EA11A4,2021_P,40.0,40.0,40.0,20.0,140.0,DMU,93.33333333333333
DIAG_00832,stu_0d7196a83743202b56f202c18d5478e1,,2021_P,40.0,40.0,40.0,20.0,140.0,DMU,93.33333333333333
DIAG_00833,stu_7c2124f023bcedc9a7da05b0528d0113,CARLBL_DAB7ED3371,2021_P,40.0,40.0,40.0,20.0,140.0,DMU,93.33333333333333
DIAG_00834,stu_15b4396a4a24e6bf09f2ad2adf8821b4,CARLBL_F041EA11A4,2021_P,40.0,40.0,40.0,20.0,140.0,DMU,93.33333333333333
DIAG_00835,stu_31efe2571e0b5efdb5b521b6151db6eb,,2021_P,40.0,30.0,40.0,30.0,140.0,DMU,93.33333333333333
DIAG_00836,stu_a2cb02efc01b646fbd8e2df62b88759b,CARLBL_F041EA11A4,2021_P,40.0,40.0,40.0,20.0,140.0,DMU,93.33333333333333
DIAG_00837,stu_367f841c0761c2880fa4e51d1a48dff2,CARLBL_255574A75E,2021_P,40.0,40.0,40.0,20.0,140.0,DMU,93.33333333333333
DIAG_00838,stu_3fec721a6b0aba9713b8ecacea5cbd1d,,2021_P,30.0,40.0,40.0,30.0,140.0,DMU,93.33333333333333
DIAG_00839,stu_5c775f4da18a5f32fef449d084de6f93,CARLBL_783067A8AC,2021_P,40.0,40.0,40.0,20.0,140.0,DMU,93.33333333333333
DIAG_00840,stu_d03231e66a63cb9b259ff3fc47537cb4,,2021_P,40.0,40.0,40.0,20.0,140.0,DMU,93.33333333333333
DIAG_00841,stu_65339fdf1eacfadb0df1d112208baefb,CARLBL_F7A3F2E0E2,2021_P,40.0,30.0,40.0,30.0,140.0,DMU,93.33333333333333
DIAG_00842,stu_178b80f6b2c6309a4ae799ffbee4e457,,2021_P,40.0,40.0,40.0,20.0,140.0,DMU,93.33333333333333
DIAG_00843,stu_aa99d696b51ff713ff44385d74a13e95,,2021_P,40.0,30.0,40.0,30.0,140.0,DMU,93.33333333333333
DIAG_00844,stu_0c31bf277f7eb080fd74c875ebe928c9,,2021_P,40.0,30.0,40.0,30.0,140.0,DMU,93.33333333333333
DIAG_00845,stu_426e2dda3349f5faea4431fe25a8fd10,,2021_P,30.0,40.0,40.0,30.0,140.0,DMU,93.33333333333333
DIAG_00846,stu_34a66fb336bcc3fe2281f48b30c6f218,CARLBL_F7A3F2E0E2,2021_P,40.0,30.0,40.0,30.0,140.0,DMU,93.33333333333333
DIAG_00847,stu_85c23faff00359785bb8823becb0b106,,2021_P,40.0,40.0,40.0,20.0,140.0,DMU,93.33333333333333
DIAG_00848,stu_acadab3bc90a25c817b8be7d93d0deb5,CARLBL_F041EA11A4,2021_P,40.0,30.0,40.0,30.0,140.0,DMU,93.33333333333333
DIAG_00849,stu_44ec4208205d910e422ae0f9a1d6cafe,CARLBL_F041EA11A4,2021_P,40.0,30.0,40.0,30.0,140.0,DMU,93.33333333333333
DIAG_00850,stu_d5efd2bf133618b6cf2c2b7331342d4d,CARLBL_F867BE971F,2021_P,40.0,30.0,40.0,30.0,140.0,DMU,93.33333333333333
DIAG_00851,stu_2bf09fa4e3fc81182d360cc4d1959375,,2021_P,30.0,40.0,40.0,30.0,140.0,DMU,93.33333333333333
DIAG_00852,stu_ff224f01b3172c6c507be930edec5a11,,2021_P,40.0,40.0,40.0,20.0,140.0,DMU,93.33333333333333
DIAG_00853,stu_0eaa22f3c0e54e224ff0dac62784502c,,2021_P,40.0,40.0,40.0,20.0,140.0,DMU,93.33333333333333
DIAG_00854,stu_8810f749bab29d721edb8605a6fef642,,2021_P,40.0,30.0,40.0,30.0,140.0,DMU,93.33333333333333
DIAG_00855,stu_06cd6341ff65b61638a391bc7111cea2,CARLBL_D174EB3A71,2021_P,40.0,40.0,40.0,20.0,140.0,DMU,93.33333333333333
DIAG_00856,stu_f651d06c2228b6c9d7eb8d1e7b721af1,,2021_P,40.0,40.0,30.0,30.0,140.0,DMU,93.33333333333333
DIAG_00857,stu_011abb009d6a71faa659afede4f863b7,CARLBL_616F8A0D87,2021_P,40.0,30.0,40.0,30.0,140.0,DMU,93.33333333333333
DIAG_00858,stu_a351bc4cc37ef3d45fe418bfb142073f,,2021_P,40.0,30.0,40.0,30.0,140.0,DMU,93.33333333333333
DIAG_00859,stu_78f1ca01e56a0c7501593a8b64fe702b,CARLBL_28FD56FF33,2021_P,40.0,40.0,30.0,30.0,140.0,DMU,93.33333333333333
DIAG_00860,stu_b353f82895c4db2ac6bcb718ab38bdae,,2021_P,40.0,40.0,40.0,20.0,140.0,DMU,93.33333333333333
DIAG_00861,stu_4df115ef27c95c996b5567de8ce9e89f,CARLBL_DAB7ED3371,2021_P,40.0,30.0,40.0,30.0,140.0,DMU,93.33333333333333
DIAG_00862,stu_394f4c81555770bf08679b4343253074,CARLBL_F867BE971F,2021_P,40.0,40.0,40.0,20.0,140.0,DMU,93.33333333333333
DIAG_00863,stu_1b01892184ef4bde33f8eb9728a301e2,,2021_P,30.0,40.0,40.0,30.0,140.0,DMU,93.33333333333333
DIAG_00864,stu_f89a251f5531f3ddac2af033931e9af4,,2021_P,40.0,40.0,40.0,20.0,140.0,DMU,93.33333333333333
DIAG_00865,stu_5f5f311f041e767f65f2500b19a05c11,,2021_P,40.0,40.0,40.0,20.0,140.0,DMU,93.33333333333333
DIAG_00866,stu_ad1346deb687847349234e7bef35bd9f,CARLBL_9FDFCF684F,2021_P,40.0,30.0,40.0,30.0,140.0,DMU,93.33333333333333
DIAG_00867,stu_626018240142a0ef0e76b02b4d73fb51,,2021_P,40.0,30.0,40.0,30.0,140.0,DMU,93.33333333333333
DIAG_00868,stu_c2a5af752a4c7b15b7458890155b0f80,CARLBL_563A8FB47A,2021_P,40.0,30.0,40.0,30.0,140.0,DMU,93.33333333333333
DIAG_00869,stu_a1989518ea2bde7bdc03dbab5d952a35,,2021_P,40.0,30.0,40.0,30.0,140.0,DMU,93.33333333333333
DIAG_00870,stu_074eb937cc960950515aafb85e1dfb00,,2021_P,30.0,40.0,40.0,30.0,140.0,DMU,93.33333333333333
DIAG_00871,stu_3c9a71e854ae1ddfdd4f75c0860afe42,CARLBL_F041EA11A4,2021_P,40.0,40.0,40.0,20.0,140.0,DMU,93.33333333333333
DIAG_00872,stu_094ba29b27898622e66d89063e6a808e,CARLBL_783067A8AC,2021_P,40.0,30.0,40.0,30.0,140.0,DMU,93.33333333333333
DIAG_00873,stu_8e97d0d2d453c39bcd3fa0fc08d42ec5,CARLBL_ADFF4A692B,2021_P,40.0,40.0,40.0,20.0,140.0,DMU,93.33333333333333
DIAG_00874,stu_e9369a8b22bffa6aa43f985bf41a8ac9,,2021_P,40.0,30.0,40.0,30.0,140.0,DMU,93.33333333333333
DIAG_00875,stu_b2da25278747f6970da2d75b1385b66d,,2021_P,40.0,30.0,40.0,30.0,140.0,DMU,93.33333333333333
DIAG_00876,stu_2ec718f04477545269c5a0fbdd9b8785,,2021_P,40.0,40.0,40.0,20.0,140.0,DMU,93.33333333333333
DIAG_00877,stu_40ea0c239d03fc18f470115f2f80465d,CARLBL_255574A75E,2021_P,40.0,40.0,40.0,20.0,140.0,DMU,93.33333333333333
DIAG_00878,stu_97423f454ebbd4e4a805aadbc3509908,CARLBL_F041EA11A4,2021_P,40.0,30.0,40.0,30.0,140.0,DMU,93.33333333333333
DIAG_00879,stu_3e35569ea67b8ab843eaf56b1c11b11f,CARLBL_F7A3F2E0E2,2021_P,30.0,40.0,40.0,30.0,140.0,DMU,93.33333333333333
DIAG_00880,stu_88339bcb7e7ca51497e70fc49944804e,,2021_P,40.0,40.0,40.0,20.0,140.0,DMU,93.33333333333333
DIAG_00881,stu_3bc12ba570d39af1cfd7e223ce0994e3,,2021_P,40.0,40.0,40.0,20.0,140.0,DMU,93.33333333333333
DIAG_00882,stu_6b841eecec218017d70b7fa1b21bb2f9,,2021_P,40.0,40.0,30.0,30.0,140.0,DMU,93.33333333333333
DIAG_00883,stu_0ac22bfcc48eb7b7294448b2ade85d2c,CARLBL_6264AD2D5A,2021_P,40.0,40.0,40.0,20.0,140.0,DMU,93.33333333333333
DIAG_00884,stu_f4d1fed8603b1914c13439fd9438b84b,,2021_P,40.0,40.0,40.0,20.0,140.0,DMU,93.33333333333333
DIAG_00885,stu_d1afbe196a51939fd54c226f065f9de3,,2021_P,40.0,40.0,30.0,30.0,140.0,DMU,93.33333333333333
DIAG_00886,stu_65acc83450b31ddce1c68aa1f9e2cf2d,,2021_P,30.0,40.0,40.0,20.0,130.0,DMU,86.66666666666667
DIAG_00887,stu_baee8abac2ab65b369a03cad1ca3f9f6,,2021_P,40.0,30.0,40.0,20.0,130.0,DMU,86.66666666666667
DIAG_00888,stu_94df8c3ac2bdd7966ba0942f7a3092ef,,2021_P,40.0,30.0,40.0,20.0,130.0,DMU,86.66666666666667
DIAG_00889,stu_f8517d77f55dfdb2d8acefe36a42b8a8,,2021_P,30.0,40.0,40.0,20.0,130.0,DMU,86.66666666666667
DIAG_00890,stu_c11726a32396301d11c0fd6027bfc0aa,,2021_P,40.0,30.0,40.0,20.0,130.0,DMU,86.66666666666667
DIAG_00891,stu_fee09516903ba0ae048733bd0a4abe4e,CARLBL_563A8FB47A,2021_P,40.0,20.0,40.0,30.0,130.0,DMU,86.66666666666667
DIAG_00892,stu_9391200cf113426ab4790ce152bd2a09,,2021_P,30.0,40.0,40.0,20.0,130.0,DMU,86.66666666666667
DIAG_00893,stu_c44c230222d4917f1108f546b4c0a1db,,2021_P,30.0,30.0,40.0,30.0,130.0,DMU,86.66666666666667
DIAG_00894,stu_a2ff29ff72e791c6365a7456773b7d19,CARLBL_D174EB3A71,2021_P,30.0,40.0,40.0,20.0,130.0,DMU,86.66666666666667
DIAG_00895,stu_e97dda47a0d23f20defe67032f9fb7d2,CARLBL_41179F062D,2021_P,40.0,30.0,40.0,20.0,130.0,DMU,86.66666666666667
DIAG_00896,stu_7105c3cd26d3a52b9c36d9c8ba919876,CARLBL_9FDFCF684F,2021_P,40.0,40.0,40.0,10.0,130.0,DMU,86.66666666666667
DIAG_00897,stu_d48de255fd6d4b61615b3aee6aaba1d2,,2021_P,40.0,40.0,40.0,10.0,130.0,DMU,86.66666666666667
DIAG_00898,stu_e7951dec314a3c1d8dcfca67e54a43d2,,2021_P,30.0,40.0,40.0,20.0,130.0,DMU,86.66666666666667
DIAG_00899,stu_5516d7c0ff2f07ab9b55462a1be508f4,,2021_P,30.0,40.0,40.0,20.0,130.0,DMU,86.66666666666667
DIAG_00900,stu_339d0d4b7cb1e40c2cc9b475d43dd576,CARLBL_F041EA11A4,2021_P,40.0,30.0,40.0,20.0,130.0,DMU,86.66666666666667
DIAG_00901,stu_0b9281b9bfaa3df231800d521ed46d1b,,2021_P,40.0,40.0,30.0,20.0,130.0,DMU,86.66666666666667
DIAG_00902,stu_6807d399620923d97cc8ed3fc3c56c74,,2021_P,30.0,40.0,30.0,30.0,130.0,DMU,86.66666666666667
DIAG_00903,stu_5c9a52b1f67f6ee54097d0e7427b31ba,CARLBL_F041EA11A4,2021_P,30.0,30.0,40.0,30.0,130.0,DMU,86.66666666666667
DIAG_00904,stu_a3181a23a4bdeb6433212c64ba9ffb7e,,2021_P,20.0,40.0,40.0,30.0,130.0,DMU,86.66666666666667
DIAG_00905,stu_ea42540226fdde81fc7ab59639f29656,,2021_P,40.0,20.0,40.0,30.0,130.0,DMU,86.66666666666667
DIAG_00906,stu_79fa4240f0dc5291bdddde86f2c5eff0,,2021_P,40.0,20.0,40.0,30.0,130.0,DMU,86.66666666666667
DIAG_00907,stu_c47af60d04d78f5456df9e600901a04c,,2021_P,40.0,30.0,40.0,20.0,130.0,DMU,86.66666666666667
DIAG_00908,stu_70bb02ef6fd024997984698ff7c86ba8,CARLBL_783067A8AC,2021_P,40.0,40.0,30.0,20.0,130.0,DMU,86.66666666666667
DIAG_00909,stu_a4f888ab94d5fac1385c9fc67d2e87e9,,2021_P,40.0,30.0,40.0,20.0,130.0,DMU,86.66666666666667
DIAG_00910,stu_94f2135fc94d6d7b65dd5799ae9f7eb8,,2021_P,40.0,30.0,40.0,20.0,130.0,DMU,86.66666666666667
DIAG_00911,stu_88c17b22483bc9fe472915decb932527,,2021_P,40.0,40.0,30.0,20.0,130.0,DMU,86.66666666666667
DIAG_00912,stu_c550ce6830219ad51ca058bf3c20c40f,CARLBL_783067A8AC,2021_P,40.0,40.0,40.0,10.0,130.0,DMU,86.66666666666667
DIAG_00913,stu_659f89b22d5f5e74ca29d594ef7621dc,,2021_P,40.0,40.0,40.0,10.0,130.0,DMU,86.66666666666667
DIAG_00914,stu_ad884865f3e82b9213515b10db012cb2,CARLBL_F041EA11A4,2021_P,30.0,30.0,40.0,30.0,130.0,DMU,86.66666666666667
DIAG_00915,stu_bb7983d66d64900ad570c2a0dc84f592,CARLBL_9393C45E8D,2021_P,40.0,40.0,40.0,10.0,130.0,DMU,86.66666666666667
DIAG_00916,stu_0aeacff4d30d4beec0b20d53d12d0f0c,CARLBL_ADFF4A692B,2021_P,30.0,40.0,40.0,20.0,130.0,DMU,86.66666666666667
DIAG_00917,stu_ef645c37d4bc2bf2cb3076002e7b2ccc,CARLBL_6264AD2D5A,2021_P,40.0,30.0,30.0,30.0,130.0,DMU,86.66666666666667
DIAG_00918,stu_aa49c2801b13922744f48d3920fb80fd,,2021_P,40.0,40.0,40.0,10.0,130.0,DMU,86.66666666666667
DIAG_00919,stu_98fefe2534f3ba8fc4548112342e51ff,CARLBL_9393C45E8D,2021_P,30.0,40.0,30.0,30.0,130.0,DMU,86.66666666666667
DIAG_00920,stu_cf1bc3fb1797ab1750bb0b8c05555663,,2021_P,40.0,30.0,40.0,20.0,130.0,DMU,86.66666666666667
DIAG_00921,stu_3837431d576cfe860a21b5e9da377caf,CARLBL_F041EA11A4,2021_P,40.0,40.0,30.0,20.0,130.0,DMU,86.66666666666667
DIAG_00922,stu_036c7fbe1544a985955ee6c4af1fb1c2,,2021_P,40.0,40.0,40.0,10.0,130.0,DMU,86.66666666666667
DIAG_00923,stu_b376e97f013e73bf741a9def1fd2dd21,CARLBL_F7A3F2E0E2,2021_P,40.0,20.0,40.0,30.0,130.0,DMU,86.66666666666667
DIAG_00924,stu_a700fdeb0e0f9526b03d12c51d16874f,CARLBL_783067A8AC,2021_P,30.0,30.0,40.0,30.0,130.0,DMU,86.66666666666667
DIAG_00925,stu_1d4b62801d6bad160f1e50a0c7b9fecc,,2021_P,30.0,40.0,30.0,30.0,130.0,DMU,86.66666666666667
DIAG_00926,stu_629fa37c6d4ec7e5adc2e8f5b7d94be9,CARLBL_783067A8AC,2021_P,40.0,30.0,40.0,20.0,130.0,DMU,86.66666666666667
DIAG_00927,stu_143fbb77175bd0cb89dcc7ee1e2bb26e,,2021_P,40.0,30.0,30.0,30.0,130.0,DMU,86.66666666666667
DIAG_00928,stu_25d056833a833e76da0262f117b91c96,,2021_P,40.0,30.0,30.0,30.0,130.0,DMU,86.66666666666667
DIAG_00929,stu_ae9022b8db2cb641ad9ac0e203e83510,,2021_P,40.0,30.0,40.0,20.0,130.0,DMU,86.66666666666667
DIAG_00930,stu_77a2675cf4bd0479164c4586be8e5e43,,2021_P,30.0,40.0,40.0,20.0,130.0,DMU,86.66666666666667
DIAG_00931,stu_9e820dac6492e096c4a68514ca66db32,CARLBL_9FDFCF684F,2021_P,30.0,40.0,40.0,20.0,130.0,DMU,86.66666666666667
DIAG_00932,stu_492a720fa9375ad40fdb8402e4b2f233,,2021_P,40.0,30.0,40.0,20.0,130.0,DMU,86.66666666666667
DIAG_00933,stu_51d150c1be4374f822ec3b112356647e,,2021_P,40.0,40.0,40.0,10.0,130.0,DMU,86.66666666666667
DIAG_00934,stu_6189008c85d802a98d29cbbc3b6277ca,CARLBL_28FD56FF33,2021_P,40.0,30.0,30.0,30.0,130.0,DMU,86.66666666666667
DIAG_00935,stu_9aeed075c0fed79f8cba5b2479fb919b,CARLBL_783067A8AC,2021_P,40.0,40.0,40.0,10.0,130.0,DMU,86.66666666666667
DIAG_00936,stu_17b53133cc928f1074fbda4a172cffea,CARLBL_39611AFCAD,2021_P,30.0,30.0,40.0,30.0,130.0,DMU,86.66666666666667
DIAG_00937,stu_2d32d4d313a8b31596b3d8dbe4fe01e9,CARLBL_783067A8AC,2021_P,40.0,40.0,30.0,20.0,130.0,DMU,86.66666666666667
DIAG_00938,stu_d5e6add9df9dd2903ba2d18ebe7523f3,CARLBL_F7A3F2E0E2,2021_P,40.0,30.0,30.0,30.0,130.0,DMU,86.66666666666667
DIAG_00939,stu_e1ae7fcb458dfff573b26deea21a8ff3,,2021_P,30.0,40.0,40.0,20.0,130.0,DMU,86.66666666666667
DIAG_00940,stu_2e35aee8d693f8d78ea51facbe99d6c7,,2021_P,30.0,30.0,40.0,30.0,130.0,DMU,86.66666666666667
DIAG_00941,stu_81c40058cd223bd2764bef5d328fc2aa,CARLBL_F041EA11A4,2021_P,40.0,30.0,40.0,20.0,130.0,DMU,86.66666666666667
DIAG_00942,stu_0a7b366353ccb2fa884111e5c6d9bf9f,,2021_P,40.0,30.0,40.0,20.0,130.0,DMU,86.66666666666667
DIAG_00943,stu_7b4c7b49b7f22a4e0fc3f75314d35275,CARLBL_F041EA11A4,2021_P,30.0,40.0,40.0,20.0,130.0,DMU,86.66666666666667
DIAG_00944,stu_e27914d64d63fd8999a24a5744e2c569,CARLBL_DAB7ED3371,2021_P,30.0,30.0,40.0,30.0,130.0,DMU,86.66666666666667
DIAG_00945,stu_46dcd5764753c0eeae368a5a572a36a5,,2021_P,40.0,40.0,30.0,20.0,130.0,DMU,86.66666666666667
DIAG_00946,stu_6c1074970b8409077aceb81bd65a1302,CARLBL_41179F062D,2021_P,30.0,30.0,40.0,30.0,130.0,DMU,86.66666666666667
DIAG_00947,stu_f4f9ab3ad7b62013e47c403982baab51,CARLBL_F041EA11A4,2021_P,40.0,40.0,30.0,20.0,130.0,DMU,86.66666666666667
DIAG_00948,stu_237de1882b92a6a13e08c703059b3d42,,2021_P,40.0,30.0,40.0,20.0,130.0,DMU,86.66666666666667
DIAG_00949,stu_d37aacb4bdb7308baf2d0d2163b04466,CARLBL_DAB7ED3371,2021_P,40.0,40.0,30.0,20.0,130.0,DMU,86.66666666666667
DIAG_00950,stu_feb9c07fcdce2daae669ecc0dde4a63e,CARLBL_DAB7ED3371,2021_P,40.0,20.0,40.0,30.0,130.0,DMU,86.66666666666667
DIAG_00951,stu_8e30bb1d5111c789f020df4fa5efea40,,2021_P,40.0,20.0,40.0,30.0,130.0,DMU,86.66666666666667
DIAG_00952,stu_70706051d57d510d4e23682209dfd58b,CARLBL_DAB7ED3371,2021_P,40.0,30.0,40.0,20.0,130.0,DMU,86.66666666666667
DIAG_00953,stu_f01912dea30205a70351187517d95b55,CARLBL_563A8FB47A,2021_P,40.0,30.0,30.0,30.0,130.0,DMU,86.66666666666667
DIAG_00954,stu_95a41a9e77c712fce2ccdc73aeaef839,,2021_P,40.0,30.0,40.0,20.0,130.0,DMU,86.66666666666667
DIAG_00955,stu_afa4016dc963ae6dd62f29a7861516dc,,2021_P,30.0,40.0,40.0,20.0,130.0,DMU,86.66666666666667
DIAG_00956,stu_8eb3d0a09d5a8c2860a90e52a331ae41,,2021_P,40.0,30.0,40.0,20.0,130.0,DMU,86.66666666666667
DIAG_00957,stu_6e7681be35f84726ade3d33312c81d78,,2021_P,40.0,30.0,40.0,20.0,130.0,DMU,86.66666666666667
DIAG_00958,stu_b55fe718aa24be67dac64669b12af185,CARLBL_6264AD2D5A,2021_P,30.0,40.0,40.0,20.0,130.0,DMU,86.66666666666667
DIAG_00959,stu_8d343e7f8c3d93cc0121bfa0d1c66cf6,,2021_P,40.0,40.0,30.0,20.0,130.0,DMU,86.66666666666667
DIAG_00960,stu_facbfc272d08f2cd8aeafe06b2a4f50d,CARLBL_563A8FB47A,2021_P,40.0,30.0,40.0,20.0,130.0,DMU,86.66666666666667
DIAG_00961,stu_86a160261c1024beab0450d72bcad353,CARLBL_F041EA11A4,2021_P,40.0,30.0,40.0,20.0,130.0,DMU,86.66666666666667
DIAG_00962,stu_57f44105e3cd21a6c024b7c48680d015,CARLBL_783067A8AC,2021_P,30.0,40.0,40.0,20.0,130.0,DMU,86.66666666666667
DIAG_00963,stu_b9a142fc3bd5b19381262ef4bb799aa2,,2021_P,40.0,40.0,30.0,20.0,130.0,DMU,86.66666666666667
DIAG_00964,stu_3d03ff377e82ac2bdbf5173c8fd5369c,,2021_P,40.0,40.0,30.0,20.0,130.0,DMU,86.66666666666667
DIAG_00965,stu_d942806d2880e0839ea1a7dc9cd248ca,CARLBL_F041EA11A4,2021_P,40.0,20.0,40.0,30.0,130.0,DMU,86.66666666666667
DIAG_00966,stu_d18973f910c95c721966cdc7fc234aff,CARLBL_F041EA11A4,2021_P,40.0,30.0,40.0,20.0,130.0,DMU,86.66666666666667
DIAG_00967,stu_8d1bf57739a8409650f19f35da5bb4bf,CARLBL_F041EA11A4,2021_P,30.0,30.0,40.0,30.0,130.0,DMU,86.66666666666667
DIAG_00968,stu_2ce1c3eb3275fb7dd87e1c16e0439df6,CARLBL_CC13F1BB98,2021_P,30.0,40.0,40.0,20.0,130.0,DMU,86.66666666666667
DIAG_00969,stu_a59e1c5bf0ea3e3c5520ad9bd1f4385f,,2021_P,40.0,20.0,40.0,30.0,130.0,DMU,86.66666666666667
DIAG_00970,stu_3532da7053f6b40d90ccd8f0943a935b,,2021_P,40.0,30.0,40.0,20.0,130.0,DMU,86.66666666666667
DIAG_00971,stu_c3f8bd4bf26673e536cf8e5f4cc630f9,CARLBL_6DD559E116,2021_P,40.0,40.0,30.0,20.0,130.0,DMU,86.66666666666667
DIAG_00972,stu_070b8160befb8d97a993d21f309ae842,,2021_P,40.0,30.0,40.0,20.0,130.0,DMU,86.66666666666667
DIAG_00973,stu_24803dd80e289e14da6f00a6475b7a4d,CARLBL_18D189705C,2021_P,40.0,40.0,30.0,20.0,130.0,DMU,86.66666666666667
DIAG_00974,stu_36777326cfa80968cf10d0a30a2d3a0a,CARLBL_F041EA11A4,2021_P,40.0,40.0,40.0,10.0,130.0,DMU,86.66666666666667
DIAG_00975,stu_6cb7a8e0bce6dcc363cd1ef74520fe71,,2021_P,40.0,40.0,40.0,10.0,130.0,DMU,86.66666666666667
DIAG_00976,stu_dd5e7e78ada730d6fe96b5bab427d877,,2021_P,40.0,40.0,30.0,20.0,130.0,DMU,86.66666666666667
DIAG_00977,stu_db4afb1dadd23b0d39fb626782879ac5,,2021_P,40.0,30.0,40.0,20.0,130.0,DMU,86.66666666666667
DIAG_00978,stu_339270281a7481313fcefa6a54d27fc7,,2021_P,30.0,40.0,40.0,20.0,130.0,DMU,86.66666666666667
DIAG_00979,stu_e666e4bb14b56fbbc82af0becf5b1879,,2021_P,40.0,30.0,40.0,20.0,130.0,DMU,86.66666666666667
DIAG_00980,stu_822fd892b709a531114a4210b1a87369,CARLBL_39611AFCAD,2021_P,30.0,40.0,40.0,20.0,130.0,DMU,86.66666666666667
DIAG_00981,stu_d4f77a465e4145099f79f8376130d103,,2021_P,40.0,20.0,40.0,30.0,130.0,DMU,86.66666666666667
DIAG_00982,stu_4d0c76d8770cfbab71e747b762198259,,2021_P,30.0,30.0,40.0,30.0,130.0,DMU,86.66666666666667
DIAG_00983,stu_a6e004b7f90c75427995e11b74e58b4c,,2021_P,30.0,30.0,40.0,30.0,130.0,DMU,86.66666666666667
DIAG_00984,stu_b4e10035273c107ac9f52a65131fbf40,CARLBL_D174EB3A71,2021_P,40.0,30.0,40.0,20.0,130.0,DMU,86.66666666666667
DIAG_00985,stu_0d95f64cf54577d0ba0d507e5ee77147,,2021_P,40.0,30.0,40.0,20.0,130.0,DMU,86.66666666666667
DIAG_00986,stu_b37b975bb8c121143bb0489eade33361,,2021_P,40.0,20.0,40.0,30.0,130.0,DMU,86.66666666666667
DIAG_00987,stu_67977715ab3b573946c4a1f29d4f8e41,CARLBL_BD76F0F196,2021_P,40.0,40.0,40.0,10.0,130.0,DMU,86.66666666666667
DIAG_00988,stu_3bd2a8b0f6494748a6da4f371599c1e6,,2021_P,30.0,30.0,40.0,30.0,130.0,DMU,86.66666666666667
DIAG_00989,stu_6a6a8266c11b602a3ede3958fd377990,CARLBL_BD76F0F196,2021_P,40.0,30.0,40.0,20.0,130.0,DMU,86.66666666666667
DIAG_00990,stu_95535ae8ee20f099b3a65289d23d5a2b,CARLBL_563A8FB47A,2021_P,40.0,30.0,40.0,20.0,130.0,DMU,86.66666666666667
DIAG_00991,stu_e46b932d1467b43f64cf3368e185af5a,CARLBL_F041EA11A4,2021_P,30.0,30.0,40.0,30.0,130.0,DMU,86.66666666666667
DIAG_00992,stu_33047a6ba1cde1da62569fecccbfc161,,2021_P,30.0,30.0,30.0,30.0,120.0,DMU,80.0
DIAG_00993,stu_963196e981d8610d7c9396745c6993a5,,2021_P,40.0,20.0,40.0,20.0,120.0,DMU,80.0
DIAG_00994,stu_c812fb4e2ff1ebd2d2c120c526c7cd71,,2021_P,20.0,40.0,40.0,20.0,120.0,DMU,80.0
DIAG_00995,stu_97ac8ba1ac2fd26174f79d59e1ac5e65,,2021_P,30.0,30.0,40.0,20.0,120.0,DMU,80.0
DIAG_00996,stu_ac11d194ed0f9ce69077d3c341c217ae,,2021_P,40.0,10.0,40.0,30.0,120.0,DMU,80.0
DIAG_00997,stu_34850cb636e6d60e800391f452269a0f,,2021_P,40.0,30.0,30.0,20.0,120.0,DMU,80.0
DIAG_00998,stu_a1bb5412c914bbf41a29afc889e595e1,,2021_P,30.0,20.0,40.0,30.0,120.0,DMU,80.0
DIAG_00999,stu_7c5b12249340dd29e087ecb22a3303c6,,2021_P,40.0,20.0,40.0,20.0,120.0,DMU,80.0
DIAG_01000,stu_7c142540bfd5614021070c98bafb4afe,CARLBL_D174EB3A71,2021_P,40.0,30.0,30.0,20.0,120.0,DMU,80.0
DIAG_01001,stu_c02b7351414bb5cfcfbd89c314454393,,2021_P,40.0,30.0,40.0,10.0,120.0,DMU,80.0
DIAG_01002,stu_10e70bd775e5d5742a2f88d1a0006d49,,2021_P,40.0,30.0,20.0,30.0,120.0,DMU,80.0
DIAG_01003,stu_4b055b240c1061e2d066f6d39a899494,CARLBL_F7A3F2E0E2,2021_P,30.0,30.0,40.0,20.0,120.0,DMU,80.0
DIAG_01004,stu_c0c9d300219f589c6ebd7798798242ca,,2021_P,30.0,40.0,40.0,10.0,120.0,DMU,80.0
DIAG_01005,stu_f9474d567ddf44502fce7ca7ebc0fc2f,,2021_P,40.0,30.0,40.0,10.0,120.0,DMU,80.0
DIAG_01006,stu_618c8be44a6e3129222e60018a947067,,2021_P,40.0,20.0,40.0,20.0,120.0,DMU,80.0
DIAG_01007,stu_f3f51a2bdffae6e5c725a0529873f7e5,,2021_P,30.0,30.0,40.0,20.0,120.0,DMU,80.0
DIAG_01008,stu_7c685edd92891965a39ad656b5a9f904,CARLBL_B2CB496E63,2021_P,30.0,30.0,40.0,20.0,120.0,DMU,80.0
DIAG_01009,stu_04ad242ea5b5c6636f245dc515fb9548,,2021_P,40.0,40.0,20.0,20.0,120.0,DMU,80.0
DIAG_01010,stu_1b64897b3fb849aeedff86666284c492,,2021_P,40.0,30.0,30.0,20.0,120.0,DMU,80.0
DIAG_01011,stu_1c8952e0c01dad5c6ad65e54696932ff,CARLBL_F041EA11A4,2021_P,40.0,20.0,40.0,20.0,120.0,DMU,80.0
DIAG_01012,stu_c68ad176fc3764a46130db7fdddcc683,CARLBL_9FDFCF684F,2021_P,30.0,40.0,30.0,20.0,120.0,DMU,80.0
DIAG_01013,stu_6fe6e60404f3cdc9a30666dafd7d4edb,,2021_P,30.0,30.0,40.0,20.0,120.0,DMU,80.0
DIAG_01014,stu_c565b8703b8253bdd451b7c4ff89dd65,,2021_P,40.0,20.0,40.0,20.0,120.0,DMU,80.0
DIAG_01015,stu_5493a576bdb3c43cf3bff45959c66295,CARLBL_41179F062D,2021_P,30.0,30.0,30.0,30.0,120.0,DMU,80.0
DIAG_01016,stu_6e63e06af14dfc9c4b057154b6905b79,,2021_P,40.0,20.0,40.0,20.0,120.0,DMU,80.0
DIAG_01017,stu_7ef79dc959ce4075fc6439d1874b0a16,CARLBL_D174EB3A71,2021_P,30.0,30.0,40.0,20.0,120.0,DMU,80.0
DIAG_01018,stu_ffe36fa15cd99a978b2603c1e9ec63cc,CARLBL_F041EA11A4,2021_P,40.0,20.0,40.0,20.0,120.0,DMU,80.0
DIAG_01019,stu_460cca02616ced514cb609aefa8a5fdf,CARLBL_563A8FB47A,2021_P,40.0,30.0,30.0,20.0,120.0,DMU,80.0
DIAG_01020,stu_eec9ce758e35a0f00fe85412eb055313,CARLBL_F7A3F2E0E2,2021_P,40.0,40.0,30.0,10.0,120.0,DMU,80.0
DIAG_01021,stu_cf47e521da8056298676ae986c8fd2c5,,2021_P,30.0,30.0,40.0,20.0,120.0,DMU,80.0
DIAG_01022,stu_e65afa5aa074d87f6beea19dfc8ddb54,,2021_P,40.0,30.0,40.0,10.0,120.0,DMU,80.0
DIAG_01023,stu_2d0eb1c223a214c519fbdbdcff98d50e,CARLBL_B2CB496E63,2021_P,40.0,20.0,40.0,20.0,120.0,DMU,80.0
DIAG_01024,stu_88f1c13135b6512051210fd4a7ee26fa,,2021_P,20.0,40.0,40.0,20.0,120.0,DMU,80.0
DIAG_01025,stu_7473983e88a23b7740094f3716cc75e4,,2021_P,40.0,20.0,40.0,20.0,120.0,DMU,80.0
DIAG_01026,stu_bd8661956e6a66d4a64f274ab32d1442,,2021_P,40.0,20.0,40.0,20.0,120.0,DMU,80.0
DIAG_01027,stu_fef9af98e830b9352a79fba2c4e477fa,,2021_P,40.0,30.0,30.0,20.0,120.0,DMU,80.0
DIAG_01028,stu_da82ab21b19014e5488e1f027822ef3d,,2021_P,30.0,40.0,40.0,10.0,120.0,DMU,80.0
DIAG_01029,stu_2e42c4e31d191d759e780f5dfb3092d4,,2021_P,20.0,40.0,40.0,20.0,120.0,DMU,80.0
DIAG_01030,stu_6061583a057bcdae6dec0a49ae5ffc93,,2021_P,40.0,30.0,40.0,10.0,120.0,DMU,80.0
DIAG_01031,stu_4262e5e174afabb6b89d42b743f4477a,CARLBL_783067A8AC,2021_P,30.0,20.0,40.0,30.0,120.0,DMU,80.0
DIAG_01032,stu_d373bd14c113d50b12b0c506df01b804,,2021_P,30.0,30.0,40.0,20.0,120.0,DMU,80.0
DIAG_01033,stu_8bd4d3df8c4c030a6f30be1d00b5c7ca,CARLBL_4D358FAC4B,2021_P,30.0,30.0,40.0,20.0,120.0,DMU,80.0
DIAG_01034,stu_2f54ae9cb0ca07f98d0ee064e96a4177,,2021_P,40.0,40.0,30.0,10.0,120.0,DMU,80.0
DIAG_01035,stu_0a85f0f70c318b6076890727b49ab15d,,2021_P,30.0,20.0,40.0,30.0,120.0,DMU,80.0
DIAG_01036,stu_022ea8ee5649535d86c3f305a01a39f6,,2021_P,40.0,30.0,30.0,20.0,120.0,DMU,80.0
DIAG_01037,stu_feea129b2e713c50ce143a6dccbc5a44,CARLBL_F867BE971F,2021_P,30.0,30.0,40.0,20.0,120.0,DMU,80.0
DIAG_01038,stu_d4ea81e2dd04697520c080cbb26d4039,,2021_P,40.0,20.0,40.0,20.0,120.0,DMU,80.0
DIAG_01039,stu_5137309dbdfa85dc805f1d6a72deb34b,CARLBL_9393C45E8D,2021_P,40.0,20.0,40.0,20.0,120.0,DMU,80.0
DIAG_01040,stu_f474cdf987865d276fb0c0b78e61e6cf,,2021_P,40.0,30.0,40.0,10.0,120.0,DMU,80.0
DIAG_01041,stu_5e6c6c71bcbb323fd381901666d86c3b,CARLBL_DAB7ED3371,2021_P,40.0,40.0,30.0,10.0,120.0,DMU,80.0
DIAG_01042,stu_5cfcd88b84b852479fab4173fc490b63,,2021_P,40.0,30.0,20.0,30.0,120.0,DMU,80.0
DIAG_01043,stu_6e69abce554c4ff1b68b880dcad441c1,CARLBL_ADFF4A692B,2021_P,40.0,20.0,40.0,20.0,120.0,DMU,80.0
DIAG_01044,stu_2bd6792cd487523aa7870ef13f9b330f,,2021_P,40.0,30.0,40.0,10.0,120.0,DMU,80.0
DIAG_01045,stu_d530fc1b9f3234da06a46fc3b57420c0,CARLBL_F041EA11A4,2021_P,40.0,20.0,40.0,20.0,120.0,DMU,80.0
DIAG_01046,stu_7b729479e4130b09435c6ed2d2b4426c,,2021_P,30.0,40.0,40.0,10.0,120.0,DMU,80.0
DIAG_01047,stu_16ea10b5fb644b010026e1a94c1a5c6b,,2021_P,40.0,20.0,30.0,30.0,120.0,DMU,80.0
DIAG_01048,stu_c0efbebdcc3b5b62dc2dc47056a43310,CARLBL_F867BE971F,2021_P,30.0,40.0,30.0,20.0,120.0,DMU,80.0
DIAG_01049,stu_3071f77ce82872305430d037135b8ec6,,2021_P,20.0,30.0,40.0,30.0,120.0,DMU,80.0
DIAG_01050,stu_cbfc5893366f866a8ffebb4384dcc36f,CARLBL_DAB7ED3371,2021_P,40.0,20.0,40.0,20.0,120.0,DMU,80.0
DIAG_01051,stu_5c1c4733daf48f34f4bc5f7c4a0607de,CARLBL_F041EA11A4,2021_P,20.0,40.0,40.0,20.0,120.0,DMU,80.0
DIAG_01052,stu_a92220108c9bd4bc690462080988c7fa,,2021_P,30.0,30.0,30.0,30.0,120.0,DMU,80.0
DIAG_01053,stu_d520f8169ae5def0c4695de53dc6eca7,,2021_P,30.0,40.0,40.0,10.0,120.0,DMU,80.0
DIAG_01054,stu_4ca8abc37f417e87fc3fcbe0fa74f1a8,CARLBL_F7A3F2E0E2,2021_P,40.0,30.0,20.0,30.0,120.0,DMU,80.0
DIAG_01055,stu_118376b69198bc6e8c5b2a69992868b6,CARLBL_D174EB3A71,2021_P,40.0,40.0,30.0,10.0,120.0,DMU,80.0
DIAG_01056,stu_c35a17ddde1cb15890bc8ff902857a49,,2021_P,40.0,20.0,40.0,20.0,120.0,DMU,80.0
DIAG_01057,stu_12bf579c21b482238fca554360114066,CARLBL_9393C45E8D,2021_P,40.0,30.0,30.0,20.0,120.0,DMU,80.0
DIAG_01058,stu_0c1f21109ae03c8f1bd8de4567cfff1d,,2021_P,40.0,20.0,40.0,20.0,120.0,DMU,80.0
DIAG_01059,stu_77a91bef35377fd7d9b60b5837a4ae1a,,2021_P,40.0,30.0,40.0,10.0,120.0,DMU,80.0
DIAG_01060,stu_e13411aa76bd5f9f0824b4cef94457cd,,2021_P,20.0,30.0,40.0,30.0,120.0,DMU,80.0
DIAG_01061,stu_12d8f58834d1b9d5740de7b35d51a1bf,,2021_P,20.0,40.0,40.0,20.0,120.0,DMU,80.0
DIAG_01062,stu_de2e82fb57be3094221d49f3edb1076c,,2021_P,40.0,30.0,40.0,10.0,120.0,DMU,80.0
DIAG_01063,stu_a4f9ed67d91f62fc6adcf34b60332762,,2021_P,30.0,20.0,40.0,30.0,120.0,DMU,80.0
DIAG_01064,stu_aed94b13ece8642ba7b5a486a414ad3b,,2021_P,40.0,20.0,40.0,20.0,120.0,DMU,80.0
DIAG_01065,stu_c672d48615894073799bb6f58db47f7c,,2021_P,30.0,30.0,40.0,20.0,120.0,DMU,80.0
DIAG_01066,stu_18061e0c5a126d16f2b993ceec301fbf,,2021_P,40.0,40.0,30.0,10.0,120.0,DMU,80.0
DIAG_01067,stu_2e763eca1cdecbf92c5e2be5a12b2554,CARLBL_9FDFCF684F,2021_P,30.0,30.0,40.0,20.0,120.0,DMU,80.0
DIAG_01068,stu_1ab9a0090d8a6c3ef34434792fc56ecb,,2021_P,40.0,20.0,40.0,20.0,120.0,DMU,80.0
DIAG_01069,stu_668b68964eb3e06a98a44277901a587a,,2021_P,30.0,30.0,30.0,30.0,120.0,DMU,80.0
DIAG_01070,stu_38a6bf0d45e8217600f829280f04cf04,,2021_P,20.0,40.0,40.0,20.0,120.0,DMU,80.0
DIAG_01071,stu_5dbd2519efa722065cd9c3155e304759,CARLBL_F7A3F2E0E2,2021_P,30.0,30.0,40.0,20.0,120.0,DMU,80.0
DIAG_01072,stu_a0bd218d6af5f95ab12cb0d1d6660002,,2021_P,40.0,30.0,40.0,10.0,120.0,DMU,80.0
DIAG_01073,stu_304c58b2327e1ab9fda1b6d6f925e8f4,CARLBL_6264AD2D5A,2021_P,40.0,20.0,40.0,20.0,120.0,DMU,80.0
DIAG_01074,stu_8b02275d2aac5d79462047c55ef338c3,CARLBL_783067A8AC,2021_P,40.0,40.0,30.0,10.0,120.0,DMU,80.0
DIAG_01075,stu_7fa0232e1c5bd917511334d0d4e996c0,,2021_P,10.0,40.0,40.0,30.0,120.0,DMU,80.0
DIAG_01076,stu_149ad44bb768c45833d329828a29fcc3,,2021_P,30.0,30.0,40.0,20.0,120.0,DMU,80.0
DIAG_01077,stu_16b56f104c79d3772b7b2e5e7c6048e0,,2021_P,20.0,30.0,40.0,30.0,120.0,DMU,80.0
DIAG_01078,stu_14d128106fd9983ea6cb98dd740fcc46,,2021_P,40.0,40.0,40.0,0.0,120.0,DMU,80.0
DIAG_01079,stu_0177873f5e1535ac9dfad5ae7a908018,,2021_P,30.0,30.0,30.0,30.0,120.0,DMU,80.0
DIAG_01080,stu_313e1922251241d34d0075c9b84f01af,,2021_P,30.0,30.0,40.0,20.0,120.0,DMU,80.0
DIAG_01081,stu_6cfc370fe12626c67017bd1d809aacba,,2021_P,30.0,40.0,40.0,10.0,120.0,DMU,80.0
DIAG_01082,stu_08c9d2fa1df54b406d6a1e0040a1b627,,2021_P,30.0,40.0,40.0,10.0,120.0,DMU,80.0
DIAG_01083,stu_c8ebcfe78a728f0d2619731eb1dc71da,,2021_P,40.0,20.0,40.0,20.0,120.0,DMU,80.0
DIAG_01084,stu_b10ebd11adbda4c2d20f571e61485873,,2021_P,40.0,40.0,20.0,20.0,120.0,DMU,80.0
DIAG_01085,stu_3bc191b7e9c1d70ca3e837a890b894fd,,2021_P,30.0,40.0,40.0,10.0,120.0,DMU,80.0
DIAG_01086,stu_858d5e249845336127e220751ac5e99d,,2021_P,40.0,30.0,40.0,10.0,120.0,DMU,80.0
DIAG_01087,stu_1d6798c66ddfc50bf5ed5ae73b0985d3,CARLBL_4D358FAC4B,2021_P,40.0,30.0,30.0,20.0,120.0,DMU,80.0
DIAG_01088,stu_dd993fc2b44610f3d7e1381c7e91d768,CARLBL_5B99AB135B,2021_P,40.0,30.0,30.0,20.0,120.0,DMU,80.0
DIAG_01089,stu_7b3c2eb2f07370db2ba5ed2babd65e21,,2021_P,40.0,20.0,40.0,20.0,120.0,DMU,80.0
DIAG_01090,stu_2e9d1c031a9df7851dfed6064ba3c3f8,CARLBL_F041EA11A4,2021_P,40.0,30.0,40.0,10.0,120.0,DMU,80.0
DIAG_01091,stu_2f57810af0d5df2b722be25062aa8560,,2021_P,40.0,40.0,30.0,10.0,120.0,DMU,80.0
DIAG_01092,stu_d16bfa47c477f5991ded32d37e4ede90,CARLBL_D174EB3A71,2021_P,30.0,40.0,30.0,20.0,120.0,DMU,80.0
DIAG_01093,stu_dc6f08214ff1c8ed9d099dc106f800a9,,2021_P,30.0,30.0,40.0,20.0,120.0,DMU,80.0
DIAG_01094,stu_6a4b12204e2c12d216469926255b5419,CARLBL_8DBD054572,2021_P,40.0,20.0,40.0,20.0,120.0,DMU,80.0
DIAG_01095,stu_f711354bed990b0e7343ea60e79d7480,CARLBL_F041EA11A4,2021_P,30.0,40.0,40.0,10.0,120.0,DMU,80.0
DIAG_01096,stu_109aa135f16acfec3bb40b8c2055ce81,,2021_P,30.0,30.0,40.0,20.0,120.0,DMU,80.0
DIAG_01097,stu_9e3b38870e0e61c54a5945e56d6f79ba,CARLBL_255574A75E,2021_P,30.0,40.0,40.0,10.0,120.0,DMU,80.0
DIAG_01098,stu_d5a419c749a29de6a7cc456c78e1cd02,CARLBL_616F8A0D87,2021_P,30.0,40.0,30.0,20.0,120.0,DMU,80.0
DIAG_01099,stu_b9c64e15854604d36d7270f4ea4bebf3,CARLBL_9393C45E8D,2021_P,40.0,30.0,40.0,10.0,120.0,DMU,80.0
DIAG_01100,stu_e3a4b5de30f851989585e39137c440bb,,2021_P,40.0,30.0,30.0,20.0,120.0,DMU,80.0
DIAG_01101,stu_9edad1e262ee3b47b5864ee6f7292955,,2021_P,40.0,30.0,40.0,10.0,120.0,DMU,80.0
DIAG_01102,stu_bef6dae0384f4c92bd64c6a563667d8b,,2021_P,40.0,30.0,40.0,10.0,120.0,DMU,80.0
DIAG_01103,stu_447ddfc92b79e641794f7c166660d53a,,2021_P,30.0,40.0,30.0,20.0,120.0,DMU,80.0
DIAG_01104,stu_85a957c07b14d5100b35581a59e2a676,,2021_P,30.0,30.0,40.0,20.0,120.0,DMU,80.0
DIAG_01105,stu_498d2fb1ec3ce4c7a466a4bf7e4c9080,CARLBL_783067A8AC,2021_P,30.0,30.0,40.0,20.0,120.0,DMU,80.0
DIAG_01106,stu_9497fe7b388047ee0a737838f1ecf81b,,2021_P,30.0,20.0,40.0,20.0,110.0,DMU,73.33333333333333
DIAG_01107,stu_087598d802f956538b386aa8f457f548,,2021_P,20.0,40.0,40.0,10.0,110.0,DMU,73.33333333333333
DIAG_01108,stu_401e53b7fe571c98676aeffde11ac8b3,,2021_P,30.0,10.0,40.0,30.0,110.0,DMU,73.33333333333333
DIAG_01109,stu_caa8578a0cbd7ad73a7ba0471919b4e8,,2021_P,30.0,20.0,40.0,20.0,110.0,DMU,73.33333333333333
DIAG_01110,stu_cc2b5b7bd184981b0f63e050e2e709ee,,2021_P,40.0,30.0,20.0,20.0,110.0,DMU,73.33333333333333
DIAG_01111,stu_74da436131d55c823e139e16ee34f02e,,2021_P,30.0,40.0,30.0,10.0,110.0,DMU,73.33333333333333
DIAG_01112,stu_76f27f717d2b970e6aa5a94eb7a88bc5,CARLBL_28FD56FF33,2021_P,30.0,40.0,20.0,20.0,110.0,DMU,73.33333333333333
DIAG_01113,stu_7a6819090bff96890cda2a52d5f2c264,CARLBL_F041EA11A4,2021_P,30.0,20.0,40.0,20.0,110.0,DMU,73.33333333333333
DIAG_01114,stu_13053b9e046ba0e5686cbe51032f3656,CARLBL_563A8FB47A,2021_P,20.0,30.0,40.0,20.0,110.0,DMU,73.33333333333333
DIAG_01115,stu_a01eee1b4ed49c206cd9bea36b7492c0,CARLBL_255574A75E,2021_P,40.0,20.0,40.0,10.0,110.0,DMU,73.33333333333333
DIAG_01116,stu_6a1b8f2c57d3686b552ceb85d2594da4,CARLBL_9FDFCF684F,2021_P,20.0,30.0,40.0,20.0,110.0,DMU,73.33333333333333
DIAG_01117,stu_ab82ea73323abe164bf0e5fcf4292f09,,2021_P,40.0,30.0,20.0,20.0,110.0,DMU,73.33333333333333
DIAG_01118,stu_f5bee04b0b356b4dbc4de29f4476c777,,2021_P,40.0,20.0,30.0,20.0,110.0,DMU,73.33333333333333
DIAG_01119,stu_49e389f0605a8c87b2418f90ded09638,,2021_P,30.0,20.0,30.0,30.0,110.0,DMU,73.33333333333333
DIAG_01120,stu_e77c5bcf3cd67b10350b294003eb0c8e,,2021_P,40.0,20.0,40.0,10.0,110.0,DMU,73.33333333333333
DIAG_01121,stu_5763b44d26daeb5f9b45319cd407ccaf,,2021_P,40.0,10.0,40.0,20.0,110.0,DMU,73.33333333333333
DIAG_01122,stu_f2e23d586425d80f1850ac69df490cb6,,2021_P,20.0,40.0,40.0,10.0,110.0,DMU,73.33333333333333
DIAG_01123,stu_d7aa59202d4643bb6326c11c599324e1,CARLBL_BD76F0F196,2021_P,20.0,30.0,40.0,20.0,110.0,DMU,73.33333333333333
DIAG_01124,stu_f8185740511436bbb9d27a6170a98966,,2021_P,30.0,30.0,40.0,10.0,110.0,DMU,73.33333333333333
DIAG_01125,stu_d5712be235220e6a5a02fd81efc22804,,2021_P,30.0,30.0,40.0,10.0,110.0,DMU,73.33333333333333
DIAG_01126,stu_14809cb09c6494b3f1b46ce45fb780ba,CARLBL_F041EA11A4,2021_P,40.0,30.0,30.0,10.0,110.0,DMU,73.33333333333333
DIAG_01127,stu_1cccd427539595aa450c1c92ce786a0f,,2021_P,40.0,10.0,40.0,20.0,110.0,DMU,73.33333333333333
DIAG_01128,stu_e89b93cdabff95292cdfe9b72d6e99e9,,2021_P,30.0,20.0,40.0,20.0,110.0,DMU,73.33333333333333
DIAG_01129,stu_f4e971d57780b71f567b4c077f4511e7,CARLBL_39611AFCAD,2021_P,30.0,20.0,30.0,30.0,110.0,DMU,73.33333333333333
DIAG_01130,stu_cd0a44598667886236770841f1aae29c,,2021_P,30.0,30.0,40.0,10.0,110.0,DMU,73.33333333333333
DIAG_01131,stu_9cde83391e767a98d541fd59fb45b629,CARLBL_DAB7ED3371,2021_P,40.0,10.0,40.0,20.0,110.0,DMU,73.33333333333333
DIAG_01132,stu_5fd59b9ffa6a3ef3180951a2d6d896e8,,2021_P,30.0,20.0,40.0,20.0,110.0,DMU,73.33333333333333
DIAG_01133,stu_3daaa12571a3704324f169bc37936210,CARLBL_783067A8AC,2021_P,40.0,30.0,30.0,10.0,110.0,DMU,73.33333333333333
DIAG_01134,stu_87f9ade0e127096285b32097a1f8074a,,2021_P,40.0,10.0,40.0,20.0,110.0,DMU,73.33333333333333
DIAG_01135,stu_8ab7eeaf17683fc19785c9036ab4ae55,,2021_P,30.0,20.0,40.0,20.0,110.0,DMU,73.33333333333333
DIAG_01136,stu_bf5301c57506e9f62d299d79543830f7,,2021_P,40.0,40.0,20.0,10.0,110.0,DMU,73.33333333333333
DIAG_01137,stu_9e0323360809577f8e10324b1501bf87,,2021_P,20.0,40.0,30.0,20.0,110.0,DMU,73.33333333333333
DIAG_01138,stu_cb332d8d3e4c73ebd03d98355c931538,CARLBL_DAB7ED3371,2021_P,20.0,30.0,40.0,20.0,110.0,DMU,73.33333333333333
DIAG_01139,stu_dc0831e0228f94835fdc6a3cd8f60428,,2021_P,30.0,20.0,40.0,20.0,110.0,DMU,73.33333333333333
DIAG_01140,stu_f300a6ac5fd9d78ae56e8c1664b5761d,CARLBL_9393C45E8D,2021_P,30.0,30.0,40.0,10.0,110.0,DMU,73.33333333333333
DIAG_01141,stu_74cacb50286eb85ab1984ef3ca498510,CARLBL_CC13F1BB98,2021_P,40.0,20.0,40.0,10.0,110.0,DMU,73.33333333333333
DIAG_01142,stu_3f624143db986d011d675c0642608f9c,,2021_P,40.0,20.0,40.0,10.0,110.0,DMU,73.33333333333333
DIAG_01143,stu_f1fc9bd8804d730f99cabfa99abaf1d6,CARLBL_DAB7ED3371,2021_P,40.0,30.0,30.0,10.0,110.0,DMU,73.33333333333333
DIAG_01144,stu_6378b12c947db053285aa2deb627d309,,2021_P,20.0,30.0,40.0,20.0,110.0,DMU,73.33333333333333
DIAG_01145,stu_e291523a07bfee9a92cb39e8a436da9b,,2021_P,30.0,30.0,30.0,20.0,110.0,DMU,73.33333333333333
DIAG_01146,stu_f7b5f8608463b4238a7126d1b4663c81,CARLBL_D174EB3A71,2021_P,40.0,10.0,40.0,20.0,110.0,DMU,73.33333333333333
DIAG_01147,stu_efd6ec15600a908c2dfccbaa2e5dd3f4,,2021_P,30.0,30.0,30.0,20.0,110.0,DMU,73.33333333333333
DIAG_01148,stu_98df26d09e2efc279515d36b963842ef,,2021_P,30.0,30.0,30.0,20.0,110.0,DMU,73.33333333333333
DIAG_01149,stu_3856eceabf1817bb426bbdbdbdf0f415,,2021_P,30.0,30.0,40.0,10.0,110.0,DMU,73.33333333333333
DIAG_01150,stu_8995d9da7fe40b36f3807f3a812e73ae,,2021_P,30.0,20.0,40.0,20.0,110.0,DMU,73.33333333333333
DIAG_01151,stu_81428b6bcc3f6402a89bccfcbeb3cc5b,,2021_P,30.0,20.0,40.0,20.0,110.0,DMU,73.33333333333333
DIAG_01152,stu_905486c0d389b4a8fa0ec125476c0254,,2021_P,40.0,20.0,30.0,20.0,110.0,DMU,73.33333333333333
DIAG_01153,stu_029211254e4385d2b14b42cbb98e0d88,,2021_P,30.0,20.0,40.0,20.0,110.0,DMU,73.33333333333333
DIAG_01154,stu_52410561de50b8da6f86f36668aef826,CARLBL_9FDFCF684F,2021_P,30.0,20.0,40.0,20.0,110.0,DMU,73.33333333333333
DIAG_01155,stu_7f124b76bd9f737c624669957e44ce4c,CARLBL_D174EB3A71,2021_P,30.0,20.0,40.0,20.0,110.0,DMU,73.33333333333333
DIAG_01156,stu_919652b3512dadd6310dddf4d602d694,CARLBL_D174EB3A71,2021_P,40.0,30.0,40.0,0.0,110.0,DMU,73.33333333333333
DIAG_01157,stu_c8d9992d16de75383580d1c6c0cd29cc,,2021_P,30.0,30.0,30.0,20.0,110.0,DMU,73.33333333333333
DIAG_01158,stu_42268ae32653c5c6ddbeaeed881744fa,,2021_P,30.0,20.0,40.0,20.0,110.0,DMU,73.33333333333333
DIAG_01159,stu_7d840c733c50f05b27aea78c88196971,CARLBL_4D358FAC4B,2021_P,30.0,20.0,40.0,20.0,110.0,DMU,73.33333333333333
DIAG_01160,stu_5281f0620d81a0c798d71de1e5ccd00d,CARLBL_F041EA11A4,2021_P,40.0,0.0,40.0,30.0,110.0,DMU,73.33333333333333
DIAG_01161,stu_584bf05c36034d0135c876aa440d141f,CARLBL_8DBD054572,2021_P,30.0,20.0,40.0,20.0,110.0,DMU,73.33333333333333
DIAG_01162,stu_8f9fdfe6bf26fb6a3966073e7db04f05,CARLBL_BD76F0F196,2021_P,20.0,30.0,40.0,20.0,110.0,DMU,73.33333333333333
DIAG_01163,stu_1c9cd3386129f5dbbe2565cee07a5e2f,,2021_P,30.0,20.0,40.0,20.0,110.0,DMU,73.33333333333333
DIAG_01164,stu_3f450e5a96e6f979bdec714d79f74ee9,CARLBL_563A8FB47A,2021_P,40.0,10.0,40.0,20.0,110.0,DMU,73.33333333333333
DIAG_01165,stu_53e20e66e06b1eff6d3a97c25f544bb9,,2021_P,40.0,30.0,30.0,10.0,110.0,DMU,73.33333333333333
DIAG_01166,stu_f598a7c12bcc6d0060f734cda8a683c9,CARLBL_9FDFCF684F,2021_P,40.0,30.0,30.0,10.0,110.0,DMU,73.33333333333333
DIAG_01167,stu_5d9d0b0798785cbe2368432f45ae9028,,2021_P,30.0,10.0,40.0,30.0,110.0,DMU,73.33333333333333
DIAG_01168,stu_30c60c982a6749095bd57514b048ea88,CARLBL_8DBD054572,2021_P,30.0,30.0,20.0,30.0,110.0,DMU,73.33333333333333
DIAG_01169,stu_abd150bef45de62ffdf24a4aa56a95f6,CARLBL_F041EA11A4,2021_P,40.0,40.0,30.0,0.0,110.0,DMU,73.33333333333333
DIAG_01170,stu_0c0f8376ef09e2459fd10c33edb59df3,,2021_P,20.0,30.0,40.0,20.0,110.0,DMU,73.33333333333333
DIAG_01171,stu_aa3128d5d8ba2dd423f9c43d84682f09,CARLBL_4D358FAC4B,2021_P,40.0,30.0,30.0,10.0,110.0,DMU,73.33333333333333
DIAG_01172,stu_063827ebf0eae8cf3a613035ad1e5c20,CARLBL_28FD56FF33,2021_P,40.0,40.0,30.0,0.0,110.0,DMU,73.33333333333333
DIAG_01173,stu_f9f0ab673af633c503f361f705c969d8,,2021_P,30.0,20.0,40.0,20.0,110.0,DMU,73.33333333333333
DIAG_01174,stu_b00961d1d62f09b3e32551d1b41df2be,,2021_P,40.0,30.0,30.0,10.0,110.0,DMU,73.33333333333333
DIAG_01175,stu_3549a884e548c8fb4c8a3204c266d04e,,2021_P,40.0,30.0,30.0,10.0,110.0,DMU,73.33333333333333
DIAG_01176,stu_2970a404dc3d7e27e054adffabcbacdd,,2021_P,40.0,30.0,30.0,10.0,110.0,DMU,73.33333333333333
DIAG_01177,stu_f86e1042b79234074269ce51e787e3ae,,2021_P,40.0,20.0,30.0,20.0,110.0,DMU,73.33333333333333
DIAG_01178,stu_6d79e19fc892882a5f705735cb99060b,CARLBL_F041EA11A4,2021_P,40.0,40.0,20.0,10.0,110.0,DMU,73.33333333333333
DIAG_01179,stu_87116f909781847bc7abbe329f199f4f,,2021_P,20.0,40.0,40.0,10.0,110.0,DMU,73.33333333333333
DIAG_01180,stu_f31035545d9167863e3255804c1b3452,CARLBL_F7A3F2E0E2,2021_P,20.0,30.0,40.0,20.0,110.0,DMU,73.33333333333333
DIAG_01181,stu_618887daf8cd2271ea9782fa34414090,,2021_P,30.0,40.0,30.0,10.0,110.0,DMU,73.33333333333333
DIAG_01182,stu_28916e91e41829fde2fbc275180079df,,2021_P,20.0,40.0,40.0,10.0,110.0,DMU,73.33333333333333
DIAG_01183,stu_745f8d89e9dc4516d9233a9991b6c5b7,,2021_P,30.0,30.0,40.0,10.0,110.0,DMU,73.33333333333333
DIAG_01184,stu_2639967f230e5c6ce84ef040f4ce4a7a,,2021_P,40.0,20.0,40.0,10.0,110.0,DMU,73.33333333333333
DIAG_01185,stu_6be191baa8c3ee35266e99779baa3149,CARLBL_9393C45E8D,2021_P,30.0,20.0,40.0,20.0,110.0,DMU,73.33333333333333
DIAG_01186,stu_a0bbe9f2c3c293688ac911c8e58fe5ae,,2021_P,30.0,30.0,40.0,10.0,110.0,DMU,73.33333333333333
DIAG_01187,stu_bf7ca7e6439df3d87cc71bf5e8c99798,,2021_P,40.0,10.0,40.0,20.0,110.0,DMU,73.33333333333333
DIAG_01188,stu_5e28e6eddef956ade15f88eaa78a8449,,2021_P,30.0,30.0,20.0,30.0,110.0,DMU,73.33333333333333
DIAG_01189,stu_364ffe8755192433993b27d77472f6be,,2021_P,30.0,10.0,40.0,30.0,110.0,DMU,73.33333333333333
DIAG_01190,stu_c7d3beefb41375bb59426ee92eae6e64,CARLBL_F7A3F2E0E2,2021_P,40.0,30.0,40.0,0.0,110.0,DMU,73.33333333333333
DIAG_01191,stu_b890d29fb9f0db1459e619fb234d160d,,2021_P,30.0,30.0,40.0,10.0,110.0,DMU,73.33333333333333
DIAG_01192,stu_486d91b1a401b0aaeeab6e3ada85743c,,2021_P,40.0,30.0,40.0,0.0,110.0,DMU,73.33333333333333
DIAG_01193,stu_af2d627983f8926539ba6ba950bd5544,,2021_P,40.0,30.0,20.0,20.0,110.0,DMU,73.33333333333333
DIAG_01194,stu_05ebe09a1de7dd5d82ee45dc56e7c5df,CARLBL_F041EA11A4,2021_P,40.0,40.0,0.0,30.0,110.0,DMU,73.33333333333333
DIAG_01195,stu_31515f10a819ff34ae36e02ced5a27be,CARLBL_B2CB496E63,2021_P,40.0,20.0,30.0,20.0,110.0,DMU,73.33333333333333
DIAG_01196,stu_d0480581f0fc3c9aa335a4f4d1ca688c,,2021_P,20.0,30.0,40.0,20.0,110.0,DMU,73.33333333333333
DIAG_01197,stu_7aa6e90fa090c19412e0da3541cdae85,,2021_P,30.0,10.0,40.0,30.0,110.0,DMU,73.33333333333333
DIAG_01198,stu_210bee0a0bbf69d282e0ce85b6073fa6,,2021_P,30.0,20.0,40.0,20.0,110.0,DMU,73.33333333333333
DIAG_01199,stu_0bd6b66c26dc30021eae5d70d4697b8b,CARLBL_B2CB496E63,2021_P,30.0,20.0,40.0,20.0,110.0,DMU,73.33333333333333
DIAG_01200,stu_967433a0e1bbdc24cfce66538c24108b,,2021_P,30.0,30.0,40.0,10.0,110.0,DMU,73.33333333333333
DIAG_01201,stu_44019673b3f84ad6162c402f2095c1ca,,2021_P,10.0,30.0,40.0,30.0,110.0,DMU,73.33333333333333
DIAG_01202,stu_c7a883139a49e2b7679a16daeca8dbd6,,2021_P,40.0,40.0,30.0,0.0,110.0,DMU,73.33333333333333
DIAG_01203,stu_d58b2bc3a7d8cfbe17c8a7002505b877,,2021_P,20.0,30.0,30.0,30.0,110.0,DMU,73.33333333333333
DIAG_01204,stu_942628e58833897c24c7603c6ce6ad0c,,2021_P,40.0,30.0,30.0,10.0,110.0,DMU,73.33333333333333
DIAG_01205,stu_3964c225be2d870ff6ab40b3e3a827ba,CARLBL_41179F062D,2021_P,40.0,30.0,30.0,10.0,110.0,DMU,73.33333333333333
DIAG_01206,stu_4a1ed15760500f3807f0053fb837f534,,2021_P,30.0,40.0,30.0,10.0,110.0,DMU,73.33333333333333
DIAG_01207,stu_db948bcbbc8e5ad8dc645a33bb09ed19,,2021_P,30.0,20.0,40.0,20.0,110.0,DMU,73.33333333333333
DIAG_01208,stu_ee77d77237a4bb8d6645e1f0efb3d10f,,2021_P,20.0,30.0,40.0,20.0,110.0,DMU,73.33333333333333
DIAG_01209,stu_f66c12a4d4cf92ff2638fe9fe515f5e5,,2021_P,20.0,20.0,40.0,30.0,110.0,DMU,73.33333333333333
DIAG_01210,stu_806960366374242aabb1e313d560c197,CARLBL_255574A75E,2021_P,40.0,40.0,10.0,10.0,100.0,DMU,66.66666666666666
DIAG_01211,stu_8171f7b2ba84c35fd730b0a7c9724678,CARLBL_255574A75E,2021_P,20.0,20.0,40.0,20.0,100.0,DMU,66.66666666666666
DIAG_01212,stu_c851a163fc19d369b2598316126682c1,CARLBL_9393C45E8D,2021_P,40.0,10.0,40.0,10.0,100.0,DMU,66.66666666666666
DIAG_01213,stu_90012fd95c681d1ca7e6ac2c4a293253,CARLBL_28FD56FF33,2021_P,20.0,30.0,30.0,20.0,100.0,DMU,66.66666666666666
DIAG_01214,stu_bcadeb02432266de823328e2ca4c05c6,,2021_P,30.0,20.0,30.0,20.0,100.0,DMU,66.66666666666666
DIAG_01215,stu_4728d7c83a0a02e9309188d6c47079bb,,2021_P,30.0,30.0,30.0,10.0,100.0,DMU,66.66666666666666
DIAG_01216,stu_e9acfc2783738facbd63af09b13beed4,,2021_P,40.0,20.0,30.0,10.0,100.0,DMU,66.66666666666666
DIAG_01217,stu_e92d84038ecaf56a9d1c07812c87b311,,2021_P,30.0,30.0,40.0,0.0,100.0,DMU,66.66666666666666
DIAG_01218,stu_b0a6b757c2f8c3b5fe21d5671fe5a9f2,,2021_P,10.0,40.0,40.0,10.0,100.0,DMU,66.66666666666666
DIAG_01219,stu_fac1ef73dc438bf17dc749a6f80e623b,,2021_P,30.0,10.0,40.0,20.0,100.0,DMU,66.66666666666666
DIAG_01220,stu_e434e441c5990d0cda28b39ff8847e3a,,2021_P,40.0,0.0,40.0,20.0,100.0,DMU,66.66666666666666
DIAG_01221,stu_e88cd3749e2d6594fae2755fa48d4db7,CARLBL_BD76F0F196,2021_P,20.0,30.0,20.0,30.0,100.0,DMU,66.66666666666666
DIAG_01222,stu_d71d9821295ef8d2d7ce737738996d8e,,2021_P,30.0,30.0,30.0,10.0,100.0,DMU,66.66666666666666
DIAG_01223,stu_cf70272667a2a9afd3a26f2715e8da82,,2021_P,40.0,20.0,20.0,20.0,100.0,DMU,66.66666666666666
DIAG_01224,stu_cb5b054c69ce3e5d372bac4407b5c7ff,CARLBL_F867BE971F,2021_P,10.0,30.0,40.0,20.0,100.0,DMU,66.66666666666666
DIAG_01225,stu_543ae439a727fb5083e8b6a5bc8959dc,,2021_P,30.0,30.0,20.0,20.0,100.0,DMU,66.66666666666666
DIAG_01226,stu_e83f4262820a269f0da2d1f0e36c9a5b,,2021_P,20.0,40.0,30.0,10.0,100.0,DMU,66.66666666666666
DIAG_01227,stu_4eab2c995d14fd61d6f46316a0381995,CARLBL_4D358FAC4B,2021_P,30.0,30.0,30.0,10.0,100.0,DMU,66.66666666666666
DIAG_01228,stu_0a1df3a1dbfe879c7e914f0ddc489232,,2021_P,40.0,20.0,30.0,10.0,100.0,DMU,66.66666666666666
DIAG_01229,stu_707621977a64229275ecc89172f882b5,,2021_P,40.0,20.0,30.0,10.0,100.0,DMU,66.66666666666666
DIAG_01230,stu_fa47d08227f0787b4dde485b522c52f3,,2021_P,30.0,40.0,30.0,0.0,100.0,DMU,66.66666666666666
DIAG_01231,stu_e13818773049a5eec2074a49059e9cd0,CARLBL_9393C45E8D,2021_P,30.0,30.0,40.0,0.0,100.0,DMU,66.66666666666666
DIAG_01232,stu_68cd8dc5fd99692bb6e7cc7388346548,,2021_P,30.0,20.0,30.0,20.0,100.0,DMU,66.66666666666666
DIAG_01233,stu_86e29a2e2d0788a2f43af25df5ae40e3,,2021_P,40.0,30.0,20.0,10.0,100.0,DMU,66.66666666666666
DIAG_01234,stu_1fd217766c8b27c647de52131e520f4a,,2021_P,20.0,30.0,30.0,20.0,100.0,DMU,66.66666666666666
DIAG_01235,stu_05942b0de17469117cd8c737e600ffc5,CARLBL_F867BE971F,2021_P,30.0,20.0,30.0,20.0,100.0,DMU,66.66666666666666
DIAG_01236,stu_158e2bf1c37c1703f4b7af3804026e76,,2021_P,40.0,20.0,30.0,10.0,100.0,DMU,66.66666666666666
DIAG_01237,stu_9f6758d0b467f0d8ecd9836f0f01f89d,,2021_P,40.0,20.0,30.0,10.0,100.0,DMU,66.66666666666666
DIAG_01238,stu_0142220beebbc7e89e91d0adaa43bd3f,,2021_P,20.0,20.0,40.0,20.0,100.0,DMU,66.66666666666666
DIAG_01239,stu_466498a9c2a5920c541e3b28e433b88e,,2021_P,20.0,30.0,30.0,20.0,100.0,DMU,66.66666666666666
DIAG_01240,stu_6d1e8148495c7bc141d1a87e2cc0b8c9,,2021_P,30.0,20.0,30.0,20.0,100.0,DMU,66.66666666666666
DIAG_01241,stu_5da431176911105a0457672a6db1e8e9,,2021_P,30.0,20.0,30.0,20.0,100.0,DMU,66.66666666666666
DIAG_01242,stu_38d9f086380fe61373ec61c2d3bef2c4,CARLBL_F7A3F2E0E2,2021_P,20.0,40.0,30.0,10.0,100.0,DMU,66.66666666666666
DIAG_01243,stu_dacd4365321385bd08b41ccde61723c5,,2021_P,20.0,20.0,40.0,20.0,100.0,DMU,66.66666666666666
DIAG_01244,stu_81c69b2ddd22589ff81fdd2ec8535a5a,,2021_P,20.0,40.0,30.0,10.0,100.0,DMU,66.66666666666666
DIAG_01245,stu_ede9238400834f3d128d7c2f76fae3b4,,2021_P,30.0,20.0,20.0,30.0,100.0,DMU,66.66666666666666
DIAG_01246,stu_d45ced02fdab54306ec79f19cdc1d73e,CARLBL_CC13F1BB98,2021_P,40.0,20.0,40.0,0.0,100.0,DMU,66.66666666666666
DIAG_01247,stu_ee9beee688755b46102d84a6b306a094,,2021_P,20.0,20.0,40.0,20.0,100.0,DMU,66.66666666666666
DIAG_01248,stu_f53408e29c01210ffaa806615ac801f8,,2021_P,30.0,30.0,40.0,0.0,100.0,DMU,66.66666666666666
DIAG_01249,stu_b5569c9f21712dd00c9b642cd47b3c85,CARLBL_18D189705C,2021_P,30.0,30.0,30.0,10.0,100.0,DMU,66.66666666666666
DIAG_01250,stu_778c3bef813c3aec146f52f95e3ee8f6,,2021_P,30.0,30.0,40.0,0.0,100.0,DMU,66.66666666666666
DIAG_01251,stu_49746e223b7a0e61d444f3961953b62d,,2021_P,20.0,30.0,40.0,10.0,100.0,DMU,66.66666666666666
DIAG_01252,stu_510daf5e7a49ba9fa490b7577e1223cd,,2021_P,20.0,20.0,40.0,20.0,100.0,DMU,66.66666666666666
DIAG_01253,stu_5afeebd82708c7340ba0abe01e2e502d,CARLBL_D174EB3A71,2021_P,30.0,30.0,40.0,0.0,100.0,DMU,66.66666666666666
DIAG_01254,stu_9a5a6aa797bf3b256d040816a6f1c471,,2021_P,30.0,10.0,40.0,20.0,100.0,DMU,66.66666666666666
DIAG_01255,stu_c38c0fe2702b51cf53c60978381fe8b2,CARLBL_563A8FB47A,2021_P,40.0,30.0,20.0,10.0,100.0,DMU,66.66666666666666
DIAG_01256,stu_7082886730e4f589c3a8d61f0751c745,,2021_P,40.0,30.0,30.0,0.0,100.0,DMU,66.66666666666666
DIAG_01257,stu_cc3fb8521529d3a5f754034502d6ec2e,,2021_P,30.0,30.0,40.0,0.0,100.0,DMU,66.66666666666666
DIAG_01258,stu_be56e0e4645772f03c9c1b0d80cbe52f,,2021_P,30.0,20.0,30.0,20.0,100.0,DMU,66.66666666666666
DIAG_01259,stu_6fcf7ede38a66035be77ddb98a7807d6,,2021_P,30.0,30.0,30.0,10.0,100.0,DMU,66.66666666666666
DIAG_01260,stu_290118f7a38493aefbd2615bedd81313,,2021_P,30.0,40.0,20.0,10.0,100.0,DMU,66.66666666666666
DIAG_01261,stu_17e90bc10ed7b90561d111517a0c3f76,CARLBL_BD76F0F196,2021_P,40.0,20.0,30.0,10.0,100.0,DMU,66.66666666666666
DIAG_01262,stu_33572b6dea0e9827f811d6f1376e0162,CARLBL_BD76F0F196,2021_P,30.0,30.0,40.0,0.0,100.0,DMU,66.66666666666666
DIAG_01263,stu_215898e17699fbc34a946b99f26638aa,CARLBL_F041EA11A4,2021_P,30.0,40.0,10.0,20.0,100.0,DMU,66.66666666666666
DIAG_01264,stu_e30c731dae4daf283d58b01fb0afa370,CARLBL_783067A8AC,2021_P,30.0,20.0,30.0,20.0,100.0,DMU,66.66666666666666
DIAG_01265,stu_f90d53faa9d206706f67cb01e99c43ca,,2021_P,30.0,20.0,40.0,10.0,100.0,DMU,66.66666666666666
DIAG_01266,stu_3f09accf22d3d8d0377ac120094f1902,,2021_P,30.0,20.0,40.0,10.0,100.0,DMU,66.66666666666666
DIAG_01267,stu_87ddade80038c9a681c69ca20090bf87,CARLBL_D174EB3A71,2021_P,20.0,20.0,40.0,20.0,100.0,DMU,66.66666666666666
DIAG_01268,stu_753470cacc974d9ce6bb94275e754460,,2021_P,30.0,30.0,40.0,0.0,100.0,DMU,66.66666666666666
DIAG_01269,stu_28cfeec06097ce91e778f721ce59981b,,2021_P,40.0,20.0,30.0,10.0,100.0,DMU,66.66666666666666
DIAG_01270,stu_b91809e26f0cbfc4577caaa3610a7524,,2021_P,20.0,30.0,30.0,20.0,100.0,DMU,66.66666666666666
DIAG_01271,stu_dc662488572383be4d83cce33ad1bab2,,2021_P,20.0,30.0,30.0,20.0,100.0,DMU,66.66666666666666
DIAG_01272,stu_b155f35cc6eb76b2cb3e961f62735097,CARLBL_ADFF4A692B,2021_P,20.0,20.0,40.0,20.0,100.0,DMU,66.66666666666666
DIAG_01273,stu_1aedb5556c592ff9e7ad8e2d75526465,,2021_P,30.0,30.0,20.0,20.0,100.0,DMU,66.66666666666666
DIAG_01274,stu_e293e367069525eaf6114bc36f28c04e,CARLBL_F041EA11A4,2021_P,20.0,30.0,40.0,10.0,100.0,DMU,66.66666666666666
DIAG_01275,stu_f9fb7707b77130fa68c800a11bdf5eac,,2021_P,40.0,20.0,30.0,10.0,100.0,DMU,66.66666666666666
DIAG_01276,stu_fa8122e669dd57618353a83087d5dc6d,,2021_P,20.0,30.0,30.0,20.0,100.0,DMU,66.66666666666666
DIAG_01277,stu_4972e40bdeb5a869d6e7de9e317793dd,CARLBL_28FD56FF33,2021_P,30.0,20.0,40.0,10.0,100.0,DMU,66.66666666666666
DIAG_01278,stu_5247266c326b33db348011b7189d4c30,,2021_P,40.0,20.0,30.0,10.0,100.0,DMU,66.66666666666666
DIAG_01279,stu_64915178122555c02774f6a419f168d1,CARLBL_39611AFCAD,2021_P,20.0,30.0,40.0,10.0,100.0,DMU,66.66666666666666
DIAG_01280,stu_6f1372ca3688e68df3ad5a8c6ffebe97,,2021_P,40.0,40.0,20.0,0.0,100.0,DMU,66.66666666666666
DIAG_01281,stu_cf810d3be3c15a734b9dd124d284b432,CARLBL_F041EA11A4,2021_P,20.0,30.0,40.0,10.0,100.0,DMU,66.66666666666666
DIAG_01282,stu_b1b235e1c4c9a8caf670d54b7a8ed23d,CARLBL_1653596C40,2021_P,30.0,20.0,40.0,10.0,100.0,DMU,66.66666666666666
DIAG_01283,stu_fab151fdeed7bb30ec4991d3e10c5b24,CARLBL_9393C45E8D,2021_P,20.0,20.0,40.0,20.0,100.0,DMU,66.66666666666666
DIAG_01284,stu_82af2177b06c3465e1566cc5751ef5b9,,2021_P,20.0,30.0,40.0,10.0,100.0,DMU,66.66666666666666
DIAG_01285,stu_ac41dbf2c9f2212109a0ec6e0d9723f9,,2021_P,40.0,40.0,20.0,0.0,100.0,DMU,66.66666666666666
DIAG_01286,stu_8ccb762e3d9c3422b1b75d0f72446142,,2021_P,30.0,20.0,30.0,20.0,100.0,DMU,66.66666666666666
DIAG_01287,stu_563111c94323746e77543eec4007bb32,CARLBL_4D358FAC4B,2021_P,30.0,10.0,40.0,20.0,100.0,DMU,66.66666666666666
DIAG_01288,stu_276bd54b8769e8fa0c1f5f5a0cc40eb6,,2021_P,30.0,10.0,40.0,20.0,100.0,DMU,66.66666666666666
DIAG_01289,stu_8d4eaf534bc6f2ff275a0705f8594a23,CARLBL_28FD56FF33,2021_P,30.0,20.0,40.0,10.0,100.0,DMU,66.66666666666666
DIAG_01290,stu_1882185b3acd5bda0dd0d76733c7b1d1,,2021_P,30.0,20.0,30.0,20.0,100.0,DMU,66.66666666666666
DIAG_01291,stu_54090e564d540a39781a1a73b45d85ba,,2021_P,20.0,20.0,40.0,20.0,100.0,DMU,66.66666666666666
DIAG_01292,stu_9745c5170b2abfbeb39432a860cd0b12,,2021_P,30.0,20.0,40.0,10.0,100.0,DMU,66.66666666666666
DIAG_01293,stu_84d5bd20e7dc3cab82e6c42b0bf9b1ab,,2021_P,20.0,20.0,40.0,20.0,100.0,DMU,66.66666666666666
DIAG_01294,stu_ef4f3051ae7ddd682606bd9ba1762626,,2021_P,40.0,20.0,40.0,0.0,100.0,DMU,66.66666666666666
DIAG_01295,stu_3d4b20684a2636846a0c07d926874ab5,CARLBL_DAB7ED3371,2021_P,10.0,20.0,40.0,30.0,100.0,DMU,66.66666666666666
DIAG_01296,stu_bb65986eb2b3a12570c0220590499d9c,,2021_P,40.0,20.0,30.0,10.0,100.0,DMU,66.66666666666666
DIAG_01297,stu_747dc24db7fa1c040673bbbb997dcfce,,2021_P,30.0,20.0,40.0,10.0,100.0,DMU,66.66666666666666
DIAG_01298,stu_48cf681ce9ceed8af90a81aab75d6c59,,2021_P,40.0,20.0,30.0,10.0,100.0,DMU,66.66666666666666
DIAG_01299,stu_8886125dd7c79a9a44978613ac79dc75,CARLBL_F041EA11A4,2021_P,30.0,20.0,30.0,20.0,100.0,DMU,66.66666666666666
DIAG_01300,stu_90d8d461e048d3c492746f7cbebaa795,,2021_P,20.0,20.0,40.0,20.0,100.0,DMU,66.66666666666666
DIAG_01301,stu_6ba50a336f0badd65e7a9dc5c5d3d186,,2021_P,30.0,20.0,40.0,10.0,100.0,DMU,66.66666666666666
DIAG_01302,stu_bb398e1a91b161b604ab4f72f089d46d,,2021_P,10.0,20.0,40.0,20.0,90.0,DMU,60.0
DIAG_01303,stu_bfb01da4b5da588d88cb863ae967e67d,,2021_P,20.0,30.0,40.0,0.0,90.0,DMU,60.0
DIAG_01304,stu_edc90a1fdf47227cab834e14b37be87c,,2021_P,30.0,40.0,20.0,0.0,90.0,DMU,60.0
DIAG_01305,stu_a34a11f9c03259970062fb20103bf53c,,2021_P,30.0,30.0,20.0,10.0,90.0,DMU,60.0
DIAG_01306,stu_c2eb65bb37c24e11f6a19d3cfdbde341,CARLBL_255574A75E,2021_P,20.0,20.0,40.0,10.0,90.0,DMU,60.0
DIAG_01307,stu_9eebe08f8e59d5eef03cc40262deb1c3,,2021_P,30.0,10.0,40.0,10.0,90.0,DMU,60.0
DIAG_01308,stu_9ee6e8c77e200efdd9635f4cf03921e4,CARLBL_5B99AB135B,2021_P,30.0,30.0,20.0,10.0,90.0,DMU,60.0
DIAG_01309,stu_93a2bb9fcee75d066534aa7d8c76ea30,CARLBL_F041EA11A4,2021_P,40.0,30.0,0.0,20.0,90.0,DMU,60.0
DIAG_01310,stu_7cd6381d82830fd3e0ae69b779e808e6,,2021_P,40.0,20.0,10.0,20.0,90.0,DMU,60.0
DIAG_01311,stu_92a0ee201b3da297c01d34b27156c3b8,,2021_P,10.0,10.0,40.0,30.0,90.0,DMU,60.0
DIAG_01312,stu_cff32d8892597a7a97b14d3c199098c6,,2021_P,40.0,10.0,30.0,10.0,90.0,DMU,60.0
DIAG_01313,stu_feaebeac1c44f803453526ed97360708,,2021_P,30.0,10.0,30.0,20.0,90.0,DMU,60.0
DIAG_01314,stu_b236f178aae6131f0ac95540c821cf36,,2021_P,30.0,10.0,40.0,10.0,90.0,DMU,60.0
DIAG_01315,stu_6fed08fb51c977908464f9052ddf56aa,,2021_P,20.0,20.0,30.0,20.0,90.0,DMU,60.0
DIAG_01316,stu_7709df07c92a75c6f2f18656e59a68fd,,2021_P,20.0,20.0,40.0,10.0,90.0,DMU,60.0
DIAG_01317,stu_d751844e8af8e3392be8561657e6d4d5,CARLBL_AA24E93890,2021_P,30.0,10.0,30.0,20.0,90.0,DMU,60.0
DIAG_01318,stu_e7649390eb5e23c5e30cc51d829afaff,CARLBL_9FDFCF684F,2021_P,30.0,30.0,10.0,20.0,90.0,DMU,60.0
DIAG_01319,stu_8f68f0638c7c192cbea0363b6e52b7a5,,2021_P,40.0,10.0,30.0,10.0,90.0,DMU,60.0
DIAG_01320,stu_faa38ca72d6fa5305386a8a7253647db,CARLBL_28FD56FF33,2021_P,20.0,30.0,30.0,10.0,90.0,DMU,60.0
DIAG_01321,stu_7fb9e1a14449c09c21a04e90a3ff1c29,,2021_P,10.0,20.0,40.0,20.0,90.0,DMU,60.0
DIAG_01322,stu_7c02f9c899df27f52166290371b7291e,CARLBL_F867BE971F,2021_P,20.0,40.0,20.0,10.0,90.0,DMU,60.0
DIAG_01323,stu_299464c1f207efa6495eccd06dfe3973,,2021_P,40.0,20.0,30.0,0.0,90.0,DMU,60.0
DIAG_01324,stu_623813ec2600ec8380871eca0be1b83a,CARLBL_BD76F0F196,2021_P,20.0,30.0,20.0,20.0,90.0,DMU,60.0
DIAG_01325,stu_c01521cf58a9aea9f6de6b2289abc33a,CARLBL_CC13F1BB98,2021_P,30.0,30.0,20.0,10.0,90.0,DMU,60.0
DIAG_01326,stu_338e24ec73bc1cd414319e0de8170081,,2021_P,30.0,20.0,40.0,0.0,90.0,DMU,60.0
DIAG_01327,stu_802c2382b7f87773c9b65e2531d10e0c,,2021_P,30.0,20.0,30.0,10.0,90.0,DMU,60.0
DIAG_01328,stu_0335db39946cba626d18ce925ff5037d,,2021_P,30.0,0.0,40.0,20.0,90.0,DMU,60.0
DIAG_01329,stu_8bfbee28634b5a99b509617ea583646d,,2021_P,20.0,20.0,30.0,20.0,90.0,DMU,60.0
DIAG_01330,stu_a89617c30975c6c7bbb2f8ea5ffa2e60,,2021_P,30.0,20.0,40.0,0.0,90.0,DMU,60.0
DIAG_01331,stu_71540043259ed99af37c89885bc74dff,,2021_P,20.0,40.0,20.0,10.0,90.0,DMU,60.0
DIAG_01332,stu_7ff74d8df289fa1388530e43aa895e07,,2021_P,30.0,20.0,20.0,20.0,90.0,DMU,60.0
DIAG_01333,stu_727f3191ca70d652203987e3c3f78c2f,CARLBL_F7A3F2E0E2,2021_P,40.0,20.0,20.0,10.0,90.0,DMU,60.0
DIAG_01334,stu_da1976af7585395b997360e2b884ba9a,,2021_P,30.0,10.0,30.0,20.0,90.0,DMU,60.0
DIAG_01335,stu_754238cc1b006dce484ded56326babc7,,2021_P,40.0,0.0,30.0,20.0,90.0,DMU,60.0
DIAG_01336,stu_2c28cb182a8782892a64af4e518486c9,CARLBL_9FDFCF684F,2021_P,30.0,20.0,30.0,10.0,90.0,DMU,60.0
DIAG_01337,stu_5d13e3ef5f2264dbfc244397974e5a66,,2021_P,30.0,30.0,20.0,10.0,90.0,DMU,60.0
DIAG_01338,stu_a8006096f0358d17348361299cefdc12,,2021_P,30.0,20.0,40.0,0.0,90.0,DMU,60.0
DIAG_01339,stu_245985da04ac35bdb45a56eea0066779,,2021_P,30.0,10.0,40.0,10.0,90.0,DMU,60.0
DIAG_01340,stu_1a8c847c20419dc4d7071204ded7e7aa,CARLBL_F867BE971F,2021_P,40.0,20.0,30.0,0.0,90.0,DMU,60.0
DIAG_01341,stu_2f50cb83477bca434d8b12e23bc9d623,,2021_P,20.0,20.0,30.0,20.0,90.0,DMU,60.0
DIAG_01342,stu_49ca0d8c30bf44c15f5e4eb8c7f743a9,,2021_P,40.0,20.0,20.0,10.0,90.0,DMU,60.0
DIAG_01343,stu_729b7033fccf0c2dc2db5a83cf733a6f,CARLBL_DAB7ED3371,2021_P,30.0,30.0,20.0,10.0,90.0,DMU,60.0
DIAG_01344,stu_2c0e0120cf3218694105d021bdcc7d07,,2021_P,10.0,30.0,30.0,20.0,90.0,DMU,60.0
DIAG_01345,stu_2df25ac4951605a7587d09bd7d25555b,,2021_P,30.0,30.0,30.0,0.0,90.0,DMU,60.0
DIAG_01346,stu_8d3e682ebb33c5b40d4dd2323e1b451a,,2021_P,30.0,30.0,20.0,10.0,90.0,DMU,60.0
DIAG_01347,stu_ef215740b993d346bdef354a6405ff53,,2021_P,30.0,30.0,10.0,20.0,90.0,DMU,60.0
DIAG_01348,stu_b17d174f89e011be63d0b8526ccba80d,,2021_P,40.0,30.0,10.0,10.0,90.0,DMU,60.0
DIAG_01349,stu_e86a3098a3394c8eae8b148f32a856b0,,2021_P,30.0,20.0,20.0,20.0,90.0,DMU,60.0
DIAG_01350,stu_0102a2a8eeedcdb1970f08cd664dc1b5,CARLBL_9FDFCF684F,2021_P,30.0,20.0,30.0,10.0,90.0,DMU,60.0
DIAG_01351,stu_68d5b651ec04839dfc4fc6b815b8e55a,CARLBL_BD76F0F196,2021_P,30.0,20.0,20.0,20.0,90.0,DMU,60.0
DIAG_01352,stu_82147a6f87967541989449b454609499,,2021_P,30.0,30.0,20.0,10.0,90.0,DMU,60.0
DIAG_01353,stu_fc36cab77b887b81e11aa00dc2fd43c3,,2021_P,20.0,30.0,40.0,0.0,90.0,DMU,60.0
DIAG_01354,stu_cc0e3e8935a4b842b79647fc284c9733,,2021_P,20.0,10.0,40.0,20.0,90.0,DMU,60.0
DIAG_01355,stu_0f0e86ab484a468718e487849e65d3f0,,2021_P,30.0,10.0,40.0,10.0,90.0,DMU,60.0
DIAG_01356,stu_15d20d35cedbb93bed027be56b42aadc,,2021_P,10.0,20.0,40.0,20.0,90.0,DMU,60.0
DIAG_01357,stu_3fa8e765722b737db5e39612507589dc,CARLBL_D174EB3A71,2021_P,10.0,30.0,30.0,20.0,90.0,DMU,60.0
DIAG_01358,stu_cb5d309f7e338ae49370940371d7e778,CARLBL_783067A8AC,2021_P,20.0,20.0,30.0,20.0,90.0,DMU,60.0
DIAG_01359,stu_ab2a1e5f5a408fbe41fbd499511f5538,,2021_P,20.0,20.0,30.0,20.0,90.0,DMU,60.0
DIAG_01360,stu_539a6f2a0d32fbd15d02472bf7fbf3b5,,2021_P,30.0,20.0,30.0,10.0,90.0,DMU,60.0
DIAG_01361,stu_d1d3f0bed4a97a06736f8900a5198aa0,,2021_P,20.0,30.0,30.0,10.0,90.0,DMU,60.0
DIAG_01362,stu_6f84458e0f1f3cf167586a138919b9bf,CARLBL_255574A75E,2021_P,30.0,30.0,10.0,10.0,80.0,DMU,53.33333333333334
DIAG_01363,stu_74a64a0e1e020bfcb3337b02dc8ca1be,CARLBL_BD76F0F196,2021_P,20.0,20.0,40.0,,80.0,DMU,53.33333333333334
DIAG_01364,stu_5c698c894de2ca4a316f1180df677a86,,2021_P,40.0,0.0,40.0,0.0,80.0,DMU,53.33333333333334
DIAG_01365,stu_604fd23cf313e389a75bad4f609d0dfb,CARLBL_B2CB496E63,2021_P,20.0,20.0,30.0,10.0,80.0,DMU,53.33333333333334
DIAG_01366,stu_60db34761f803d0ae644c1e2dda0615a,CARLBL_5B99AB135B,2021_P,20.0,30.0,20.0,10.0,80.0,DMU,53.33333333333334
DIAG_01367,stu_472eaf451b3d0d23b8d68fe1fa092eb6,CARLBL_DAB7ED3371,2021_P,40.0,10.0,10.0,20.0,80.0,DMU,53.33333333333334
DIAG_01368,stu_610f1f636abbd812ca28dcdd3b1ba1de,CARLBL_8DBD054572,2021_P,30.0,10.0,30.0,10.0,80.0,DMU,53.33333333333334
DIAG_01369,stu_5d292505c3ac054d8feaf8119e46c9be,,2021_P,20.0,20.0,20.0,20.0,80.0,DMU,53.33333333333334
DIAG_01370,stu_67704084046a045b020da47860b48c8a,,2021_P,30.0,20.0,20.0,10.0,80.0,DMU,53.33333333333334
DIAG_01371,stu_3673af147d28d06b22a2bfc7c24c6bb7,CARLBL_41179F062D,2021_P,20.0,10.0,40.0,10.0,80.0,DMU,53.33333333333334
DIAG_01372,stu_2da595b0b44faebcd5c360e128044a62,,2021_P,20.0,20.0,30.0,10.0,80.0,DMU,53.33333333333334
DIAG_01373,stu_6c47a6a6bf0930985397d702689073f1,CARLBL_255574A75E,2021_P,30.0,20.0,30.0,0.0,80.0,DMU,53.33333333333334
DIAG_01374,stu_0b36b265fbb0619b1340dc3164a1a986,,2021_P,20.0,40.0,10.0,10.0,80.0,DMU,53.33333333333334
DIAG_01375,stu_a789a23654a0e81e9fbdace05314e496,CARLBL_F041EA11A4,2021_P,10.0,20.0,40.0,10.0,80.0,DMU,53.33333333333334
DIAG_01376,stu_d7701d6533c27a28ccd57bde4c18afda,,2021_P,30.0,20.0,20.0,10.0,80.0,DMU,53.33333333333334
DIAG_01377,stu_9d23f42bee256bc24b78e2c1ede690d5,,2021_P,20.0,0.0,40.0,20.0,80.0,DMU,53.33333333333334
DIAG_01378,stu_53392551c3f9444a322164b2ad0d9618,,2021_P,10.0,40.0,20.0,10.0,80.0,DMU,53.33333333333334
DIAG_01379,stu_30e874e6ffe00ad725dc9049dfae7411,,2021_P,30.0,30.0,10.0,10.0,80.0,DMU,53.33333333333334
DIAG_01380,stu_75f9caaf0505309a28f6b0433bed13f8,CARLBL_255574A75E,2021_P,30.0,10.0,20.0,20.0,80.0,DMU,53.33333333333334
DIAG_01381,stu_3bea49c28fdc2ad3b9b6d8fc46bc031a,,2021_P,30.0,20.0,20.0,10.0,80.0,DMU,53.33333333333334
DIAG_01382,stu_da20d8443c6e86115ec01e44400bda42,CARLBL_28FD56FF33,2021_P,20.0,30.0,20.0,10.0,80.0,DMU,53.33333333333334
DIAG_01383,stu_2162e70d8e185009ee0977e16af3fe95,,2021_P,10.0,20.0,30.0,20.0,80.0,DMU,53.33333333333334
DIAG_01384,stu_edb39d2d5eb3e722983c36f890af8ec1,CARLBL_28FD56FF33,2021_P,30.0,30.0,20.0,0.0,80.0,DMU,53.33333333333334
DIAG_01385,stu_0ac16af1140704860328cbebd20b6b90,CARLBL_D174EB3A71,2021_P,20.0,20.0,30.0,10.0,80.0,DMU,53.33333333333334
DIAG_01386,stu_71f2c5b3739eb45851c8470c25cd340c,CARLBL_4D358FAC4B,2021_P,30.0,20.0,30.0,0.0,80.0,DMU,53.33333333333334
DIAG_01387,stu_b5a114cca6ef475bc0b0f0d832b49f17,,2021_P,20.0,20.0,30.0,10.0,80.0,DMU,53.33333333333334
DIAG_01388,stu_40198834c691f79a0a5f7761d753a4e1,CARLBL_41179F062D,2021_P,20.0,10.0,40.0,10.0,80.0,DMU,53.33333333333334
DIAG_01389,stu_5f3ee07f7b0b58233a1dd9d1045695fd,,2021_P,30.0,20.0,20.0,10.0,80.0,DMU,53.33333333333334
DIAG_01390,stu_52e62ccef00f6be0881fa7a437dfd69c,CARLBL_DAB7ED3371,2021_P,40.0,10.0,30.0,0.0,80.0,DMU,53.33333333333334
DIAG_01391,stu_cfc35e8612869adc44406fc8462c7d8a,,2021_P,20.0,20.0,10.0,30.0,80.0,DMU,53.33333333333334
DIAG_01392,stu_123714bfa4421348b93d459cf9ef5a0d,CARLBL_F7A3F2E0E2,2021_P,30.0,20.0,20.0,10.0,80.0,DMU,53.33333333333334
DIAG_01393,stu_a760c76930ade2e5d9410bcac301afbd,,2021_P,20.0,30.0,20.0,10.0,80.0,DMU,53.33333333333334
DIAG_01394,stu_620eee6cdc353545aaf3355c40237968,CARLBL_DAB7ED3371,2021_P,30.0,20.0,30.0,0.0,80.0,DMU,53.33333333333334
DIAG_01395,stu_6eec09019e9b11c1d0f0dd61a3ca25f1,CARLBL_9393C45E8D,2021_P,10.0,30.0,30.0,10.0,80.0,DMU,53.33333333333334
DIAG_01396,stu_a001179a83c354802a521e3d250fc8fd,,2021_P,20.0,20.0,40.0,0.0,80.0,DMU,53.33333333333334
DIAG_01397,stu_4ccdcc3d4f832568d4ab703766e28725,,2021_P,20.0,10.0,30.0,20.0,80.0,DMU,53.33333333333334
DIAG_01398,stu_e39ee7d5adb2c31f5c47fe51e83533af,,2021_P,20.0,10.0,30.0,20.0,80.0,DMU,53.33333333333334
DIAG_01399,stu_c27e71b164e25450a847bc66c6fe96f3,,2021_P,20.0,10.0,30.0,20.0,80.0,DMU,53.33333333333334
DIAG_01400,stu_7a43980c8ad6fe674395bff1e321fca0,CARLBL_783067A8AC,2021_P,30.0,20.0,20.0,10.0,80.0,DMU,53.33333333333334
DIAG_01401,stu_44437d76cfc73544e3119bde34ef8b31,,2021_P,30.0,10.0,30.0,10.0,80.0,DMU,53.33333333333334
DIAG_01402,stu_35988e5c94a953ae992d5e0bb4b3218f,,2021_P,40.0,20.0,20.0,0.0,80.0,DMU,53.33333333333334
DIAG_01403,stu_6e070324c2fc9ca3cfd4f9600d4a534a,CARLBL_F867BE971F,2021_P,20.0,10.0,30.0,20.0,80.0,DMU,53.33333333333334
DIAG_01404,stu_0e50e966465ea64248ed14f3452b63ba,CARLBL_255574A75E,2021_P,40.0,10.0,30.0,0.0,80.0,DMU,53.33333333333334
DIAG_01405,stu_3be83075e5b160565cac28d04e9b14c8,,2021_P,20.0,20.0,30.0,10.0,80.0,DMU,53.33333333333334
DIAG_01406,stu_cc9220f8584b922084da95eacb9436be,CARLBL_F041EA11A4,2021_P,20.0,30.0,10.0,20.0,80.0,DMU,53.33333333333334
DIAG_01407,stu_82160d985843016ab929591d8ec9afff,,2021_P,10.0,30.0,20.0,20.0,80.0,DMU,53.33333333333334
DIAG_01408,stu_161fb9d547ea4ae00404b13b6f827cfa,,2021_P,30.0,10.0,30.0,10.0,80.0,DMU,53.33333333333334
DIAG_01409,stu_6ee5742559ee6814343e88e91f9d6e72,CARLBL_B2CB496E63,2021_P,20.0,20.0,30.0,0.0,70.0,DMU,46.66666666666666
DIAG_01410,stu_8829f6c3d531a47dadad50d3049a7c36,,2021_P,20.0,20.0,10.0,20.0,70.0,DMU,46.66666666666666
DIAG_01411,stu_f24b881004c0379ba41da637c391bcfe,,2021_P,30.0,10.0,10.0,20.0,70.0,DMU,46.66666666666666
DIAG_01412,stu_3b51e96eceb368dac89d9d4872451e4e,CARLBL_563A8FB47A,2021_P,40.0,0.0,30.0,0.0,70.0,DMU,46.66666666666666
DIAG_01413,stu_c07ee0434bd187e3261d72b1e2ed0a46,,2021_P,20.0,0.0,40.0,10.0,70.0,DMU,46.66666666666666
DIAG_01414,stu_4bd0babe30556f3148bf0eea30bdc9b3,,2021_P,30.0,10.0,20.0,10.0,70.0,DMU,46.66666666666666
DIAG_01415,stu_8cb2923f275067f115f1724bced61f9f,,2021_P,30.0,0.0,20.0,20.0,70.0,DMU,46.66666666666666
DIAG_01416,stu_66f0c4094444693a2975a50cfe52a550,,2021_P,20.0,20.0,20.0,10.0,70.0,DMU,46.66666666666666
DIAG_01417,stu_2b21b3eba4932bc5316c8f1400e9c423,,2021_P,30.0,10.0,20.0,10.0,70.0,DMU,46.66666666666666
DIAG_01418,stu_7c5ac8e28f77d20ea0836576a9c0b68e,,2021_P,20.0,20.0,20.0,10.0,70.0,DMU,46.66666666666666
DIAG_01419,stu_e2599ed2f434aeb1d05dd0020c8b57c1,CARLBL_8DBD054572,2021_P,20.0,20.0,30.0,0.0,70.0,DMU,46.66666666666666
DIAG_01420,stu_0ce9ccb51982177721ab92137feafe8f,CARLBL_9393C45E8D,2021_P,30.0,20.0,20.0,0.0,70.0,DMU,46.66666666666666
DIAG_01421,stu_b437084c98db0df3550b9fbb0cee0a18,,2021_P,20.0,20.0,20.0,10.0,70.0,DMU,46.66666666666666
DIAG_01422,stu_394e54efaeb2bbde72e1a0b6ff699ce8,,2021_P,10.0,20.0,30.0,10.0,70.0,DMU,46.66666666666666
DIAG_01423,stu_5e3cce2195ba78edd49063b3bbdcab72,,2021_P,30.0,10.0,10.0,20.0,70.0,DMU,46.66666666666666
DIAG_01424,stu_964e3b62075eeda5ca65cf846940da0e,,2021_P,40.0,20.0,10.0,0.0,70.0,DMU,46.66666666666666
DIAG_01425,stu_1c402dcef040b52aaf26da64b6722277,,2021_P,20.0,10.0,30.0,10.0,70.0,DMU,46.66666666666666
DIAG_01426,stu_c7f7971c09eee4f7faaa99c0060fd204,CARLBL_4D358FAC4B,2021_P,30.0,20.0,10.0,10.0,70.0,DMU,46.66666666666666
DIAG_01427,stu_6eb0e019135cee267586bf7dc44745e0,,2021_P,20.0,20.0,30.0,0.0,70.0,DMU,46.66666666666666
DIAG_01428,stu_da829b5eacf5fd7d40214d0a99fe8ece,,2021_P,20.0,40.0,0.0,10.0,70.0,DMU,46.66666666666666
DIAG_01429,stu_895de8c4c3730cfcdb79b4547f4b07ed,,2021_P,20.0,30.0,10.0,10.0,70.0,DMU,46.66666666666666
DIAG_01430,stu_b1747865f6a28412415b17e314ba0e24,,2021_P,30.0,20.0,10.0,10.0,70.0,DMU,46.66666666666666
DIAG_01431,stu_c473a3fed9e5f51aa130183731d8d08f,,2021_P,30.0,0.0,20.0,20.0,70.0,DMU,46.66666666666666
DIAG_01432,stu_ff807c30cbd472d8f7987b77dce11b6d,,2021_P,10.0,30.0,10.0,20.0,70.0,DMU,46.66666666666666
DIAG_01433,stu_b3ec8f2af77ca69c1c56448cdbcdf3bf,,2021_P,20.0,20.0,30.0,0.0,70.0,DMU,46.66666666666666
DIAG_01434,stu_677a144727e35ddaf836259de4406722,CARLBL_4D358FAC4B,2021_P,20.0,20.0,30.0,0.0,70.0,DMU,46.66666666666666
DIAG_01435,stu_777c689ae686bf6fe4bc04ac929ecff1,CARLBL_4D358FAC4B,2021_P,20.0,0.0,40.0,10.0,70.0,DMU,46.66666666666666
DIAG_01436,stu_74f6fde0c2915553302114dc645f32b6,CARLBL_F041EA11A4,2021_P,20.0,30.0,10.0,10.0,70.0,DMU,46.66666666666666
DIAG_01437,stu_e95a981fe423706d1fe05fb320eab65c,,2021_P,20.0,20.0,10.0,10.0,60.0,DMU,40.0
DIAG_01438,stu_7519c019fac0e88b1a8a5381ccf04c21,,2021_P,20.0,20.0,10.0,10.0,60.0,DMU,40.0
DIAG_01439,stu_1b36ac246e98b0d0cf7768a72418f255,,2021_P,10.0,10.0,20.0,20.0,60.0,DMU,40.0
DIAG_01440,stu_22c5fbbf42a92713d72401611ef5fae6,,2021_P,20.0,30.0,10.0,0.0,60.0,DMU,40.0
DIAG_01441,stu_d3dbe8742949a3f656972acb84461891,CARLBL_BD76F0F196,2021_P,30.0,30.0,0.0,0.0,60.0,DMU,40.0
DIAG_01442,stu_8815ab3382eec2a0519eede8c92fd8f2,,2021_P,0.0,20.0,30.0,10.0,60.0,DMU,40.0
DIAG_01443,stu_4ded560fccdf662db79ce02ceec992f3,,2021_P,20.0,10.0,10.0,20.0,60.0,DMU,40.0
DIAG_01444,stu_b3645983b03e4aed14a5abac05f26359,,2021_P,20.0,20.0,10.0,10.0,60.0,DMU,40.0
DIAG_01445,stu_700b8e0f5d25507055984c946cdd930f,,2021_P,20.0,10.0,20.0,10.0,60.0,DMU,40.0
DIAG_01446,stu_864b09c781cb610472a2eb6b29d5f8f1,CARLBL_18D189705C,2021_P,0.0,20.0,20.0,20.0,60.0,DMU,40.0
DIAG_01447,stu_961caa94097d8f8339ff08af7cea881a,CARLBL_9393C45E8D,2021_P,30.0,10.0,10.0,10.0,60.0,DMU,40.0
DIAG_01448,stu_14de3c020e4379c807ea9e8511263556,,2021_P,30.0,20.0,0.0,10.0,60.0,DMU,40.0
DIAG_01449,stu_ede14ffbbc89f5b888ae1008879d153f,,2021_P,0.0,20.0,30.0,10.0,60.0,DMU,40.0
DIAG_01450,stu_7045d99bb3bcaf528e0eae92ef4b83d0,,2021_P,20.0,20.0,10.0,10.0,60.0,DMU,40.0
DIAG_01451,stu_b9708d0f5696e1c534bea019f4a84063,,2021_P,20.0,20.0,20.0,0.0,60.0,DMU,40.0
DIAG_01452,stu_a3af649b102d6839ab4dedd8ef81d238,,2021_P,10.0,20.0,20.0,10.0,60.0,DMU,40.0
DIAG_01453,stu_426b66c166dcd0c367da23b346a12212,CARLBL_F867BE971F,2021_P,0.0,20.0,20.0,20.0,60.0,DMU,40.0
DIAG_01454,stu_f925b4e3c314e2efda8d6d45d3bff012,,2021_P,20.0,10.0,20.0,10.0,60.0,DMU,40.0
DIAG_01455,stu_df886ed643cbe232eddc939a63a6c378,CARLBL_F041EA11A4,2021_P,30.0,10.0,20.0,0.0,60.0,DMU,40.0
DIAG_01456,stu_053785610dd9a87d2f9984de8ec8f2fa,CARLBL_F041EA11A4,2021_P,30.0,10.0,0.0,10.0,50.0,DMU,33.33333333333333
DIAG_01457,stu_342509e7623e4f617a584bd288950d81,,2021_P,20.0,10.0,0.0,20.0,50.0,DMU,33.33333333333333
DIAG_01458,stu_5de677e5113c71748a7f4183226e5171,CARLBL_4D358FAC4B,2021_P,10.0,10.0,10.0,20.0,50.0,DMU,33.33333333333333
DIAG_01459,stu_5674164dd73fa5e314564b88e18c2cdf,,2021_P,20.0,10.0,0.0,20.0,50.0,DMU,33.33333333333333
DIAG_01460,stu_b4690c57fe3125a05a26692e33b3598f,,2021_P,0.0,20.0,10.0,20.0,50.0,DMU,33.33333333333333
DIAG_01461,stu_9ab568565f6b90add7919fd3383c183c,CARLBL_5B99AB135B,2021_P,10.0,10.0,10.0,20.0,50.0,DMU,33.33333333333333
DIAG_01462,stu_3a7854bc92fc00662728efa346e3cda2,CARLBL_41179F062D,2021_P,10.0,10.0,20.0,10.0,50.0,DMU,33.33333333333333
DIAG_01463,stu_02694dad15f5221967d56a91a86bd428,,2021_P,20.0,20.0,10.0,0.0,50.0,DMU,33.33333333333333
DIAG_01464,stu_026248e13b18e41302a1e647cf624621,,2021_P,20.0,10.0,0.0,20.0,50.0,DMU,33.33333333333333
DIAG_01465,stu_7d767deee7297387baa7aaf211352779,,2021_P,10.0,0.0,30.0,10.0,50.0,DMU,33.33333333333333
DIAG_01466,stu_530ce2e1b0a78bdeeadf80a29a732451,,2021_P,20.0,10.0,0.0,10.0,40.0,DMU,26.66666666666667
DIAG_01467,stu_f7a0b25f73ef30d563e62d4a0e340540,,2021_P,0.0,20.0,10.0,10.0,40.0,DMU,26.66666666666667
DIAG_01468,stu_4470a46000aa7195d65f6b4379d8f2b7,CARLBL_4D358FAC4B,2021_P,0.0,0.0,20.0,20.0,40.0,DMU,26.66666666666667
DIAG_01469,stu_ef43abf03de9cc89edad46d79de1b3e9,,2021_P,10.0,10.0,10.0,10.0,40.0,DMU,26.66666666666667
DIAG_01470,stu_abcdaa5be52346f9808a5198ebe2bc20,CARLBL_41179F062D,2021_P,20.0,0.0,20.0,0.0,40.0,DMU,26.66666666666667
DIAG_01471,stu_6b9152923af821b661d5c40d89190a26,,2021_P,0.0,20.0,20.0,0.0,40.0,DMU,26.66666666666667
DIAG_01472,stu_30ffc9f579963a5c8a837c1b55e96b71,CARLBL_F867BE971F,2021_P,20.0,10.0,0.0,0.0,30.0,DMU,20.0
DIAG_01473,stu_81d254a6208a299863048a6c45920a27,,2022_P,40.0,40.0,40.0,30.0,150.0,DMU,100.0
DIAG_01474,stu_22d03037b661238b7748b4f92a758710,,2022_P,40.0,40.0,40.0,30.0,150.0,DMU,100.0
DIAG_01475,stu_3b1ae6ae2fe1ea2647afa01fab8027b5,CARLBL_783067A8AC,2022_P,40.0,40.0,40.0,30.0,150.0,DMU,100.0
DIAG_01476,stu_4917cf9b3861ed3b9dc20dd3904815c6,CARLBL_F041EA11A4,2022_P,40.0,40.0,40.0,30.0,150.0,DMU,100.0
DIAG_01477,stu_f332b6c99a23ef5227210bf98a62d131,CARLBL_41179F062D,2022_P,40.0,40.0,40.0,30.0,150.0,DMU,100.0
DIAG_01478,stu_dda6b62a693936ea4e14ad8a374a2857,CARLBL_9FDFCF684F,2022_P,40.0,40.0,40.0,30.0,150.0,DMU,100.0
DIAG_01479,stu_2bc033f522b5acab9e926b1dade3828a,,2022_P,40.0,40.0,40.0,30.0,150.0,DMU,100.0
DIAG_01480,stu_317686b7ef9648f35bd8cd66af35f6b1,,2022_P,40.0,40.0,40.0,30.0,150.0,DMU,100.0
DIAG_01481,stu_f5b180b7c50331467271f613196edbd3,,2022_P,40.0,40.0,40.0,30.0,150.0,DMU,100.0
DIAG_01482,stu_e89b0b0dee4a8e82ed0af107560ce429,,2022_P,40.0,40.0,40.0,30.0,150.0,DMU,100.0
DIAG_01483,stu_40329bfa6ecb587dde7f8e8ae2cfccca,,2022_P,40.0,40.0,40.0,30.0,150.0,DMU,100.0
DIAG_01484,stu_6679ebd33ee363b455ae2337f7406cfd,CARLBL_F867BE971F,2022_P,40.0,40.0,40.0,30.0,150.0,DMU,100.0
DIAG_01485,stu_3fa7b2154dd23cee3d9d35a761850f4f,,2022_P,40.0,40.0,40.0,30.0,150.0,DMU,100.0
DIAG_01486,stu_8e4a698ea10cf3b086d7a4df43e6f66a,CARLBL_9FDFCF684F,2022_P,40.0,40.0,40.0,20.0,140.0,DMU,93.33333333333333
DIAG_01487,stu_bada3e8774127022b437928c60209027,CARLBL_F041EA11A4,2022_P,40.0,40.0,40.0,20.0,140.0,DMU,93.33333333333333
DIAG_01488,stu_657100c29ba42cac3d047fb496fc8d58,,2022_P,40.0,30.0,40.0,30.0,140.0,DMU,93.33333333333333
DIAG_01489,stu_754a9ff91482cc892613e0ac265dce57,CARLBL_9FDFCF684F,2022_P,40.0,40.0,40.0,20.0,140.0,DMU,93.33333333333333
DIAG_01490,stu_5ce4c8862fb4131fa8e69d3b822744ba,CARLBL_9393C45E8D,2022_P,40.0,40.0,30.0,30.0,140.0,DMU,93.33333333333333
DIAG_01491,stu_84598b6703b65069008a267f37152afc,,2022_P,40.0,40.0,40.0,20.0,140.0,DMU,93.33333333333333
DIAG_01492,stu_fa0b07dcd3ca8b1ee7e0c145572a12fd,,2022_P,40.0,40.0,40.0,20.0,140.0,DMU,93.33333333333333
DIAG_01493,stu_7b93062777545420bde0379821aa3d32,,2022_P,40.0,40.0,40.0,20.0,140.0,DMU,93.33333333333333
DIAG_01494,stu_b0516312e45528cc28091114aec4d336,,2022_P,40.0,30.0,40.0,30.0,140.0,DMU,93.33333333333333
DIAG_01495,stu_41f75b6bab8687d67e3bf89b204cc294,,2022_P,40.0,30.0,40.0,30.0,140.0,DMU,93.33333333333333
DIAG_01496,stu_b5ad2ab1a5bc1b6147edffe1316f0d8c,,2022_P,40.0,40.0,30.0,30.0,140.0,DMU,93.33333333333333
DIAG_01497,stu_422a7312d12874367c0007f9c4a86582,,2022_P,40.0,30.0,40.0,30.0,140.0,DMU,93.33333333333333
DIAG_01498,stu_0c343fb881f292fd87fdd1f5ec301fa1,CARLBL_D174EB3A71,2022_P,40.0,40.0,30.0,30.0,140.0,DMU,93.33333333333333
DIAG_01499,stu_8c1c71707f5b71b72b324be5878e45a3,,2022_P,40.0,30.0,40.0,30.0,140.0,DMU,93.33333333333333
DIAG_01500,stu_32795d675d7c71691b5f5e7c3bb84615,,2022_P,30.0,40.0,40.0,30.0,140.0,DMU,93.33333333333333
DIAG_01501,stu_23d58156f5075bea6b8d5d8b8ea177b0,CARLBL_41179F062D,2022_P,40.0,40.0,40.0,20.0,140.0,DMU,93.33333333333333
DIAG_01502,stu_65de6e5afdc91ada7e5f0b68002c9b60,CARLBL_BD76F0F196,2022_P,40.0,40.0,40.0,20.0,140.0,DMU,93.33333333333333
DIAG_01503,stu_53ff3c194c0f21ac799a72d4a7e66bd9,,2022_P,40.0,40.0,40.0,20.0,140.0,DMU,93.33333333333333
DIAG_01504,stu_547162994bd4badbbcc1734952311b9a,,2022_P,30.0,40.0,40.0,30.0,140.0,DMU,93.33333333333333
DIAG_01505,stu_a538778a90b88b642c54f0450979eac0,,2022_P,40.0,40.0,40.0,20.0,140.0,DMU,93.33333333333333
DIAG_01506,stu_25ba9038c06026a6ada555d5128b6e32,CARLBL_F041EA11A4,2022_P,40.0,40.0,40.0,20.0,140.0,DMU,93.33333333333333
DIAG_01507,stu_85af4c46c9e1960f858431927f2ed54d,CARLBL_9393C45E8D,2022_P,40.0,40.0,40.0,20.0,140.0,DMU,93.33333333333333
DIAG_01508,stu_3520a6c1745b5a920eeb2b76cd736419,CARLBL_6264AD2D5A,2022_P,40.0,30.0,40.0,30.0,140.0,DMU,93.33333333333333
DIAG_01509,stu_02ed52f6e8c17f3796ad7816d7926111,,2022_P,40.0,40.0,40.0,20.0,140.0,DMU,93.33333333333333
DIAG_01510,stu_52765d343eb15747cd4fc13d9b9bb462,CARLBL_783067A8AC,2022_P,40.0,30.0,40.0,30.0,140.0,DMU,93.33333333333333
DIAG_01511,stu_ca8adedf31138e8d090b0eebbc600b90,,2022_P,40.0,30.0,40.0,30.0,140.0,DMU,93.33333333333333
DIAG_01512,stu_d6542ae62dc09f9a7ac38473f9d8ab11,,2022_P,30.0,40.0,40.0,30.0,140.0,DMU,93.33333333333333
DIAG_01513,stu_75b047747615954c83290cea24eca038,CARLBL_9393C45E8D,2022_P,40.0,40.0,40.0,20.0,140.0,DMU,93.33333333333333
DIAG_01514,stu_ac42f9bbb148a238c1a1813ecf7153dc,CARLBL_F867BE971F,2022_P,40.0,30.0,40.0,30.0,140.0,DMU,93.33333333333333
DIAG_01515,stu_29ec68dc625460c3c842e31d30d6963d,CARLBL_F7A3F2E0E2,2022_P,40.0,30.0,40.0,30.0,140.0,DMU,93.33333333333333
DIAG_01516,stu_9de6b4c53d74baf9135c9d76d0629749,,2022_P,40.0,40.0,40.0,20.0,140.0,DMU,93.33333333333333
DIAG_01517,stu_ba28a0fcc49c616825ad7bf1c3c0843f,,2022_P,40.0,30.0,40.0,30.0,140.0,DMU,93.33333333333333
DIAG_01518,stu_820b00554579550e6781d15e6f09b2f5,CARLBL_F7A3F2E0E2,2022_P,40.0,40.0,40.0,20.0,140.0,DMU,93.33333333333333
DIAG_01519,stu_0153797ac3232e1e20afc5e0f3fefaaf,CARLBL_D9A75FFAB0,2022_P,40.0,40.0,40.0,20.0,140.0,DMU,93.33333333333333
DIAG_01520,stu_dd237c1f11e16f885284a294e0839cd9,,2022_P,40.0,30.0,40.0,30.0,140.0,DMU,93.33333333333333
DIAG_01521,stu_c2373f9f8405691391455e83fe18388f,CARLBL_F041EA11A4,2022_P,30.0,40.0,40.0,30.0,140.0,DMU,93.33333333333333
DIAG_01522,stu_b83f45727ddd53a783ba9c428a9dc777,CARLBL_B2CB496E63,2022_P,40.0,30.0,40.0,30.0,140.0,DMU,93.33333333333333
DIAG_01523,stu_df9665db81c58d1c07ccabb726b0f282,CARLBL_F7A3F2E0E2,2022_P,40.0,30.0,40.0,30.0,140.0,DMU,93.33333333333333
DIAG_01524,stu_b9bfaec2378c3f79eb6d5a1bb2e00488,,2022_P,40.0,40.0,40.0,20.0,140.0,DMU,93.33333333333333
DIAG_01525,stu_028ce69c5a596e6f5884b90a72714df6,,2022_P,40.0,40.0,40.0,20.0,140.0,DMU,93.33333333333333
DIAG_01526,stu_25915cac20c58bef1b1b95986cc8081d,,2022_P,40.0,40.0,40.0,20.0,140.0,DMU,93.33333333333333
DIAG_01527,stu_d64ecf57209a845173b0af7f869061d1,,2022_P,40.0,40.0,40.0,20.0,140.0,DMU,93.33333333333333
DIAG_01528,stu_1ff4f579669607fdadfc13d8ce70a3eb,,2022_P,40.0,30.0,40.0,30.0,140.0,DMU,93.33333333333333
DIAG_01529,stu_375a866224b2c6faf61fc144965b3e72,,2022_P,40.0,30.0,40.0,30.0,140.0,DMU,93.33333333333333
DIAG_01530,stu_b2ce71903b1d7e3b1b40cecb0ec4a3fc,CARLBL_F867BE971F,2022_P,30.0,40.0,40.0,30.0,140.0,DMU,93.33333333333333
DIAG_01531,stu_c6914300f6448e2f47e13f9d3a7f1f34,CARLBL_783067A8AC,2022_P,40.0,40.0,30.0,20.0,130.0,DMU,86.66666666666667
DIAG_01532,stu_20ebb3aab1a8b5d4322cef2808296485,CARLBL_DAB7ED3371,2022_P,30.0,40.0,40.0,20.0,130.0,DMU,86.66666666666667
DIAG_01533,stu_5f29d818a050df30ae084fb831543f18,CARLBL_563A8FB47A,2022_P,40.0,40.0,40.0,10.0,130.0,DMU,86.66666666666667
DIAG_01534,stu_606dc5824d3d236e374ded0640cf10cc,CARLBL_F041EA11A4,2022_P,40.0,30.0,40.0,20.0,130.0,DMU,86.66666666666667
DIAG_01535,stu_1e26b52d032150cd78cd21712e24a9ed,,2022_P,40.0,30.0,40.0,20.0,130.0,DMU,86.66666666666667
DIAG_01536,stu_613cda9457aab5ebb14cf20c28fc751a,,2022_P,40.0,30.0,40.0,20.0,130.0,DMU,86.66666666666667
DIAG_01537,stu_4e8e67654f9244efdc2c24cc7e6a42cf,CARLBL_783067A8AC,2022_P,30.0,30.0,40.0,30.0,130.0,DMU,86.66666666666667
DIAG_01538,stu_f295fc8a454f60da0d98b3f4ed564f37,CARLBL_F7A3F2E0E2,2022_P,30.0,40.0,40.0,20.0,130.0,DMU,86.66666666666667
DIAG_01539,stu_40ab0e391e8de116a0b94e259ba7bb8c,,2022_P,40.0,30.0,30.0,30.0,130.0,DMU,86.66666666666667
DIAG_01540,stu_9162898aeb94ec26c1f1f74745d393d6,,2022_P,30.0,40.0,40.0,20.0,130.0,DMU,86.66666666666667
DIAG_01541,stu_05bec5295c6d8ed600822c21da2046af,,2022_P,40.0,30.0,40.0,20.0,130.0,DMU,86.66666666666667
DIAG_01542,stu_059742f1f4f737374559a3fb158ac5bc,,2022_P,40.0,30.0,40.0,20.0,130.0,DMU,86.66666666666667
DIAG_01543,stu_b266eb7b024e071e8e5b3311f77a0013,,2022_P,40.0,40.0,40.0,10.0,130.0,DMU,86.66666666666667
DIAG_01544,stu_4a4892d34183eca32c2391607e651415,CARLBL_39611AFCAD,2022_P,40.0,30.0,40.0,20.0,130.0,DMU,86.66666666666667
DIAG_01545,stu_9386fcb7888b48dd77078ea8ac12b5fc,,2022_P,40.0,40.0,40.0,10.0,130.0,DMU,86.66666666666667
DIAG_01546,stu_0745d68c40cfcf7e7862f52da1e8afa4,CARLBL_4D358FAC4B,2022_P,40.0,20.0,40.0,30.0,130.0,DMU,86.66666666666667
DIAG_01547,stu_06f7251e8b868de31e380e9d924701d4,CARLBL_783067A8AC,2022_P,40.0,40.0,40.0,10.0,130.0,DMU,86.66666666666667
DIAG_01548,stu_715923348fcd49d6faa176405483dc53,,2022_P,40.0,30.0,40.0,20.0,130.0,DMU,86.66666666666667
DIAG_01549,stu_62a3fbc78b895bcf853e62db33adad17,CARLBL_783067A8AC,2022_P,40.0,30.0,40.0,20.0,130.0,DMU,86.66666666666667
DIAG_01550,stu_4106310f322608562bd2edec9f8e0518,CARLBL_DAB7ED3371,2022_P,40.0,30.0,40.0,20.0,130.0,DMU,86.66666666666667
DIAG_01551,stu_9151e1a5c6d97cec1f69fb2f821cafd9,,2022_P,40.0,30.0,40.0,20.0,130.0,DMU,86.66666666666667
DIAG_01552,stu_6e466b7615e37ae329392417a0b37248,CARLBL_6264AD2D5A,2022_P,30.0,30.0,40.0,30.0,130.0,DMU,86.66666666666667
DIAG_01553,stu_b173b36aae88d4dbbf651426dac50610,,2022_P,40.0,30.0,40.0,20.0,130.0,DMU,86.66666666666667
DIAG_01554,stu_11c5c74f60457b2dd89e7a595053b818,,2022_P,40.0,30.0,40.0,20.0,130.0,DMU,86.66666666666667
DIAG_01555,stu_d4116ce408d6df15b6d32e48f19e4893,,2022_P,30.0,30.0,40.0,30.0,130.0,DMU,86.66666666666667
DIAG_01556,stu_d941885958fe6efa81c67d2db1f8fe62,,2022_P,40.0,30.0,40.0,20.0,130.0,DMU,86.66666666666667
DIAG_01557,stu_af3a98a001825f99d486f4708bb024bf,,2022_P,40.0,30.0,40.0,20.0,130.0,DMU,86.66666666666667
DIAG_01558,stu_5748451bdc1fee2f01fef70f259bb7db,,2022_P,40.0,30.0,40.0,20.0,130.0,DMU,86.66666666666667
DIAG_01559,stu_ba8c53f980660e639bf62f4e0b9d8664,CARLBL_6264AD2D5A,2022_P,40.0,30.0,40.0,20.0,130.0,DMU,86.66666666666667
DIAG_01560,stu_1973c1d9e41003d65c7e4e36e21c8694,,2022_P,40.0,30.0,30.0,30.0,130.0,DMU,86.66666666666667
DIAG_01561,stu_e723cbea64e8918c5e6caf6b84a97705,,2022_P,40.0,30.0,40.0,20.0,130.0,DMU,86.66666666666667
DIAG_01562,stu_b72939952aacac7cdb6c38062036b71f,CARLBL_D174EB3A71,2022_P,40.0,40.0,40.0,10.0,130.0,DMU,86.66666666666667
DIAG_01563,stu_01aefd76243045c4eafb1a781656f478,,2022_P,30.0,30.0,40.0,30.0,130.0,DMU,86.66666666666667
DIAG_01564,stu_57d34f5ae5bee118a4fa4dacd7fec8cf,,2022_P,40.0,30.0,40.0,20.0,130.0,DMU,86.66666666666667
DIAG_01565,stu_15e834dde2d78040b968ffc5798d8777,,2022_P,40.0,30.0,40.0,20.0,130.0,DMU,86.66666666666667
DIAG_01566,stu_f10192ad07461ae78b25e1e5f09140cd,,2022_P,30.0,30.0,40.0,30.0,130.0,DMU,86.66666666666667
DIAG_01567,stu_7dfc561680f24344f8298d5a99771690,,2022_P,40.0,30.0,30.0,30.0,130.0,DMU,86.66666666666667
DIAG_01568,stu_deac3e6c215ca2182877cb7a78a53061,,2022_P,40.0,40.0,30.0,20.0,130.0,DMU,86.66666666666667
DIAG_01569,stu_0a38b6ba42b9127149608b74e5bbb26f,CARLBL_CC13F1BB98,2022_P,30.0,40.0,40.0,20.0,130.0,DMU,86.66666666666667
DIAG_01570,stu_0328436ec2ac30fcb19640fda811e8a2,CARLBL_ADFF4A692B,2022_P,40.0,40.0,20.0,30.0,130.0,DMU,86.66666666666667
DIAG_01571,stu_a7386ddeda77a4e013c0b180905dcb1e,CARLBL_D174EB3A71,2022_P,40.0,40.0,40.0,10.0,130.0,DMU,86.66666666666667
DIAG_01572,stu_78cae4191c9ddf412e050741a122411f,,2022_P,40.0,30.0,40.0,20.0,130.0,DMU,86.66666666666667
DIAG_01573,stu_4572b6b881b3ec944f2c8cf41bc95cc8,,2022_P,40.0,40.0,30.0,20.0,130.0,DMU,86.66666666666667
DIAG_01574,stu_15645d5665813551fb50d0e6e6e81d21,,2022_P,40.0,40.0,40.0,10.0,130.0,DMU,86.66666666666667
DIAG_01575,stu_f598a7c12bcc6d0060f734cda8a683c9,CARLBL_9FDFCF684F,2022_P,40.0,30.0,40.0,20.0,130.0,DMU,86.66666666666667
DIAG_01576,stu_2b20d50c7873b30efb68c037f6a9dc46,CARLBL_DAB7ED3371,2022_P,40.0,40.0,40.0,10.0,130.0,DMU,86.66666666666667
DIAG_01577,stu_01a540d6808d700bbf418a1f395ca2b5,CARLBL_563A8FB47A,2022_P,40.0,30.0,40.0,20.0,130.0,DMU,86.66666666666667
DIAG_01578,stu_1ebbf7f9ea822c71f0175ad5c0cb14a4,CARLBL_D9A75FFAB0,2022_P,40.0,30.0,40.0,20.0,130.0,DMU,86.66666666666667
DIAG_01579,stu_02c3913408580bfc8178baf4ccc47013,CARLBL_9FDFCF684F,2022_P,40.0,30.0,40.0,20.0,130.0,DMU,86.66666666666667
DIAG_01580,stu_e100b90e8c2ea72d60618bf753d75859,CARLBL_D174EB3A71,2022_P,40.0,30.0,30.0,30.0,130.0,DMU,86.66666666666667
DIAG_01581,stu_4ccc41a2c28cca668a618d54bab47cc9,,2022_P,30.0,40.0,30.0,30.0,130.0,DMU,86.66666666666667
DIAG_01582,stu_b4f636c9c4877bb6cec0eafb6495ba5a,,2022_P,30.0,30.0,40.0,30.0,130.0,DMU,86.66666666666667
DIAG_01583,stu_8337d62b3f3c73402a379bd10c574ad9,,2022_P,40.0,40.0,40.0,10.0,130.0,DMU,86.66666666666667
DIAG_01584,stu_55566d813573c63aae1666076042ef53,,2022_P,40.0,30.0,40.0,20.0,130.0,DMU,86.66666666666667
DIAG_01585,stu_0b443d9a08704d30aba1a3a5cef7b7ad,,2022_P,40.0,30.0,40.0,20.0,130.0,DMU,86.66666666666667
DIAG_01586,stu_7cc84330e20c393262a159087e3f0423,CARLBL_39611AFCAD,2022_P,40.0,30.0,30.0,30.0,130.0,DMU,86.66666666666667
DIAG_01587,stu_40c3149d2471684bda907c94cb6e2fd0,,2022_P,40.0,20.0,40.0,30.0,130.0,DMU,86.66666666666667
DIAG_01588,stu_d5fb7a5fe65c54dcbc5dc313cba6769a,,2022_P,40.0,30.0,30.0,30.0,130.0,DMU,86.66666666666667
DIAG_01589,stu_215a378158f00fa01917c094366fd6f8,CARLBL_DAB7ED3371,2022_P,30.0,40.0,40.0,20.0,130.0,DMU,86.66666666666667
DIAG_01590,stu_124416e93c99abc833d943c2be310bc3,CARLBL_BD76F0F196,2022_P,30.0,40.0,40.0,20.0,130.0,DMU,86.66666666666667
DIAG_01591,stu_69961396647521a52e11eb04a6f0c0a8,,2022_P,40.0,30.0,40.0,20.0,130.0,DMU,86.66666666666667
DIAG_01592,stu_9e5ebc192b48c37bcc45939a53b4ff74,CARLBL_CC13F1BB98,2022_P,40.0,30.0,40.0,20.0,130.0,DMU,86.66666666666667
DIAG_01593,stu_2946b7871a15f7a96d593ad26e210087,,2022_P,30.0,40.0,40.0,20.0,130.0,DMU,86.66666666666667
DIAG_01594,stu_5312ec4df2fa9a90345e7f7f287c5114,CARLBL_4D358FAC4B,2022_P,30.0,40.0,40.0,20.0,130.0,DMU,86.66666666666667
DIAG_01595,stu_2085c6c299af557f4fbfed51ff78f19a,CARLBL_39611AFCAD,2022_P,40.0,40.0,40.0,10.0,130.0,DMU,86.66666666666667
DIAG_01596,stu_fe1dc477d4aba23990aeda4a13cc9264,CARLBL_783067A8AC,2022_P,40.0,30.0,40.0,20.0,130.0,DMU,86.66666666666667
DIAG_01597,stu_cf4d33099afdd5993395f95cf1a102d0,,2022_P,40.0,30.0,40.0,20.0,130.0,DMU,86.66666666666667
DIAG_01598,stu_dd9a9fb5965f9c464367cf73a31ec29c,CARLBL_F7A3F2E0E2,2022_P,30.0,30.0,40.0,30.0,130.0,DMU,86.66666666666667
DIAG_01599,stu_e0f4491b73fd1dc2ff70d1c6cf426253,,2022_P,40.0,20.0,40.0,30.0,130.0,DMU,86.66666666666667
DIAG_01600,stu_f45218754a2bfbf999ded123e827bc56,CARLBL_9FDFCF684F,2022_P,40.0,40.0,20.0,30.0,130.0,DMU,86.66666666666667
DIAG_01601,stu_3ddb74cf4a43fed0df0a57e87d405cc6,CARLBL_783067A8AC,2022_P,30.0,30.0,30.0,30.0,120.0,DMU,80.0
DIAG_01602,stu_1d4f488bb5860b1829ed7a17985e0065,,2022_P,30.0,20.0,40.0,30.0,120.0,DMU,80.0
DIAG_01603,stu_f22909f25de13dc6856ac41674fb24da,,2022_P,30.0,30.0,40.0,20.0,120.0,DMU,80.0
DIAG_01604,stu_50809aa481c537fd64d98f530f829e8a,,2022_P,30.0,40.0,40.0,10.0,120.0,DMU,80.0
DIAG_01605,stu_ef1cd15631c2d39f6e7d862b139d1bfd,,2022_P,30.0,30.0,40.0,20.0,120.0,DMU,80.0
DIAG_01606,stu_6cef7c680ace8f622c6254c9843f4980,,2022_P,30.0,20.0,40.0,30.0,120.0,DMU,80.0
DIAG_01607,stu_c91909752fba85ec9bb7ab0a8a7448d5,,2022_P,30.0,30.0,40.0,20.0,120.0,DMU,80.0
DIAG_01608,stu_af77023912c135b6424a8dee79a7e4bc,,2022_P,40.0,20.0,30.0,30.0,120.0,DMU,80.0
DIAG_01609,stu_b8c034c59546679e85609a677c0a33e7,CARLBL_F041EA11A4,2022_P,40.0,40.0,30.0,10.0,120.0,DMU,80.0
DIAG_01610,stu_275d6bae09b83fc746d3ac174712b6fd,,2022_P,40.0,20.0,40.0,20.0,120.0,DMU,80.0
DIAG_01611,stu_461a909a6ec0fa840b739e468c2dd0a3,,2022_P,30.0,30.0,40.0,20.0,120.0,DMU,80.0
DIAG_01612,stu_ff7bbe659bcb4e4ac8836df8bd86875e,CARLBL_DAB7ED3371,2022_P,30.0,30.0,40.0,20.0,120.0,DMU,80.0
DIAG_01613,stu_338878096aa86cc9c02c40cfe7c5b091,,2022_P,30.0,40.0,30.0,20.0,120.0,DMU,80.0
DIAG_01614,stu_6e7de2fcf2ac9e486b9a6fdf9551fcc5,,2022_P,30.0,30.0,40.0,20.0,120.0,DMU,80.0
DIAG_01615,stu_9b7cf2db447195cc68620e11460fe62a,,2022_P,30.0,40.0,40.0,10.0,120.0,DMU,80.0
DIAG_01616,stu_19ba1270799ad139b94edca4b49b9ed5,,2022_P,40.0,30.0,40.0,10.0,120.0,DMU,80.0
DIAG_01617,stu_020731bbc5d15dbda3e0f1d387a78919,,2022_P,40.0,30.0,40.0,10.0,120.0,DMU,80.0
DIAG_01618,stu_3b1e6fd51c24759b4b6079d8363b7179,CARLBL_563A8FB47A,2022_P,40.0,30.0,30.0,20.0,120.0,DMU,80.0
DIAG_01619,stu_9ad63509fcf1f4c6d362cc266b9c9fd2,,2022_P,30.0,40.0,40.0,10.0,120.0,DMU,80.0
DIAG_01620,stu_72a0e8a26576eced9bdda03695310930,CARLBL_F041EA11A4,2022_P,30.0,40.0,30.0,20.0,120.0,DMU,80.0
DIAG_01621,stu_9d7e6d18cabf987e3119747ade788ff1,,2022_P,30.0,30.0,40.0,20.0,120.0,DMU,80.0
DIAG_01622,stu_f9cdfceb72cccf9f9b353564be66a250,CARLBL_D174EB3A71,2022_P,40.0,30.0,30.0,20.0,120.0,DMU,80.0
DIAG_01623,stu_1835c76cbe00f5d6d0da8e708dbbaba3,,2022_P,40.0,20.0,40.0,20.0,120.0,DMU,80.0
DIAG_01624,stu_3a2142f1baeedc89909dea265d9cc26a,,2022_P,40.0,30.0,30.0,20.0,120.0,DMU,80.0
DIAG_01625,stu_7f08a614be08795455da2bdd0a26b03c,CARLBL_D174EB3A71,2022_P,30.0,30.0,40.0,20.0,120.0,DMU,80.0
DIAG_01626,stu_2a1ada8436de14dd8f0b72ea44f2d048,,2022_P,40.0,30.0,40.0,10.0,120.0,DMU,80.0
DIAG_01627,stu_dba35c08f55192447dc3bfbdc40d9c51,,2022_P,40.0,30.0,40.0,10.0,120.0,DMU,80.0
DIAG_01628,stu_19249cb7be5a1fa36737dfccaecd2e46,,2022_P,30.0,20.0,40.0,30.0,120.0,DMU,80.0
DIAG_01629,stu_a39d3834683b38ab0447dc9c8780ac25,,2022_P,40.0,30.0,30.0,20.0,120.0,DMU,80.0
DIAG_01630,stu_c72d4c514ebcde7f6c2060914350f626,CARLBL_F041EA11A4,2022_P,30.0,30.0,30.0,30.0,120.0,DMU,80.0
DIAG_01631,stu_e9b0b340023178c31b3db96f0e61c245,,2022_P,40.0,30.0,30.0,20.0,120.0,DMU,80.0
DIAG_01632,stu_db7466f11567da2e6cd832cdaf0daae2,,2022_P,30.0,40.0,30.0,20.0,120.0,DMU,80.0
DIAG_01633,stu_29579dd5ffd51467f9195f0c4e509de1,,2022_P,40.0,20.0,30.0,30.0,120.0,DMU,80.0
DIAG_01634,stu_4adedbfd99decc1e62677cbaab1e6965,,2022_P,20.0,30.0,40.0,30.0,120.0,DMU,80.0
DIAG_01635,stu_e4ea20bc8463b1d2807251bd75e2d0b5,,2022_P,30.0,30.0,40.0,20.0,120.0,DMU,80.0
DIAG_01636,stu_d87692d283d9dbe63881846b39c4dee5,CARLBL_41179F062D,2022_P,40.0,30.0,30.0,20.0,120.0,DMU,80.0
DIAG_01637,stu_1443d29a7f45afee9370f5c2e74f09c6,CARLBL_F041EA11A4,2022_P,40.0,30.0,40.0,10.0,120.0,DMU,80.0
DIAG_01638,stu_ebebd2a59c621f721b3a0991698bcad6,,2022_P,40.0,30.0,20.0,30.0,120.0,DMU,80.0
DIAG_01639,stu_0263a6f60623a83a8c530f741b893ae9,CARLBL_6264AD2D5A,2022_P,40.0,20.0,40.0,20.0,120.0,DMU,80.0
DIAG_01640,stu_8e1b82c7371128ce44dad4bbe1b74b34,,2022_P,30.0,20.0,40.0,30.0,120.0,DMU,80.0
DIAG_01641,stu_c60bb2a7bebc4d1979ca495d8079f878,CARLBL_9B4F1F4102,2022_P,40.0,30.0,40.0,10.0,120.0,DMU,80.0
DIAG_01642,stu_f3abc13ea95e0952ae0f7c6dfb64e4a3,CARLBL_F041EA11A4,2022_P,40.0,30.0,40.0,10.0,120.0,DMU,80.0
DIAG_01643,stu_137d5b49d45d7b8262350eba265c8a4b,CARLBL_39611AFCAD,2022_P,30.0,40.0,40.0,10.0,120.0,DMU,80.0
DIAG_01644,stu_a68db93b40a4f92e24c2132741479b28,,2022_P,40.0,30.0,30.0,20.0,120.0,DMU,80.0
DIAG_01645,stu_52ebcd82209f74c66ae7cbc20fc9d20d,,2022_P,30.0,40.0,40.0,10.0,120.0,DMU,80.0
DIAG_01646,stu_d4ad4d49dcffa5ffc7a5790c70d4314c,,2022_P,40.0,30.0,30.0,20.0,120.0,DMU,80.0
DIAG_01647,stu_8e313a0d9744ad0bc50b2d13a62955cb,,2022_P,30.0,20.0,40.0,30.0,120.0,DMU,80.0
DIAG_01648,stu_923ed50f1396a00fb50c87fc7e5956ee,,2022_P,30.0,30.0,40.0,20.0,120.0,DMU,80.0
DIAG_01649,stu_d981c19e4ceb366ffd01c26897000fd2,,2022_P,40.0,20.0,40.0,20.0,120.0,DMU,80.0
DIAG_01650,stu_d97a95134d959731e11efe9882ceba53,,2022_P,40.0,20.0,40.0,20.0,120.0,DMU,80.0
DIAG_01651,stu_c99e37a46474e4ccb7ddc53f3f60f24f,CARLBL_D174EB3A71,2022_P,40.0,40.0,40.0,0.0,120.0,DMU,80.0
DIAG_01652,stu_db4c24d9f3ac2c9bb8cd3f9f6f14e493,,2022_P,40.0,30.0,40.0,10.0,120.0,DMU,80.0
DIAG_01653,stu_238d678afc33ee198488d08dcfa90536,,2022_P,30.0,20.0,40.0,30.0,120.0,DMU,80.0
DIAG_01654,stu_d5f1ce0635dfc427fc2e21f51d31192d,CARLBL_DAB7ED3371,2022_P,30.0,30.0,40.0,20.0,120.0,DMU,80.0
DIAG_01655,stu_d7147808e27c757a015e2289ce828b7b,CARLBL_BD76F0F196,2022_P,30.0,30.0,40.0,20.0,120.0,DMU,80.0
DIAG_01656,stu_41ba24fa530ef3ca085b840c19268458,CARLBL_D174EB3A71,2022_P,30.0,20.0,40.0,30.0,120.0,DMU,80.0
DIAG_01657,stu_10d9d9ed7e9ed4e567f812e65faebac5,,2022_P,30.0,20.0,40.0,30.0,120.0,DMU,80.0
DIAG_01658,stu_002252f783c87e2314954455240a009f,CARLBL_F7A3F2E0E2,2022_P,30.0,40.0,40.0,10.0,120.0,DMU,80.0
DIAG_01659,stu_852aae354d954c4db76b8ccb78207f17,,2022_P,30.0,30.0,40.0,20.0,120.0,DMU,80.0
DIAG_01660,stu_dce1ae6acb57ac4dde245e7a204f3300,,2022_P,30.0,30.0,40.0,20.0,120.0,DMU,80.0
DIAG_01661,stu_8ecf4beb956087030f6abda1b830b090,CARLBL_F041EA11A4,2022_P,40.0,20.0,40.0,20.0,120.0,DMU,80.0
DIAG_01662,stu_548996b080c4e99f066330c07f544fc3,CARLBL_F041EA11A4,2022_P,30.0,30.0,40.0,20.0,120.0,DMU,80.0
DIAG_01663,stu_bfefd0a85bed325aa18c2f3fbf134aba,CARLBL_41179F062D,2022_P,30.0,40.0,30.0,20.0,120.0,DMU,80.0
DIAG_01664,stu_1f6dd13aaf19d204978968c383225d42,,2022_P,40.0,30.0,30.0,20.0,120.0,DMU,80.0
DIAG_01665,stu_7b663865be6bdd4c19e9c1e4b57fff0f,,2022_P,40.0,20.0,30.0,30.0,120.0,DMU,80.0
DIAG_01666,stu_48c70cc0a150c5d0a1b45d77f3ca6118,CARLBL_9FDFCF684F,2022_P,30.0,40.0,40.0,10.0,120.0,DMU,80.0
DIAG_01667,stu_828dd025e055f6605c9fd9aba0339cfb,,2022_P,30.0,30.0,40.0,20.0,120.0,DMU,80.0
DIAG_01668,stu_1f7de272a8d4b5f6803f50a8e993392b,,2022_P,30.0,30.0,40.0,20.0,120.0,DMU,80.0
DIAG_01669,stu_e9f36ad99fcbf6469f9f4114aeb5b3c2,CARLBL_F867BE971F,2022_P,20.0,30.0,40.0,30.0,120.0,DMU,80.0
DIAG_01670,stu_b62037be02dd4d2704082ce08892a412,,2022_P,40.0,30.0,40.0,10.0,120.0,DMU,80.0
DIAG_01671,stu_3080a656fb7e6747e775a62e146ffc53,CARLBL_6264AD2D5A,2022_P,30.0,30.0,40.0,20.0,120.0,DMU,80.0
DIAG_01672,stu_23d639f0f764722f7a89b960b0960fc5,,2022_P,20.0,30.0,40.0,30.0,120.0,DMU,80.0
DIAG_01673,stu_4377ddeee06fdab2c16ad4e97bf90512,CARLBL_6264AD2D5A,2022_P,40.0,30.0,40.0,10.0,120.0,DMU,80.0
DIAG_01674,stu_a78088ceeca78bb56dc3c85a73c44a0c,CARLBL_DAB7ED3371,2022_P,40.0,20.0,40.0,20.0,120.0,DMU,80.0
DIAG_01675,stu_c47aae1a73e9eeb5a83e53afe43774a2,CARLBL_CC13F1BB98,2022_P,30.0,40.0,40.0,10.0,120.0,DMU,80.0
DIAG_01676,stu_1d7769c3e30eca9fb37946c8f86eec68,CARLBL_BD76F0F196,2022_P,30.0,40.0,30.0,20.0,120.0,DMU,80.0
DIAG_01677,stu_364fe1c45e965fd356d382259f6c87fb,,2022_P,30.0,30.0,40.0,20.0,120.0,DMU,80.0
DIAG_01678,stu_514edcae93bca1b8ace0e696e99eec29,,2022_P,40.0,30.0,30.0,20.0,120.0,DMU,80.0
DIAG_01679,stu_efd0c10f8449a58195f730e03bf7999f,,2022_P,40.0,20.0,30.0,20.0,110.0,DMU,73.33333333333333
DIAG_01680,stu_9e91e4a777e971db76f62985c90f6ee6,CARLBL_563A8FB47A,2022_P,30.0,30.0,40.0,10.0,110.0,DMU,73.33333333333333
DIAG_01681,stu_218e68fcd09068ef08ed85be7982b63c,,2022_P,20.0,30.0,40.0,20.0,110.0,DMU,73.33333333333333
DIAG_01682,stu_661ec46c60f7b4892d42498dd9d5e799,CARLBL_D9A75FFAB0,2022_P,40.0,20.0,30.0,20.0,110.0,DMU,73.33333333333333
DIAG_01683,stu_48e7de42014494d10f51b65f123a3261,CARLBL_9393C45E8D,2022_P,30.0,20.0,40.0,20.0,110.0,DMU,73.33333333333333
DIAG_01684,stu_1890bc9c56bd67221d2f3f8c2990dad3,CARLBL_783067A8AC,2022_P,30.0,40.0,20.0,20.0,110.0,DMU,73.33333333333333
DIAG_01685,stu_7d9f444472d9a544baf7eb78467fb11e,,2022_P,30.0,30.0,30.0,20.0,110.0,DMU,73.33333333333333
DIAG_01686,stu_b691ebc67b1428249e4812b3bcb7b0e5,,2022_P,30.0,30.0,40.0,10.0,110.0,DMU,73.33333333333333
DIAG_01687,stu_660b4dba71384062ac65ff453f2d1d24,,2022_P,40.0,20.0,40.0,10.0,110.0,DMU,73.33333333333333
DIAG_01688,stu_2b8d3cf2917b0a89f946838a4abd5c3a,CARLBL_F867BE971F,2022_P,30.0,20.0,40.0,20.0,110.0,DMU,73.33333333333333
DIAG_01689,stu_61c798acd7292d24ed1e887a5bd2dcaf,CARLBL_ADFF4A692B,2022_P,40.0,20.0,30.0,20.0,110.0,DMU,73.33333333333333
DIAG_01690,stu_a5cf0cfebac1ed5ef5e34781abc9c8fc,,2022_P,30.0,10.0,40.0,30.0,110.0,DMU,73.33333333333333
DIAG_01691,stu_151d83fc6965559e75eda7fa43ff60bd,,2022_P,40.0,20.0,40.0,10.0,110.0,DMU,73.33333333333333
DIAG_01692,stu_d0a709439e15e484137d47c9203578f9,,2022_P,30.0,40.0,30.0,10.0,110.0,DMU,73.33333333333333
DIAG_01693,stu_7d818baf68624e081179ce8f883da5e8,CARLBL_DAB7ED3371,2022_P,20.0,30.0,40.0,20.0,110.0,DMU,73.33333333333333
DIAG_01694,stu_60ae9cfe15f209c9db86aeeb292a1e5c,,2022_P,40.0,20.0,40.0,10.0,110.0,DMU,73.33333333333333
DIAG_01695,stu_78b11ca78d9f482fcb495bb167a2a8b4,CARLBL_28FD56FF33,2022_P,40.0,20.0,30.0,20.0,110.0,DMU,73.33333333333333
DIAG_01696,stu_f1e98ea2998e788291bf0a0647003bbf,CARLBL_BD76F0F196,2022_P,40.0,20.0,30.0,20.0,110.0,DMU,73.33333333333333
DIAG_01697,stu_0c5cc787dcad238c3a6e22df6f900426,,2022_P,30.0,20.0,40.0,20.0,110.0,DMU,73.33333333333333
DIAG_01698,stu_9bcc0dda796e02de1d57b7e37a4389c8,CARLBL_CC13F1BB98,2022_P,40.0,30.0,30.0,10.0,110.0,DMU,73.33333333333333
DIAG_01699,stu_867cba708029afd59bbfe4e7d79bb9a2,CARLBL_9FDFCF684F,2022_P,40.0,20.0,30.0,20.0,110.0,DMU,73.33333333333333
DIAG_01700,stu_24f333861e4167432f40a8f0c91a4c49,,2022_P,40.0,30.0,40.0,0.0,110.0,DMU,73.33333333333333
DIAG_01701,stu_fe607f2b96f402417ded09d90654e705,CARLBL_BD76F0F196,2022_P,30.0,20.0,40.0,20.0,110.0,DMU,73.33333333333333
DIAG_01702,stu_3b994c20b4d3996c0c44c7ac2dcad94f,,2022_P,30.0,30.0,40.0,10.0,110.0,DMU,73.33333333333333
DIAG_01703,stu_1dd8109d38136606723653214d3a0e96,CARLBL_9FDFCF684F,2022_P,40.0,40.0,30.0,0.0,110.0,DMU,73.33333333333333
DIAG_01704,stu_35fb38d4a29e25181e2d600be04c674f,CARLBL_F041EA11A4,2022_P,40.0,10.0,40.0,20.0,110.0,DMU,73.33333333333333
DIAG_01705,stu_80c1544ace79f206cee35aeea0bbb79f,,2022_P,40.0,30.0,30.0,10.0,110.0,DMU,73.33333333333333
DIAG_01706,stu_a799176708d01f4687777a1df17281ac,,2022_P,20.0,30.0,40.0,20.0,110.0,DMU,73.33333333333333
DIAG_01707,stu_f98ea5eac3d6dedd3989b3e8d7b2936e,CARLBL_F041EA11A4,2022_P,40.0,30.0,30.0,10.0,110.0,DMU,73.33333333333333
DIAG_01708,stu_2c94d01b5d93de4e3a4b80012ee1e0a5,,2022_P,30.0,10.0,40.0,30.0,110.0,DMU,73.33333333333333
DIAG_01709,stu_3e3476b7d96574079861e07fbc1f6faa,,2022_P,30.0,20.0,30.0,30.0,110.0,DMU,73.33333333333333
DIAG_01710,stu_0d22e41ad839b60eaca4657d56d1e3ff,CARLBL_F041EA11A4,2022_P,40.0,20.0,30.0,20.0,110.0,DMU,73.33333333333333
DIAG_01711,stu_d895c01ed562eba700776278cfead10c,CARLBL_783067A8AC,2022_P,30.0,30.0,30.0,20.0,110.0,DMU,73.33333333333333
DIAG_01712,stu_32e8abb01b3f2e2cc1dbb6491c5928b3,CARLBL_4D358FAC4B,2022_P,30.0,30.0,30.0,20.0,110.0,DMU,73.33333333333333
DIAG_01713,stu_a29ff37c6439f611508528f6bb1273dd,,2022_P,30.0,30.0,30.0,20.0,110.0,DMU,73.33333333333333
DIAG_01714,stu_98e9a13302a54f1ba4288a740717a303,CARLBL_F041EA11A4,2022_P,40.0,20.0,40.0,10.0,110.0,DMU,73.33333333333333
DIAG_01715,stu_1fc37eefb9cbd822db7039b749e5d03b,CARLBL_41179F062D,2022_P,40.0,10.0,40.0,20.0,110.0,DMU,73.33333333333333
DIAG_01716,stu_42a2f300f3f3719b977109ee65af1422,CARLBL_9FDFCF684F,2022_P,40.0,30.0,30.0,10.0,110.0,DMU,73.33333333333333
DIAG_01717,stu_16ab8300f702905ddb89a74596f788d1,CARLBL_F041EA11A4,2022_P,40.0,20.0,30.0,20.0,110.0,DMU,73.33333333333333
DIAG_01718,stu_a1de08115ab08595c3877e2ea5f255da,,2022_P,40.0,20.0,30.0,20.0,110.0,DMU,73.33333333333333
DIAG_01719,stu_626d62222d59523d691b7150e3ec1d55,,2022_P,30.0,20.0,40.0,20.0,110.0,DMU,73.33333333333333
DIAG_01720,stu_d910e6fe5f649db290d9860d4c626ab0,,2022_P,40.0,30.0,30.0,10.0,110.0,DMU,73.33333333333333
DIAG_01721,stu_69d17bb0f61710d8100c442e76040881,CARLBL_CC13F1BB98,2022_P,40.0,30.0,40.0,0.0,110.0,DMU,73.33333333333333
DIAG_01722,stu_c5b5f35bd8fb8455572dfa7723cfb98b,,2022_P,30.0,30.0,40.0,10.0,110.0,DMU,73.33333333333333
DIAG_01723,stu_87d0441e0c374af00a1de2b97d933f02,,2022_P,20.0,30.0,40.0,20.0,110.0,DMU,73.33333333333333
DIAG_01724,stu_bfd5ea40965ae4583ee5489b06cbf1ae,,2022_P,30.0,30.0,30.0,20.0,110.0,DMU,73.33333333333333
DIAG_01725,stu_a568ef6516503d3bd58c979d8306f42d,,2022_P,40.0,30.0,30.0,10.0,110.0,DMU,73.33333333333333
DIAG_01726,stu_930d02af08b223a2c60da75e8c227646,,2022_P,40.0,30.0,30.0,10.0,110.0,DMU,73.33333333333333
DIAG_01727,stu_d3a489409ea59c957ad2bfcf16a5a7f4,CARLBL_D174EB3A71,2022_P,40.0,30.0,20.0,20.0,110.0,DMU,73.33333333333333
DIAG_01728,stu_c5d2828033648ad8fc01aeb97e7669fe,CARLBL_F041EA11A4,2022_P,40.0,20.0,30.0,20.0,110.0,DMU,73.33333333333333
DIAG_01729,stu_aa43f5286d753ef85457e8fa5addba40,CARLBL_9FDFCF684F,2022_P,40.0,30.0,30.0,10.0,110.0,DMU,73.33333333333333
DIAG_01730,stu_008aa9540723bca899416d36efa7d54f,CARLBL_39611AFCAD,2022_P,30.0,20.0,40.0,20.0,110.0,DMU,73.33333333333333
DIAG_01731,stu_c3fab175717f775bf3f60ebd32ef5b92,,2022_P,30.0,30.0,30.0,20.0,110.0,DMU,73.33333333333333
DIAG_01732,stu_641bce60c213113d0115a2a9471e33c7,CARLBL_CC13F1BB98,2022_P,30.0,10.0,40.0,30.0,110.0,DMU,73.33333333333333
DIAG_01733,stu_3c74381411f92fc716370927f0132a2a,,2022_P,40.0,30.0,40.0,0.0,110.0,DMU,73.33333333333333
DIAG_01734,stu_058e0ed10b799f959a063de4d13a7338,,2022_P,20.0,30.0,40.0,20.0,110.0,DMU,73.33333333333333
DIAG_01735,stu_2ecd7579441d006295b0c48dbd66fee8,CARLBL_5B99AB135B,2022_P,40.0,20.0,30.0,20.0,110.0,DMU,73.33333333333333
DIAG_01736,stu_e866796380c642e289112d8584b43358,,2022_P,40.0,20.0,40.0,10.0,110.0,DMU,73.33333333333333
DIAG_01737,stu_3489f469a10f569127ccf56a89dfa527,CARLBL_BD76F0F196,2022_P,30.0,20.0,40.0,20.0,110.0,DMU,73.33333333333333
DIAG_01738,stu_071d3adf4325bbdf9bfdf76e1149634a,CARLBL_28FD56FF33,2022_P,40.0,10.0,40.0,20.0,110.0,DMU,73.33333333333333
DIAG_01739,stu_353fa3a548485fbde0455982e2b39076,,2022_P,40.0,0.0,40.0,30.0,110.0,DMU,73.33333333333333
DIAG_01740,stu_37294405ac0abc6e8f84a6f5d2fb9fb3,,2022_P,30.0,30.0,40.0,10.0,110.0,DMU,73.33333333333333
DIAG_01741,stu_9f7d3c1b340b598a7fd7a968407d65a1,CARLBL_41179F062D,2022_P,30.0,20.0,40.0,20.0,110.0,DMU,73.33333333333333
DIAG_01742,stu_9c13d1869ff8077ca1a9835bce753be9,CARLBL_9FDFCF684F,2022_P,20.0,30.0,40.0,20.0,110.0,DMU,73.33333333333333
DIAG_01743,stu_9cd617a00c5b1f77413fea0c894f4496,,2022_P,20.0,40.0,30.0,20.0,110.0,DMU,73.33333333333333
DIAG_01744,stu_059046893c336a3da90e312dd02ead12,CARLBL_6264AD2D5A,2022_P,40.0,20.0,30.0,20.0,110.0,DMU,73.33333333333333
DIAG_01745,stu_c5d02c2f7f7ee0e2b70bf8e1c30709e8,,2022_P,30.0,30.0,40.0,10.0,110.0,DMU,73.33333333333333
DIAG_01746,stu_440e50833c80d095db167b83bc31aafa,,2022_P,30.0,30.0,30.0,20.0,110.0,DMU,73.33333333333333
DIAG_01747,stu_3e3a250fede9fa513867f77f4605ce75,CARLBL_CC13F1BB98,2022_P,30.0,30.0,30.0,20.0,110.0,DMU,73.33333333333333
DIAG_01748,stu_5da0a4ca77e4fcbe9d14ba1a203d7491,,2022_P,40.0,20.0,40.0,10.0,110.0,DMU,73.33333333333333
DIAG_01749,stu_6d0364bdf83c0176d45cb15bfcc9ceb6,,2022_P,40.0,20.0,40.0,0.0,100.0,DMU,66.66666666666666
DIAG_01750,stu_0a802236bc2f3edff9efd2ea11df44ae,,2022_P,40.0,20.0,30.0,10.0,100.0,DMU,66.66666666666666
DIAG_01751,stu_0146015d47dd857f32470421c6ab345b,,2022_P,30.0,10.0,40.0,20.0,100.0,DMU,66.66666666666666
DIAG_01752,stu_ab5b1f1318aac8914204c9211226bce9,CARLBL_28FD56FF33,2022_P,30.0,30.0,30.0,10.0,100.0,DMU,66.66666666666666
DIAG_01753,stu_43060a19596cc1d863962483235c399b,CARLBL_AA24E93890,2022_P,30.0,20.0,20.0,30.0,100.0,DMU,66.66666666666666
DIAG_01754,stu_909a62d2b3cce4412645652af3f88376,CARLBL_9FDFCF684F,2022_P,30.0,30.0,30.0,10.0,100.0,DMU,66.66666666666666
DIAG_01755,stu_0a92cfe41ef74f133e39d45e62897c8d,,2022_P,20.0,20.0,40.0,20.0,100.0,DMU,66.66666666666666
DIAG_01756,stu_708f3bff0be2741a890e2ebd151dcd81,,2022_P,30.0,20.0,40.0,10.0,100.0,DMU,66.66666666666666
DIAG_01757,stu_f7a9217c0600403dcae87f0803968ce8,,2022_P,30.0,20.0,40.0,10.0,100.0,DMU,66.66666666666666
DIAG_01758,stu_cf6b8cfa6cde01b07f66948fc7a0356b,,2022_P,40.0,10.0,30.0,20.0,100.0,DMU,66.66666666666666
DIAG_01759,stu_4396cb3de81cac15b17edf70b04862d7,CARLBL_8DBD054572,2022_P,30.0,20.0,30.0,20.0,100.0,DMU,66.66666666666666
DIAG_01760,stu_e5e1ba302071dedd4e023e2a6b356a53,,2022_P,30.0,20.0,40.0,10.0,100.0,DMU,66.66666666666666
DIAG_01761,stu_e8a152364f09806bc33e6c0c7f66b609,,2022_P,30.0,10.0,40.0,20.0,100.0,DMU,66.66666666666666
DIAG_01762,stu_faedb23a2c56c9b29cd90abc02a74a33,,2022_P,30.0,30.0,30.0,10.0,100.0,DMU,66.66666666666666
DIAG_01763,stu_cb5e483b69591b04a2eb2d50f9b6b7fa,,2022_P,20.0,20.0,40.0,20.0,100.0,DMU,66.66666666666666
DIAG_01764,stu_3e3c14c954a50b5c3697d4e0523a5a29,CARLBL_F867BE971F,2022_P,40.0,10.0,40.0,10.0,100.0,DMU,66.66666666666666
DIAG_01765,stu_289a7b83afcdba439f71de86bdfce054,CARLBL_F041EA11A4,2022_P,30.0,10.0,40.0,20.0,100.0,DMU,66.66666666666666
DIAG_01766,stu_13f21902af82547ee12286ffdb0d4e25,CARLBL_CC13F1BB98,2022_P,20.0,40.0,20.0,20.0,100.0,DMU,66.66666666666666
DIAG_01767,stu_407a90b308cb42c28f2c09525077ab08,CARLBL_BD76F0F196,2022_P,30.0,10.0,40.0,20.0,100.0,DMU,66.66666666666666
DIAG_01768,stu_21e15d6f981d5494a8f4c408475c3a12,,2022_P,30.0,30.0,30.0,10.0,100.0,DMU,66.66666666666666
DIAG_01769,stu_aba7da9065c86a747033f5579e5e4150,,2022_P,40.0,30.0,20.0,10.0,100.0,DMU,66.66666666666666
DIAG_01770,stu_6367ff6b89df792ea558bc8f30fb769c,,2022_P,40.0,20.0,30.0,10.0,100.0,DMU,66.66666666666666
DIAG_01771,stu_8583a393817307408902f4f26fc79621,CARLBL_563A8FB47A,2022_P,30.0,10.0,30.0,30.0,100.0,DMU,66.66666666666666
DIAG_01772,stu_2d82e483ab0de24e9ba7dec8e151e169,,2022_P,40.0,10.0,30.0,20.0,100.0,DMU,66.66666666666666
DIAG_01773,stu_55d89cb09e911db6af2a91e2949aad28,CARLBL_BD76F0F196,2022_P,40.0,10.0,40.0,10.0,100.0,DMU,66.66666666666666
DIAG_01774,stu_6707abdeca687cf5e5eb5aba0124b196,,2022_P,20.0,30.0,30.0,20.0,100.0,DMU,66.66666666666666
DIAG_01775,stu_399b3a14585bd87cdb3dcd80b1c84e1f,,2022_P,20.0,20.0,40.0,20.0,100.0,DMU,66.66666666666666
DIAG_01776,stu_7c64e0d0389373ad949cbd5f58df2215,CARLBL_8DBD054572,2022_P,20.0,30.0,20.0,30.0,100.0,DMU,66.66666666666666
DIAG_01777,stu_11e9ea4bacaaea8e40c33549ff11f6d2,,2022_P,30.0,40.0,30.0,0.0,100.0,DMU,66.66666666666666
DIAG_01778,stu_c00f4f299f2c91c5cee51f329ffcbe1d,,2022_P,40.0,20.0,20.0,20.0,100.0,DMU,66.66666666666666
DIAG_01779,stu_fcaba07ebceb35b0ff0fa46bd44e3a27,CARLBL_4D358FAC4B,2022_P,30.0,20.0,30.0,20.0,100.0,DMU,66.66666666666666
DIAG_01780,stu_b0b09f36033d085e7a05cd58168517a4,,2022_P,40.0,30.0,20.0,10.0,100.0,DMU,66.66666666666666
DIAG_01781,stu_ba0d069a2184a36e93d7f080e8585569,CARLBL_28FD56FF33,2022_P,40.0,30.0,20.0,10.0,100.0,DMU,66.66666666666666
DIAG_01782,stu_cf08f24ba74d19f9c27f9622b8280419,CARLBL_6264AD2D5A,2022_P,20.0,30.0,30.0,20.0,100.0,DMU,66.66666666666666
DIAG_01783,stu_c88466c799e14f250a8f40892b11ee71,,2022_P,20.0,40.0,30.0,10.0,100.0,DMU,66.66666666666666
DIAG_01784,stu_6d2c81000679c8763339462d90ddcff5,,2022_P,30.0,10.0,40.0,20.0,100.0,DMU,66.66666666666666
DIAG_01785,stu_284d2446abc7d48b455e4b4c9c217ac0,,2022_P,30.0,30.0,20.0,20.0,100.0,DMU,66.66666666666666
DIAG_01786,stu_13fa577961edcf66063334a40c03a688,,2022_P,40.0,10.0,30.0,20.0,100.0,DMU,66.66666666666666
DIAG_01787,stu_1d8348c70a3524dd8212959100f3ed6b,,2022_P,30.0,30.0,30.0,10.0,100.0,DMU,66.66666666666666
DIAG_01788,stu_798fada973acdec04ba8b84ddaa2d49f,,2022_P,40.0,10.0,30.0,20.0,100.0,DMU,66.66666666666666
DIAG_01789,stu_f9c0ac72d9e4f58418dfdcaa7815adee,CARLBL_DAB7ED3371,2022_P,40.0,20.0,40.0,0.0,100.0,DMU,66.66666666666666
DIAG_01790,stu_9a34d6701d8f3d53bd52263c861a4c40,,2022_P,30.0,30.0,30.0,10.0,100.0,DMU,66.66666666666666
DIAG_01791,stu_2666c16662b5db411fbeba6fe7ae674e,,2022_P,20.0,20.0,30.0,30.0,100.0,DMU,66.66666666666666
DIAG_01792,stu_32120c0ed33aef9cf06190214264fe23,CARLBL_BD76F0F196,2022_P,30.0,20.0,30.0,20.0,100.0,DMU,66.66666666666666
DIAG_01793,stu_ad437d59be9b33253be5e72135f1dc0f,,2022_P,30.0,20.0,40.0,10.0,100.0,DMU,66.66666666666666
DIAG_01794,stu_4972679c3102a4c8168e53f0687e2079,CARLBL_9393C45E8D,2022_P,30.0,30.0,30.0,10.0,100.0,DMU,66.66666666666666
DIAG_01795,stu_e4abc36ef55f5cb57348b3340dffc08a,,2022_P,30.0,20.0,30.0,20.0,100.0,DMU,66.66666666666666
DIAG_01796,stu_b281b6a6e01697c74e7c1b792874e57b,CARLBL_6264AD2D5A,2022_P,30.0,30.0,30.0,10.0,100.0,DMU,66.66666666666666
DIAG_01797,stu_7cc4dfa56af0846e83e8a56af4f2c75b,,2022_P,40.0,30.0,20.0,10.0,100.0,DMU,66.66666666666666
DIAG_01798,stu_e39bed2d316925e62888c992b47eae72,,2022_P,40.0,10.0,40.0,10.0,100.0,DMU,66.66666666666666
DIAG_01799,stu_e52dff2fa4a3557465bb67f514c782e2,,2022_P,40.0,10.0,30.0,20.0,100.0,DMU,66.66666666666666
DIAG_01800,stu_6af0f1ac3638b42cdb1f20740309c655,,2022_P,30.0,20.0,40.0,10.0,100.0,DMU,66.66666666666666
DIAG_01801,stu_0d9c1f6076ddfed2e38789c6a3ebee12,,2022_P,30.0,20.0,30.0,20.0,100.0,DMU,66.66666666666666
DIAG_01802,stu_cfbdfe863b483ca8d2f7882b7845b5bc,,2022_P,30.0,10.0,40.0,20.0,100.0,DMU,66.66666666666666
DIAG_01803,stu_35ed22355f6e57d44b98e5339a044a64,CARLBL_6264AD2D5A,2022_P,40.0,10.0,40.0,10.0,100.0,DMU,66.66666666666666
DIAG_01804,stu_c30d45a2bad20d34b1ae81d2fb87f751,CARLBL_DAB7ED3371,2022_P,20.0,40.0,20.0,20.0,100.0,DMU,66.66666666666666
DIAG_01805,stu_7292ea05854513f31ce628baedbf6b24,CARLBL_B2CB496E63,2022_P,40.0,40.0,10.0,10.0,100.0,DMU,66.66666666666666
DIAG_01806,stu_40e563ad5eae135fdd3dec935fb3f452,CARLBL_18D189705C,2022_P,30.0,20.0,30.0,20.0,100.0,DMU,66.66666666666666
DIAG_01807,stu_5da9198d3811619199e8b851a7fd1790,,2022_P,20.0,20.0,40.0,10.0,90.0,DMU,60.0
DIAG_01808,stu_37daee1cdc26a8739abeb0535f0d0a05,CARLBL_563A8FB47A,2022_P,40.0,10.0,30.0,10.0,90.0,DMU,60.0
DIAG_01809,stu_d7e22709551a8974c933206044e1ed50,,2022_P,30.0,30.0,10.0,20.0,90.0,DMU,60.0
DIAG_01810,stu_c6bacc6e50034638e5c03f014221078b,,2022_P,20.0,10.0,40.0,20.0,90.0,DMU,60.0
DIAG_01811,stu_2c098968a33b02caac3112cc375288bc,,2022_P,40.0,20.0,30.0,0.0,90.0,DMU,60.0
DIAG_01812,stu_eabd0ad5ff8d0413879918ee47d2eac3,,2022_P,20.0,30.0,30.0,10.0,90.0,DMU,60.0
DIAG_01813,stu_3002c94eef8f113b1b61533867aa8a0e,CARLBL_D174EB3A71,2022_P,30.0,20.0,40.0,0.0,90.0,DMU,60.0
DIAG_01814,stu_77fb53764cea6325982b6e8cefe276ef,,2022_P,30.0,10.0,30.0,20.0,90.0,DMU,60.0
DIAG_01815,stu_04b5669181a5529f680f61ed3e663597,,2022_P,30.0,20.0,40.0,0.0,90.0,DMU,60.0
DIAG_01816,stu_5d07cf9b032163d57dd95282444f3e77,,2022_P,30.0,10.0,30.0,20.0,90.0,DMU,60.0
DIAG_01817,stu_ed2f43e0f3d36c84638871ebd1a3fca0,CARLBL_F041EA11A4,2022_P,30.0,30.0,20.0,10.0,90.0,DMU,60.0
DIAG_01818,stu_f55d0bd50b85c8a9c123ef0106aebb68,CARLBL_D174EB3A71,2022_P,30.0,20.0,30.0,10.0,90.0,DMU,60.0
DIAG_01819,stu_c89efec376834a0b1a649df3421f8fd5,,2022_P,40.0,10.0,40.0,0.0,90.0,DMU,60.0
DIAG_01820,stu_0c76ca6680659ccb60f6d0e7799ec111,,2022_P,30.0,20.0,30.0,10.0,90.0,DMU,60.0
DIAG_01821,stu_011f4d137e163e02e951bb1a367d3a50,,2022_P,30.0,20.0,30.0,10.0,90.0,DMU,60.0
DIAG_01822,stu_1fabd44d673627626afa8b450645a272,,2022_P,20.0,30.0,40.0,0.0,90.0,DMU,60.0
DIAG_01823,stu_5a91d19cea291d94789fa18e724cb059,CARLBL_9393C45E8D,2022_P,30.0,20.0,30.0,10.0,90.0,DMU,60.0
DIAG_01824,stu_d250c36a35a3e7a9a209c2366e488bb7,,2022_P,30.0,20.0,20.0,20.0,90.0,DMU,60.0
DIAG_01825,stu_c33d1b3aa68e83fe4a3ecd7df068a2d4,,2022_P,10.0,30.0,40.0,10.0,90.0,DMU,60.0
DIAG_01826,stu_fa16cfdb5e213ddae220869908dbf4cf,,2022_P,20.0,30.0,30.0,10.0,90.0,DMU,60.0
DIAG_01827,stu_e3ef777bb10085cdc87d25d39fb0b5eb,CARLBL_DAB7ED3371,2022_P,30.0,40.0,20.0,0.0,90.0,DMU,60.0
DIAG_01828,stu_1408464723906f22c5fe8b618090ca2b,,2022_P,20.0,40.0,20.0,10.0,90.0,DMU,60.0
DIAG_01829,stu_353d1c65261b8bc9bfb217b81ba58d93,,2022_P,30.0,0.0,40.0,20.0,90.0,DMU,60.0
DIAG_01830,stu_472bbf6b3ea0781ebdd6e665d647b363,,2022_P,0.0,30.0,40.0,20.0,90.0,DMU,60.0
DIAG_01831,stu_2bb80e81dceaede3e3b4aeedcdcf05fd,CARLBL_563A8FB47A,2022_P,40.0,10.0,30.0,10.0,90.0,DMU,60.0
DIAG_01832,stu_e188d4785438c713b54a86c46ef04970,CARLBL_255574A75E,2022_P,10.0,20.0,40.0,20.0,90.0,DMU,60.0
DIAG_01833,stu_65bdd5628f364ea25dfe69e1c5ed4e1f,CARLBL_F041EA11A4,2022_P,30.0,30.0,20.0,10.0,90.0,DMU,60.0
DIAG_01834,stu_3f1c57f110a29d56f3d6fea52eaed07e,,2022_P,20.0,30.0,40.0,0.0,90.0,DMU,60.0
DIAG_01835,stu_5fdcc00617d2e0e963cf72f9195e8785,CARLBL_9393C45E8D,2022_P,20.0,30.0,20.0,20.0,90.0,DMU,60.0
DIAG_01836,stu_e9c5c051f1d2b755916926dcc52f492a,CARLBL_563A8FB47A,2022_P,20.0,30.0,20.0,20.0,90.0,DMU,60.0
DIAG_01837,stu_186ccc4ad382d421d7d2b0e301b9360d,,2022_P,20.0,20.0,40.0,10.0,90.0,DMU,60.0
DIAG_01838,stu_733504dbc7f69f684a83c0052aff3249,,2022_P,40.0,20.0,30.0,0.0,90.0,DMU,60.0
DIAG_01839,stu_f46abcfd702dea97552b9a497f3ea86c,,2022_P,30.0,20.0,30.0,10.0,90.0,DMU,60.0
DIAG_01840,stu_355e7e12b0377a9189035c4a4b13378a,CARLBL_563A8FB47A,2022_P,40.0,30.0,10.0,10.0,90.0,DMU,60.0
DIAG_01841,stu_8bdf60a4082bb8b02506ae976f098081,CARLBL_DAB7ED3371,2022_P,30.0,10.0,40.0,10.0,90.0,DMU,60.0
DIAG_01842,stu_c7cd28ab9ee7f56785395b8e705be777,,2022_P,30.0,10.0,30.0,20.0,90.0,DMU,60.0
DIAG_01843,stu_0b588a1a63c8621105cc93a86af1d673,,2022_P,30.0,10.0,20.0,30.0,90.0,DMU,60.0
DIAG_01844,stu_4a4bddec7282261b019c3be5aab2311f,CARLBL_5B99AB135B,2022_P,30.0,40.0,20.0,0.0,90.0,DMU,60.0
DIAG_01845,stu_4a95de0da5097b75bb0b358c9decb0c4,,2022_P,30.0,20.0,20.0,20.0,90.0,DMU,60.0
DIAG_01846,stu_a55edb6e38779288e525d7adc63ab4bd,,2022_P,30.0,20.0,30.0,10.0,90.0,DMU,60.0
DIAG_01847,stu_a1e4b0bcdcc3395e8d030028d9175c10,CARLBL_F041EA11A4,2022_P,30.0,30.0,30.0,0.0,90.0,DMU,60.0
DIAG_01848,stu_de0114a417847c9fc0ab674ea3cc80bc,,2022_P,20.0,10.0,40.0,10.0,80.0,DMU,53.33333333333334
DIAG_01849,stu_ed4ec67423a743d6cbedd3987c4342fb,,2022_P,40.0,20.0,10.0,10.0,80.0,DMU,53.33333333333334
DIAG_01850,stu_35158ee2c36414fc010e3b5ff416ef00,,2022_P,10.0,30.0,30.0,10.0,80.0,DMU,53.33333333333334
DIAG_01851,stu_2143d95498432de93be789704c495c95,,2022_P,20.0,30.0,20.0,10.0,80.0,DMU,53.33333333333334
DIAG_01852,stu_0df90f5e588c5c345bc0c23bf255216d,,2022_P,10.0,20.0,30.0,20.0,80.0,DMU,53.33333333333334
DIAG_01853,stu_fe88ade534cdf3c68db7e207965b99bf,,2022_P,20.0,30.0,30.0,0.0,80.0,DMU,53.33333333333334
DIAG_01854,stu_fc90d22ce7fb144e635be166011f5d6b,CARLBL_B2CB496E63,2022_P,40.0,20.0,10.0,10.0,80.0,DMU,53.33333333333334
DIAG_01855,stu_9de462808c811e570267c84b60443dad,,2022_P,20.0,10.0,40.0,10.0,80.0,DMU,53.33333333333334
DIAG_01856,stu_4d067a1d2045a8f340fe1be3d9795465,CARLBL_255574A75E,2022_P,20.0,20.0,40.0,0.0,80.0,DMU,53.33333333333334
DIAG_01857,stu_3c5a1ebf7af402b0a4855c86c11c5429,CARLBL_563A8FB47A,2022_P,10.0,20.0,30.0,20.0,80.0,DMU,53.33333333333334
DIAG_01858,stu_08f4d82a047235f9b29e126ce3e6dc06,CARLBL_255574A75E,2022_P,20.0,30.0,10.0,20.0,80.0,DMU,53.33333333333334
DIAG_01859,stu_d4d09c7a023011ee35d6f2ea2bbe6c18,CARLBL_D174EB3A71,2022_P,20.0,20.0,30.0,10.0,80.0,DMU,53.33333333333334
DIAG_01860,stu_e1f12dfabb55d73191ba8de7df69511c,CARLBL_9393C45E8D,2022_P,30.0,20.0,20.0,10.0,80.0,DMU,53.33333333333334
DIAG_01861,stu_bd8c5222ffa160d212aec9ab926b7f22,,2022_P,20.0,40.0,20.0,0.0,80.0,DMU,53.33333333333334
DIAG_01862,stu_a6def35be47dd39ab6848c12b6c36932,,2022_P,30.0,20.0,30.0,0.0,80.0,DMU,53.33333333333334
DIAG_01863,stu_c5aecaea83f359f9d7505ecbe01b2ecf,CARLBL_CC13F1BB98,2022_P,30.0,0.0,20.0,30.0,80.0,DMU,53.33333333333334
DIAG_01864,stu_5d13e3ef5f2264dbfc244397974e5a66,,2022_P,30.0,10.0,30.0,10.0,80.0,DMU,53.33333333333334
DIAG_01865,stu_b2b28fdf5561220c19442059fc932c42,,2022_P,20.0,10.0,30.0,20.0,80.0,DMU,53.33333333333334
DIAG_01866,stu_971f088cb204cce6aedcb8fb9d31279f,,2022_P,20.0,30.0,20.0,10.0,80.0,DMU,53.33333333333334
DIAG_01867,stu_bca68e99dcf13f6c8090bf3a694163ac,CARLBL_18D189705C,2022_P,20.0,30.0,30.0,0.0,80.0,DMU,53.33333333333334
DIAG_01868,stu_64d7a0d656f03024c7c8b91a26bbaab2,CARLBL_6264AD2D5A,2022_P,30.0,30.0,10.0,10.0,80.0,DMU,53.33333333333334
DIAG_01869,stu_0cfbe6596488cfaaa5d47b6c23900044,,2022_P,20.0,10.0,40.0,10.0,80.0,DMU,53.33333333333334
DIAG_01870,stu_e9bf504d8e620c8716960a4652683d99,,2022_P,30.0,20.0,30.0,0.0,80.0,DMU,53.33333333333334
DIAG_01871,stu_86f92539c7589f5f82896202e2c8c571,,2022_P,10.0,20.0,30.0,20.0,80.0,DMU,53.33333333333334
DIAG_01872,stu_0dac63e50879866e5aa18aa2cf3d6fac,,2022_P,30.0,20.0,0.0,30.0,80.0,DMU,53.33333333333334
DIAG_01873,stu_bcb50081a3af1c47602f79d6434f9bc4,CARLBL_4D358FAC4B,2022_P,30.0,20.0,30.0,0.0,80.0,DMU,53.33333333333334
DIAG_01874,stu_c94921e53c1c787f53dc0568783c20ce,CARLBL_9FDFCF684F,2022_P,20.0,20.0,40.0,0.0,80.0,DMU,53.33333333333334
DIAG_01875,stu_c48ab16799cddce416106007315884c6,CARLBL_F7A3F2E0E2,2022_P,40.0,20.0,10.0,10.0,80.0,DMU,53.33333333333334
DIAG_01876,stu_baa6c46c56c1d88f563377eac6f058f5,,2022_P,20.0,20.0,30.0,10.0,80.0,DMU,53.33333333333334
DIAG_01877,stu_b64889f73617dd8fa69aa29359bea98d,,2022_P,10.0,20.0,30.0,10.0,70.0,DMU,46.66666666666666
DIAG_01878,stu_4dfbe26f7bee43cf3e6383f96c116631,,2022_P,30.0,10.0,30.0,0.0,70.0,DMU,46.66666666666666
DIAG_01879,stu_4b6ecd66bffa5f7d9c2c2b7c5d7abf6e,CARLBL_4D358FAC4B,2022_P,30.0,10.0,20.0,10.0,70.0,DMU,46.66666666666666
DIAG_01880,stu_ddec785b9569f965b3d186a4954de090,CARLBL_783067A8AC,2022_P,10.0,30.0,10.0,20.0,70.0,DMU,46.66666666666666
DIAG_01881,stu_ed3ed8b0e07b4561e9590dcecac6cfcf,CARLBL_4D358FAC4B,2022_P,30.0,30.0,10.0,0.0,70.0,DMU,46.66666666666666
DIAG_01882,stu_7587b93597575198639e5eac845eadf5,,2022_P,20.0,20.0,10.0,20.0,70.0,DMU,46.66666666666666
DIAG_01883,stu_aaf210fc64a1fcd91bd87b20c1a20326,,2022_P,10.0,20.0,30.0,10.0,70.0,DMU,46.66666666666666
DIAG_01884,stu_14de3c020e4379c807ea9e8511263556,,2022_P,20.0,30.0,20.0,0.0,70.0,DMU,46.66666666666666
DIAG_01885,stu_78a65de04abbeaa5be72db7510f8a207,CARLBL_41179F062D,2022_P,30.0,20.0,20.0,0.0,70.0,DMU,46.66666666666666
DIAG_01886,stu_15b3be44d6f6c178931799652b828558,,2022_P,10.0,20.0,30.0,10.0,70.0,DMU,46.66666666666666
DIAG_01887,stu_0a97ff2fbe458aaeb7f17407b7acb328,,2022_P,30.0,10.0,20.0,10.0,70.0,DMU,46.66666666666666
DIAG_01888,stu_64175940b7640f4558cdb71461a70483,CARLBL_DAB7ED3371,2022_P,20.0,20.0,30.0,0.0,70.0,DMU,46.66666666666666
DIAG_01889,stu_02fcaf3991ab57db4aa83200310bd91d,CARLBL_F041EA11A4,2022_P,20.0,40.0,10.0,0.0,70.0,DMU,46.66666666666666
DIAG_01890,stu_403dfac5642f698184842206c0d3a54e,CARLBL_255574A75E,2022_P,30.0,20.0,10.0,0.0,60.0,DMU,40.0
DIAG_01891,stu_9d9629ff75c03a88d8a1c2b8d4d3e348,,2022_P,20.0,10.0,20.0,10.0,60.0,DMU,40.0
DIAG_01892,stu_8a580b94376d840a8fc7ff5af5aea2ff,,2022_P,10.0,10.0,30.0,10.0,60.0,DMU,40.0
DIAG_01893,stu_643bb4c1d08d8d5302a279fb010bb30d,,2022_P,10.0,20.0,30.0,0.0,60.0,DMU,40.0
DIAG_01894,stu_c8efe829208c9521f88e539276ac6d83,,2022_P,20.0,0.0,20.0,20.0,60.0,DMU,40.0
DIAG_01895,stu_540933ee00374cd548dbee2872899687,CARLBL_F7A3F2E0E2,2022_P,10.0,20.0,20.0,10.0,60.0,DMU,40.0
DIAG_01896,stu_977e203e139dfb4983168930a33a186d,,2022_P,30.0,30.0,0.0,0.0,60.0,DMU,40.0
DIAG_01897,stu_526b902cf0057a85a6b70103cb58c018,CARLBL_28FD56FF33,2022_P,20.0,10.0,20.0,10.0,60.0,DMU,40.0
DIAG_01898,stu_c807c08153eb80f4494b6800e20e5fd1,CARLBL_CC13F1BB98,2022_P,20.0,20.0,10.0,0.0,50.0,DMU,33.33333333333333
DIAG_01899,stu_44308cf58b444af6f0f107f40dc1929b,,2022_P,10.0,20.0,10.0,10.0,50.0,DMU,33.33333333333333
DIAG_01900,stu_151adf93ef702af392c25d3eaba46d54,,2022_P,20.0,20.0,10.0,0.0,50.0,DMU,33.33333333333333
DIAG_01901,stu_9093f6a0d3ece25466f8fcab61fa94ca,CARLBL_F7A3F2E0E2,2022_P,30.0,10.0,0.0,0.0,40.0,DMU,26.66666666666667
DIAG_01902,stu_3bb54354de5e3d3c6c105684ae4b66c9,CARLBL_41179F062D,2022_P,20.0,10.0,10.0,0.0,40.0,DMU,26.66666666666667
DIAG_01903,stu_7b1a68877e202b39c3569b3fcf6d5a49,,2022_P,20.0,10.0,10.0,0.0,40.0,DMU,26.66666666666667
DIAG_01904,stu_65c80ac4cc3197ee1fcfc5ebe05d1bc1,,2022_P,20.0,0.0,10.0,0.0,30.0,DMU,20.0
DIAG_01905,stu_36ba9df2221930c7e20e415e286263cd,,2023_P,40.0,40.0,40.0,30.0,150.0,DMU,100.0
DIAG_01906,stu_d9ab1961172e883fe62d96e3646b3206,,2023_P,40.0,40.0,40.0,30.0,150.0,DMU,100.0
DIAG_01907,stu_918c060bac5e357ea5c05b0ed27897a2,,2023_P,40.0,40.0,40.0,30.0,150.0,DMU,100.0
DIAG_01908,stu_a6c1fbc348240bb79931247865c00460,CARLBL_DAB7ED3371,2023_P,40.0,40.0,40.0,30.0,150.0,DMU,100.0
DIAG_01909,stu_166090abefe2e9683ddbe976078e3dad,,2023_P,40.0,40.0,40.0,30.0,150.0,DMU,100.0
DIAG_01910,stu_266ee533f23029e94607e8b201b4a6cb,,2023_P,40.0,40.0,40.0,30.0,150.0,DMU,100.0
DIAG_01911,stu_b239afc842f0834350cf2297d30fd2f4,,2023_P,40.0,40.0,40.0,30.0,150.0,DMU,100.0
DIAG_01912,stu_12cf27a7a07b4ef1d6ca92d8236af975,CARLBL_F7A3F2E0E2,2023_P,40.0,40.0,40.0,30.0,150.0,DMU,100.0
DIAG_01913,stu_05ecb6faa98426a12be31f0c7f308f04,,2023_P,40.0,40.0,40.0,30.0,150.0,DMU,100.0
DIAG_01914,stu_9a041861a92b5b1a9149f29f7d1ee831,,2023_P,40.0,40.0,40.0,30.0,150.0,DMU,100.0
DIAG_01915,stu_34c951c573aac562fba39346046574c6,,2023_P,40.0,40.0,40.0,30.0,150.0,DMU,100.0
DIAG_01916,stu_726c605182b0a8a93faf1623ae5f0946,CARLBL_DAB7ED3371,2023_P,40.0,40.0,40.0,30.0,150.0,DMU,100.0
DIAG_01917,stu_dcb4e5b9477d2865cb716cd1a10c7b16,,2023_P,40.0,40.0,40.0,30.0,150.0,DMU,100.0
DIAG_01918,stu_37f5d5503b6c440097249e3346c908d2,CARLBL_D9A75FFAB0,2023_P,40.0,40.0,40.0,30.0,150.0,DMU,100.0
DIAG_01919,stu_33895d0b732f09b1abf7464ec4ae331e,CARLBL_4D358FAC4B,2023_P,40.0,40.0,40.0,20.0,140.0,DMU,93.33333333333333
DIAG_01920,stu_950d362909d919934e8ec516c0dcd14e,CARLBL_D174EB3A71,2023_P,40.0,40.0,40.0,20.0,140.0,DMU,93.33333333333333
DIAG_01921,stu_29b82e6aa86886400a2c237256053359,,2023_P,40.0,30.0,40.0,30.0,140.0,DMU,93.33333333333333
DIAG_01922,stu_0ad293065072bd5eb9721e27edcdfb01,CARLBL_41179F062D,2023_P,40.0,40.0,40.0,20.0,140.0,DMU,93.33333333333333
DIAG_01923,stu_7e83e5cc59ee1d5d152a66f585e8dbfe,CARLBL_F041EA11A4,2023_P,40.0,30.0,40.0,30.0,140.0,DMU,93.33333333333333
DIAG_01924,stu_7cfcfd4f5e078e2fe3a71c4428285e05,,2023_P,30.0,40.0,40.0,30.0,140.0,DMU,93.33333333333333
DIAG_01925,stu_7b702975db01b18681235c39704fa3db,CARLBL_1D36359214,2023_P,40.0,30.0,40.0,30.0,140.0,DMU,93.33333333333333
DIAG_01926,stu_12165af08ec7d1a0140f9e028fdc4a76,,2023_P,40.0,40.0,40.0,20.0,140.0,DMU,93.33333333333333
DIAG_01927,stu_f70d1fb5768710ebd660a802e0874f85,,2023_P,40.0,40.0,40.0,20.0,140.0,DMU,93.33333333333333
DIAG_01928,stu_9faacae156f0db058a387408cbbbaeb7,,2023_P,40.0,40.0,40.0,20.0,140.0,DMU,93.33333333333333
DIAG_01929,stu_21e15d6f981d5494a8f4c408475c3a12,,2023_P,40.0,40.0,40.0,20.0,140.0,DMU,93.33333333333333
DIAG_01930,stu_e3b859022cfbe272b02aa886d9253119,CARLBL_563A8FB47A,2023_P,40.0,40.0,40.0,20.0,140.0,DMU,93.33333333333333
DIAG_01931,stu_0d6d4285756f7bf0dbf8104507266490,CARLBL_F7A3F2E0E2,2023_P,30.0,40.0,40.0,30.0,140.0,DMU,93.33333333333333
DIAG_01932,stu_14c6e67f205972be4020c8d6d80cdc13,CARLBL_6264AD2D5A,2023_P,40.0,40.0,40.0,20.0,140.0,DMU,93.33333333333333
DIAG_01933,stu_0576ce81cb74d579af312e1cf89d459f,,2023_P,40.0,40.0,40.0,20.0,140.0,DMU,93.33333333333333
DIAG_01934,stu_067d93b2b67a3dd6409fab07c98ba8b2,CARLBL_DAB7ED3371,2023_P,40.0,40.0,40.0,20.0,140.0,DMU,93.33333333333333
DIAG_01935,stu_352b763a21f131cfdbc856aef65158c0,CARLBL_D174EB3A71,2023_P,30.0,40.0,40.0,30.0,140.0,DMU,93.33333333333333
DIAG_01936,stu_a6af23d794d7b5c6d0cf9f57bae7c7ee,CARLBL_9FDFCF684F,2023_P,40.0,40.0,40.0,20.0,140.0,DMU,93.33333333333333
DIAG_01937,stu_36dc1447e4b1a7b7eab2083bf3337ded,,2023_P,40.0,30.0,40.0,30.0,140.0,DMU,93.33333333333333
DIAG_01938,stu_6047215a95c277b5485681aaeec55007,CARLBL_4D358FAC4B,2023_P,40.0,30.0,40.0,30.0,140.0,DMU,93.33333333333333
DIAG_01939,stu_4a6e287a889610f081a72e49e6aa43e4,CARLBL_5B99AB135B,2023_P,40.0,30.0,40.0,30.0,140.0,DMU,93.33333333333333
DIAG_01940,stu_7b1f9b33be4ea842b7e377c09c5cc2e2,CARLBL_255574A75E,2023_P,40.0,40.0,40.0,20.0,140.0,DMU,93.33333333333333
DIAG_01941,stu_567ff10f6925826fe7faa5cf41f43a42,CARLBL_B2CB496E63,2023_P,40.0,40.0,30.0,30.0,140.0,DMU,93.33333333333333
DIAG_01942,stu_85871df129fca09462e291fc742637cc,,2023_P,40.0,30.0,40.0,30.0,140.0,DMU,93.33333333333333
DIAG_01943,stu_4c29839386cd45bd83c83e45a67e1dfb,CARLBL_563A8FB47A,2023_P,40.0,30.0,40.0,30.0,140.0,DMU,93.33333333333333
DIAG_01944,stu_053c5f1f9611c93ba55c141515877587,CARLBL_DAB7ED3371,2023_P,40.0,30.0,40.0,30.0,140.0,DMU,93.33333333333333
DIAG_01945,stu_49264dafb4cb7d51ab7213a0ec4b7dd7,CARLBL_39611AFCAD,2023_P,40.0,40.0,40.0,20.0,140.0,DMU,93.33333333333333
DIAG_01946,stu_0561967c0a80d3d0e8da804663e1f442,,2023_P,40.0,40.0,30.0,30.0,140.0,DMU,93.33333333333333
DIAG_01947,stu_93ef851db238c182f654f9f5b2b23a56,CARLBL_ADFF4A692B,2023_P,40.0,40.0,30.0,30.0,140.0,DMU,93.33333333333333
DIAG_01948,stu_841914fdf7bb0135e0c6efcc8a88dfe6,,2023_P,30.0,40.0,40.0,30.0,140.0,DMU,93.33333333333333
DIAG_01949,stu_044c06b317df2c5e8268a74ac8bfe415,,2023_P,40.0,40.0,40.0,20.0,140.0,DMU,93.33333333333333
DIAG_01950,stu_7094afd23914cbcbab6014f3d2dfb1a1,CARLBL_F7A3F2E0E2,2023_P,40.0,40.0,40.0,20.0,140.0,DMU,93.33333333333333
DIAG_01951,stu_9023b84a085c0876f3874d0113fd309f,CARLBL_41179F062D,2023_P,40.0,40.0,40.0,20.0,140.0,DMU,93.33333333333333
DIAG_01952,stu_1f5870a88967f8f27db574707e0b0f39,,2023_P,40.0,40.0,40.0,20.0,140.0,DMU,93.33333333333333
DIAG_01953,stu_3a9e60111abb7de50dfdeed96226176c,CARLBL_DAB7ED3371,2023_P,40.0,40.0,30.0,30.0,140.0,DMU,93.33333333333333
DIAG_01954,stu_2689ce235e6928a90ca01f2fee5d83df,CARLBL_9FDFCF684F,2023_P,40.0,40.0,40.0,20.0,140.0,DMU,93.33333333333333
DIAG_01955,stu_5a385aadce4b0a97ceca81a6d352cfe5,CARLBL_B2CB496E63,2023_P,40.0,40.0,40.0,20.0,140.0,DMU,93.33333333333333
DIAG_01956,stu_7f09f38b48eb6c1fd69a495fc5a45a9f,,2023_P,30.0,40.0,40.0,20.0,130.0,DMU,86.66666666666667
DIAG_01957,stu_08a246731dbc1e9b4715b7f67f179ec5,CARLBL_563A8FB47A,2023_P,30.0,30.0,40.0,30.0,130.0,DMU,86.66666666666667
DIAG_01958,stu_96107274f4746da9371a5ca605d0735b,CARLBL_563A8FB47A,2023_P,40.0,30.0,40.0,20.0,130.0,DMU,86.66666666666667
DIAG_01959,stu_4ed170e8bac978433978beeed165d909,CARLBL_D9A75FFAB0,2023_P,40.0,30.0,40.0,20.0,130.0,DMU,86.66666666666667
DIAG_01960,stu_71a5891b4f2cec2328c0017ab8bf876b,CARLBL_D174EB3A71,2023_P,40.0,20.0,40.0,30.0,130.0,DMU,86.66666666666667
DIAG_01961,stu_af77023912c135b6424a8dee79a7e4bc,,2023_P,40.0,40.0,40.0,10.0,130.0,DMU,86.66666666666667
DIAG_01962,stu_6abe590347908a51dba5f433fc0155d5,CARLBL_D174EB3A71,2023_P,40.0,30.0,30.0,30.0,130.0,DMU,86.66666666666667
DIAG_01963,stu_c91baf3a6e2a0ced922d26c4cf2a70d6,CARLBL_563A8FB47A,2023_P,40.0,30.0,40.0,20.0,130.0,DMU,86.66666666666667
DIAG_01964,stu_a0506076a78338874f18a843ed31d842,,2023_P,40.0,30.0,30.0,30.0,130.0,DMU,86.66666666666667
DIAG_01965,stu_833a2c1d93dc2ded2984a52fd37a36f1,,2023_P,40.0,30.0,40.0,20.0,130.0,DMU,86.66666666666667
DIAG_01966,stu_447e1137c8b2d3b6225557b3c658c8d0,,2023_P,40.0,20.0,40.0,30.0,130.0,DMU,86.66666666666667
DIAG_01967,stu_549f7a12b4132eaf8c40d11ec7536c7c,CARLBL_F041EA11A4,2023_P,40.0,30.0,40.0,20.0,130.0,DMU,86.66666666666667
DIAG_01968,stu_9eb51aa4bd35f324e5aa390454df6cc5,CARLBL_563A8FB47A,2023_P,40.0,40.0,40.0,10.0,130.0,DMU,86.66666666666667
DIAG_01969,stu_97f05e8fc338b31467de633e99460c55,CARLBL_D174EB3A71,2023_P,40.0,40.0,40.0,10.0,130.0,DMU,86.66666666666667
DIAG_01970,stu_a6c0e3acb0f15f241000b17e6ea0a5a5,,2023_P,40.0,30.0,40.0,20.0,130.0,DMU,86.66666666666667
DIAG_01971,stu_807f1d4cbd64c63441486cb2ceec130c,CARLBL_9393C45E8D,2023_P,40.0,30.0,40.0,20.0,130.0,DMU,86.66666666666667
DIAG_01972,stu_2ccce3de8ef853c9b2a4f7dcc9edbda2,CARLBL_5B99AB135B,2023_P,40.0,30.0,40.0,20.0,130.0,DMU,86.66666666666667
DIAG_01973,stu_ff17b09df06eb7de2f6f020f82456edd,,2023_P,30.0,30.0,40.0,30.0,130.0,DMU,86.66666666666667
DIAG_01974,stu_865371395d94ac70f63a4ef3ac99d848,CARLBL_6264AD2D5A,2023_P,20.0,40.0,40.0,30.0,130.0,DMU,86.66666666666667
DIAG_01975,stu_48799f4f6eb58d254713db4a22976d0a,CARLBL_D9A75FFAB0,2023_P,40.0,40.0,30.0,20.0,130.0,DMU,86.66666666666667
DIAG_01976,stu_a3b7b8f2445320906945e98b93263fc4,CARLBL_563A8FB47A,2023_P,40.0,40.0,40.0,10.0,130.0,DMU,86.66666666666667
DIAG_01977,stu_8aa1a4a42d693c3d8960e29afd1f1f2a,CARLBL_56B3A1BFE0,2023_P,40.0,30.0,30.0,30.0,130.0,DMU,86.66666666666667
DIAG_01978,stu_a2e1f6e759da36d85ae2fe3e3a63822d,CARLBL_563A8FB47A,2023_P,40.0,40.0,30.0,20.0,130.0,DMU,86.66666666666667
DIAG_01979,stu_1f0a391bc148f5d55442d8366cf2d40d,,2023_P,30.0,30.0,40.0,30.0,130.0,DMU,86.66666666666667
DIAG_01980,stu_d105752e5160e87fe2fee59f551cb2b7,,2023_P,40.0,30.0,40.0,20.0,130.0,DMU,86.66666666666667
DIAG_01981,stu_d27b7bd3d2c46588677047b9b55c4ef2,CARLBL_56B3A1BFE0,2023_P,40.0,30.0,40.0,20.0,130.0,DMU,86.66666666666667
DIAG_01982,stu_852824b5f910123d6b1a4e9280f0fb87,CARLBL_ADFF4A692B,2023_P,40.0,30.0,40.0,20.0,130.0,DMU,86.66666666666667
DIAG_01983,stu_08b2777dc3ba5967a650ee042b604f16,CARLBL_6264AD2D5A,2023_P,40.0,40.0,40.0,10.0,130.0,DMU,86.66666666666667
DIAG_01984,stu_99160409ddf6f9ac123449d7c7163546,CARLBL_F041EA11A4,2023_P,40.0,30.0,30.0,30.0,130.0,DMU,86.66666666666667
DIAG_01985,stu_65174b4e3259edba485a4c041844195f,CARLBL_F041EA11A4,2023_P,40.0,20.0,40.0,30.0,130.0,DMU,86.66666666666667
DIAG_01986,stu_5e68e12abc0ee1acc3736956c5d87691,CARLBL_F041EA11A4,2023_P,30.0,40.0,40.0,20.0,130.0,DMU,86.66666666666667
DIAG_01987,stu_48bc938d4fcc623663a57bcb750e8d53,,2023_P,40.0,40.0,40.0,10.0,130.0,DMU,86.66666666666667
DIAG_01988,stu_cb971a7844ea9cb748d77bc22e5a24da,CARLBL_D174EB3A71,2023_P,40.0,30.0,40.0,20.0,130.0,DMU,86.66666666666667
DIAG_01989,stu_76aa8bac5d571c2fc1109651f074a853,CARLBL_563A8FB47A,2023_P,30.0,40.0,40.0,20.0,130.0,DMU,86.66666666666667
DIAG_01990,stu_55cea46b7e1cb518b5224daecf70d6b3,CARLBL_BD76F0F196,2023_P,40.0,30.0,40.0,20.0,130.0,DMU,86.66666666666667
DIAG_01991,stu_6bb616ea8f183add5a9073e2f229b854,CARLBL_F041EA11A4,2023_P,30.0,40.0,40.0,20.0,130.0,DMU,86.66666666666667
DIAG_01992,stu_5a00d47c28e4cbed49e233483e900be5,CARLBL_9FDFCF684F,2023_P,40.0,30.0,40.0,20.0,130.0,DMU,86.66666666666667
DIAG_01993,stu_33eb15ceba949d85282445efcf735540,CARLBL_B3FCCAA8C1,2023_P,40.0,20.0,40.0,30.0,130.0,DMU,86.66666666666667
DIAG_01994,stu_8d66216f313963b5ed3747a1fbe8541e,CARLBL_F041EA11A4,2023_P,40.0,30.0,40.0,20.0,130.0,DMU,86.66666666666667
DIAG_01995,stu_0f8d6c23ba3bf80628e063cf0ca2ff25,,2023_P,40.0,30.0,40.0,20.0,130.0,DMU,86.66666666666667
DIAG_01996,stu_6296ef5ee3daab72a45f868c63995382,,2023_P,40.0,30.0,40.0,20.0,130.0,DMU,86.66666666666667
DIAG_01997,stu_c2a3e5a87f904bf9fc06ebc936a125ed,CARLBL_F041EA11A4,2023_P,30.0,40.0,30.0,30.0,130.0,DMU,86.66666666666667
DIAG_01998,stu_be7c149f0662825e399ea370d0402cf6,CARLBL_18D189705C,2023_P,40.0,30.0,40.0,20.0,130.0,DMU,86.66666666666667
DIAG_01999,stu_88666d301c5e066118b431f5e46cd365,,2023_P,40.0,30.0,40.0,20.0,130.0,DMU,86.66666666666667
DIAG_02000,stu_8d634f4b1bc532597eefa5f4a3429eb9,CARLBL_9FDFCF684F,2023_P,30.0,30.0,40.0,30.0,130.0,DMU,86.66666666666667
DIAG_02001,stu_c611feefac28b897e2216bc2bfe472a7,,2023_P,40.0,20.0,40.0,30.0,130.0,DMU,86.66666666666667
DIAG_02002,stu_a5cc1990083e45548147f179d0982aed,,2023_P,40.0,30.0,40.0,20.0,130.0,DMU,86.66666666666667
DIAG_02003,stu_84c323fddb534ea620b273ea062e039e,,2023_P,40.0,30.0,40.0,20.0,130.0,DMU,86.66666666666667
DIAG_02004,stu_98ae5ee97e9c19d222e8e58f8aefcd29,CARLBL_41179F062D,2023_P,40.0,30.0,40.0,20.0,130.0,DMU,86.66666666666667
DIAG_02005,stu_33d339448e7d4df21198778168dc406c,CARLBL_CC13F1BB98,2023_P,40.0,30.0,40.0,20.0,130.0,DMU,86.66666666666667
DIAG_02006,stu_0d9067d0891229b203323a6c1c579615,,2023_P,40.0,40.0,40.0,10.0,130.0,DMU,86.66666666666667
DIAG_02007,stu_cb8d52e25d8cc758074430237305cf84,,2023_P,30.0,30.0,40.0,20.0,120.0,DMU,80.0
DIAG_02008,stu_03cc6a603afec1d55638a8c1222ec2c9,CARLBL_6264AD2D5A,2023_P,30.0,20.0,40.0,30.0,120.0,DMU,80.0
DIAG_02009,stu_786fde193a90d487fa1ddf88a1f89619,,2023_P,40.0,40.0,30.0,10.0,120.0,DMU,80.0
DIAG_02010,stu_a462c12a9473361cb8dfcd69d24477c8,,2023_P,30.0,40.0,30.0,20.0,120.0,DMU,80.0
DIAG_02011,stu_e4961e5c6f42bf3de41896fde365ade7,,2023_P,40.0,30.0,30.0,20.0,120.0,DMU,80.0
DIAG_02012,stu_1154b7fafc37fbea0652966eeb46e7c4,CARLBL_DAB7ED3371,2023_P,40.0,20.0,40.0,20.0,120.0,DMU,80.0
DIAG_02013,stu_cb3ae94735af4ef25ecbecee4cad3088,,2023_P,30.0,20.0,40.0,30.0,120.0,DMU,80.0
DIAG_02014,stu_a7792a8738627cb682519aad68c83f99,,2023_P,40.0,30.0,40.0,10.0,120.0,DMU,80.0
DIAG_02015,stu_2927f02c42309ccabfd1d18d742f8308,,2023_P,40.0,40.0,40.0,0.0,120.0,DMU,80.0
DIAG_02016,stu_4e9ff007a8000edf6f3231ff26b18b37,,2023_P,30.0,30.0,40.0,20.0,120.0,DMU,80.0
DIAG_02017,stu_165485983e7761f2704a87d3cf8cc84e,,2023_P,40.0,30.0,40.0,10.0,120.0,DMU,80.0
DIAG_02018,stu_3c8ce1b3eb7ab8eab7a11128080c0222,CARLBL_D174EB3A71,2023_P,40.0,30.0,40.0,10.0,120.0,DMU,80.0
DIAG_02019,stu_2ad8f38f06cb81ec9c09aa5d33076654,,2023_P,30.0,30.0,40.0,20.0,120.0,DMU,80.0
DIAG_02020,stu_0caec3a1424b40c6fc76c9461b28ed4a,CARLBL_9FDFCF684F,2023_P,30.0,30.0,40.0,20.0,120.0,DMU,80.0
DIAG_02021,stu_5cb6ad71fb6ee7634deb8ae95299b39f,CARLBL_783067A8AC,2023_P,30.0,30.0,40.0,20.0,120.0,DMU,80.0
DIAG_02022,stu_909e9706e0eab3380c97e1dcc1cb5d48,CARLBL_41179F062D,2023_P,40.0,30.0,40.0,10.0,120.0,DMU,80.0
DIAG_02023,stu_b4637dc4f5296ed4817e352257950387,CARLBL_9393C45E8D,2023_P,20.0,40.0,40.0,20.0,120.0,DMU,80.0
DIAG_02024,stu_ae788067888ff70fc62f47988a1c1c12,CARLBL_6264AD2D5A,2023_P,40.0,40.0,30.0,10.0,120.0,DMU,80.0
DIAG_02025,stu_ba7bbf14a54e7800306f41b450818a79,,2023_P,40.0,20.0,40.0,20.0,120.0,DMU,80.0
DIAG_02026,stu_d3806b077faea9019595be6771cca0c0,CARLBL_F7A3F2E0E2,2023_P,30.0,30.0,40.0,20.0,120.0,DMU,80.0
DIAG_02027,stu_44d8ee0037d404cfa4ef0cab7ca935d3,,2023_P,30.0,40.0,30.0,20.0,120.0,DMU,80.0
DIAG_02028,stu_503613ff7e966b03d542dfb4d649e036,CARLBL_D174EB3A71,2023_P,40.0,30.0,40.0,10.0,120.0,DMU,80.0
DIAG_02029,stu_8a7b9f5bf9eaeace297f2649f4c723e2,,2023_P,40.0,10.0,40.0,30.0,120.0,DMU,80.0
DIAG_02030,stu_90e61131f7b53fd362e5d5867a855a9a,CARLBL_39611AFCAD,2023_P,40.0,30.0,40.0,10.0,120.0,DMU,80.0
DIAG_02031,stu_77297587613a977bd9bd0b6076e2fc37,CARLBL_41179F062D,2023_P,40.0,30.0,40.0,10.0,120.0,DMU,80.0
DIAG_02032,stu_cf7e4b17e1a83ea9a3107cad9775ead9,,2023_P,40.0,40.0,20.0,20.0,120.0,DMU,80.0
DIAG_02033,stu_1cf1162678e6d8834308a39ec5c80eff,CARLBL_ADFF4A692B,2023_P,30.0,20.0,40.0,30.0,120.0,DMU,80.0
DIAG_02034,stu_71afc9dc5adb208f8aa7c6db2d4bdd3d,CARLBL_255574A75E,2023_P,30.0,30.0,30.0,30.0,120.0,DMU,80.0
DIAG_02035,stu_c4ac84a82e6bab896eb78850108c7e95,,2023_P,30.0,30.0,30.0,30.0,120.0,DMU,80.0
DIAG_02036,stu_1eaa93f8884b997133cbf9cdd31ee2ec,,2023_P,40.0,30.0,40.0,10.0,120.0,DMU,80.0
DIAG_02037,stu_7f83a89b849c531f32fb21c9df2497b0,CARLBL_28FD56FF33,2023_P,40.0,20.0,40.0,20.0,120.0,DMU,80.0
DIAG_02038,stu_6db5956dfc23f87aa2988da3a5751f5a,CARLBL_F041EA11A4,2023_P,30.0,30.0,40.0,20.0,120.0,DMU,80.0
DIAG_02039,stu_1f03eeaf6e5f658315c27d248422aeb1,CARLBL_9FDFCF684F,2023_P,40.0,30.0,40.0,10.0,120.0,DMU,80.0
DIAG_02040,stu_a816cb0538618648136dd2383be8a557,,2023_P,30.0,40.0,40.0,10.0,120.0,DMU,80.0
DIAG_02041,stu_fb7dd22d5a7ad90419819868c8f0f72b,CARLBL_D174EB3A71,2023_P,30.0,20.0,40.0,30.0,120.0,DMU,80.0
DIAG_02042,stu_666c2d414f0d2b68268ce7ffa38bd782,CARLBL_4D358FAC4B,2023_P,30.0,20.0,40.0,30.0,120.0,DMU,80.0
DIAG_02043,stu_79909fb49ec6f50157f274b6403272a9,CARLBL_9393C45E8D,2023_P,40.0,30.0,30.0,20.0,120.0,DMU,80.0
DIAG_02044,stu_1f6eed4c19374790bb6a57ae12a2fa1e,CARLBL_9393C45E8D,2023_P,40.0,20.0,30.0,30.0,120.0,DMU,80.0
DIAG_02045,stu_690c4ff372deba409ebca0dfacb95afc,,2023_P,40.0,30.0,40.0,10.0,120.0,DMU,80.0
DIAG_02046,stu_bcd32e2eba238db88e75408f2ab5d26e,CARLBL_563A8FB47A,2023_P,30.0,40.0,40.0,10.0,120.0,DMU,80.0
DIAG_02047,stu_1cce48b93007bb3e87bf20d9f1961117,CARLBL_CC13F1BB98,2023_P,30.0,20.0,40.0,30.0,120.0,DMU,80.0
DIAG_02048,stu_2d6f20580098ad1aa8aee83ee31d6579,CARLBL_4D358FAC4B,2023_P,30.0,30.0,40.0,20.0,120.0,DMU,80.0
DIAG_02049,stu_91d849d0a3d45ee8c4e9434b1e898686,CARLBL_F7A3F2E0E2,2023_P,40.0,40.0,20.0,20.0,120.0,DMU,80.0
DIAG_02050,stu_4c17628ea07ce0f2f8951cc31c9f2a03,CARLBL_6264AD2D5A,2023_P,40.0,20.0,40.0,20.0,120.0,DMU,80.0
DIAG_02051,stu_e58dac1a46108c934ff36e47bd521425,CARLBL_4D358FAC4B,2023_P,40.0,30.0,40.0,10.0,120.0,DMU,80.0
DIAG_02052,stu_2c94b1c249bff550c97f6c5004210bf4,,2023_P,40.0,40.0,30.0,10.0,120.0,DMU,80.0
DIAG_02053,stu_08533eb8bee7ee49bdfbbe6395de3fd9,CARLBL_6264AD2D5A,2023_P,40.0,40.0,30.0,10.0,120.0,DMU,80.0
DIAG_02054,stu_7b11ade8d5579d75925b6ca179145783,,2023_P,40.0,30.0,40.0,10.0,120.0,DMU,80.0
DIAG_02055,stu_8e8c339a5fe2d924d3b60323d4a853a8,,2023_P,20.0,30.0,40.0,30.0,120.0,DMU,80.0
DIAG_02056,stu_267876f0684d1ff16ba9337981d53bb8,CARLBL_5B99AB135B,2023_P,30.0,30.0,40.0,20.0,120.0,DMU,80.0
DIAG_02057,stu_ac762c9b0788375a70e063b97ccbebb7,CARLBL_5B99AB135B,2023_P,40.0,30.0,40.0,10.0,120.0,DMU,80.0
DIAG_02058,stu_81d2be32af6e18e4d73b9f1e3de99721,,2023_P,40.0,30.0,40.0,10.0,120.0,DMU,80.0
DIAG_02059,stu_bea8b283788633f7ac82396fe9adc8d1,CARLBL_F041EA11A4,2023_P,30.0,40.0,40.0,10.0,120.0,DMU,80.0
DIAG_02060,stu_43693a9d3c7a541db57d112e641ccd5a,,2023_P,30.0,40.0,40.0,10.0,120.0,DMU,80.0
DIAG_02061,stu_7f26067c97d7f23578fd9be25f6c5937,CARLBL_8DBD054572,2023_P,40.0,40.0,30.0,10.0,120.0,DMU,80.0
DIAG_02062,stu_bb4e211cd23d655f82a299701a0866db,CARLBL_9FDFCF684F,2023_P,40.0,20.0,30.0,30.0,120.0,DMU,80.0
DIAG_02063,stu_707bdbbb4fd001cd6e7c9b9d4b324cc2,CARLBL_9FDFCF684F,2023_P,40.0,20.0,30.0,20.0,110.0,DMU,73.33333333333333
DIAG_02064,stu_693bb6321eb0be6e58e4544fb5ebaefd,CARLBL_ADFF4A692B,2023_P,30.0,30.0,30.0,20.0,110.0,DMU,73.33333333333333
DIAG_02065,stu_3b4ab7de6583f9ca5510080d83f1a7e8,CARLBL_ADFF4A692B,2023_P,30.0,40.0,30.0,10.0,110.0,DMU,73.33333333333333
DIAG_02066,stu_a15920ffbf837be563292f9f910a2eb2,CARLBL_F7A3F2E0E2,2023_P,40.0,10.0,40.0,20.0,110.0,DMU,73.33333333333333
DIAG_02067,stu_3fee32cbbc44a7ce8f62af23a9c6f061,CARLBL_DAB7ED3371,2023_P,30.0,20.0,40.0,20.0,110.0,DMU,73.33333333333333
DIAG_02068,stu_a908e0a92a04ac1d7abfaa0b6107f659,CARLBL_BD76F0F196,2023_P,30.0,30.0,40.0,10.0,110.0,DMU,73.33333333333333
DIAG_02069,stu_6c242ed6bac7f911bf2f5213fc4a6a33,CARLBL_DAB7ED3371,2023_P,40.0,20.0,30.0,20.0,110.0,DMU,73.33333333333333
DIAG_02070,stu_005cd89e6c2acb10ac9ac23d368bcbb5,CARLBL_F867BE971F,2023_P,40.0,20.0,30.0,20.0,110.0,DMU,73.33333333333333
DIAG_02071,stu_07c57f6d420200615721fe33572cc326,CARLBL_8DBD054572,2023_P,40.0,40.0,10.0,20.0,110.0,DMU,73.33333333333333
DIAG_02072,stu_51415387aeb95fce4648427a02e4cb06,,2023_P,30.0,30.0,30.0,20.0,110.0,DMU,73.33333333333333
DIAG_02073,stu_52d81bbb44854f73b9aeb7cde3fa5f67,CARLBL_ADFF4A692B,2023_P,40.0,30.0,20.0,20.0,110.0,DMU,73.33333333333333
DIAG_02074,stu_b8ce94ef8fe4d285868bb41fd6dc9e51,CARLBL_563A8FB47A,2023_P,40.0,30.0,30.0,10.0,110.0,DMU,73.33333333333333
DIAG_02075,stu_1ee1996395b50798d7d8f65f3c0a72e6,CARLBL_4D358FAC4B,2023_P,30.0,40.0,30.0,10.0,110.0,DMU,73.33333333333333
DIAG_02076,stu_dd87ae074896817a20b58666a97116db,CARLBL_41179F062D,2023_P,30.0,20.0,40.0,20.0,110.0,DMU,73.33333333333333
DIAG_02077,stu_8896e8e142237864b1bf761f567c25e6,CARLBL_DAB7ED3371,2023_P,30.0,30.0,30.0,20.0,110.0,DMU,73.33333333333333
DIAG_02078,stu_f95ddad1a2f2558980ce3559957e864f,CARLBL_F041EA11A4,2023_P,40.0,40.0,10.0,20.0,110.0,DMU,73.33333333333333
DIAG_02079,stu_ad01aef51c798aa66d1a6959d2249bf9,CARLBL_6264AD2D5A,2023_P,30.0,20.0,40.0,20.0,110.0,DMU,73.33333333333333
DIAG_02080,stu_5baf9c03db3fd4a6296151612b420629,CARLBL_F7A3F2E0E2,2023_P,30.0,30.0,30.0,20.0,110.0,DMU,73.33333333333333
DIAG_02081,stu_7841b00998649c37f21fa00e75b6199c,CARLBL_41179F062D,2023_P,40.0,10.0,40.0,20.0,110.0,DMU,73.33333333333333
DIAG_02082,stu_1df76c09e2ac18e064ab16127cdbe482,CARLBL_6264AD2D5A,2023_P,30.0,30.0,40.0,10.0,110.0,DMU,73.33333333333333
DIAG_02083,stu_3ebfb277bed7cff7e0b8289cb030e1aa,CARLBL_D174EB3A71,2023_P,20.0,40.0,40.0,10.0,110.0,DMU,73.33333333333333
DIAG_02084,stu_335c1cd6cb5a8013464d6ca5de377928,,2023_P,40.0,20.0,30.0,20.0,110.0,DMU,73.33333333333333
DIAG_02085,stu_53a9605b0d8cd4f957ef90b2ed2882ec,,2023_P,40.0,20.0,40.0,10.0,110.0,DMU,73.33333333333333
DIAG_02086,stu_e78466bf0fcdb0302d5c92405a10b9bc,CARLBL_F867BE971F,2023_P,40.0,30.0,30.0,10.0,110.0,DMU,73.33333333333333
DIAG_02087,stu_20821d46870ced39d9d635dd347ad89d,,2023_P,30.0,20.0,40.0,20.0,110.0,DMU,73.33333333333333
DIAG_02088,stu_71415c7604e74aa474f80523a064e5bc,,2023_P,20.0,30.0,40.0,20.0,110.0,DMU,73.33333333333333
DIAG_02089,stu_36f583be699bf646d2876842a28ddfc5,,2023_P,30.0,30.0,30.0,20.0,110.0,DMU,73.33333333333333
DIAG_02090,stu_a8424207d2e51ff903895f4268a7aa4b,,2023_P,30.0,30.0,30.0,20.0,110.0,DMU,73.33333333333333
DIAG_02091,stu_0dce5a04253a00d1e85a76b5acd29604,CARLBL_F867BE971F,2023_P,30.0,30.0,40.0,10.0,110.0,DMU,73.33333333333333
DIAG_02092,stu_73ed7bb2b0a30d1c3b08c300fdefcdf1,CARLBL_8DBD054572,2023_P,40.0,30.0,20.0,20.0,110.0,DMU,73.33333333333333
DIAG_02093,stu_570f2fe67fb4dcba8696aba5f0bd526c,CARLBL_BD76F0F196,2023_P,40.0,20.0,30.0,20.0,110.0,DMU,73.33333333333333
DIAG_02094,stu_dba3458517705f3a7d988b53b19c5c94,CARLBL_41179F062D,2023_P,40.0,20.0,30.0,20.0,110.0,DMU,73.33333333333333
DIAG_02095,stu_13f715309f41cef216cbde8e91601534,CARLBL_CC13F1BB98,2023_P,40.0,30.0,30.0,10.0,110.0,DMU,73.33333333333333
DIAG_02096,stu_2aaee2e55d37bdfadb7f51adb957ab95,,2023_P,30.0,30.0,30.0,20.0,110.0,DMU,73.33333333333333
DIAG_02097,stu_05e17acb9f803fb43fd1a2717d6b6485,,2023_P,40.0,20.0,30.0,20.0,110.0,DMU,73.33333333333333
DIAG_02098,stu_6735ac4a4f47825f2054b8a4078a118e,CARLBL_F7A3F2E0E2,2023_P,30.0,40.0,30.0,10.0,110.0,DMU,73.33333333333333
DIAG_02099,stu_da1f8913c5668e88e1fea2abef3167ac,CARLBL_5B99AB135B,2023_P,30.0,30.0,30.0,20.0,110.0,DMU,73.33333333333333
DIAG_02100,stu_7472a3484a7be325b2c119eefb78dbea,CARLBL_DAB7ED3371,2023_P,30.0,20.0,30.0,30.0,110.0,DMU,73.33333333333333
DIAG_02101,stu_925995dc66c03d63e9e60aadc3dd9768,CARLBL_ADFF4A692B,2023_P,20.0,30.0,40.0,20.0,110.0,DMU,73.33333333333333
DIAG_02102,stu_c04ed169fbfc3ef04d28ebc8641213c3,CARLBL_41179F062D,2023_P,30.0,30.0,40.0,10.0,110.0,DMU,73.33333333333333
DIAG_02103,stu_cb7acd48ecc892ca08901f92199eec0a,,2023_P,40.0,30.0,30.0,10.0,110.0,DMU,73.33333333333333
DIAG_02104,stu_a95fdee15cfdc434522a28ae2ed238f2,,2023_P,30.0,30.0,40.0,10.0,110.0,DMU,73.33333333333333
DIAG_02105,stu_161702be049ed0c4846395e5a8e69bad,CARLBL_F867BE971F,2023_P,40.0,20.0,40.0,10.0,110.0,DMU,73.33333333333333
DIAG_02106,stu_19982d373c46fecce7b92fb62921b862,CARLBL_41179F062D,2023_P,40.0,10.0,40.0,20.0,110.0,DMU,73.33333333333333
DIAG_02107,stu_108194b8ce181870ff55ba368d51fe54,CARLBL_4D358FAC4B,2023_P,30.0,30.0,40.0,10.0,110.0,DMU,73.33333333333333
DIAG_02108,stu_f5c4154c0bca5e897362a5b85a1bbc96,CARLBL_6264AD2D5A,2023_P,40.0,20.0,30.0,20.0,110.0,DMU,73.33333333333333
DIAG_02109,stu_320f64ca779ffbe75af80289f440672a,CARLBL_CC13F1BB98,2023_P,30.0,30.0,20.0,20.0,100.0,DMU,66.66666666666666
DIAG_02110,stu_39b577f66777eaaff2d195be82199025,CARLBL_4D358FAC4B,2023_P,30.0,20.0,40.0,10.0,100.0,DMU,66.66666666666666
DIAG_02111,stu_a34a11f9c03259970062fb20103bf53c,,2023_P,30.0,10.0,40.0,20.0,100.0,DMU,66.66666666666666
DIAG_02112,stu_db205396bb70959b63bb8e85e445d2e0,,2023_P,40.0,20.0,20.0,20.0,100.0,DMU,66.66666666666666
DIAG_02113,stu_6e425e8a0743058316c0eaccc54e75fa,CARLBL_F041EA11A4,2023_P,30.0,40.0,20.0,10.0,100.0,DMU,66.66666666666666
DIAG_02114,stu_cd0673cfd18ea49016d196b879402a30,CARLBL_B3FCCAA8C1,2023_P,20.0,30.0,30.0,20.0,100.0,DMU,66.66666666666666
DIAG_02115,stu_58934ef9079e58d11abe5283e353d38b,CARLBL_563A8FB47A,2023_P,20.0,30.0,20.0,30.0,100.0,DMU,66.66666666666666
DIAG_02116,stu_f8dd0735bc4ae076020c61078133de92,CARLBL_563A8FB47A,2023_P,40.0,20.0,30.0,10.0,100.0,DMU,66.66666666666666
DIAG_02117,stu_e78ca408f1dc53bec36912bdbe46af58,CARLBL_255574A75E,2023_P,30.0,20.0,30.0,20.0,100.0,DMU,66.66666666666666
DIAG_02118,stu_725414f68f58d016d99870d027cdf9ec,CARLBL_F7A3F2E0E2,2023_P,40.0,30.0,30.0,0.0,100.0,DMU,66.66666666666666
DIAG_02119,stu_ddc9bcc616adf29e886eb90cf88c6731,,2023_P,20.0,30.0,40.0,10.0,100.0,DMU,66.66666666666666
DIAG_02120,stu_d38e3709d2d9c08f0b2330e9e41e828d,,2023_P,30.0,20.0,30.0,20.0,100.0,DMU,66.66666666666666
DIAG_02121,stu_bef9273b6c276ea4dc072e3049e39787,CARLBL_6264AD2D5A,2023_P,30.0,20.0,40.0,10.0,100.0,DMU,66.66666666666666
DIAG_02122,stu_317dc216d8d48862538c095fbd7a613e,,2023_P,20.0,30.0,30.0,20.0,100.0,DMU,66.66666666666666
DIAG_02123,stu_0239c9ff110dac5ee41f368538a7440e,,2023_P,30.0,30.0,40.0,0.0,100.0,DMU,66.66666666666666
DIAG_02124,stu_ed420a910f6b361d8cbac3a06e3d6f7c,,2023_P,20.0,30.0,40.0,10.0,100.0,DMU,66.66666666666666
DIAG_02125,stu_b99af48757620f816ed1aa9f30d89bb3,,2023_P,30.0,20.0,40.0,10.0,100.0,DMU,66.66666666666666
DIAG_02126,stu_a0056d4e87189e456d1fe13b78522fc2,,2023_P,40.0,20.0,40.0,0.0,100.0,DMU,66.66666666666666
DIAG_02127,stu_0c24831c7974c5b0c1383d062335d2e3,,2023_P,40.0,30.0,20.0,10.0,100.0,DMU,66.66666666666666
DIAG_02128,stu_73715e45040db75f209d7a47ea49c519,CARLBL_563A8FB47A,2023_P,40.0,10.0,30.0,20.0,100.0,DMU,66.66666666666666
DIAG_02129,stu_0a93e77bbcc0929658efc6477dea0083,CARLBL_255574A75E,2023_P,30.0,10.0,40.0,20.0,100.0,DMU,66.66666666666666
DIAG_02130,stu_56c5bfe348384bf4a82fbc6de88a6c9a,CARLBL_DAB7ED3371,2023_P,40.0,20.0,40.0,0.0,100.0,DMU,66.66666666666666
DIAG_02131,stu_186aff56f5f3444886c946c0ae44f740,,2023_P,20.0,20.0,40.0,20.0,100.0,DMU,66.66666666666666
DIAG_02132,stu_120510989992b820a0d4351995ee0255,,2023_P,20.0,30.0,40.0,10.0,100.0,DMU,66.66666666666666
DIAG_02133,stu_02fb4c74ed51468f96ebe0b577fc4314,CARLBL_DAB7ED3371,2023_P,40.0,20.0,30.0,10.0,100.0,DMU,66.66666666666666
DIAG_02134,stu_1e46fcdc5ac5ededbb85fa99f92fd073,CARLBL_4D358FAC4B,2023_P,20.0,40.0,20.0,20.0,100.0,DMU,66.66666666666666
DIAG_02135,stu_d42c9db23ae737177bb30af1b70ef075,CARLBL_DAB7ED3371,2023_P,30.0,20.0,40.0,10.0,100.0,DMU,66.66666666666666
DIAG_02136,stu_921eaeea13ab213221311b9e41d0f3f1,,2023_P,20.0,30.0,30.0,20.0,100.0,DMU,66.66666666666666
DIAG_02137,stu_892b2244e8b8939674728eabaafbdc5c,,2023_P,40.0,20.0,20.0,20.0,100.0,DMU,66.66666666666666
DIAG_02138,stu_3907ec2dd6f4302ce7392a7ee724c5f0,CARLBL_18D189705C,2023_P,40.0,20.0,30.0,10.0,100.0,DMU,66.66666666666666
DIAG_02139,stu_476b2ca29b2035ed6b1404c918008494,,2023_P,10.0,30.0,40.0,20.0,100.0,DMU,66.66666666666666
DIAG_02140,stu_709f2f3906ce2087a8e40ec353da2162,CARLBL_41179F062D,2023_P,40.0,10.0,30.0,20.0,100.0,DMU,66.66666666666666
DIAG_02141,stu_a10fe2bf57001e51e839ca047cd61d70,CARLBL_F041EA11A4,2023_P,40.0,20.0,30.0,10.0,100.0,DMU,66.66666666666666
DIAG_02142,stu_f445662b8e280a6d62ff98741e218705,,2023_P,40.0,10.0,30.0,20.0,100.0,DMU,66.66666666666666
DIAG_02143,stu_5c2831df66279652ea446774707ac38c,,2023_P,40.0,10.0,30.0,20.0,100.0,DMU,66.66666666666666
DIAG_02144,stu_e95193e79313046653b78d3a0bc0cc65,,2023_P,30.0,30.0,20.0,20.0,100.0,DMU,66.66666666666666
DIAG_02145,stu_4e0c837c7c205d1fc60690024db1c5f7,,2023_P,20.0,20.0,40.0,20.0,100.0,DMU,66.66666666666666
DIAG_02146,stu_3ae6762d5fb83bb806d2f978e892e961,,2023_P,20.0,30.0,40.0,10.0,100.0,DMU,66.66666666666666
DIAG_02147,stu_2bdeaa37a9ece4d0a8842d0e8d856bd1,CARLBL_DAB7ED3371,2023_P,20.0,20.0,40.0,20.0,100.0,DMU,66.66666666666666
DIAG_02148,stu_769560e5d981e708d3b00b966f4940c5,CARLBL_F7A3F2E0E2,2023_P,30.0,0.0,40.0,30.0,100.0,DMU,66.66666666666666
DIAG_02149,stu_85592a9b4d9eadbd40a8d35fcd9f137a,,2023_P,30.0,20.0,30.0,20.0,100.0,DMU,66.66666666666666
DIAG_02150,stu_bf85ee103165d9aab2f996e64ac0c9cc,CARLBL_9FDFCF684F,2023_P,40.0,30.0,30.0,0.0,100.0,DMU,66.66666666666666
DIAG_02151,stu_0a0d50b60fe8a8296f62a4aa58dd8d0e,CARLBL_F867BE971F,2023_P,20.0,30.0,40.0,10.0,100.0,DMU,66.66666666666666
DIAG_02152,stu_fbd10df458a52da28c0201ea51b1a9f4,,2023_P,30.0,20.0,30.0,20.0,100.0,DMU,66.66666666666666
DIAG_02153,stu_04adadaa9225c8ef0507dac3897949c1,CARLBL_41179F062D,2023_P,30.0,10.0,40.0,10.0,90.0,DMU,60.0
DIAG_02154,stu_56bd3c87c4d9aca29f1ea82a07cf7bd6,CARLBL_DAB7ED3371,2023_P,20.0,30.0,30.0,10.0,90.0,DMU,60.0
DIAG_02155,stu_e2b2dc41e8692e7189bc5d6eaaae728e,,2023_P,30.0,30.0,20.0,10.0,90.0,DMU,60.0
DIAG_02156,stu_b9dbc962cc94212b731abb0ffa682384,CARLBL_F041EA11A4,2023_P,30.0,30.0,20.0,10.0,90.0,DMU,60.0
DIAG_02157,stu_830cd75947f60d9150f7bb5e6c310df4,CARLBL_783067A8AC,2023_P,20.0,20.0,30.0,20.0,90.0,DMU,60.0
DIAG_02158,stu_9c74c163487d9c130c8083ad7e9db2e7,,2023_P,30.0,10.0,40.0,10.0,90.0,DMU,60.0
DIAG_02159,stu_a5b13761b874ae3109dfa6ce2f42d00f,CARLBL_5B99AB135B,2023_P,30.0,30.0,20.0,10.0,90.0,DMU,60.0
DIAG_02160,stu_c21dbd5c90ec8c71d0885611b0b5d744,,2023_P,30.0,20.0,30.0,10.0,90.0,DMU,60.0
DIAG_02161,stu_3b299404b317acc0cacc150f7974a4e2,,2023_P,30.0,10.0,40.0,10.0,90.0,DMU,60.0
DIAG_02162,stu_358a8ee5454c6ece744ba9ccb8141648,,2023_P,20.0,30.0,30.0,10.0,90.0,DMU,60.0
DIAG_02163,stu_b68d0a899209f25097b6c1b6fccec1ef,,2023_P,10.0,30.0,40.0,10.0,90.0,DMU,60.0
DIAG_02164,stu_b29578db831e526c004344b4cdbdb444,CARLBL_41179F062D,2023_P,30.0,20.0,30.0,10.0,90.0,DMU,60.0
DIAG_02165,stu_bba135d5cf9e35be6b2b340787f261e3,,2023_P,40.0,10.0,30.0,10.0,90.0,DMU,60.0
DIAG_02166,stu_f53f304e00db041493b399a06a6af453,,2023_P,30.0,10.0,40.0,10.0,90.0,DMU,60.0
DIAG_02167,stu_95d225e9197ab6ae4ba8d827213d2a9e,CARLBL_563A8FB47A,2023_P,30.0,20.0,30.0,10.0,90.0,DMU,60.0
DIAG_02168,stu_452d492718bf715f631f835d09b2e7f4,,2023_P,40.0,10.0,30.0,10.0,90.0,DMU,60.0
DIAG_02169,stu_428d59cb2c61ab87c3ece74a709c6c73,CARLBL_B2CB496E63,2023_P,20.0,30.0,30.0,10.0,90.0,DMU,60.0
DIAG_02170,stu_18f925b175500e5d16f2562be92eae30,CARLBL_CC13F1BB98,2023_P,30.0,20.0,30.0,10.0,90.0,DMU,60.0
DIAG_02171,stu_7a4be9481fff08c16e16d8ab395d49c1,CARLBL_9FDFCF684F,2023_P,40.0,30.0,20.0,0.0,90.0,DMU,60.0
DIAG_02172,stu_5dc385a84db62c92b3a1e82743ac4e44,CARLBL_B2CB496E63,2023_P,40.0,10.0,30.0,10.0,90.0,DMU,60.0
DIAG_02173,stu_da3a0100eea824420ac8c270e2a868ba,CARLBL_CC13F1BB98,2023_P,30.0,30.0,20.0,10.0,90.0,DMU,60.0
DIAG_02174,stu_1a6f71c3af8d7532e1ac7340d9405bcb,CARLBL_BD76F0F196,2023_P,40.0,10.0,30.0,10.0,90.0,DMU,60.0
DIAG_02175,stu_0ca013a8e341f39704b87d49be0350da,,2023_P,30.0,10.0,30.0,20.0,90.0,DMU,60.0
DIAG_02176,stu_cfb15f88c2d3f30d56ff5137f0bf0026,CARLBL_F867BE971F,2023_P,10.0,20.0,40.0,20.0,90.0,DMU,60.0
DIAG_02177,stu_81755d080c5b25b2c99e9834fc2c92d0,,2023_P,40.0,30.0,10.0,10.0,90.0,DMU,60.0
DIAG_02178,stu_301e71fbd35180e7e110706963b58942,,2023_P,10.0,30.0,40.0,10.0,90.0,DMU,60.0
DIAG_02179,stu_586d51453cf20d56f49279a4e27e55c1,CARLBL_9393C45E8D,2023_P,20.0,20.0,30.0,20.0,90.0,DMU,60.0
DIAG_02180,stu_ef4866bf08abe2a4581de13cfcb26c6a,CARLBL_F041EA11A4,2023_P,40.0,20.0,20.0,10.0,90.0,DMU,60.0
DIAG_02181,stu_ce13d97d3241d637e7177ed9f3e48b97,,2023_P,20.0,20.0,40.0,10.0,90.0,DMU,60.0
DIAG_02182,stu_b1677848e8995a1a6cd9484f1d1f8108,CARLBL_B3FCCAA8C1,2023_P,20.0,30.0,30.0,10.0,90.0,DMU,60.0
DIAG_02183,stu_e69220b8fb7fab89fc8c3265b33b1a0a,,2023_P,30.0,30.0,30.0,0.0,90.0,DMU,60.0
DIAG_02184,stu_a9b830a706d49e1ef28ae2da6a2771f0,CARLBL_F867BE971F,2023_P,10.0,30.0,40.0,10.0,90.0,DMU,60.0
DIAG_02185,stu_fb33ebcb5e5d2417b2cd512efa5ece8c,CARLBL_D174EB3A71,2023_P,40.0,20.0,10.0,20.0,90.0,DMU,60.0
DIAG_02186,stu_421067a5ab6216f735dc8150ca6a8a0b,,2023_P,30.0,20.0,30.0,10.0,90.0,DMU,60.0
DIAG_02187,stu_352651ec05bf9358bdb1d4a100a60b41,CARLBL_9393C45E8D,2023_P,20.0,30.0,30.0,0.0,80.0,DMU,53.33333333333334
DIAG_02188,stu_2405f050bc9761fc8fc1bc7c23645160,CARLBL_F7A3F2E0E2,2023_P,30.0,30.0,20.0,0.0,80.0,DMU,53.33333333333334
DIAG_02189,stu_788d16d23d75ce1f38383f9a2565de01,,2023_P,30.0,30.0,20.0,0.0,80.0,DMU,53.33333333333334
DIAG_02190,stu_60ef3533dc43cce33e8c95ce1a02b7db,CARLBL_6264AD2D5A,2023_P,30.0,30.0,0.0,20.0,80.0,DMU,53.33333333333334
DIAG_02191,stu_55637428c42b4bf60cbccf5c32a9bf9e,CARLBL_ADFF4A692B,2023_P,20.0,40.0,20.0,0.0,80.0,DMU,53.33333333333334
DIAG_02192,stu_ea99ca0478bc6ef0b68276467c87daa4,CARLBL_9FDFCF684F,2023_P,40.0,10.0,10.0,20.0,80.0,DMU,53.33333333333334
DIAG_02193,stu_e3b9fac5844493d80b1ebda6ae1bf22d,,2023_P,20.0,30.0,10.0,20.0,80.0,DMU,53.33333333333334
DIAG_02194,stu_c8a286158f564d8f7cc3d9f9ecf78180,CARLBL_F7A3F2E0E2,2023_P,30.0,20.0,30.0,0.0,80.0,DMU,53.33333333333334
DIAG_02195,stu_efcf6a3086b4edf44ce3cb1d0142cc66,CARLBL_255574A75E,2023_P,20.0,20.0,20.0,20.0,80.0,DMU,53.33333333333334
DIAG_02196,stu_13f95ae52bbd74b5c42c159e8e777931,CARLBL_41179F062D,2023_P,10.0,10.0,40.0,20.0,80.0,DMU,53.33333333333334
DIAG_02197,stu_6837e5d811fcde9fd88c3a1b37137301,CARLBL_DAB7ED3371,2023_P,40.0,20.0,10.0,10.0,80.0,DMU,53.33333333333334
DIAG_02198,stu_f464e53dfd69fea3b985c4799130f2d4,CARLBL_4D358FAC4B,2023_P,30.0,20.0,10.0,20.0,80.0,DMU,53.33333333333334
DIAG_02199,stu_29893ef7e932c6f8b4849af4a0617b81,,2023_P,30.0,30.0,10.0,10.0,80.0,DMU,53.33333333333334
DIAG_02200,stu_76db37ef28906407150bf8d2399ab65f,,2023_P,10.0,20.0,20.0,30.0,80.0,DMU,53.33333333333334
DIAG_02201,stu_d8042f06536274f553f2e8470a1d1e3e,CARLBL_4D358FAC4B,2023_P,10.0,30.0,20.0,20.0,80.0,DMU,53.33333333333334
DIAG_02202,stu_f274d5dd757414b5aa9715cdca905e6a,CARLBL_D174EB3A71,2023_P,40.0,20.0,10.0,10.0,80.0,DMU,53.33333333333334
DIAG_02203,stu_cf741d6df7686534e9d8e180a7e9fd1c,,2023_P,20.0,20.0,30.0,10.0,80.0,DMU,53.33333333333334
DIAG_02204,stu_4dadda183044fb9723686e66f7799eba,,2023_P,20.0,20.0,20.0,20.0,80.0,DMU,53.33333333333334
DIAG_02205,stu_6885a69bd2e246382290210a55262c5c,,2023_P,30.0,10.0,30.0,10.0,80.0,DMU,53.33333333333334
DIAG_02206,stu_efd994184eed8c447fa179a39cb3f655,CARLBL_9FDFCF684F,2023_P,30.0,20.0,30.0,0.0,80.0,DMU,53.33333333333334
DIAG_02207,stu_71f756c686e23c6c211679c67b5fb9d1,,2023_P,10.0,20.0,30.0,20.0,80.0,DMU,53.33333333333334
DIAG_02208,stu_582f983e6ddc76edd453cf1eda4b6a13,,2023_P,10.0,20.0,40.0,10.0,80.0,DMU,53.33333333333334
DIAG_02209,stu_539253f361d97ca6495c133d9abece68,CARLBL_9FDFCF684F,2023_P,20.0,20.0,30.0,10.0,80.0,DMU,53.33333333333334
DIAG_02210,stu_82afae19e70bd51fdc7a0e57340a234b,,2023_P,30.0,30.0,10.0,0.0,70.0,DMU,46.66666666666666
DIAG_02211,stu_2694cdee7ddb359940ea975cd6745462,,2023_P,10.0,20.0,30.0,10.0,70.0,DMU,46.66666666666666
DIAG_02212,stu_35fedeb06c4aa1aaf2f829d27ed1f5aa,CARLBL_56B3A1BFE0,2023_P,20.0,20.0,20.0,10.0,70.0,DMU,46.66666666666666
DIAG_02213,stu_b68c001539ebac7e9e881d5d8be28ab7,,2023_P,20.0,30.0,0.0,20.0,70.0,DMU,46.66666666666666
DIAG_02214,stu_b60e8adc9c17ebb7377d6553d4e5d15e,CARLBL_41179F062D,2023_P,10.0,30.0,10.0,20.0,70.0,DMU,46.66666666666666
DIAG_02215,stu_80da21451cdee50bfedf4234b748e2d3,CARLBL_41179F062D,2023_P,20.0,30.0,10.0,10.0,70.0,DMU,46.66666666666666
DIAG_02216,stu_353becbd2a7bc3796e5c7fa14051e8af,CARLBL_F7A3F2E0E2,2023_P,30.0,20.0,20.0,0.0,70.0,DMU,46.66666666666666
DIAG_02217,stu_1ce5893de6983cbe88836b705c6fd736,CARLBL_DAB7ED3371,2023_P,20.0,10.0,20.0,20.0,70.0,DMU,46.66666666666666
DIAG_02218,stu_32a37e9db4beb4e45848d886b7075869,,2023_P,30.0,20.0,10.0,10.0,70.0,DMU,46.66666666666666
DIAG_02219,stu_b46ce0d9c64140699b10da8da5d52bed,CARLBL_CC13F1BB98,2023_P,30.0,10.0,20.0,10.0,70.0,DMU,46.66666666666666
DIAG_02220,stu_e431ae7031b3aeb968e125368e83687e,,2023_P,10.0,30.0,30.0,0.0,70.0,DMU,46.66666666666666
DIAG_02221,stu_b1870b0ca8842aff275d48a828338648,CARLBL_255574A75E,2023_P,20.0,0.0,30.0,20.0,70.0,DMU,46.66666666666666
DIAG_02222,stu_a595d03f8cc4496ad76983f0ac60ff00,CARLBL_28FD56FF33,2023_P,20.0,30.0,10.0,10.0,70.0,DMU,46.66666666666666
DIAG_02223,stu_64c69ab2f8a46d83261fce342a8959db,CARLBL_6264AD2D5A,2023_P,10.0,10.0,40.0,10.0,70.0,DMU,46.66666666666666
DIAG_02224,stu_45d1b4744ad5a43a349ad133e70d2fac,CARLBL_B2CB496E63,2023_P,20.0,20.0,10.0,10.0,60.0,DMU,40.0
DIAG_02225,stu_a9f1c586389dbaf33115e641595aa1fb,CARLBL_5B99AB135B,2023_P,10.0,20.0,10.0,20.0,60.0,DMU,40.0
DIAG_02226,stu_b78eda866ec0178ebbb3258e08012316,CARLBL_9393C45E8D,2023_P,10.0,10.0,30.0,10.0,60.0,DMU,40.0
DIAG_02227,stu_bf75f73a1a42339c2a3d24292bed9781,CARLBL_F867BE971F,2023_P,20.0,10.0,30.0,,60.0,DMU,40.0
DIAG_02228,stu_add7299d5b81b790ef3b716e4e27e751,,2023_P,30.0,0.0,20.0,10.0,60.0,DMU,40.0
DIAG_02229,stu_ee40292c744403c3ea6d8b08c8f5e6a3,CARLBL_DAB7ED3371,2023_P,10.0,10.0,20.0,20.0,60.0,DMU,40.0
DIAG_02230,stu_f018e000daf58971b7426a91e13835d1,CARLBL_F041EA11A4,2023_P,20.0,20.0,20.0,0.0,60.0,DMU,40.0
DIAG_02231,stu_fc3b7d7de3cb9d469cfadd38889caec7,CARLBL_255574A75E,2023_P,30.0,20.0,0.0,10.0,60.0,DMU,40.0
DIAG_02232,stu_3401987121a639a4f6b44c1139ad5ccf,,2023_P,20.0,20.0,10.0,10.0,60.0,DMU,40.0
DIAG_02233,stu_7e43012eed5f549ade2da01fb1721763,CARLBL_28FD56FF33,2023_P,10.0,20.0,20.0,10.0,60.0,DMU,40.0
DIAG_02234,stu_493bd92d34748a6ec299da2255abcb65,CARLBL_255574A75E,2023_P,20.0,10.0,30.0,0.0,60.0,DMU,40.0
DIAG_02235,stu_e1ebc6945ee0262dd090b37c12dd92d0,CARLBL_6264AD2D5A,2023_P,30.0,10.0,10.0,10.0,60.0,DMU,40.0
DIAG_02236,stu_92847830ce115b3762d01e1d1c17de5e,CARLBL_BD76F0F196,2023_P,0.0,20.0,10.0,20.0,50.0,DMU,33.33333333333333
DIAG_02237,stu_ec4b06966a7d3613c3bbcaf68bca12b6,CARLBL_563A8FB47A,2023_P,20.0,10.0,10.0,10.0,50.0,DMU,33.33333333333333
DIAG_02238,stu_cb833edcb407645db50de628630f36ea,CARLBL_563A8FB47A,2023_P,0.0,20.0,20.0,10.0,50.0,DMU,33.33333333333333
DIAG_02239,stu_7fd68059594fbf433e09a7ee25a240c8,,2023_P,20.0,10.0,10.0,10.0,50.0,DMU,33.33333333333333
DIAG_02240,stu_17e6846db733e7ec0b5ef2937d43262c,CARLBL_563A8FB47A,2023_P,0.0,10.0,30.0,10.0,50.0,DMU,33.33333333333333
DIAG_02241,stu_6398999285050fd565f7a904a15d6bd7,CARLBL_41179F062D,2023_P,20.0,10.0,10.0,10.0,50.0,DMU,33.33333333333333
DIAG_02242,stu_fb84eec405de7a45a22b4a88dc7c1409,CARLBL_9393C45E8D,2023_P,30.0,10.0,10.0,0.0,50.0,DMU,33.33333333333333
DIAG_02243,stu_94f8d0cb37bee7fe50592da489c2f8e6,CARLBL_563A8FB47A,2023_P,20.0,0.0,20.0,10.0,50.0,DMU,33.33333333333333
DIAG_02244,stu_e6b022caa5d6d72110a659470158cc15,CARLBL_F041EA11A4,2023_P,10.0,20.0,10.0,10.0,50.0,DMU,33.33333333333333
DIAG_02245,stu_ee7151503b7452ca529b66f1335cd460,CARLBL_41179F062D,2023_P,20.0,20.0,10.0,0.0,50.0,DMU,33.33333333333333
DIAG_02246,stu_26d53c060c27a8690c4f38f9737d8c6f,,2023_P,10.0,30.0,0.0,0.0,40.0,DMU,26.66666666666667
DIAG_02247,stu_1bfac6889794c8eda46ce2c22efe5fe7,CARLBL_F867BE971F,2023_P,20.0,20.0,0.0,0.0,40.0,DMU,26.66666666666667
DIAG_02248,stu_a76d363b2a48f5589e4b9f068c42a6b2,CARLBL_F041EA11A4,2023_P,10.0,10.0,20.0,0.0,40.0,DMU,26.66666666666667
DIAG_02249,stu_17b7f9d7b0b1c3e033ccf039c1be1906,,2023_P,10.0,10.0,0.0,10.0,30.0,DMU,20.0
DIAG_02250,stu_ff4c621359b9ba5e60b5500f70ad3a72,,2023_P,10.0,0.0,10.0,10.0,30.0,DMU,20.0
DIAG_02251,stu_2eb536b3bd193c9469970e8ee13d8014,,2023_P,10.0,10.0,10.0,0.0,30.0,DMU,20.0
DIAG_02252,stu_706f323524b2e583da2ae113abab4242,,2023_P,20.0,0.0,0.0,0.0,20.0,DMU,13.33333333333333
DIAG_02253,stu_f352407598ff405f0ced5183c5b84f6e,CARLBL_1D36359214,2024_P,0.0,10.0,0.0,10.0,20.0,DMU,13.33333333333333
DIAG_02254,stu_68caac90ccd728e62bed6e91344e61bb,CARLBL_F867BE971F,2024_P,20.0,0.0,0.0,10.0,30.0,DMU,20.0
DIAG_02255,stu_ed6e176aa90884880590bbc7e835256d,CARLBL_4D358FAC4B,2024_P,0.0,0.0,20.0,10.0,30.0,DMU,20.0
DIAG_02256,stu_9d969a3248600aad23bbdbcdb6ad8b75,CARLBL_563A8FB47A,2024_P,20.0,10.0,0.0,0.0,30.0,DMU,20.0
DIAG_02257,stu_3d392ae5e5e12718941509584c00e2e3,CARLBL_39611AFCAD,2024_P,10.0,0.0,10.0,20.0,40.0,DMU,26.66666666666667
DIAG_02258,stu_5e2062d69a01166a56ce095218ac31e9,,2024_P,20.0,20.0,0.0,0.0,40.0,DMU,26.66666666666667
DIAG_02259,stu_8ee2eaaa5a33cb10a565cc30b4041a67,CARLBL_39611AFCAD,2024_P,10.0,20.0,10.0,0.0,40.0,DMU,26.66666666666667
DIAG_02260,stu_4af6dd7fd808bff34073d09042396d50,,2024_P,20.0,0.0,10.0,10.0,40.0,DMU,26.66666666666667
DIAG_02261,stu_fe76ae5e791fc95bddff36d1422cc1da,,2024_P,10.0,10.0,20.0,0.0,40.0,DMU,26.66666666666667
DIAG_02262,stu_422729ed8755531adca445d4ca206500,CARLBL_4D358FAC4B,2024_P,10.0,20.0,10.0,10.0,50.0,DMU,33.33333333333333
DIAG_02263,stu_fa331155d025f40c55e7a895730c7bf3,,2024_P,0.0,10.0,20.0,20.0,50.0,DMU,33.33333333333333
DIAG_02264,stu_bb0cb310c06e20e80cf21881efc11f13,CARLBL_39611AFCAD,2024_P,20.0,10.0,10.0,10.0,50.0,DMU,33.33333333333333
DIAG_02265,stu_22f0efce222b8bb04dc621311b008e9f,,2024_P,10.0,30.0,10.0,0.0,50.0,DMU,33.33333333333333
DIAG_02266,stu_e5b07418a089d698005f059b5eca24d5,,2024_P,0.0,20.0,20.0,10.0,50.0,DMU,33.33333333333333
DIAG_02267,stu_5fa308f3790da377738638d27ea681a5,,2024_P,10.0,30.0,10.0,0.0,50.0,DMU,33.33333333333333
DIAG_02268,stu_c27de19b27dfd3e4b3bfd1ca72888cce,CARLBL_DAB7ED3371,2024_P,30.0,10.0,10.0,0.0,50.0,DMU,33.33333333333333
DIAG_02269,stu_ca402933ebabe931bd3c4bd0fbc50166,,2024_P,20.0,20.0,10.0,0.0,50.0,DMU,33.33333333333333
DIAG_02270,stu_be181c0f420b2aab3f1867308f4c4c80,,2024_P,0.0,30.0,10.0,10.0,50.0,DMU,33.33333333333333
DIAG_02271,stu_08fdeb981dfb527ec66cb4f185d7cd52,,2024_P,10.0,10.0,30.0,0.0,50.0,DMU,33.33333333333333
DIAG_02272,stu_ae55c6bdd3f245c7d45e7981f8a75bcb,CARLBL_4D358FAC4B,2024_P,30.0,0.0,20.0,0.0,50.0,DMU,33.33333333333333
DIAG_02273,stu_13f347d7b2df5e0a244148ca4b449526,CARLBL_BD76F0F196,2024_P,10.0,20.0,10.0,10.0,50.0,DMU,33.33333333333333
DIAG_02274,stu_83b588f0122efad0193bb438776a37b8,,2024_P,20.0,10.0,10.0,10.0,50.0,DMU,33.33333333333333
DIAG_02275,stu_1a2f050e4d4aa4d18c08131fcc0fd00e,,2024_P,30.0,10.0,0.0,10.0,50.0,DMU,33.33333333333333
DIAG_02276,stu_9e0299bfb287930bf4b1328eb99e9037,,2024_P,10.0,20.0,10.0,10.0,50.0,DMU,33.33333333333333
DIAG_02277,stu_5d67dc3fe49899cc37d78e76e2622e0d,CARLBL_563A8FB47A,2024_P,0.0,20.0,40.0,0.0,60.0,DMU,40.0
DIAG_02278,stu_028499abd3564fc8b78ac0f2ca107399,,2024_P,20.0,30.0,10.0,0.0,60.0,DMU,40.0
DIAG_02279,stu_b899c056f2b876b790bf967934e0a95c,,2024_P,20.0,20.0,10.0,10.0,60.0,DMU,40.0
DIAG_02280,stu_8c21b096ab87bc2cc5571edf3e708256,CARLBL_D9A75FFAB0,2024_P,0.0,30.0,20.0,10.0,60.0,DMU,40.0
DIAG_02281,stu_8b9e79a99b60448055f30e6519a45e76,CARLBL_BD76F0F196,2024_P,20.0,10.0,20.0,10.0,60.0,DMU,40.0
DIAG_02282,stu_58e8ad8da80fe30cb5a2c1025881ca9e,,2024_P,20.0,20.0,20.0,0.0,60.0,DMU,40.0
DIAG_02283,stu_4fdafa348a8e9525ef514881f606c038,CARLBL_F867BE971F,2024_P,20.0,10.0,20.0,10.0,60.0,DMU,40.0
DIAG_02284,stu_9c8c346437c0dfd09995ad2a09675840,CARLBL_4D358FAC4B,2024_P,20.0,20.0,20.0,0.0,60.0,DMU,40.0
DIAG_02285,stu_3dbb1c308ab1dafe5aa358e057912ac2,CARLBL_BD76F0F196,2024_P,10.0,20.0,20.0,10.0,60.0,DMU,40.0
DIAG_02286,stu_5dab9d43205c4f8793f48b482cff2aaa,,2024_P,20.0,10.0,20.0,10.0,60.0,DMU,40.0
DIAG_02287,stu_33b93f1c2799785490eae1a3eb887387,CARLBL_4D358FAC4B,2024_P,20.0,20.0,20.0,0.0,60.0,DMU,40.0
DIAG_02288,stu_e287cb357a1006ce6eab145401a4bbf3,,2024_P,30.0,10.0,20.0,0.0,60.0,DMU,40.0
DIAG_02289,stu_b7932d9cefc7c221ab06497cfbe9bb57,CARLBL_BD76F0F196,2024_P,20.0,10.0,20.0,10.0,60.0,DMU,40.0
DIAG_02290,stu_8264ccf275841004872c9c65c3ef6f1e,,2024_P,40.0,0.0,10.0,10.0,60.0,DMU,40.0
DIAG_02291,stu_ca436e3e7d173ca6722a6e567e3a0f2d,,2024_P,40.0,20.0,0.0,10.0,70.0,DMU,46.66666666666666
DIAG_02292,stu_84092fa6787f250595d16a951f652366,,2024_P,10.0,20.0,20.0,20.0,70.0,DMU,46.66666666666666
DIAG_02293,stu_0727a3414e6f319dc86bf5af6aa387ec,,2024_P,30.0,30.0,10.0,0.0,70.0,DMU,46.66666666666666
DIAG_02294,stu_6fa4316b77afb7b713437818a87c931a,,2024_P,20.0,10.0,30.0,10.0,70.0,DMU,46.66666666666666
DIAG_02295,stu_f25d688cc3dd3743fb9ad498d1a5d6a7,,2024_P,20.0,30.0,10.0,10.0,70.0,DMU,46.66666666666666
DIAG_02296,stu_e9ea185b7277a1615c7e55980fa5e744,CARLBL_56B3A1BFE0,2024_P,20.0,20.0,10.0,20.0,70.0,DMU,46.66666666666666
DIAG_02297,stu_9bd9dc465b8b6dcdc5791dba129ad01c,CARLBL_9FDFCF684F,2024_P,30.0,30.0,10.0,0.0,70.0,DMU,46.66666666666666
DIAG_02298,stu_e703fd8bc6b93e63019a6aaea8522b8c,,2024_P,20.0,30.0,20.0,0.0,70.0,DMU,46.66666666666666
DIAG_02299,stu_8f54b4e8a76d42b71757c1c535975d58,CARLBL_9FDFCF684F,2024_P,20.0,20.0,30.0,0.0,70.0,DMU,46.66666666666666
DIAG_02300,stu_7267c06d9b3ea6a551df9793879745fa,CARLBL_563A8FB47A,2024_P,20.0,10.0,30.0,10.0,70.0,DMU,46.66666666666666
DIAG_02301,stu_00c2a8f812b823c2da075ad57191a862,,2024_P,30.0,20.0,20.0,0.0,70.0,DMU,46.66666666666666
DIAG_02302,stu_f357af28c97f417dd77f7d3d4ea15f73,,2024_P,30.0,30.0,10.0,0.0,70.0,DMU,46.66666666666666
DIAG_02303,stu_77fc52bf86ca0270257bb40061df4afc,CARLBL_DAB7ED3371,2024_P,30.0,20.0,10.0,10.0,70.0,DMU,46.66666666666666
DIAG_02304,stu_fa3be6559d43cf40d6a2075b8823f3a7,,2024_P,10.0,30.0,30.0,0.0,70.0,DMU,46.66666666666666
DIAG_02305,stu_57b3f990c7a2bd9793c90893be1aab25,CARLBL_BD76F0F196,2024_P,30.0,20.0,20.0,0.0,70.0,DMU,46.66666666666666
DIAG_02306,stu_4f1d6e0c5806693b65b999a03d9ad99d,CARLBL_39611AFCAD,2024_P,10.0,20.0,20.0,20.0,70.0,DMU,46.66666666666666
DIAG_02307,stu_361003c0bc6c39cb50e3e5a6e6df3604,,2024_P,20.0,10.0,20.0,20.0,70.0,DMU,46.66666666666666
DIAG_02308,stu_3968a524139c2f26d2cd7803e7d6ad97,CARLBL_563A8FB47A,2024_P,10.0,10.0,40.0,10.0,70.0,DMU,46.66666666666666
DIAG_02309,stu_1e4a682522595fa4588f956f4b8f1de2,,2024_P,20.0,20.0,30.0,0.0,70.0,DMU,46.66666666666666
DIAG_02310,stu_6b80ee4822a4039590fabfa863147592,CARLBL_783067A8AC,2024_P,30.0,0.0,20.0,20.0,70.0,DMU,46.66666666666666
DIAG_02311,stu_639e461b9f8fc3d0e9f74a3328d12676,,2024_P,20.0,20.0,20.0,10.0,70.0,DMU,46.66666666666666
DIAG_02312,stu_6be0935d83d0358ba5fc79dd786e4fb8,,2024_P,20.0,10.0,20.0,20.0,70.0,DMU,46.66666666666666
DIAG_02313,stu_a56872e6028130ae1e07e99aecaaf2a8,,2024_P,30.0,10.0,30.0,0.0,70.0,DMU,46.66666666666666
DIAG_02314,stu_a3c2587efd4e900263c666df526c9edc,CARLBL_DAB7ED3371,2024_P,10.0,10.0,20.0,30.0,70.0,DMU,46.66666666666666
DIAG_02315,stu_b7b07f6196ef9eea9718413bc3ecff76,CARLBL_F867BE971F,2024_P,40.0,10.0,20.0,0.0,70.0,DMU,46.66666666666666
DIAG_02316,stu_399ad05ac9535a320276fce9b4dd3bc5,,2024_P,30.0,10.0,20.0,10.0,70.0,DMU,46.66666666666666
DIAG_02317,stu_aaf3a02fe8a2c0e2a44e68254ece7e3e,,2024_P,20.0,20.0,30.0,0.0,70.0,DMU,46.66666666666666
DIAG_02318,stu_ceac08de35620f23c7013ffd59c21db1,CARLBL_9FDFCF684F,2024_P,20.0,30.0,10.0,10.0,70.0,DMU,46.66666666666666
DIAG_02319,stu_b733bb6209fa9e27c83f1b20727d4da8,CARLBL_F867BE971F,2024_P,30.0,30.0,10.0,0.0,70.0,DMU,46.66666666666666
DIAG_02320,stu_0938e346f8e5a53f00cbbe6b2d018dff,,2024_P,10.0,10.0,30.0,20.0,70.0,DMU,46.66666666666666
DIAG_02321,stu_76b474e19dd297cff07338f6b6c74d0e,,2024_P,20.0,20.0,10.0,20.0,70.0,DMU,46.66666666666666
DIAG_02322,stu_74db60cdb234266ce484fa2327be4eba,CARLBL_4D358FAC4B,2024_P,20.0,20.0,30.0,0.0,70.0,DMU,46.66666666666666
DIAG_02323,stu_819529c2d535703e2f573b38723cf751,,2024_P,10.0,30.0,10.0,20.0,70.0,DMU,46.66666666666666
DIAG_02324,stu_c7e56048db70baf43eb3cbe43c2b330d,CARLBL_9FDFCF684F,2024_P,30.0,20.0,10.0,10.0,70.0,DMU,46.66666666666666
DIAG_02325,stu_68fe3f4e4b9a7efc03d876ae08d13d83,CARLBL_BD76F0F196,2024_P,0.0,30.0,40.0,0.0,70.0,DMU,46.66666666666666
DIAG_02326,stu_811282d16388f182f52986981bdc2844,,2024_P,10.0,20.0,30.0,20.0,80.0,DMU,53.33333333333334
DIAG_02327,stu_3e4651998946ce7dc072e117bed36d4b,,2024_P,20.0,30.0,20.0,10.0,80.0,DMU,53.33333333333334
DIAG_02328,stu_96fc9b8d3d213054f82d597b7912e60a,,2024_P,30.0,20.0,20.0,10.0,80.0,DMU,53.33333333333334
DIAG_02329,stu_40c7b68ad7eabb94daeb2d96b0e90e27,CARLBL_41179F062D,2024_P,0.0,20.0,30.0,30.0,80.0,DMU,53.33333333333334
DIAG_02330,stu_59272195e53da6af143edcb7ab4340b1,,2024_P,20.0,20.0,10.0,30.0,80.0,DMU,53.33333333333334
DIAG_02331,stu_4e6c9c9a2e9dc1469cf5579f037ac710,CARLBL_9FDFCF684F,2024_P,10.0,20.0,30.0,20.0,80.0,DMU,53.33333333333334
DIAG_02332,stu_72ddef7c47e2fcb81633957882843846,CARLBL_5B99AB135B,2024_P,30.0,20.0,20.0,10.0,80.0,DMU,53.33333333333334
DIAG_02333,stu_1e46fd9784dd3e163e04c65cf7bbc35f,CARLBL_D9A75FFAB0,2024_P,20.0,10.0,30.0,20.0,80.0,DMU,53.33333333333334
DIAG_02334,stu_e23f8eef9631a183f7936c7b301fd0f5,CARLBL_4D358FAC4B,2024_P,20.0,30.0,20.0,10.0,80.0,DMU,53.33333333333334
DIAG_02335,stu_97a261d6d1636bb81b9405860fccfa87,,2024_P,20.0,30.0,20.0,10.0,80.0,DMU,53.33333333333334
DIAG_02336,stu_7bb2d7c1bc933d31c1734471407e5c59,CARLBL_28FD56FF33,2024_P,30.0,20.0,20.0,10.0,80.0,DMU,53.33333333333334
DIAG_02337,stu_a3e0cb622eabbda6d12abc9d14d94ab3,CARLBL_563A8FB47A,2024_P,10.0,20.0,30.0,20.0,80.0,DMU,53.33333333333334
DIAG_02338,stu_1f19dbc3a65e87877181e9bbe1e36fa2,,2024_P,20.0,30.0,20.0,10.0,80.0,DMU,53.33333333333334
DIAG_02339,stu_a165d7213fc275bb1ff10df6619f812b,CARLBL_6264AD2D5A,2024_P,30.0,30.0,10.0,10.0,80.0,DMU,53.33333333333334
DIAG_02340,stu_0982065a3979436dabf416a199ddc9bb,,2024_P,20.0,10.0,40.0,10.0,80.0,DMU,53.33333333333334
DIAG_02341,stu_1cde013ab1eb73db592887cb8ae78d81,,2024_P,10.0,20.0,30.0,20.0,80.0,DMU,53.33333333333334
DIAG_02342,stu_9d998c7d0512cf550f1a68234a6b5a51,,2024_P,20.0,20.0,30.0,10.0,80.0,DMU,53.33333333333334
DIAG_02343,stu_f0f91a5d5d60342530d0cdaac2b9e6eb,,2024_P,20.0,30.0,30.0,0.0,80.0,DMU,53.33333333333334
DIAG_02344,stu_51be318bd7deead5da89c9931840f861,,2024_P,20.0,20.0,20.0,20.0,80.0,DMU,53.33333333333334
DIAG_02345,stu_57d0ab3dc2dcd784803b97f0386859b2,,2024_P,20.0,20.0,30.0,10.0,80.0,DMU,53.33333333333334
DIAG_02346,stu_02a677a90f2274398b6cd65b2b423dd9,,2024_P,20.0,30.0,30.0,0.0,80.0,DMU,53.33333333333334
DIAG_02347,stu_7dc71f3148a5c5057f04c86b602a1859,CARLBL_F041EA11A4,2024_P,10.0,30.0,20.0,20.0,80.0,DMU,53.33333333333334
DIAG_02348,stu_d17780211830efdf45fa71e65b3ed0b0,,2024_P,20.0,30.0,20.0,10.0,80.0,DMU,53.33333333333334
DIAG_02349,stu_01e343fe4a7599bb7de26e3ccff7ddc1,,2024_P,20.0,30.0,10.0,20.0,80.0,DMU,53.33333333333334
DIAG_02350,stu_e52d524e319da31f4dd15dce68b46e13,,2024_P,20.0,20.0,30.0,10.0,80.0,DMU,53.33333333333334
DIAG_02351,stu_ccded26d9a9c7cad54dd366c7fba6a40,,2024_P,30.0,20.0,20.0,10.0,80.0,DMU,53.33333333333334
DIAG_02352,stu_2b35a46f472d8f4835c919515295f217,CARLBL_563A8FB47A,2024_P,40.0,10.0,30.0,0.0,80.0,DMU,53.33333333333334
DIAG_02353,stu_c5577f5fbb73efd081d61d6875055487,CARLBL_F7A3F2E0E2,2024_P,20.0,20.0,40.0,0.0,80.0,DMU,53.33333333333334
DIAG_02354,stu_ce1e3f70e488d0e1202361fc3e4d9a9e,CARLBL_18D189705C,2024_P,20.0,30.0,20.0,20.0,90.0,DMU,60.0
DIAG_02355,stu_a34a11f9c03259970062fb20103bf53c,,2024_P,20.0,10.0,40.0,20.0,90.0,DMU,60.0
DIAG_02356,stu_4d5a9f89b1a7541c4107e5480101b6f5,CARLBL_28FD56FF33,2024_P,30.0,20.0,30.0,10.0,90.0,DMU,60.0
DIAG_02357,stu_cd3b520380e3b395e3c8c18078a96236,,2024_P,30.0,20.0,10.0,30.0,90.0,DMU,60.0
DIAG_02358,stu_6bb8b622c4293d290fcd78c61f008b44,CARLBL_CC13F1BB98,2024_P,10.0,20.0,30.0,30.0,90.0,DMU,60.0
DIAG_02359,stu_7eeff1d44bdc703ed733e78b4af26a00,,2024_P,30.0,30.0,30.0,0.0,90.0,DMU,60.0
DIAG_02360,stu_f4b5e3d90b0dd5c88d2e98aeccd1b720,,2024_P,30.0,10.0,30.0,20.0,90.0,DMU,60.0
DIAG_02361,stu_cd43e1017057fe72e3c4b221b9c3169b,CARLBL_41179F062D,2024_P,20.0,10.0,40.0,20.0,90.0,DMU,60.0
DIAG_02362,stu_f86afc9783ede6b22c26b7cd3297202f,,2024_P,30.0,20.0,30.0,10.0,90.0,DMU,60.0
DIAG_02363,stu_192abb1056ffe8cd976cee34509d6331,CARLBL_B2CB496E63,2024_P,20.0,10.0,30.0,30.0,90.0,DMU,60.0
DIAG_02364,stu_3ff795dc1a73ba3c353b7d055506b97a,,2024_P,30.0,30.0,30.0,0.0,90.0,DMU,60.0
DIAG_02365,stu_a00177e6128a75ccefc83b2e5fc43d6a,,2024_P,20.0,20.0,40.0,10.0,90.0,DMU,60.0
DIAG_02366,stu_e735c0e3ccd2ab2c2f41067dbc314c17,CARLBL_BD76F0F196,2024_P,30.0,30.0,10.0,20.0,90.0,DMU,60.0
DIAG_02367,stu_495bca2bcb9871ef1960335ef570b63e,,2024_P,10.0,30.0,30.0,20.0,90.0,DMU,60.0
DIAG_02368,stu_759845cf57c7c8a6cf9d03fe7422a3d8,CARLBL_255574A75E,2024_P,10.0,30.0,30.0,20.0,90.0,DMU,60.0
DIAG_02369,stu_3ecd97c5fad79ec4662721ae46a8d715,CARLBL_4D358FAC4B,2024_P,30.0,30.0,10.0,20.0,90.0,DMU,60.0
DIAG_02370,stu_bc82cef167f17c74bc8813a53e80db2f,CARLBL_F7A3F2E0E2,2024_P,40.0,20.0,30.0,0.0,90.0,DMU,60.0
DIAG_02371,stu_cc65eb4640fb3349c30ad1466657c890,,2024_P,10.0,20.0,30.0,30.0,90.0,DMU,60.0
DIAG_02372,stu_1fe9ca0817310d42c809bd00e2127913,,2024_P,30.0,40.0,20.0,0.0,90.0,DMU,60.0
DIAG_02373,stu_7d8d2f308f14f5b4246376c14afd72c9,CARLBL_F7A3F2E0E2,2024_P,30.0,10.0,40.0,10.0,90.0,DMU,60.0
DIAG_02374,stu_79fcbd05681acce542709036fe8e759a,,2024_P,30.0,20.0,20.0,20.0,90.0,DMU,60.0
DIAG_02375,stu_80f1e24c0e9d7202a1e9f7856e86cf12,CARLBL_5B99AB135B,2024_P,30.0,20.0,20.0,20.0,90.0,DMU,60.0
DIAG_02376,stu_71a34f45746297b6d4e6164a0299e72f,,2024_P,30.0,40.0,0.0,20.0,90.0,DMU,60.0
DIAG_02377,stu_1740a08ae318f6281534093115327adb,CARLBL_5B99AB135B,2024_P,10.0,20.0,40.0,20.0,90.0,DMU,60.0
DIAG_02378,stu_284e80fe162aa973d176cd53dc9f4360,CARLBL_6264AD2D5A,2024_P,40.0,10.0,40.0,0.0,90.0,DMU,60.0
DIAG_02379,stu_54fec1fb6e080a5450cb52a7c41eb119,,2024_P,30.0,10.0,40.0,10.0,90.0,DMU,60.0
DIAG_02380,stu_164adf663de49bef1cacefbb7c1a7818,,2024_P,40.0,30.0,0.0,20.0,90.0,DMU,60.0
DIAG_02381,stu_153bd745504d80ad20afd22c72dc2fa9,CARLBL_41179F062D,2024_P,30.0,30.0,20.0,10.0,90.0,DMU,60.0
DIAG_02382,stu_1de59b2aa43ab0c0dede425966ee0652,,2024_P,30.0,30.0,20.0,10.0,90.0,DMU,60.0
DIAG_02383,stu_09cd765e2fb555fbf2f8146b42b3ec7a,CARLBL_41179F062D,2024_P,30.0,30.0,30.0,0.0,90.0,DMU,60.0
DIAG_02384,stu_7ec4e8781fe138adee54e540b347c1c5,,2024_P,30.0,30.0,20.0,10.0,90.0,DMU,60.0
DIAG_02385,stu_55aa676f461c982d011707a1c209b140,,2024_P,20.0,10.0,40.0,20.0,90.0,DMU,60.0
DIAG_02386,stu_7846bd057a17dd3d06acc68a335aaf59,CARLBL_9FDFCF684F,2024_P,20.0,10.0,30.0,30.0,90.0,DMU,60.0
DIAG_02387,stu_4cfc441ec41687786f5397de6a610a98,CARLBL_B2CB496E63,2024_P,20.0,30.0,20.0,20.0,90.0,DMU,60.0
DIAG_02388,stu_6d21354efb7eb90e2c76fa8d855c4dd8,CARLBL_563A8FB47A,2024_P,20.0,20.0,40.0,10.0,90.0,DMU,60.0
DIAG_02389,stu_55586a1b8b24b898603f9ea09153ee90,,2024_P,30.0,20.0,20.0,20.0,90.0,DMU,60.0
DIAG_02390,stu_1d7d735fda24fa4f424aa056261565ce,,2024_P,10.0,30.0,40.0,10.0,90.0,DMU,60.0
DIAG_02391,stu_a98bd32574454995456bae8dddccd73d,,2024_P,20.0,20.0,30.0,20.0,90.0,DMU,60.0
DIAG_02392,stu_c9f42247290befb656b51f6dacd83305,,2024_P,30.0,20.0,30.0,10.0,90.0,DMU,60.0
DIAG_02393,stu_04cc03caff7864780be595bf841121c7,,2024_P,30.0,0.0,40.0,20.0,90.0,DMU,60.0
DIAG_02394,stu_6f8a8c5357d23063584d63929a946321,CARLBL_B2CB496E63,2024_P,20.0,40.0,30.0,0.0,90.0,DMU,60.0
DIAG_02395,stu_b9c4330a112aaa8c07824b6d86f1a20e,,2024_P,30.0,20.0,30.0,10.0,90.0,DMU,60.0
DIAG_02396,stu_195386cca3cce6562e2349326cd93480,CARLBL_4D358FAC4B,2024_P,30.0,20.0,30.0,10.0,90.0,DMU,60.0
DIAG_02397,stu_2d63da55381ca79301c2237768ee6068,,2024_P,20.0,20.0,30.0,20.0,90.0,DMU,60.0
DIAG_02398,stu_71d2a0e1659754bd74f7a98880a50e02,,2024_P,30.0,30.0,10.0,20.0,90.0,DMU,60.0
DIAG_02399,stu_013e50e588c686f42a50d5d6db926897,,2024_P,30.0,30.0,20.0,10.0,90.0,DMU,60.0
DIAG_02400,stu_962d63feec02971f3957c927db5646bf,CARLBL_563A8FB47A,2024_P,40.0,10.0,30.0,10.0,90.0,DMU,60.0
DIAG_02401,stu_810059d8810007be4d3530079a467de4,,2024_P,30.0,20.0,20.0,20.0,90.0,DMU,60.0
DIAG_02402,stu_1254ff367290621eac54916a09fdbf51,,2024_P,30.0,30.0,30.0,0.0,90.0,DMU,60.0
DIAG_02403,stu_47247c65bbefbf700f8363e0dc881064,CARLBL_F7A3F2E0E2,2024_P,30.0,30.0,10.0,20.0,90.0,DMU,60.0
DIAG_02404,stu_5376562452ffb8f5eac8a4728f1b9df7,,2024_P,30.0,20.0,30.0,10.0,90.0,DMU,60.0
DIAG_02405,stu_f209505e8609eeb2a135dccd9621c37c,,2024_P,30.0,30.0,20.0,10.0,90.0,DMU,60.0
DIAG_02406,stu_63eb8fa63eeff71e46f0ffbb664e69e0,,2024_P,30.0,20.0,20.0,20.0,90.0,DMU,60.0
DIAG_02407,stu_bbd4d31687ac2e7b653030e3a36ed321,CARLBL_9FDFCF684F,2024_P,30.0,10.0,40.0,20.0,100.0,DMU,66.66666666666666
DIAG_02408,stu_a485ee2b9f8034cab244f19271bed615,,2024_P,30.0,20.0,40.0,10.0,100.0,DMU,66.66666666666666
DIAG_02409,stu_39ee44b65e0abe92a298e0953fd01b0d,CARLBL_6264AD2D5A,2024_P,40.0,30.0,30.0,0.0,100.0,DMU,66.66666666666666
DIAG_02410,stu_e0980c2e3dae86df1f3a15b2803f715e,,2024_P,30.0,30.0,40.0,0.0,100.0,DMU,66.66666666666666
DIAG_02411,stu_e5626fbf01df26ff677a0fd1a215a9fb,,2024_P,30.0,40.0,20.0,10.0,100.0,DMU,66.66666666666666
DIAG_02412,stu_08b3e3e9cbf4f873cdc54f62d69c6e39,,2024_P,20.0,30.0,20.0,30.0,100.0,DMU,66.66666666666666
DIAG_02413,stu_8e7edfb90c1b4f441a02ebacdb74c828,CARLBL_D174EB3A71,2024_P,40.0,10.0,40.0,10.0,100.0,DMU,66.66666666666666
DIAG_02414,stu_d83c44770d6c3a0e3ba9606acddd1422,,2024_P,30.0,20.0,30.0,20.0,100.0,DMU,66.66666666666666
DIAG_02415,stu_310ed77498fd44dcea5faa0a3fceb18e,CARLBL_41179F062D,2024_P,30.0,30.0,30.0,10.0,100.0,DMU,66.66666666666666
DIAG_02416,stu_c571f8e133baf1511c8f9f74a02fc158,CARLBL_563A8FB47A,2024_P,40.0,30.0,20.0,10.0,100.0,DMU,66.66666666666666
DIAG_02417,stu_f1470108b4774b64e356f69de0fe2192,CARLBL_4D358FAC4B,2024_P,20.0,30.0,40.0,10.0,100.0,DMU,66.66666666666666
DIAG_02418,stu_63928109e19dea94399ba31d65d6362e,,2024_P,30.0,10.0,30.0,30.0,100.0,DMU,66.66666666666666
DIAG_02419,stu_4cd246a921b55841c633f5b236de6309,,2024_P,30.0,10.0,40.0,20.0,100.0,DMU,66.66666666666666
DIAG_02420,stu_74df04561a264cd42b2422da00870757,CARLBL_9FDFCF684F,2024_P,40.0,30.0,20.0,10.0,100.0,DMU,66.66666666666666
DIAG_02421,stu_f6b4d86e402710a7770b009a5bfe2130,CARLBL_B2CB496E63,2024_P,20.0,20.0,30.0,30.0,100.0,DMU,66.66666666666666
DIAG_02422,stu_45fb66a506a67c271595c7af49319e92,CARLBL_6264AD2D5A,2024_P,30.0,20.0,40.0,10.0,100.0,DMU,66.66666666666666
DIAG_02423,stu_8a8b44df4b62c7756161a47648f650f5,CARLBL_D9A75FFAB0,2024_P,40.0,40.0,0.0,20.0,100.0,DMU,66.66666666666666
DIAG_02424,stu_94c7b936c57d23d6661fbce289c9a1f8,CARLBL_4D358FAC4B,2024_P,30.0,10.0,40.0,20.0,100.0,DMU,66.66666666666666
DIAG_02425,stu_73f11c84fa4b43bf05fcd39b39a76429,CARLBL_5B99AB135B,2024_P,40.0,20.0,40.0,0.0,100.0,DMU,66.66666666666666
DIAG_02426,stu_55e0866dc01c63e6d14f00b9a79e7c5f,CARLBL_563A8FB47A,2024_P,30.0,30.0,30.0,10.0,100.0,DMU,66.66666666666666
DIAG_02427,stu_cb5fb60dd9aea9b52d4d8df44bd5911e,,2024_P,20.0,20.0,30.0,30.0,100.0,DMU,66.66666666666666
DIAG_02428,stu_01900c36bc08c229c8647587da748f96,,2024_P,30.0,20.0,40.0,10.0,100.0,DMU,66.66666666666666
DIAG_02429,stu_7c02f9c899df27f52166290371b7291e,CARLBL_F867BE971F,2024_P,40.0,10.0,30.0,20.0,100.0,DMU,66.66666666666666
DIAG_02430,stu_b99bc5b170d6547d1b8a651e504cb69a,CARLBL_9393C45E8D,2024_P,40.0,20.0,40.0,0.0,100.0,DMU,66.66666666666666
DIAG_02431,stu_9c49943e7c3cb7b9a414c2bbcb84bd75,CARLBL_783067A8AC,2024_P,10.0,30.0,40.0,20.0,100.0,DMU,66.66666666666666
DIAG_02432,stu_e1ad03de6aad1b31fa0c2871039cbb7c,CARLBL_41179F062D,2024_P,30.0,10.0,30.0,30.0,100.0,DMU,66.66666666666666
DIAG_02433,stu_6c5b361aadf2fbc663f38ff3fd18f1e7,CARLBL_F867BE971F,2024_P,20.0,30.0,30.0,20.0,100.0,DMU,66.66666666666666
DIAG_02434,stu_db71103415789203e0556e94964f269d,,2024_P,30.0,30.0,20.0,20.0,100.0,DMU,66.66666666666666
DIAG_02435,stu_2eaa9e11a629914a59d136910070a7aa,,2024_P,30.0,20.0,40.0,10.0,100.0,DMU,66.66666666666666
DIAG_02436,stu_ba529190041c08c0c8e50719c6d7b244,CARLBL_563A8FB47A,2024_P,20.0,20.0,40.0,20.0,100.0,DMU,66.66666666666666
DIAG_02437,stu_237bc7af563463a4cb4c4f101e371316,,2024_P,30.0,20.0,40.0,10.0,100.0,DMU,66.66666666666666
DIAG_02438,stu_2bc31cef159e91420543f3def0d83e0a,,2024_P,30.0,30.0,30.0,10.0,100.0,DMU,66.66666666666666
DIAG_02439,stu_6dd53e965d66ef95d1b1aa0159245af4,CARLBL_D174EB3A71,2024_P,20.0,40.0,30.0,10.0,100.0,DMU,66.66666666666666
DIAG_02440,stu_facaee872d93b7398241dcb7e9d7beed,,2024_P,30.0,20.0,20.0,30.0,100.0,DMU,66.66666666666666
DIAG_02441,stu_7bbcd378682b90c9366963968b560161,,2024_P,30.0,30.0,30.0,10.0,100.0,DMU,66.66666666666666
DIAG_02442,stu_c791b5339860d8f50c85c2878d5deba1,,2024_P,40.0,30.0,10.0,20.0,100.0,DMU,66.66666666666666
DIAG_02443,stu_508d0415d87ff57c701d45d09b43a4db,,2024_P,40.0,30.0,20.0,10.0,100.0,DMU,66.66666666666666
DIAG_02444,stu_23bfb10b80004b7560aae7731a48246f,,2024_P,10.0,30.0,30.0,30.0,100.0,DMU,66.66666666666666
DIAG_02445,stu_6dc27aa91bcfc893d7b4fe1a95789932,CARLBL_DAB7ED3371,2024_P,20.0,20.0,30.0,30.0,100.0,DMU,66.66666666666666
DIAG_02446,stu_74722bef1a7e1b8b86eed53f0f99c68f,,2024_P,20.0,20.0,30.0,30.0,100.0,DMU,66.66666666666666
DIAG_02447,stu_9ba012c2e4931789a8a2f1bd8ed178f6,,2024_P,20.0,30.0,40.0,10.0,100.0,DMU,66.66666666666666
DIAG_02448,stu_d845b9bf9f3945d498f3c9b8b39f510d,CARLBL_9FDFCF684F,2024_P,40.0,20.0,20.0,20.0,100.0,DMU,66.66666666666666
DIAG_02449,stu_06fb5208c94ee9f0c5de6e5a59c796cf,,2024_P,30.0,10.0,40.0,20.0,100.0,DMU,66.66666666666666
DIAG_02450,stu_ca522e078facc538966f1b345966ccd2,,2024_P,30.0,20.0,30.0,20.0,100.0,DMU,66.66666666666666
DIAG_02451,stu_ab76a237079cbb940f17d72da86aa2e7,,2024_P,30.0,20.0,40.0,10.0,100.0,DMU,66.66666666666666
DIAG_02452,stu_74ba720fdb511b622be7453f3c53e524,CARLBL_563A8FB47A,2024_P,40.0,20.0,20.0,20.0,100.0,DMU,66.66666666666666
DIAG_02453,stu_e5f07e21484a1026d260ee8c3cf0494b,CARLBL_F867BE971F,2024_P,30.0,30.0,40.0,0.0,100.0,DMU,66.66666666666666
DIAG_02454,stu_b4729b3a06d9aa7f3347d3c63e6bd54b,,2024_P,20.0,30.0,40.0,10.0,100.0,DMU,66.66666666666666
DIAG_02455,stu_f1c347e6c0fa39d20b405f8f5a442d68,,2024_P,10.0,30.0,40.0,20.0,100.0,DMU,66.66666666666666
DIAG_02456,stu_f6a35085dc1ca83254a62e670dfdab35,CARLBL_783067A8AC,2024_P,40.0,30.0,30.0,0.0,100.0,DMU,66.66666666666666
DIAG_02457,stu_38ad8018f3954bccd76408bc446a6e04,CARLBL_F7A3F2E0E2,2024_P,30.0,20.0,20.0,30.0,100.0,DMU,66.66666666666666
DIAG_02458,stu_b5e2223e975edd8e000eb2c569ac4895,,2024_P,30.0,20.0,30.0,20.0,100.0,DMU,66.66666666666666
DIAG_02459,stu_adcdf2304c0c155edf17f2e1d4bab3d5,,2024_P,20.0,30.0,30.0,20.0,100.0,DMU,66.66666666666666
DIAG_02460,stu_a4357da73f6af8241bf27620abde3f2b,,2024_P,30.0,30.0,30.0,10.0,100.0,DMU,66.66666666666666
DIAG_02461,stu_f5f8fc40b1fc7dea7cc2cc04cb5717cd,,2024_P,30.0,20.0,30.0,20.0,100.0,DMU,66.66666666666666
DIAG_02462,stu_d3c026ba258fdcafd2468a677764b0d5,CARLBL_ADFF4A692B,2024_P,30.0,30.0,20.0,20.0,100.0,DMU,66.66666666666666
DIAG_02463,stu_a07807547653304eb002340b4d3f4537,CARLBL_F867BE971F,2024_P,20.0,30.0,20.0,30.0,100.0,DMU,66.66666666666666
DIAG_02464,stu_43693a9d3c7a541db57d112e641ccd5a,,2024_P,30.0,30.0,10.0,30.0,100.0,DMU,66.66666666666666
DIAG_02465,stu_361460ffd5ebb557b92937fa3cf12e58,CARLBL_D174EB3A71,2024_P,40.0,10.0,40.0,10.0,100.0,DMU,66.66666666666666
DIAG_02466,stu_c711e27fa901df1e5793a8c38a53911e,,2024_P,40.0,20.0,30.0,10.0,100.0,DMU,66.66666666666666
DIAG_02467,stu_aa9e1597c305a52f3d0f0e93a4ce922a,CARLBL_28FD56FF33,2024_P,30.0,30.0,30.0,10.0,100.0,DMU,66.66666666666666
DIAG_02468,stu_6c5df10c26c317fc9fa537249e030147,,2024_P,20.0,20.0,40.0,20.0,100.0,DMU,66.66666666666666
DIAG_02469,stu_6d493b9ea28b37ef72dae5cf3e7d7066,,2024_P,20.0,30.0,40.0,10.0,100.0,DMU,66.66666666666666
DIAG_02470,stu_198ad7e4c36f19bb5ecb4dd9692be18e,,2024_P,20.0,30.0,30.0,20.0,100.0,DMU,66.66666666666666
DIAG_02471,stu_0834677c1f86f181b3b4168f2649dde9,CARLBL_F867BE971F,2024_P,20.0,40.0,40.0,0.0,100.0,DMU,66.66666666666666
DIAG_02472,stu_f5138fbd5760a1ba33749d38bc102954,,2024_P,40.0,30.0,30.0,10.0,110.0,DMU,73.33333333333333
DIAG_02473,stu_c2194f9837f6d5f3867aae1a2b9e9424,CARLBL_F867BE971F,2024_P,30.0,20.0,40.0,20.0,110.0,DMU,73.33333333333333
DIAG_02474,stu_729b1f9f8861fbf4578d38443d8dbb55,,2024_P,40.0,20.0,40.0,10.0,110.0,DMU,73.33333333333333
DIAG_02475,stu_82d625ebfcc430cff72404b4cf2903d1,CARLBL_DAB7ED3371,2024_P,20.0,30.0,40.0,20.0,110.0,DMU,73.33333333333333
DIAG_02476,stu_38fc0e3820b4ee4eb3887b7b42d22c82,CARLBL_6264AD2D5A,2024_P,30.0,30.0,40.0,10.0,110.0,DMU,73.33333333333333
DIAG_02477,stu_eb52ca611619ebdd3a17249b4189fdf0,,2024_P,20.0,40.0,40.0,10.0,110.0,DMU,73.33333333333333
DIAG_02478,stu_4c69d2e6fa52fb149323c53c299fe17b,,2024_P,40.0,10.0,40.0,20.0,110.0,DMU,73.33333333333333
DIAG_02479,stu_bc46915dda8169a4e5bbc89e1276e881,,2024_P,40.0,20.0,40.0,10.0,110.0,DMU,73.33333333333333
DIAG_02480,stu_2e13da738df1322494dc09bc942e860c,,2024_P,30.0,40.0,30.0,10.0,110.0,DMU,73.33333333333333
DIAG_02481,stu_9c699fa4a6282d74228e871835856207,CARLBL_18D189705C,2024_P,30.0,30.0,30.0,20.0,110.0,DMU,73.33333333333333
DIAG_02482,stu_77672622c5e872cb6d0190abe4337c10,CARLBL_28FD56FF33,2024_P,40.0,30.0,30.0,10.0,110.0,DMU,73.33333333333333
DIAG_02483,stu_fce3b49604548d1a97957d35f7bd01c9,,2024_P,30.0,20.0,40.0,20.0,110.0,DMU,73.33333333333333
DIAG_02484,stu_66d659d7ee38ea03980430b031a7182f,,2024_P,30.0,30.0,30.0,20.0,110.0,DMU,73.33333333333333
DIAG_02485,stu_71612ae23714ecd7275ca293b4375a29,CARLBL_6264AD2D5A,2024_P,40.0,40.0,20.0,10.0,110.0,DMU,73.33333333333333
DIAG_02486,stu_ea233e4ca6396558986f7557ef503943,,2024_P,20.0,30.0,40.0,20.0,110.0,DMU,73.33333333333333
DIAG_02487,stu_4462227f770a94b542b3ab28c24e5b55,CARLBL_255574A75E,2024_P,30.0,30.0,40.0,10.0,110.0,DMU,73.33333333333333
DIAG_02488,stu_bbf7ae5da7b604d840d825c128e663d9,CARLBL_4D358FAC4B,2024_P,30.0,30.0,30.0,20.0,110.0,DMU,73.33333333333333
DIAG_02489,stu_ea046f17e93d0f69921e24b2b91abf23,,2024_P,30.0,30.0,30.0,20.0,110.0,DMU,73.33333333333333
DIAG_02490,stu_118c48b6bee080d2cebdf234a41c2f94,,2024_P,30.0,30.0,40.0,10.0,110.0,DMU,73.33333333333333
DIAG_02491,stu_1292c39ea72d6c08baa5f946ccd316a6,CARLBL_563A8FB47A,2024_P,30.0,40.0,40.0,0.0,110.0,DMU,73.33333333333333
DIAG_02492,stu_ea4a334d841c522edea7cde929b11fe5,CARLBL_BD76F0F196,2024_P,20.0,30.0,40.0,20.0,110.0,DMU,73.33333333333333
DIAG_02493,stu_e4df6076d9747d99335e26290c92706e,,2024_P,30.0,20.0,40.0,20.0,110.0,DMU,73.33333333333333
DIAG_02494,stu_020c4bd31db0fa858d9e13f62605fe49,,2024_P,30.0,30.0,40.0,10.0,110.0,DMU,73.33333333333333
DIAG_02495,stu_fc07236091a4e73785d0e4f0b2d6f040,,2024_P,20.0,20.0,40.0,30.0,110.0,DMU,73.33333333333333
DIAG_02496,stu_99975e91184c52f03c37972edf2edb17,CARLBL_41179F062D,2024_P,30.0,30.0,30.0,20.0,110.0,DMU,73.33333333333333
DIAG_02497,stu_35bf44b6283a0c712d38b6fa71fcc4f4,CARLBL_41179F062D,2024_P,30.0,20.0,30.0,30.0,110.0,DMU,73.33333333333333
DIAG_02498,stu_d74f3f72a5d2e8700ecc85fb26dbb4b1,,2024_P,30.0,30.0,40.0,10.0,110.0,DMU,73.33333333333333
DIAG_02499,stu_5f54ff23ee41d8a16190ddf9c0ddf0f0,,2024_P,30.0,30.0,40.0,10.0,110.0,DMU,73.33333333333333
DIAG_02500,stu_e8d039f2184dc0c36a16d2dd20158371,CARLBL_DAB7ED3371,2024_P,30.0,40.0,30.0,10.0,110.0,DMU,73.33333333333333
DIAG_02501,stu_977f31564252b72140411ba5cd6df250,,2024_P,40.0,30.0,30.0,10.0,110.0,DMU,73.33333333333333
DIAG_02502,stu_225c1acc16ed7c22d62256cdb91fca03,,2024_P,20.0,40.0,40.0,10.0,110.0,DMU,73.33333333333333
DIAG_02503,stu_9ebf89a0a46dba9b0f232b2f4bf9d95b,CARLBL_255574A75E,2024_P,20.0,30.0,30.0,30.0,110.0,DMU,73.33333333333333
DIAG_02504,stu_8483e2e0f8d3c6a5a2c213a8c76e33e1,,2024_P,30.0,20.0,40.0,20.0,110.0,DMU,73.33333333333333
DIAG_02505,stu_e91666a4d836aa49294fe33188244835,,2024_P,40.0,10.0,40.0,20.0,110.0,DMU,73.33333333333333
DIAG_02506,stu_d598f730c4ae92cb589108a436ebb0d2,,2024_P,40.0,20.0,40.0,10.0,110.0,DMU,73.33333333333333
DIAG_02507,stu_a56aa09d90e758cb5d1148ad2a19a593,CARLBL_DAB7ED3371,2024_P,30.0,30.0,30.0,20.0,110.0,DMU,73.33333333333333
DIAG_02508,stu_6a4a39b5421fff243f9d4f688758a230,,2024_P,30.0,30.0,40.0,10.0,110.0,DMU,73.33333333333333
DIAG_02509,stu_d5bc488aea19c9c833611d8fc05d61ff,,2024_P,20.0,30.0,40.0,20.0,110.0,DMU,73.33333333333333
DIAG_02510,stu_80c5d9e9450b220bc90b3c745220ba31,CARLBL_39611AFCAD,2024_P,20.0,40.0,40.0,10.0,110.0,DMU,73.33333333333333
DIAG_02511,stu_a0e88bb6525ecdddca37e7c9785c737d,CARLBL_9FDFCF684F,2024_P,40.0,40.0,20.0,10.0,110.0,DMU,73.33333333333333
DIAG_02512,stu_29d01098699712dc0fe089195bbf9caa,CARLBL_B2CB496E63,2024_P,40.0,20.0,30.0,20.0,110.0,DMU,73.33333333333333
DIAG_02513,stu_f40ada4bab614e46f3d362fd7e1b1b8f,CARLBL_BD76F0F196,2024_P,30.0,20.0,40.0,20.0,110.0,DMU,73.33333333333333
DIAG_02514,stu_0d620aeb07086f0a150871e4da63d389,,2024_P,30.0,30.0,30.0,20.0,110.0,DMU,73.33333333333333
DIAG_02515,stu_1053b238e115896ca6f66792cbce5721,CARLBL_F041EA11A4,2024_P,10.0,40.0,40.0,20.0,110.0,DMU,73.33333333333333
DIAG_02516,stu_329475acb7e388e70c3b94c5a2d193c7,,2024_P,20.0,20.0,40.0,30.0,110.0,DMU,73.33333333333333
DIAG_02517,stu_95e193a5afb510f83dedfc642c8f059d,,2024_P,30.0,20.0,40.0,20.0,110.0,DMU,73.33333333333333
DIAG_02518,stu_18e7f33d5075f5c5efb370d38d037b98,,2024_P,30.0,30.0,40.0,10.0,110.0,DMU,73.33333333333333
DIAG_02519,stu_a5f369ba1843867280d47d172e6b308c,CARLBL_563A8FB47A,2024_P,30.0,40.0,30.0,10.0,110.0,DMU,73.33333333333333
DIAG_02520,stu_025daafaff11c464572e2558ce533921,,2024_P,30.0,20.0,40.0,20.0,110.0,DMU,73.33333333333333
DIAG_02521,stu_e08e7d204d5c902b2bb3944fc713383e,,2024_P,40.0,20.0,40.0,10.0,110.0,DMU,73.33333333333333
DIAG_02522,stu_d940b7a08ababa9278569901a0bcc123,,2024_P,30.0,20.0,40.0,20.0,110.0,DMU,73.33333333333333
DIAG_02523,stu_31583bf9b3d6c9eead900f8a6569d9a5,,2024_P,20.0,20.0,40.0,30.0,110.0,DMU,73.33333333333333
DIAG_02524,stu_ea7db418c99400814dfa84c71b7aa7a1,,2024_P,30.0,10.0,40.0,30.0,110.0,DMU,73.33333333333333
DIAG_02525,stu_cbc9c09ae489d8e425ae7149a0e4d0cf,CARLBL_D174EB3A71,2024_P,40.0,30.0,30.0,10.0,110.0,DMU,73.33333333333333
DIAG_02526,stu_215d790d3ca93cc6f7ca1217a051baa7,,2024_P,40.0,30.0,30.0,10.0,110.0,DMU,73.33333333333333
DIAG_02527,stu_53e3465734c9fda789b5f02b0f146f89,CARLBL_F867BE971F,2024_P,20.0,40.0,40.0,10.0,110.0,DMU,73.33333333333333
DIAG_02528,stu_ab3479d2ca5494c9f16432905ee30c29,CARLBL_F7A3F2E0E2,2024_P,40.0,20.0,30.0,20.0,110.0,DMU,73.33333333333333
DIAG_02529,stu_b35fc685a2cb58bd58e9a457f4d94657,CARLBL_F867BE971F,2024_P,30.0,30.0,30.0,20.0,110.0,DMU,73.33333333333333
DIAG_02530,stu_afce9bea736c9178c469728d206d59bc,,2024_P,30.0,40.0,30.0,10.0,110.0,DMU,73.33333333333333
DIAG_02531,stu_98ff484b727cc8c918c022b37eb047ef,CARLBL_28FD56FF33,2024_P,30.0,20.0,40.0,20.0,110.0,DMU,73.33333333333333
DIAG_02532,stu_ea68ceb739278e45c7d2b6a57b5c71dd,CARLBL_B2CB496E63,2024_P,30.0,20.0,40.0,20.0,110.0,DMU,73.33333333333333
DIAG_02533,stu_122b9d7d727b901a95027fe1e72c7ce3,CARLBL_563A8FB47A,2024_P,20.0,40.0,30.0,20.0,110.0,DMU,73.33333333333333
DIAG_02534,stu_f200ee9e094d4f941b749e54356a2cab,CARLBL_563A8FB47A,2024_P,20.0,30.0,40.0,20.0,110.0,DMU,73.33333333333333
DIAG_02535,stu_de49407ba5e695f02a73fb0f13c2b00a,,2024_P,20.0,40.0,30.0,20.0,110.0,DMU,73.33333333333333
DIAG_02536,stu_0bb9e9685782e87d03634b0bedcbf76a,,2024_P,30.0,40.0,40.0,0.0,110.0,DMU,73.33333333333333
DIAG_02537,stu_60d385261bacd7cd0bb5fa0a1414a597,,2024_P,40.0,20.0,30.0,20.0,110.0,DMU,73.33333333333333
DIAG_02538,stu_341c620e9bf89c7a9de0834d6e673bc0,,2024_P,20.0,30.0,40.0,20.0,110.0,DMU,73.33333333333333
DIAG_02539,stu_5c5782585dadaceddd04c90fa64d34e0,CARLBL_9393C45E8D,2024_P,30.0,20.0,40.0,30.0,120.0,DMU,80.0
DIAG_02540,stu_3765c56ce29778fbe9439c380e51db82,,2024_P,40.0,40.0,30.0,10.0,120.0,DMU,80.0
DIAG_02541,stu_74c246e9c0cf0a1e9e5cb51f0e87b511,CARLBL_DAB7ED3371,2024_P,40.0,30.0,40.0,10.0,120.0,DMU,80.0
DIAG_02542,stu_fb42474e2fb451a31a8257a7de1e3316,,2024_P,40.0,30.0,40.0,10.0,120.0,DMU,80.0
DIAG_02543,stu_a8ceb5f4318beda4719d177848652b19,CARLBL_563A8FB47A,2024_P,40.0,20.0,40.0,20.0,120.0,DMU,80.0
DIAG_02544,stu_a19db02a716dd678fc8b07f3c1cf74c6,CARLBL_BD76F0F196,2024_P,40.0,20.0,40.0,20.0,120.0,DMU,80.0
DIAG_02545,stu_f21187492ed1a12d47a536006dd51856,CARLBL_F041EA11A4,2024_P,40.0,40.0,30.0,10.0,120.0,DMU,80.0
DIAG_02546,stu_9a23600d017ca7bd806bc2e089676888,,2024_P,30.0,30.0,40.0,20.0,120.0,DMU,80.0
DIAG_02547,stu_5226bc60ce1ebcbf6c8a3d9ce2b1e83b,,2024_P,40.0,30.0,20.0,30.0,120.0,DMU,80.0
DIAG_02548,stu_8ed2e60cfee35442437ddd46e230a5be,CARLBL_28FD56FF33,2024_P,30.0,30.0,30.0,30.0,120.0,DMU,80.0
DIAG_02549,stu_97e2ea3e0b8c728dccabc2876fb4aa0a,,2024_P,40.0,30.0,40.0,10.0,120.0,DMU,80.0
DIAG_02550,stu_d77fdfd7f671490b24b1f09b1e47d972,CARLBL_6264AD2D5A,2024_P,30.0,20.0,40.0,30.0,120.0,DMU,80.0
DIAG_02551,stu_668ad82281d7328ad2e62d63287c28c7,,2024_P,40.0,20.0,30.0,30.0,120.0,DMU,80.0
DIAG_02552,stu_eedf81620bfb5f7a15403f2bb5b9063f,CARLBL_28FD56FF33,2024_P,40.0,40.0,20.0,20.0,120.0,DMU,80.0
DIAG_02553,stu_24ae419c47e38a3cf78bb93285958216,,2024_P,30.0,30.0,40.0,20.0,120.0,DMU,80.0
DIAG_02554,stu_9c74c163487d9c130c8083ad7e9db2e7,,2024_P,20.0,40.0,30.0,30.0,120.0,DMU,80.0
DIAG_02555,stu_b8c49d4fdea75a5292d661bd9c8ce26e,,2024_P,40.0,40.0,20.0,20.0,120.0,DMU,80.0
DIAG_02556,stu_2ef2ca4a7e5a86cb1ce5e97bdba9b316,,2024_P,40.0,20.0,30.0,30.0,120.0,DMU,80.0
DIAG_02557,stu_75d19d458c3ecd576c601bf5fabac064,CARLBL_563A8FB47A,2024_P,20.0,40.0,40.0,20.0,120.0,DMU,80.0
DIAG_02558,stu_c27d20d674d769276f0b68a63eb520cf,,2024_P,30.0,30.0,40.0,20.0,120.0,DMU,80.0
DIAG_02559,stu_33d7421c6496e37ebd38c0972bb19285,CARLBL_F7A3F2E0E2,2024_P,40.0,30.0,30.0,20.0,120.0,DMU,80.0
DIAG_02560,stu_819251d15b39eeb522acb77b9a528e2a,,2024_P,40.0,20.0,40.0,20.0,120.0,DMU,80.0
DIAG_02561,stu_181c83658e8d00737b668085a5a55e68,,2024_P,40.0,20.0,30.0,30.0,120.0,DMU,80.0
DIAG_02562,stu_fae5a0810963fa9ead49cb73fce0eaf1,,2024_P,40.0,40.0,40.0,0.0,120.0,DMU,80.0
DIAG_02563,stu_c4b4987a882a74490d3dda181e2aadfd,CARLBL_56B3A1BFE0,2024_P,30.0,40.0,30.0,20.0,120.0,DMU,80.0
DIAG_02564,stu_b1bd06ce159de49dd6266193e195c6df,CARLBL_4D358FAC4B,2024_P,40.0,30.0,30.0,20.0,120.0,DMU,80.0
DIAG_02565,stu_e83627136a73be43ca5a3750af53d6ec,,2024_P,40.0,30.0,40.0,10.0,120.0,DMU,80.0
DIAG_02566,stu_dcd2c1180e4ab6ae7eb73c2e7ea4c83a,CARLBL_F7A3F2E0E2,2024_P,40.0,20.0,40.0,20.0,120.0,DMU,80.0
DIAG_02567,stu_c25874a81d5a6aa10d71dae67a6cd521,CARLBL_9FDFCF684F,2024_P,20.0,40.0,40.0,20.0,120.0,DMU,80.0
DIAG_02568,stu_118c7741d4f9872a6f1ff0261289960f,,2024_P,40.0,40.0,20.0,20.0,120.0,DMU,80.0
DIAG_02569,stu_292189bc6344f85128675d659fb14fb6,CARLBL_6264AD2D5A,2024_P,30.0,30.0,40.0,20.0,120.0,DMU,80.0
DIAG_02570,stu_f206558dca174ee41b88f5583aa13d1c,,2024_P,30.0,30.0,40.0,20.0,120.0,DMU,80.0
DIAG_02571,stu_364b809e54590a982cbccfb204bb70d3,,2024_P,40.0,20.0,30.0,30.0,120.0,DMU,80.0
DIAG_02572,stu_08b5bcffd6fc534ed70b04bad8ddd95d,,2024_P,40.0,20.0,40.0,20.0,120.0,DMU,80.0
DIAG_02573,stu_e13405adf4b3d5cb4089414dfd1810a2,CARLBL_255574A75E,2024_P,40.0,40.0,20.0,20.0,120.0,DMU,80.0
DIAG_02574,stu_330a7b48541919a0014e79ba9b7309ee,,2024_P,30.0,30.0,40.0,20.0,120.0,DMU,80.0
DIAG_02575,stu_70c6eeea55c6f31cc76b4cd91baf0a11,,2024_P,40.0,30.0,30.0,20.0,120.0,DMU,80.0
DIAG_02576,stu_3a988eb1aa3d48d2d85702660c1f9371,,2024_P,30.0,20.0,40.0,30.0,120.0,DMU,80.0
DIAG_02577,stu_aa952772067991e552b775b07d3cad3b,,2024_P,30.0,40.0,30.0,20.0,120.0,DMU,80.0
DIAG_02578,stu_561c94c5d822a346c30e7b7c60c71c0b,CARLBL_F041EA11A4,2024_P,30.0,40.0,30.0,20.0,120.0,DMU,80.0
DIAG_02579,stu_76cedacda3137d49d3bfd5387cf0d264,,2024_P,40.0,40.0,20.0,20.0,120.0,DMU,80.0
DIAG_02580,stu_add38e1cada7b5c5bdc545417effd3cd,CARLBL_DAB7ED3371,2024_P,30.0,30.0,40.0,20.0,120.0,DMU,80.0
DIAG_02581,stu_15a4883644e88f6fbadc0486553b6db1,CARLBL_CC13F1BB98,2024_P,40.0,20.0,30.0,30.0,120.0,DMU,80.0
DIAG_02582,stu_e986c1ac1406da62e5c7b08bcf08100a,,2024_P,40.0,20.0,40.0,20.0,120.0,DMU,80.0
DIAG_02583,stu_e95c9a20269dafc299166f9996b00645,,2024_P,30.0,30.0,30.0,30.0,120.0,DMU,80.0
DIAG_02584,stu_e7c9ce1d38da1e55ca50c85b7b1303a5,,2024_P,30.0,40.0,30.0,20.0,120.0,DMU,80.0
DIAG_02585,stu_e21a27a58ce632d61eb3a28a92819799,CARLBL_6264AD2D5A,2024_P,30.0,30.0,40.0,20.0,120.0,DMU,80.0
DIAG_02586,stu_0be6d1dd988198789c3837d6965077a1,,2024_P,30.0,30.0,30.0,30.0,120.0,DMU,80.0
DIAG_02587,stu_cb36f2cd88f535f7bb88a49da871031d,,2024_P,40.0,30.0,40.0,10.0,120.0,DMU,80.0
DIAG_02588,stu_29f7e558d3f9810ab62fa49731ab92f9,,2024_P,30.0,40.0,30.0,20.0,120.0,DMU,80.0
DIAG_02589,stu_2c8da560ac3b7e05e1ca2f027c435f91,CARLBL_B2CB496E63,2024_P,40.0,20.0,40.0,20.0,120.0,DMU,80.0
DIAG_02590,stu_b9f97f9460ad231b35e42d19a23e8222,,2024_P,30.0,30.0,40.0,20.0,120.0,DMU,80.0
DIAG_02591,stu_3f86683fb0e634ac649f36d66da2cdf7,CARLBL_F867BE971F,2024_P,40.0,20.0,40.0,20.0,120.0,DMU,80.0
DIAG_02592,stu_395272da8b51a023db4185088ef06c4e,,2024_P,30.0,30.0,30.0,30.0,120.0,DMU,80.0
DIAG_02593,stu_f31a3264f74beb30eaa2189d2b441392,CARLBL_CC13F1BB98,2024_P,40.0,30.0,40.0,10.0,120.0,DMU,80.0
DIAG_02594,stu_b14ece0106930bae21d4bdf36f22d5a5,,2024_P,20.0,40.0,40.0,20.0,120.0,DMU,80.0
DIAG_02595,stu_fa5a62f46efa280c4aa9bee9eb85083d,CARLBL_F041EA11A4,2024_P,40.0,30.0,40.0,10.0,120.0,DMU,80.0
DIAG_02596,stu_9478669abb29f00d765d840f0ebf0276,CARLBL_BD76F0F196,2024_P,40.0,30.0,30.0,20.0,120.0,DMU,80.0
DIAG_02597,stu_e99a0a62dffa9925903a81bcc605a2b6,CARLBL_4D358FAC4B,2024_P,40.0,30.0,40.0,10.0,120.0,DMU,80.0
DIAG_02598,stu_329aa96f5e183e400ad6378a8d5669a0,,2024_P,40.0,30.0,40.0,10.0,120.0,DMU,80.0
DIAG_02599,stu_8d96f04247623baa370b22a0045a2036,,2024_P,20.0,30.0,40.0,30.0,120.0,DMU,80.0
DIAG_02600,stu_8eb9666d76c741f8b1972a8026e61c7f,,2024_P,30.0,20.0,40.0,30.0,120.0,DMU,80.0
DIAG_02601,stu_6bfabd6b067bab7abeb3e16bea12c8fc,CARLBL_ADFF4A692B,2024_P,40.0,20.0,40.0,20.0,120.0,DMU,80.0
DIAG_02602,stu_d8d37544d4c3df1e7dcc8774abaadd17,CARLBL_563A8FB47A,2024_P,40.0,40.0,20.0,20.0,120.0,DMU,80.0
DIAG_02603,stu_83167688b48168271af66dc9acde6de1,,2024_P,40.0,40.0,20.0,20.0,120.0,DMU,80.0
DIAG_02604,stu_d59e1deb494199fb6c3299cecb9a8f50,,2024_P,30.0,20.0,40.0,30.0,120.0,DMU,80.0
DIAG_02605,stu_78f80869269fb574a124c08730ff5e30,,2024_P,40.0,40.0,40.0,0.0,120.0,DMU,80.0
DIAG_02606,stu_4dba79ad52e5eff420ee924a2860762d,CARLBL_783067A8AC,2024_P,40.0,40.0,30.0,10.0,120.0,DMU,80.0
DIAG_02607,stu_6dbcb54ce6c68a90916375677d338dae,,2024_P,20.0,40.0,40.0,20.0,120.0,DMU,80.0
DIAG_02608,stu_82627f4e8c3a335d96af128af5dc2d07,,2024_P,40.0,20.0,40.0,20.0,120.0,DMU,80.0
DIAG_02609,stu_f2d780fc168f7a3a07ddffe0eb997f76,,2024_P,30.0,40.0,40.0,10.0,120.0,DMU,80.0
DIAG_02610,stu_5535bb54057dc6b59befb10d8a12fa6e,CARLBL_8F151E362F,2024_P,40.0,30.0,40.0,10.0,120.0,DMU,80.0
DIAG_02611,stu_97d49b171f9ac35159a21f8554932464,CARLBL_D174EB3A71,2024_P,40.0,30.0,30.0,20.0,120.0,DMU,80.0
DIAG_02612,stu_4b3852224f2f6d752f5741eb8b3b4993,,2024_P,30.0,40.0,40.0,10.0,120.0,DMU,80.0
DIAG_02613,stu_68060a97ec7a2f2729a1dfb4129a7ba0,,2024_P,20.0,40.0,40.0,20.0,120.0,DMU,80.0
DIAG_02614,stu_e0cd87012565976b94e16a07059dc732,CARLBL_F867BE971F,2024_P,30.0,40.0,30.0,20.0,120.0,DMU,80.0
DIAG_02615,stu_22f5983e53d3dac91ac75880d9ea0f59,CARLBL_4D358FAC4B,2024_P,40.0,20.0,40.0,20.0,120.0,DMU,80.0
DIAG_02616,stu_1f3a2030de80ef3e20c9852cf829103a,,2024_P,40.0,20.0,40.0,20.0,120.0,DMU,80.0
DIAG_02617,stu_952aac88d8e5b9b148b3b312cca718c3,CARLBL_F867BE971F,2024_P,30.0,40.0,40.0,10.0,120.0,DMU,80.0
DIAG_02618,stu_db056f31054ba282cfcf7fc5a9e4190c,CARLBL_F867BE971F,2024_P,40.0,20.0,40.0,20.0,120.0,DMU,80.0
DIAG_02619,stu_81d3462c43d6b6b6194f35ff05f91856,CARLBL_6264AD2D5A,2024_P,30.0,30.0,40.0,20.0,120.0,DMU,80.0
DIAG_02620,stu_1b756400d673a603077d9a1c3e0af38b,,2024_P,40.0,20.0,30.0,30.0,120.0,DMU,80.0
DIAG_02621,stu_3b3c90245befcf095ca27b24ee98202a,CARLBL_563A8FB47A,2024_P,30.0,30.0,40.0,20.0,120.0,DMU,80.0
DIAG_02622,stu_a407a705d63dd8dfa119ce8eb09f4bc8,CARLBL_5B99AB135B,2024_P,20.0,30.0,40.0,30.0,120.0,DMU,80.0
DIAG_02623,stu_c737c8585c6c60690af495abc5da1a5a,,2024_P,20.0,40.0,40.0,20.0,120.0,DMU,80.0
DIAG_02624,stu_e64ecece2f128c647b48496110eefb96,,2024_P,40.0,30.0,40.0,10.0,120.0,DMU,80.0
DIAG_02625,stu_01a69b96ebed04caf3c26141c36636a3,CARLBL_18D189705C,2024_P,40.0,30.0,40.0,10.0,120.0,DMU,80.0
DIAG_02626,stu_75e5b472d738585e4d27495c0f0191e8,,2024_P,40.0,30.0,30.0,20.0,120.0,DMU,80.0
DIAG_02627,stu_c3059c817518292949ed6836507702aa,,2024_P,30.0,40.0,30.0,20.0,120.0,DMU,80.0
DIAG_02628,stu_cb2182b077ef27ec559c32eb4461e77b,,2024_P,40.0,30.0,40.0,10.0,120.0,DMU,80.0
DIAG_02629,stu_e6189b1380e7443c96fff79addada69a,,2024_P,30.0,30.0,40.0,20.0,120.0,DMU,80.0
DIAG_02630,stu_8633a3b821ad7e04db52f103cb35eb31,CARLBL_D174EB3A71,2024_P,40.0,20.0,40.0,20.0,120.0,DMU,80.0
DIAG_02631,stu_d135f9d7188e75bdfab39fc92b7ed7d6,CARLBL_41179F062D,2024_P,40.0,30.0,40.0,10.0,120.0,DMU,80.0
DIAG_02632,stu_e75523d7d308272e1f7da9cd0e823174,,2024_P,40.0,10.0,40.0,30.0,120.0,DMU,80.0
DIAG_02633,stu_1b105276ed8bbdbced4218f4a660992a,,2024_P,30.0,30.0,40.0,20.0,120.0,DMU,80.0
DIAG_02634,stu_c125ed5fbb67ec0d539e62c30d2e8e24,CARLBL_F867BE971F,2024_P,30.0,30.0,40.0,20.0,120.0,DMU,80.0
DIAG_02635,stu_c08b6ba32e8812d8722ae011c1102ea7,,2024_P,20.0,40.0,40.0,20.0,120.0,DMU,80.0
DIAG_02636,stu_4a518ce2c569c282c506e27599162e5e,,2024_P,30.0,30.0,40.0,20.0,120.0,DMU,80.0
DIAG_02637,stu_1bd114ebe82abef3ab2cb8aafa8656a6,,2024_P,40.0,30.0,40.0,20.0,130.0,DMU,86.66666666666667
DIAG_02638,stu_2ee6a74f260a7fd9fe8b5ce197e21e30,,2024_P,30.0,40.0,30.0,30.0,130.0,DMU,86.66666666666667
DIAG_02639,stu_53ab85e534c1504ecc7bf44adac19b9c,,2024_P,40.0,20.0,40.0,30.0,130.0,DMU,86.66666666666667
DIAG_02640,stu_f32d257ca1308df5a6407c07a2e44155,,2024_P,40.0,30.0,40.0,20.0,130.0,DMU,86.66666666666667
DIAG_02641,stu_272637e43302c3725e7f187572f0eda8,CARLBL_28FD56FF33,2024_P,30.0,40.0,30.0,30.0,130.0,DMU,86.66666666666667
DIAG_02642,stu_8cd59ee3e2ef0ecc812b91e514e4c94f,,2024_P,40.0,40.0,30.0,20.0,130.0,DMU,86.66666666666667
DIAG_02643,stu_456e8bf17eb17644d8b287ee3a1a8466,CARLBL_563A8FB47A,2024_P,20.0,40.0,40.0,30.0,130.0,DMU,86.66666666666667
DIAG_02644,stu_16abee4c3ed3d1eecde4cb5a9f5fbdb5,CARLBL_D174EB3A71,2024_P,30.0,40.0,30.0,30.0,130.0,DMU,86.66666666666667
DIAG_02645,stu_a911755b772a8b888ba200387db4814f,,2024_P,30.0,40.0,30.0,30.0,130.0,DMU,86.66666666666667
DIAG_02646,stu_d01c83efe430bb810a7d21e18833fe27,,2024_P,40.0,30.0,40.0,20.0,130.0,DMU,86.66666666666667
DIAG_02647,stu_b6de66ac62444047b808548e1966c21d,,2024_P,40.0,30.0,40.0,20.0,130.0,DMU,86.66666666666667
DIAG_02648,stu_d3ddca374d2efe8fad64e1ccf459d6ba,CARLBL_D174EB3A71,2024_P,40.0,40.0,40.0,10.0,130.0,DMU,86.66666666666667
DIAG_02649,stu_b36fb59e2d64461f5058ea40a7484e5f,,2024_P,40.0,30.0,30.0,30.0,130.0,DMU,86.66666666666667
DIAG_02650,stu_ab5a24bd8d3a4404c4ccafc7c611aabc,CARLBL_9393C45E8D,2024_P,30.0,40.0,40.0,20.0,130.0,DMU,86.66666666666667
DIAG_02651,stu_336a1eeda783f9a7ab144cd6589ed638,CARLBL_4D358FAC4B,2024_P,40.0,30.0,40.0,20.0,130.0,DMU,86.66666666666667
DIAG_02652,stu_9bb6a114894401b555f893848ef9b6ef,,2024_P,40.0,30.0,40.0,20.0,130.0,DMU,86.66666666666667
DIAG_02653,stu_5857c84e20c0ef4f54b351cb7f30454b,,2024_P,40.0,40.0,30.0,20.0,130.0,DMU,86.66666666666667
DIAG_02654,stu_16830c9177d9341841b6a8d64a9c4e66,,2024_P,40.0,30.0,40.0,20.0,130.0,DMU,86.66666666666667
DIAG_02655,stu_6e74b5f237ecaa84383d00a46d7ec8b5,CARLBL_9FDFCF684F,2024_P,40.0,30.0,40.0,20.0,130.0,DMU,86.66666666666667
DIAG_02656,stu_2c0ffbfc9b1254af6ab7fde3a74223fc,,2024_P,40.0,30.0,40.0,20.0,130.0,DMU,86.66666666666667
DIAG_02657,stu_b956a301a190510aa5a8bc531af19b5e,CARLBL_4D358FAC4B,2024_P,40.0,30.0,40.0,20.0,130.0,DMU,86.66666666666667
DIAG_02658,stu_7ae3cee02627d75adca8b35fc8814266,CARLBL_9FDFCF684F,2024_P,40.0,30.0,40.0,20.0,130.0,DMU,86.66666666666667
DIAG_02659,stu_57fad25df5e13332eedd9264314e3734,CARLBL_BD76F0F196,2024_P,40.0,30.0,40.0,20.0,130.0,DMU,86.66666666666667
DIAG_02660,stu_21e15d6f981d5494a8f4c408475c3a12,,2024_P,40.0,40.0,40.0,10.0,130.0,DMU,86.66666666666667
DIAG_02661,stu_6051e3f95062f9e40fc6b21159088ee5,CARLBL_F867BE971F,2024_P,40.0,20.0,40.0,30.0,130.0,DMU,86.66666666666667
DIAG_02662,stu_3186e01008ae4930ff870e5e9de30835,CARLBL_CC13F1BB98,2024_P,40.0,20.0,40.0,30.0,130.0,DMU,86.66666666666667
DIAG_02663,stu_de7db7abd651494cb93d1816f698a538,CARLBL_F041EA11A4,2024_P,40.0,30.0,40.0,20.0,130.0,DMU,86.66666666666667
DIAG_02664,stu_e98304ac5c5092b38c272a5d8b3237d0,,2024_P,40.0,40.0,20.0,30.0,130.0,DMU,86.66666666666667
DIAG_02665,stu_898c9461e2cb383c77b844ce65ed257a,,2024_P,40.0,40.0,40.0,10.0,130.0,DMU,86.66666666666667
DIAG_02666,stu_c70700d7c96dd19aee2c47015427aed0,,2024_P,40.0,40.0,30.0,20.0,130.0,DMU,86.66666666666667
DIAG_02667,stu_14ed3f34d47993acf5a4200f86876a99,CARLBL_9FDFCF684F,2024_P,40.0,30.0,40.0,20.0,130.0,DMU,86.66666666666667
DIAG_02668,stu_489699923390cc907b271bf56827f304,,2024_P,40.0,40.0,40.0,10.0,130.0,DMU,86.66666666666667
DIAG_02669,stu_8ea0d9b147df641c333e04b5be356a6b,CARLBL_D174EB3A71,2024_P,40.0,30.0,40.0,20.0,130.0,DMU,86.66666666666667
DIAG_02670,stu_70d813bac3652ee4518a3f6410762d5a,CARLBL_BD76F0F196,2024_P,30.0,30.0,40.0,30.0,130.0,DMU,86.66666666666667
DIAG_02671,stu_3ef7d36ef68040cbc057da0cdc274739,CARLBL_41179F062D,2024_P,30.0,40.0,40.0,20.0,130.0,DMU,86.66666666666667
DIAG_02672,stu_c803fe1139a1d6e54f24ff117068ba18,,2024_P,40.0,30.0,40.0,20.0,130.0,DMU,86.66666666666667
DIAG_02673,stu_ce618f82546fa22ec4bda1d59f41099b,CARLBL_B3FCCAA8C1,2024_P,40.0,40.0,40.0,10.0,130.0,DMU,86.66666666666667
DIAG_02674,stu_8a7ec14762ad537b3f91d10b56d29409,,2024_P,40.0,20.0,40.0,30.0,130.0,DMU,86.66666666666667
DIAG_02675,stu_c71558eacfc33755a12e25eaaf627046,CARLBL_9FDFCF684F,2024_P,40.0,30.0,40.0,20.0,130.0,DMU,86.66666666666667
DIAG_02676,stu_16eec76f85efa4b63d8982f2cc9148e6,CARLBL_CC13F1BB98,2024_P,40.0,20.0,40.0,30.0,130.0,DMU,86.66666666666667
DIAG_02677,stu_1deed1a21f6fe6cdb340a0e08b56c23e,CARLBL_41179F062D,2024_P,30.0,40.0,30.0,30.0,130.0,DMU,86.66666666666667
DIAG_02678,stu_7f268a98bb78562ac88402a0ce039174,,2024_P,40.0,30.0,40.0,20.0,130.0,DMU,86.66666666666667
DIAG_02679,stu_fa2006d0d9e73fe72d2e47368fa13d6f,,2024_P,40.0,30.0,40.0,20.0,130.0,DMU,86.66666666666667
DIAG_02680,stu_268e65a5b91f8e914edb0bc8b0b72b80,,2024_P,40.0,30.0,40.0,20.0,130.0,DMU,86.66666666666667
DIAG_02681,stu_487615d9c0251cfc161307f15fceed3b,,2024_P,30.0,30.0,40.0,30.0,130.0,DMU,86.66666666666667
DIAG_02682,stu_690c45ba7ec15df94fd9b80edcef7346,CARLBL_6264AD2D5A,2024_P,40.0,30.0,40.0,20.0,130.0,DMU,86.66666666666667
DIAG_02683,stu_12c8bbfcfcd3b4b983b250a329351cc9,,2024_P,30.0,30.0,40.0,30.0,130.0,DMU,86.66666666666667
DIAG_02684,stu_cb689b8d1ef29fab9077dfc51a39ee6d,,2024_P,30.0,40.0,40.0,20.0,130.0,DMU,86.66666666666667
DIAG_02685,stu_e218599063578d4b505882c3391b226d,CARLBL_F041EA11A4,2024_P,40.0,40.0,40.0,10.0,130.0,DMU,86.66666666666667
DIAG_02686,stu_d2ce8e6cebcf5ab1dcb4941177eb2f21,,2024_P,40.0,30.0,40.0,20.0,130.0,DMU,86.66666666666667
DIAG_02687,stu_23e44446bfbabe638affe1d9020c2720,,2024_P,40.0,40.0,30.0,20.0,130.0,DMU,86.66666666666667
DIAG_02688,stu_ec8c59f7f10126a158f249eeec568380,CARLBL_DAB7ED3371,2024_P,40.0,20.0,40.0,30.0,130.0,DMU,86.66666666666667
DIAG_02689,stu_a49359a8364be2b5deb2be9bc2e4c5d8,,2024_P,40.0,20.0,40.0,30.0,130.0,DMU,86.66666666666667
DIAG_02690,stu_bbabdf0839f09315e96871099c3e9318,CARLBL_4D358FAC4B,2024_P,40.0,30.0,30.0,30.0,130.0,DMU,86.66666666666667
DIAG_02691,stu_68f6e9c8884f249fd83862bb556a0c92,CARLBL_F041EA11A4,2024_P,40.0,40.0,30.0,20.0,130.0,DMU,86.66666666666667
DIAG_02692,stu_55047ab4b4387898e2fbfc4468b066fd,,2024_P,30.0,40.0,40.0,20.0,130.0,DMU,86.66666666666667
DIAG_02693,stu_12622c6167864869733bc4aa9ffa2466,CARLBL_563A8FB47A,2024_P,30.0,30.0,40.0,30.0,130.0,DMU,86.66666666666667
DIAG_02694,stu_3122c8aa9fe384dee2724be3485c0be0,CARLBL_6264AD2D5A,2024_P,30.0,30.0,40.0,30.0,130.0,DMU,86.66666666666667
DIAG_02695,stu_914e941f1625269f971633cdf8732a64,CARLBL_B2CB496E63,2024_P,40.0,30.0,40.0,20.0,130.0,DMU,86.66666666666667
DIAG_02696,stu_cc38e011f64a43ade6de04d324e65bd8,CARLBL_563A8FB47A,2024_P,40.0,30.0,40.0,20.0,130.0,DMU,86.66666666666667
DIAG_02697,stu_10b66852d9e37ad5c876487a69f43e39,CARLBL_BD76F0F196,2024_P,40.0,30.0,40.0,20.0,130.0,DMU,86.66666666666667
DIAG_02698,stu_3635c96c9111e2b51db781e641ce4088,,2024_P,40.0,30.0,40.0,20.0,130.0,DMU,86.66666666666667
DIAG_02699,stu_dbebd0f9da57f87e67a706599b3625a2,CARLBL_4D358FAC4B,2024_P,40.0,20.0,40.0,30.0,130.0,DMU,86.66666666666667
DIAG_02700,stu_276bd54b8769e8fa0c1f5f5a0cc40eb6,,2024_P,40.0,40.0,30.0,20.0,130.0,DMU,86.66666666666667
DIAG_02701,stu_c08bd7269749b6d028f3431963a42261,CARLBL_255574A75E,2024_P,40.0,40.0,40.0,10.0,130.0,DMU,86.66666666666667
DIAG_02702,stu_e0fd10ea2851af76d2936e70707f385c,,2024_P,40.0,40.0,40.0,10.0,130.0,DMU,86.66666666666667
DIAG_02703,stu_ff108ef176c171e16cd569fdd44efebb,CARLBL_BD76F0F196,2024_P,40.0,30.0,40.0,20.0,130.0,DMU,86.66666666666667
DIAG_02704,stu_af08b14c946f8c0cca0f04b394653264,,2024_P,40.0,20.0,40.0,30.0,130.0,DMU,86.66666666666667
DIAG_02705,stu_33a88aa13d0a195bf44eaa2ec1294370,,2024_P,40.0,40.0,40.0,10.0,130.0,DMU,86.66666666666667
DIAG_02706,stu_fac00aa5053f5f5da894dfc09308f577,CARLBL_DAB7ED3371,2024_P,40.0,30.0,40.0,20.0,130.0,DMU,86.66666666666667
DIAG_02707,stu_f617ecc66790159cf7c12426cc511008,,2024_P,30.0,40.0,40.0,20.0,130.0,DMU,86.66666666666667
DIAG_02708,stu_54eda134fda2da59788bd624ae596265,CARLBL_28FD56FF33,2024_P,40.0,30.0,40.0,20.0,130.0,DMU,86.66666666666667
DIAG_02709,stu_42a22d5a475e4f0955c00eb0a18a719a,,2024_P,30.0,30.0,40.0,30.0,130.0,DMU,86.66666666666667
DIAG_02710,stu_e9c035d11720bc5737aacdc7a6e084d2,CARLBL_ADFF4A692B,2024_P,30.0,40.0,40.0,20.0,130.0,DMU,86.66666666666667
DIAG_02711,stu_4e509d5d0637982ce7d131c68ed94a5b,CARLBL_F867BE971F,2024_P,30.0,30.0,40.0,30.0,130.0,DMU,86.66666666666667
DIAG_02712,stu_79c3edfe5d7d96e647dcaa5659a53bdb,CARLBL_9393C45E8D,2024_P,40.0,40.0,40.0,20.0,140.0,DMU,93.33333333333333
DIAG_02713,stu_8bc155569787481f0e889dc930185f17,CARLBL_D174EB3A71,2024_P,40.0,40.0,30.0,30.0,140.0,DMU,93.33333333333333
DIAG_02714,stu_2405f050bc9761fc8fc1bc7c23645160,CARLBL_F7A3F2E0E2,2024_P,40.0,30.0,40.0,30.0,140.0,DMU,93.33333333333333
DIAG_02715,stu_726fbb4105dd1508e7dc12c324d949da,,2024_P,40.0,40.0,40.0,20.0,140.0,DMU,93.33333333333333
DIAG_02716,stu_f7b7f7f3ba29a3e64d2c45bae69daea6,,2024_P,40.0,30.0,40.0,30.0,140.0,DMU,93.33333333333333
DIAG_02717,stu_2e6ebb3e361f10bef940f56666a115b5,,2024_P,30.0,40.0,40.0,30.0,140.0,DMU,93.33333333333333
DIAG_02718,stu_4947436132c13a73c7d850c3919969f3,,2024_P,40.0,40.0,40.0,20.0,140.0,DMU,93.33333333333333
DIAG_02719,stu_5cef4e3e41ff4eb6057d21d7e8f607ee,,2024_P,40.0,40.0,40.0,20.0,140.0,DMU,93.33333333333333
DIAG_02720,stu_eb2de1fa383c9e4ffda1ed1c83a37f8b,,2024_P,40.0,30.0,40.0,30.0,140.0,DMU,93.33333333333333
DIAG_02721,stu_065e4b38c37fa4b49f4908ecfe039c2d,CARLBL_F041EA11A4,2024_P,40.0,40.0,40.0,20.0,140.0,DMU,93.33333333333333
DIAG_02722,stu_e72362cc3b908385aeedfaebfdce3064,CARLBL_DAB7ED3371,2024_P,40.0,30.0,40.0,30.0,140.0,DMU,93.33333333333333
DIAG_02723,stu_74027cfe27f6a2b26ebd794195b2b18c,,2024_P,40.0,40.0,40.0,20.0,140.0,DMU,93.33333333333333
DIAG_02724,stu_60ae9cfe15f209c9db86aeeb292a1e5c,,2024_P,40.0,30.0,40.0,30.0,140.0,DMU,93.33333333333333
DIAG_02725,stu_79eb147e4167e5d533ebf52d9198e266,CARLBL_4D358FAC4B,2024_P,40.0,30.0,40.0,30.0,140.0,DMU,93.33333333333333
DIAG_02726,stu_e475b886637c3b987a229daf226ad0b7,CARLBL_9FDFCF684F,2024_P,40.0,40.0,40.0,20.0,140.0,DMU,93.33333333333333
DIAG_02727,stu_043bcdd350b2e9f55f844e559f42838b,CARLBL_39611AFCAD,2024_P,40.0,40.0,40.0,20.0,140.0,DMU,93.33333333333333
DIAG_02728,stu_5fd3bd882531ad7851316414036fbcbc,,2024_P,30.0,40.0,40.0,30.0,140.0,DMU,93.33333333333333
DIAG_02729,stu_446beb7a0ab99e5cb2a707b4392e2a35,,2024_P,40.0,30.0,40.0,30.0,140.0,DMU,93.33333333333333
DIAG_02730,stu_eef4f1493adab3f4bc98a59f4c7a74f2,CARLBL_CC13F1BB98,2024_P,40.0,40.0,40.0,20.0,140.0,DMU,93.33333333333333
DIAG_02731,stu_7fb2e52717b98beb5ae27ec678705c7b,CARLBL_6264AD2D5A,2024_P,40.0,30.0,40.0,30.0,140.0,DMU,93.33333333333333
DIAG_02732,stu_64c4dae916e15ea782287f9b44fabc5a,CARLBL_F041EA11A4,2024_P,40.0,40.0,40.0,20.0,140.0,DMU,93.33333333333333
DIAG_02733,stu_ac970384ffdae510620b361628af3250,,2024_P,40.0,30.0,40.0,30.0,140.0,DMU,93.33333333333333
DIAG_02734,stu_f3d4a9a28784df8bfd3f1adec02d0fc1,CARLBL_F041EA11A4,2024_P,40.0,30.0,40.0,30.0,140.0,DMU,93.33333333333333
DIAG_02735,stu_c24fb6aad4f0d5c59891ed4dff1444ab,,2024_P,30.0,40.0,40.0,30.0,140.0,DMU,93.33333333333333
DIAG_02736,stu_db8f3d0634d055236df9244c259dd04d,CARLBL_F041EA11A4,2024_P,40.0,30.0,40.0,30.0,140.0,DMU,93.33333333333333
DIAG_02737,stu_db90f46607b518faa2786f8d5fcaee7e,CARLBL_6264AD2D5A,2024_P,40.0,30.0,40.0,30.0,140.0,DMU,93.33333333333333
DIAG_02738,stu_a2c2648ab8291cfcef24618af47d719b,,2024_P,40.0,30.0,40.0,30.0,140.0,DMU,93.33333333333333
DIAG_02739,stu_b2b33db4a6f66e4b0929ee6a6b6338c7,,2024_P,40.0,40.0,40.0,20.0,140.0,DMU,93.33333333333333
DIAG_02740,stu_37db94054d7b0bf679599da37bd17fcf,,2024_P,40.0,40.0,40.0,20.0,140.0,DMU,93.33333333333333
DIAG_02741,stu_04a1da2bd25d5fc96e7ed4f58ef96505,,2024_P,40.0,40.0,40.0,20.0,140.0,DMU,93.33333333333333
DIAG_02742,stu_804ad4b6d8c911f50f58df7cf15a16fd,,2024_P,40.0,40.0,40.0,20.0,140.0,DMU,93.33333333333333
DIAG_02743,stu_aad94cf82b42f305b2a44328c646b967,,2024_P,40.0,30.0,40.0,30.0,140.0,DMU,93.33333333333333
DIAG_02744,stu_413bfedf74ec3fd13003f58dde39f813,CARLBL_DAB7ED3371,2024_P,40.0,40.0,40.0,20.0,140.0,DMU,93.33333333333333
DIAG_02745,stu_614565243b6ef1e4a044ac0ea9517a06,,2024_P,40.0,30.0,40.0,30.0,140.0,DMU,93.33333333333333
DIAG_02746,stu_9d52ed67ad9e7335aaaf69555558fb1f,CARLBL_9FDFCF684F,2024_P,40.0,30.0,40.0,30.0,140.0,DMU,93.33333333333333
DIAG_02747,stu_c04c1b328176cbb2f82ffcb324b6f6e8,,2024_P,40.0,30.0,40.0,30.0,140.0,DMU,93.33333333333333
DIAG_02748,stu_0371b0f62361d63910818ee9be5c9e4c,CARLBL_6264AD2D5A,2024_P,40.0,30.0,40.0,30.0,140.0,DMU,93.33333333333333
DIAG_02749,stu_09e8e02ff49d42c225ad354a066fc06b,,2024_P,40.0,40.0,40.0,20.0,140.0,DMU,93.33333333333333
DIAG_02750,stu_4c883504852882a351c6b59f51bdcf1c,,2024_P,30.0,40.0,40.0,30.0,140.0,DMU,93.33333333333333
DIAG_02751,stu_b2716cf2bc8242688b1db0cc30e9920e,,2024_P,40.0,30.0,40.0,30.0,140.0,DMU,93.33333333333333
DIAG_02752,stu_15943ab7af2c0a0c7a9e22c921b1973b,,2024_P,40.0,40.0,30.0,30.0,140.0,DMU,93.33333333333333
DIAG_02753,stu_9fbebac5d8fca328971dd379809e34ed,,2024_P,40.0,40.0,40.0,20.0,140.0,DMU,93.33333333333333
DIAG_02754,stu_ec0e1a0e45664bbcd285db905cd1da82,,2024_P,30.0,40.0,40.0,30.0,140.0,DMU,93.33333333333333
DIAG_02755,stu_9c48c2b95cda0caf22aa9b62b6aa67e7,CARLBL_DAB7ED3371,2024_P,40.0,30.0,40.0,30.0,140.0,DMU,93.33333333333333
DIAG_02756,stu_1167ef087a274e67c3fafe66f34b820a,,2024_P,40.0,30.0,40.0,30.0,140.0,DMU,93.33333333333333
DIAG_02757,stu_3cab82731efcb0824770e42461a20789,,2024_P,40.0,30.0,40.0,30.0,140.0,DMU,93.33333333333333
DIAG_02758,stu_ed46e51ad31df69423e9e1ff1c638d16,CARLBL_8DBD054572,2024_P,40.0,30.0,40.0,30.0,140.0,DMU,93.33333333333333
DIAG_02759,stu_19c0cd4888c0f4b27827d11166845861,,2024_P,40.0,30.0,40.0,30.0,140.0,DMU,93.33333333333333
DIAG_02760,stu_4bfe775af939fc4aeb178270e0ee17be,CARLBL_9FDFCF684F,2024_P,40.0,40.0,40.0,30.0,150.0,DMU,100.0
DIAG_02761,stu_645d368110ba3798cadff767e563e458,CARLBL_F7A3F2E0E2,2024_P,40.0,40.0,40.0,30.0,150.0,DMU,100.0
DIAG_02762,stu_c72ff70f2ffcd17b321ba8f9f43ffe28,,2024_P,40.0,40.0,40.0,30.0,150.0,DMU,100.0
DIAG_02763,stu_1ed3c63c31b44f822de9981b099fc414,,2024_P,40.0,40.0,40.0,30.0,150.0,DMU,100.0
DIAG_02764,stu_d983dee792abf603024ae6df4dfb16a3,,2024_P,40.0,40.0,40.0,30.0,150.0,DMU,100.0
DIAG_02765,stu_490e2ff7ea9938d3df647e89e0d9de3f,,2024_P,40.0,40.0,40.0,30.0,150.0,DMU,100.0
DIAG_02766,stu_467536fb72ea5a32c621a76dc66bc15e,,2024_P,40.0,40.0,40.0,30.0,150.0,DMU,100.0
DIAG_02767,stu_e6a62064a169b1e36e632f33b523c479,CARLBL_D9A75FFAB0,2024_P,40.0,40.0,40.0,30.0,150.0,DMU,100.0
DIAG_02768,stu_3e21f00b7f1315e01683297dbb5ee9f9,,2024_P,40.0,40.0,40.0,30.0,150.0,DMU,100.0
DIAG_02769,stu_e0b2fbcb17be585292a5bf7cc62a841e,,2024_P,40.0,40.0,40.0,30.0,150.0,DMU,100.0
DIAG_02770,stu_a9e085b81e69031cf3e79e2cbd53e4e1,CARLBL_783067A8AC,2024_P,40.0,40.0,40.0,30.0,150.0,DMU,100.0
DIAG_02771,stu_827d8a34a9ea5a79dddd26c0515e9b86,,2024_P,40.0,40.0,40.0,30.0,150.0,DMU,100.0
DIAG_02772,stu_0965b4b21860f949aea2236a444b5142,,2024_P,40.0,40.0,40.0,30.0,150.0,DMU,100.0
DIAG_02773,stu_b4e1405005f27a28fc028a004ffc313e,,2024_P,40.0,40.0,40.0,30.0,150.0,DMU,100.0
DIAG_02774,stu_460fbe6afd34b8f63fdcff97cceda528,CARLBL_F7A3F2E0E2,2024_P,40.0,40.0,40.0,30.0,150.0,DMU,100.0
DIAG_02775,stu_1980e2c0d91b0e5dcfed5ccaaaf3fc6f,,2024_P,40.0,40.0,40.0,30.0,150.0,DMU,100.0
DIAG_02776,stu_75518734147dacd8a94eb75c9703af44,,2024_P,40.0,40.0,40.0,30.0,150.0,DMU,100.0
DIAG_02777,stu_b52108beabe5edab8d168f782a2d0834,,2024_P,40.0,40.0,40.0,30.0,150.0,DMU,100.0
DIAG_02778,stu_acf7599847b8bc7772b2e5580eabd01b,CARLBL_F041EA11A4,2024_P,40.0,40.0,40.0,30.0,150.0,DMU,100.0
DIAG_02779,stu_19e19cd89829f08febde667eb33bf139,CARLBL_F041EA11A4,2024_P,40.0,40.0,40.0,30.0,150.0,DMU,100.0
DIAG_02780,stu_934a0632bd999da3072cee3045242bd8,,2024_P,40.0,40.0,40.0,30.0,150.0,DMU,100.0
DIAG_02781,stu_e5fe410270d5294f2487986163f61e5a,,2024_P,40.0,40.0,40.0,30.0,150.0,DMU,100.0
DIAG_02782,stu_7c1f308e93c4d8cb3ebcfd69fa3f5588,CARLBL_563A8FB47A,2024_P,40.0,40.0,20.0,10.0,110.0,DMU,73.33333333333333
DIAG_02783,stu_6ac86cc4e0577c1efff98a35314a4115,CARLBL_BD76F0F196,2024_P,40.0,40.0,30.0,30.0,140.0,DMU,93.33333333333333
DIAG_02784,stu_a1462bcffd982d4cc15b57347ab58558,CARLBL_783067A8AC,2024_P,40.0,40.0,40.0,20.0,140.0,DMU,93.33333333333333
DIAG_02785,stu_8835ed708681313f133d6420d87214bb,CARLBL_4D358FAC4B,2024_P,30.0,40.0,30.0,20.0,120.0,DMU,80.0
DIAG_02786,stu_d63f04b8e2b8bd3eeb22b08c51c5bce7,CARLBL_DAB7ED3371,2024_P,40.0,40.0,40.0,20.0,140.0,DMU,93.33333333333333
DIAG_02787,stu_de33f4dcfc711d20bcfff9efd3f0aa9d,CARLBL_BD76F0F196,2024_P,40.0,20.0,40.0,10.0,110.0,DMU,73.33333333333333
